INSERT INTO public.content_node (id, slot, "position", instancename, createtime, updatetime, rootid, parentid, contenttypeid, strategy) VALUES
('132500804f02', '2', 0, 'Notizen in der zweiten Spalte', '2022-02-02 16:34:49', '2022-02-02 16:44:39', '52d72497e4e5', '732fc74f4248', '4f0c657fecef', 'singletext'),
('7ccfb6a08227', '1', 1, 'dolores', '2022-02-02 16:17:18', '2022-02-02 16:17:18', '3326aa7f9b78', '3326aa7f9b78', '3ef17bd1df72', 'materialnode'),
('a4bb03749adc', '1', 1, 'aut', '2022-02-02 16:17:18', '2022-02-02 16:17:18', '3326aa7f9b78', '3326aa7f9b78', '1a0f84e322c8', 'multiselect'),
('fcc87db93732', '1', 1, 'velit', '2022-02-02 16:17:18', '2022-02-02 16:17:18', '3326aa7f9b78', '3326aa7f9b78', '4f0c657fecef', 'singletext'),
('420bf625f1c9', '1', 1, 'et', '2022-02-02 16:17:18', '2022-02-02 16:17:18', '3326aa7f9b78', '3326aa7f9b78', 'cfccaecd4bad', 'storyboard'),
('5f04b7d2d90d', '', 0, 'columnLayout2', '2022-02-02 16:17:18', '2022-02-02 16:17:18', '5f04b7d2d90d', NULL, 'f17470519474', 'columnlayout'),
('81533a13facb', '2', 0, 'columnLayout2Child', '2022-02-02 16:17:18', '2022-02-02 16:17:18', '5f04b7d2d90d', '5f04b7d2d90d', 'f17470519474', 'columnlayout'),
('5a1e2416b5f0', '', 0, 'quis', '2022-02-02 16:17:18', '2022-02-02 16:17:18', '5a1e2416b5f0', NULL, 'f17470519474', 'columnlayout'),
('1dcf4f6e216b', '', 0, 'totam', '2022-02-02 16:17:18', '2022-02-02 16:17:18', '1dcf4f6e216b', NULL, 'f17470519474', 'columnlayout'),
('6441c3d1232a', '', 0, 'laborum', '2022-02-02 16:17:18', '2022-02-02 16:17:18', '6441c3d1232a', NULL, 'f17470519474', 'columnlayout'),
('3326aa7f9b78', '', 0, 'libero', '2022-02-02 16:17:18', '2022-02-02 16:17:18', '3326aa7f9b78', NULL, 'f17470519474', 'columnlayout'),
('b998f1781fd1', '', 0, 'fuga', '2022-02-02 16:17:18', '2022-02-02 16:17:18', 'b998f1781fd1', NULL, 'f17470519474', 'columnlayout'),
('de8f29f9600b', '', 0, 'exercitationem', '2022-02-02 16:17:18', '2022-02-02 16:17:18', 'de8f29f9600b', NULL, 'f17470519474', 'columnlayout'),
('583661109116', '', 0, 'est', '2022-02-02 16:17:18', '2022-02-02 16:17:18', '583661109116', NULL, 'f17470519474', 'columnlayout'),
('7a33d18baa0e', '', 0, 'nihil', '2022-02-02 16:17:18', '2022-02-02 16:17:18', '7a33d18baa0e', NULL, '3ef17bd1df72', 'materialnode'),
('a05b3b1e3ad7', '1', 0, NULL, '2022-02-02 16:21:23', '2022-02-02 16:21:23', '52d72497e4e5', '1ad45f0a87bf', '1a0f84e322c8', 'multiselect'),
('1ad45f0a87bf', '1', 0, 'columnLayoutChild1', '2022-02-02 16:17:18', '2022-02-02 16:21:07', '52d72497e4e5', '52d72497e4e5', 'f17470519474', 'columnlayout'),
('69b2f904d812', '1', 2, 'Teil 2: Der Wettbewerb', '2022-02-02 16:17:18', '2022-02-02 16:35:42', '52d72497e4e5', '52d72497e4e5', 'cfccaecd4bad', 'storyboard'),
('52d72497e4e5', '', 0, 'columnLayout1', '2022-02-02 16:17:18', '2022-02-02 16:21:28', '52d72497e4e5', NULL, 'f17470519474', 'columnlayout'),
('9fec9fcba7a5', '2', 0, NULL, '2022-02-02 16:21:47', '2022-02-02 16:21:47', '52d72497e4e5', '1ad45f0a87bf', '4f0c657fecef', 'singletext'),
('f4cbcb18d12f', '1', 0, 'Langes Storyboard das sicher über eine Seite hinausgeht', '2022-02-02 16:35:49', '2022-02-02 16:36:22', '52d72497e4e5', '732fc74f4248', 'cfccaecd4bad', 'storyboard'),
('732fc74f4248', '1', 4, NULL, '2022-02-02 16:34:26', '2022-02-02 16:38:48', '52d72497e4e5', '52d72497e4e5', 'f17470519474', 'columnlayout'),
('0070f1a329a9', '1', 3, 'materialNode1', '2022-02-02 16:17:18', '2022-02-02 16:39:20', '52d72497e4e5', '52d72497e4e5', '3ef17bd1df72', 'materialnode'),
('11a2e43b1f09', '1', 1, 'Teil 1: Die Vorbereitung', '2022-02-02 16:17:18', '2022-02-02 16:33:43', '52d72497e4e5', '52d72497e4e5', 'cfccaecd4bad', 'storyboard'),
('f47197cf5633', '1', 6, 'Sehr lange Storyboard Section die über zwei Seiten umgebrochen wird', '2022-02-02 16:40:46', '2022-02-02 16:43:05', '52d72497e4e5', '52d72497e4e5', 'cfccaecd4bad', 'storyboard'),
('fc039e75dade', '1', 5, '', '2022-02-02 16:17:18', '2022-02-02 16:43:33', '52d72497e4e5', '52d72497e4e5', '44dcc7493c65', 'singletext');



INSERT INTO public.abstract_content_node_owner (id, createtime, updatetime, rootcontentnodeid, entitytype) VALUES
('dad14e81b83a', '2022-02-02 16:17:18', '2022-02-02 16:17:18', '5f04b7d2d90d', 'category'),
('b1b1ae2108b6', '2022-02-02 16:17:18', '2022-02-02 16:17:18', '1dcf4f6e216b', 'category'),
('6c9d205ac38d', '2022-02-02 16:17:18', '2022-02-02 16:17:18', '6441c3d1232a', 'category'),
('4b85e6633faa', '2022-02-02 16:17:18', '2022-02-02 16:17:18', 'b998f1781fd1', 'category'),
('6af8be7f3904', '2022-02-02 16:17:18', '2022-02-02 16:17:18', '583661109116', 'category'),
('366fe0e29c38', '2022-02-02 16:17:18', '2022-02-02 16:17:18', '7a33d18baa0e', 'activity'),
('cf536c7460d8', '2022-02-02 16:17:18', '2022-02-02 16:17:18', '5a1e2416b5f0', 'activity'),
('ead2f9fa58a0', '2022-02-02 16:17:18', '2022-02-02 16:17:18', '3326aa7f9b78', 'activity'),
('9931b6b14baa', '2022-02-02 16:17:18', '2022-02-02 16:17:18', 'de8f29f9600b', 'activity'),
('4984cc72f4ec', '2022-02-02 16:17:18', '2022-02-02 16:17:18', '52d72497e4e5', 'activity');



INSERT INTO public.profile (id, email, username, firstname, surname, nickname, language, roles, createtime, updatetime) VALUES
('e2aba6b96566', 'test@example.com', 'test-user', 'Robert', 'Baden-Powell', 'Bi-Pi', 'en', '["ROLE_USER"]', '2022-02-02 16:17:18', '2022-02-02 16:17:18'),
('79f84ebd70b5', 'reichel.zetta@hotmail.com', 'member-user', 'Zora', 'Steuber', 'omnis', 'en', '["ROLE_USER"]', '2022-02-02 16:17:18', '2022-02-02 16:17:18'),
('4816c4e60940', 'lane65@yahoo.com', 'guest-user', 'Tremaine', 'Kohler', 'nulla', 'en', '["ROLE_USER"]', '2022-02-02 16:17:18', '2022-02-02 16:17:18'),
('36fb0c0e7386', 'joan.doyle@lynch.net', 'unrelated-user', 'Wanda', 'Koelpin', 'sit', 'en', '["ROLE_USER"]', '2022-02-02 16:17:18', '2022-02-02 16:17:18'),
('8d4054b59734', 'ivy.mann@hotmail.com', 'inactive-user', 'Pat', 'Fadel', 'velit', 'en', '["ROLE_USER"]', '2022-02-02 16:17:18', '2022-02-02 16:17:18'),
('d0158d118d64', 'rdooley@gmail.com', 'user6invited', 'Karlie', 'Terry', 'et', 'en', '["ROLE_USER"]', '2022-02-02 16:17:18', '2022-02-02 16:17:18'),
('8a9d02810f5d', 'admin@example.com', 'admin', 'Admi', 'Nistrator', 'Administrator', 'de', '["ROLE_USER"]', '2022-02-02 16:17:18', '2022-02-02 16:17:18'),
('311c79e32233', 'evonrueden@hotmail.com', 'fresh-user', 'Clifford', 'Beier', 'sed', 'en', '["ROLE_USER"]', '2022-02-02 16:17:18', '2022-02-02 16:17:18');



INSERT INTO public."user" (id, state, activationkeyhash, password, createtime, updatetime, profileid) VALUES
('707e3620a32b', 'activated', NULL, '$argon2id$v=19$m=65536,t=4,p=1$/RC8YWMDDXR19wB4or6bBA$Kq5haK2SACQgo4CB7eDUibsD3QXCE32w25ZwhKg1SGw', '2022-02-02 16:17:18', '2022-02-02 16:17:18', '79f84ebd70b5'),
('cb3c9bea0df1', 'activated', NULL, '$argon2id$v=19$m=65536,t=4,p=1$/RC8YWMDDXR19wB4or6bBA$Kq5haK2SACQgo4CB7eDUibsD3QXCE32w25ZwhKg1SGw', '2022-02-02 16:17:18', '2022-02-02 16:17:18', '4816c4e60940'),
('c725f224ec75', 'activated', NULL, '$argon2id$v=19$m=65536,t=4,p=1$/RC8YWMDDXR19wB4or6bBA$Kq5haK2SACQgo4CB7eDUibsD3QXCE32w25ZwhKg1SGw', '2022-02-02 16:17:18', '2022-02-02 16:17:18', '36fb0c0e7386'),
('df1f04587fc8', 'activated', NULL, '$argon2id$v=19$m=65536,t=4,p=1$/RC8YWMDDXR19wB4or6bBA$Kq5haK2SACQgo4CB7eDUibsD3QXCE32w25ZwhKg1SGw', '2022-02-02 16:17:18', '2022-02-02 16:17:18', '8d4054b59734'),
('fe4dfab6e21f', 'activated', NULL, '$argon2id$v=19$m=65536,t=4,p=1$/RC8YWMDDXR19wB4or6bBA$Kq5haK2SACQgo4CB7eDUibsD3QXCE32w25ZwhKg1SGw', '2022-02-02 16:17:18', '2022-02-02 16:17:18', 'd0158d118d64'),
('c01f66cb59b7', 'activated', NULL, '$argon2id$v=19$m=65536,t=4,p=1$/RC8YWMDDXR19wB4or6bBA$Kq5haK2SACQgo4CB7eDUibsD3QXCE32w25ZwhKg1SGw', '2022-02-02 16:17:18', '2022-02-02 16:17:18', '8a9d02810f5d'),
('a367af1514f6', 'activated', NULL, '$argon2id$v=19$m=65536,t=4,p=1$/RC8YWMDDXR19wB4or6bBA$Kq5haK2SACQgo4CB7eDUibsD3QXCE32w25ZwhKg1SGw', '2022-02-02 16:17:18', '2022-02-02 16:17:18', '311c79e32233'),
('ffb81a832b36', 'activated', NULL, '$2y$13$XEo1NQUDktQHk2TOvcpSR.rCfPhlxCVxybZb8rjF4blxMWKwtg4La', '2022-02-02 16:17:18', '2022-02-02 16:19:34', 'e2aba6b96566');



INSERT INTO public.camp (id, campprototypeid, isprototype, name, title, motto, addressname, addressstreet, addresszipcode, addresscity, createtime, updatetime, creatorid, ownerid) VALUES
('63089000a213', NULL, false, 'Camp1', 'rem', 'Voluptas fuga totam reiciendis.', 'qui', '15513 Schuster Mountain Apt. 742
Lake Kavonside, HI 50824', '79668', 'Beattychester', '2022-02-02 16:17:18', '2022-02-02 16:17:18', '707e3620a32b', 'ffb81a832b36'),
('993bf9d5ddbb', NULL, false, 'Camp2', 'non', 'Velit reiciendis aperiam et fuga.', 'doloribus', '572 Ernser Turnpike Apt. 547
Stephonburgh, CO 11949-0473', '52479', 'North Theoberg', '2022-02-02 16:17:18', '2022-02-02 16:17:18', 'c725f224ec75', 'c01f66cb59b7'),
('e4b0679d4523', NULL, false, 'CampUnrelated', 'vero', 'Officia id corporis incidunt saepe provident esse hic eligendi.', 'quos', '57654 Ondricka Trace Suite 792
Port Asiaton, MN 44798-0182', '10529', 'New Kaylinfort', '2022-02-02 16:17:18', '2022-02-02 16:17:18', 'c01f66cb59b7', 'c01f66cb59b7'),
('ca72edaa24d2', NULL, true, 'CampPrototype', 'est', 'Rerum ut et enim ex eveniet facere sunt.', 'quia', '4498 Pete Cape
South Halleton, MD 75869', '10089-1808', 'New Zelmaberg', '2022-02-02 16:17:18', '2022-02-02 16:17:18', 'c01f66cb59b7', 'c01f66cb59b7');



INSERT INTO public.category (id, categoryprototypeid, short, name, color, numberingstyle, campid) VALUES
('dad14e81b83a', NULL, 'LA', 'Lageraktivität', '#FF9800', '1', '63089000a213'),
('b1b1ae2108b6', NULL, 'LP', 'Lagerprogramm', '#99CCFF', '1', '63089000a213'),
('6c9d205ac38d', NULL, 'LS', 'Lagersport', '#4CAF50', '1', '993bf9d5ddbb'),
('4b85e6633faa', NULL, 'LS', 'Lagersport', '#4CAF50', '1', 'e4b0679d4523'),
('6af8be7f3904', NULL, 'LS', 'Lagersport', '#4CAF50', '1', 'ca72edaa24d2');



INSERT INTO public.activity (id, title, location, campid, categoryid) VALUES
('366fe0e29c38', 'voluptates', 'Optio quos qui illo error.', '993bf9d5ddbb', '6c9d205ac38d'),
('cf536c7460d8', 'Activity 2', 'Ducimus aperiam nesciunt est quia.', '63089000a213', 'b1b1ae2108b6'),
('ead2f9fa58a0', 'nisi', 'Quidem ut sunt et quidem est accusamus aut nemo.', 'e4b0679d4523', '4b85e6633faa'),
('9931b6b14baa', 'iure', 'Cum culpa rem aut rerum.', 'ca72edaa24d2', '6af8be7f3904'),
('4984cc72f4ec', 'Activity 1', 'Quia ipsum voluptatibus est accusantium eveniet.', '63089000a213', 'dad14e81b83a');



INSERT INTO public.camp_collaboration (id, inviteemail, invitekey, status, role, collaborationacceptedby, createtime, updatetime, userid, campid) VALUES
('af32bd962217', NULL, NULL, 'established', 'manager', NULL, '2022-02-02 16:17:18', '2022-02-02 16:17:18', 'ffb81a832b36', '63089000a213'),
('9d3a80b583d9', NULL, NULL, 'established', 'member', NULL, '2022-02-02 16:17:18', '2022-02-02 16:17:18', '707e3620a32b', '63089000a213'),
('bad450de585d', NULL, NULL, 'established', 'guest', NULL, '2022-02-02 16:17:18', '2022-02-02 16:17:18', 'cb3c9bea0df1', '63089000a213'),
('5264bc23ac2a', 'e.mail@test.com', 'myInviteKey', 'invited', 'member', NULL, '2022-02-02 16:17:18', '2022-02-02 16:17:18', NULL, '63089000a213'),
('2f5d1b3d9afe', NULL, NULL, 'inactive', 'manager', NULL, '2022-02-02 16:17:18', '2022-02-02 16:17:18', 'df1f04587fc8', '63089000a213'),
('ab157e9295e2', NULL, NULL, 'established', 'manager', NULL, '2022-02-02 16:17:18', '2022-02-02 16:17:18', 'ffb81a832b36', '993bf9d5ddbb'),
('aaaf663f8789', NULL, NULL, 'established', 'member', NULL, '2022-02-02 16:17:18', '2022-02-02 16:17:18', '707e3620a32b', '993bf9d5ddbb'),
('61b8350cc39b', NULL, NULL, 'established', 'guest', NULL, '2022-02-02 16:17:18', '2022-02-02 16:17:18', 'cb3c9bea0df1', '993bf9d5ddbb'),
('65c8de2bf627', 'e.mail2@test.com', 'myInviteKey2', 'invited', 'member', NULL, '2022-02-02 16:17:18', '2022-02-02 16:17:18', NULL, 'e4b0679d4523'),
('bd8f6f89c076', NULL, NULL, 'established', 'manager', NULL, '2022-02-02 16:17:18', '2022-02-02 16:17:18', 'c725f224ec75', 'e4b0679d4523'),
('1a3c2233b784', 'rdooley@gmail.com', 'myInviteKeyCamp2', 'invited', 'member', NULL, '2022-02-02 16:17:18', '2022-02-02 16:17:18', 'fe4dfab6e21f', '993bf9d5ddbb'),
('70a198618d2f', NULL, NULL, 'established', 'manager', NULL, '2022-02-02 16:17:18', '2022-02-02 16:17:18', 'c01f66cb59b7', 'ca72edaa24d2');



INSERT INTO public.activity_responsible (id, createtime, updatetime, activityid, campcollaborationid) VALUES
('a7ed9078b67a', '2022-02-02 16:17:18', '2022-02-02 16:17:18', '4984cc72f4ec', 'af32bd962217'),
('887dadf99b71', '2022-02-02 16:17:18', '2022-02-02 16:17:18', 'cf536c7460d8', '9d3a80b583d9'),
('303401fa4cbf', '2022-02-02 16:17:18', '2022-02-02 16:17:18', 'ead2f9fa58a0', 'bd8f6f89c076'),
('1f9228747133', '2022-02-02 16:17:18', '2022-02-02 16:17:18', '9931b6b14baa', '70a198618d2f');



INSERT INTO public.category_contenttype (category_id, contenttype_id) VALUES
('dad14e81b83a', '44dcc7493c65');



INSERT INTO public.content_node_columnlayout (id, columns) VALUES
('5f04b7d2d90d', '[{"slot":"1","width":12}]'),
('81533a13facb', '[{"slot":"1","width":12}]'),
('5a1e2416b5f0', '[{"slot":"1","width":12}]'),
('1dcf4f6e216b', '[{"slot":"1","width":12}]'),
('6441c3d1232a', '[{"slot":"1","width":12}]'),
('3326aa7f9b78', '[{"slot":"1","width":12}]'),
('b998f1781fd1', '[{"slot":"1","width":12}]'),
('de8f29f9600b', '[{"slot":"1","width":12}]'),
('583661109116', '[{"slot":"1","width":12}]'),
('1ad45f0a87bf', '[{"slot":"1","width":7},{"slot":"2","width":5}]'),
('52d72497e4e5', '[{"slot":"1","width":12}]'),
('732fc74f4248', '[{"slot":"1","width":8},{"slot":"2","width":4}]');



INSERT INTO public.content_node_materialnode (id) VALUES
('7a33d18baa0e'),
('7ccfb6a08227'),
('0070f1a329a9');



INSERT INTO public.content_node_multiselect (id) VALUES
('a4bb03749adc'),
('a05b3b1e3ad7');



INSERT INTO public.content_node_multiselect_option (id, translatekey, checked, createtime, updatetime, "position", multiselectid) VALUES
('2d0c6b07ef08', 'aut', true, '2022-02-02 16:17:18', '2022-02-02 16:17:18', 0, 'a4bb03749adc'),
('6d95859d5f18', 'security', false, '2022-02-02 16:21:23', '2022-02-02 16:21:23', 1, 'a05b3b1e3ad7'),
('9e1414d5d604', 'campsiteAndSurroundings', false, '2022-02-02 16:21:23', '2022-02-02 16:21:23', 4, 'a05b3b1e3ad7'),
('a8b9d6687912', 'preventionAndIntegration', false, '2022-02-02 16:21:23', '2022-02-02 16:21:23', 5, 'a05b3b1e3ad7'),
('9b5a15dd37a3', 'natureAndEnvironment', true, '2022-02-02 16:21:23', '2022-02-02 16:29:54', 2, 'a05b3b1e3ad7'),
('535e3fdae04a', 'pioneeringTechnique', true, '2022-02-02 16:21:23', '2022-02-02 16:29:55', 3, 'a05b3b1e3ad7'),
('937d43d7cf29', 'outdoorTechnique', false, '2022-02-02 16:21:23', '2022-02-02 16:29:58', 0, 'a05b3b1e3ad7');



INSERT INTO public.content_node_singletext (id, text) VALUES
('fcc87db93732', 'qui'),
('9fec9fcba7a5', NULL),
('fc039e75dade', '<h3>Allgemeine Sicherheitsregeln</h3><p>Laudantium quibusdam enim nostrum soluta qui ipsam.</p>'),
('132500804f02', '<p>Etwas kurzes, was locker auf der ersten Seite neben dem langen Storyboard Platz haben müsste.</p>');



INSERT INTO public.content_node_storyboard (id) VALUES
('420bf625f1c9'),
('11a2e43b1f09'),
('69b2f904d812'),
('f4cbcb18d12f'),
('f47197cf5633');



INSERT INTO public.content_node_storyboard_section (id, column1, column2, column3, createtime, updatetime, "position", storyboardid) VALUES
('97156241d07d', 'culpa', 'natus', 'consequatur', '2022-02-02 16:17:18', '2022-02-02 16:17:18', 0, '420bf625f1c9'),
('316c91f30580', NULL, '<p><strong>BLACHEN-MEISTER</strong>: Je eine Untergruppe der beiden Götter hat 13 Blachen, 6 Zelteinheiten und eine Pfaditechnik gefunden (die Gruppe die zuerst da war konnte gute Blachen nehmen, die andere hat Ausschussblachen). Diese beiden Gruppen müssen ein möglichst grosses Zelt bauen, welches alle vorhandenen Blachen verwendet. Dafür haben sie die vollen 30 Minuten zu Verfügung.</p>', NULL, '2022-02-02 16:24:17', '2022-02-02 16:27:27', 4, '11a2e43b1f09'),
('e4548f4634c0', NULL, '<p><strong>SEIL-SPEZIALISTEN</strong>: Je eine Untergruppe der beiden Götter hat Seile und eine Liste mit etwas fortgeschritteneren Knoten erhalten, die teilweise nicht in der Pfaditechnik sind. Diese Knoten sind mit Bildern und Erklärungen beschrieben. Das Ziel dieser Gruppen ist es, möglichst viele dieser Knoten auszuprobieren und sich zu merken. Nach Ablauf der Zeit müssen sie die Knotenbeschreibungen wieder abgeben.</p><p>Die beschriebenen Knoten sind z.B.: Prusik, Pflock-Achten, doppeltes Brezeli (Cosinus erklärt), Würger, Stopper, Spanntauwerfen, Seil aufschiessen, Bünde mit Kant- und Rundhölzern (Elua erklärt), Mastwurf, Maurer, Rettungsschlinge, Weber mit und ohne Auge, Spanner (Pfaditechnik)</p>', NULL, '2022-02-02 16:24:19', '2022-02-02 16:27:32', 5, '11a2e43b1f09'),
('a3318269c0af', NULL, '<p><strong>NATUR-EXPERTEN</strong>: Je eine Untergruppe der beiden Götter hat ein verschlossenes Couvert gefunden, in dem sich Bilder von einigen üblichen Pflanzen und deren Name und Merkmale befinden. Das Ziel dieser beiden Gruppen ist es, möglichst viele der beschriebenen Pflanzen in der Umgebung zu finden und ein Blatt oder ein Foto von der Pflanze mitbringen. Gleichzeitig haben beide Untergruppen eine vorgegebene Feuerstelle, über welche eine Schnur gespannt ist. Die Untergruppen müssen ein Feuer machen das so schnell wie möglich die Schnur durchbrennt.</p>', NULL, '2022-02-02 16:25:23', '2022-02-02 16:27:39', 6, '11a2e43b1f09'),
('6440fb4a5d77', '<p>0:00</p>', '<p>Apollon und Athena streiten sich, wer sich besser mit Pfaditechnik auskennt. Um die Sache zu klären, veranstalten sie einen Wettbewerb. Der Kurs wird auf die beiden Götter aufgeteilt:</p>', 'sunt', '2022-02-02 16:17:18', '2022-02-02 16:29:21', 0, '11a2e43b1f09'),
('5df5aede0e3c', '<p>0:05</p>', '<p>Dazu bekommt jeder TN zwei Zundhölzer und ein Stück Schnur. Die Aufgabe ist es jetzt, die Zundhölzer mit der Schnur rechtwinklig zu verbinden. Alle die fertig sind stehen in eine Schlange (und die TN die es nicht schaffen dürfen bei denen in der Schlange nach Hilfe fragen). In der so entstandenen Reihe nummerieren wir auf zwei durch. So werden Leute mit guten und weniger guten Pfaditechnikkenntnissen durchmischt. Die eine Hälfte der TN geht zu Apollon und die andere Hälfte zu Athena.</p>', NULL, '2022-02-02 16:22:48', '2022-02-02 16:29:23', 1, '11a2e43b1f09'),
('422a506c1d09', '<p>0:15</p>', '<p>Innerhalb der Kurshälften dürfen sich die TN nun noch frei in drei Untergruppen aufteilen. Eine Untergruppe bekommt ein Kroki mit einem markierten Ort, die zweite einen Kompass und eine Azimut- und Distanzangabe und die dritte bekommt eine Karte und Koordinaten. Die drei Untergruppen beider Götter müssen nun diese Orte aufsuchen und das dort liegende Material zurück zum Haus bringen (bzw. nur die Hälfte, sodass die jeweilige Gruppe des anderen Gottes auch noch etwas bekommt).</p>', NULL, '2022-02-02 16:22:51', '2022-02-02 16:29:25', 2, '11a2e43b1f09'),
('c4aba03e2da9', '<p>0:30</p>', '<p>Wenn alle wieder beim Haus versammelt sind, verkünden die Götter, wie es im Wettbewerb weitergeht. Die Gruppen haben eine halbe Stunde Zeit für ihre Aufgaben, danach kommen alle wieder zusammen.</p>', NULL, '2022-02-02 16:23:51', '2022-02-02 16:29:28', 3, '11a2e43b1f09'),
('a8e7108c2cbb', '<p>1:00</p>', '<p>Wir kommen wieder zusammen und bewerten im Plenum die Leistung der Gruppen in den drei Disziplinen.</p>', 'ut', '2022-02-02 16:17:18', '2022-02-02 16:29:31', 0, '69b2f904d812'),
('46fa9619a9f4', '<p>1:00</p>', '<p><strong>BLACHEN-MEISTER</strong>: Die beiden Gruppen zeigen ihr Zelt allen TN und erklären, wie sie es erweitert haben. Die Gruppe kann von 0 bis BLACHEN-MEISTER: Die beiden Gruppen zeigen ihr Zelt allen TN und erklären, wie sie es erweitert haben. Die Gruppe kann von 0 bis 5 Punkte bekommen für:</p><p>- Alle Blachen verbaut</p><p>- Wetterfestigkeit</p><p>- Stabilität</p><p>- Platz</p><p>- Kreativität</p>', NULL, '2022-02-02 16:27:47', '2022-02-02 16:29:35', 1, '69b2f904d812'),
('2eb9c9e32f9b', '<p>1:10</p>', '<p><strong>SEIL-SPEZIALISTEN</strong>: Im Plenum wechseln sich die Knotenspezialisten der beiden Götter ab und erklären und zeigen jeweils einen gelernten Knoten (der noch nicht gezeigt wurde). Die Gruppe die ihr Material zuerst gefunden hat darf beginnen. Jede Gruppe kann maximal 5 Punkte (1 pro gezeigten Knoten) gewinnen.</p>', NULL, '2022-02-02 16:27:51', '2022-02-02 16:29:37', 2, '69b2f904d812'),
('304c224e2440', '<p>1:25</p>', '<p><strong>NATUR-EXPERTEN</strong>: Jede Gruppe die es im Zeitlimit geschafft hat, ihre Schnur durchzubrennen, bekommt 1 Punkt. Im Plenum wechseln sich die Natur-Spezialisten wie die Seil-Experten ab und dürfen jeweils eine gefundene Pflanze (die noch nicht genannt wurde) zeigen und ihre Erkennungsmerkmale erklären. Die Gruppe die zuerst das Material gefunden hat darf beginnen. Jede Gruppe kann maximal 4 Punkte (1 pro gezeigte Pflanze) gewinnen.</p>', NULL, '2022-02-02 16:27:56', '2022-02-02 16:29:40', 3, '69b2f904d812'),
('1179aa25cd77', '<p>1:30</p>', '<p>Zum Abschluss des Muster-LA teilen wir uns nach Disziplinen auf. In jedem dieser Kursdrittel zeigen wir eine Unfallsituation die mit Lego nachgebaut ist. Immer abwechslungsweise können die beiden Götterteams eine Aktion nennen, die in der dargestellten Situation gemacht werden soll. Für jede korrekte Aktion gibt es einen Punkt.</p>', NULL, '2022-02-02 16:28:00', '2022-02-02 16:29:43', 4, '69b2f904d812'),
('b94badf439ee', '<p>1:45</p>', '<p>Nach max. 15 Minuten schliessen wir ab. Die siegreiche Kurshälfte darf später beim Zmittag zuerst Essen holen gehen.</p>', NULL, '2022-02-02 16:28:58', '2022-02-02 16:29:46', 5, '69b2f904d812'),
('b40cebf6dacc', NULL, '<p><strong>Start langes Storyboard</strong></p>', NULL, '2022-02-02 16:36:23', '2022-02-02 16:36:36', 0, 'f4cbcb18d12f'),
('6d87cb7f66c5', NULL, '<p>Dieses Storyboard ist dafür da, einen Seitenumbruch in der ersten Spalte eines Zweispalten-Layouts zu demonstrieren. Kann die zweite Spalte noch nebendran auf der ersten Seite beginnen?</p>', NULL, '2022-02-02 16:36:35', '2022-02-02 16:37:21', 1, 'f4cbcb18d12f'),
('0dadb98ac82a', NULL, '<p>Dieses Storyboard ist dafür da, einen Seitenumbruch in der ersten Spalte eines Zweispalten-Layouts zu demonstrieren. Kann die zweite Spalte noch nebendran auf der ersten Seite beginnen?</p>', NULL, '2022-02-02 16:37:23', '2022-02-02 16:37:27', 2, 'f4cbcb18d12f'),
('2da5ce345135', NULL, '<p>Dieses Storyboard ist dafür da, einen Seitenumbruch in der ersten Spalte eines Zweispalten-Layouts zu demonstrieren. Kann die zweite Spalte noch nebendran auf der ersten Seite beginnen?</p>', NULL, '2022-02-02 16:37:25', '2022-02-02 16:37:31', 3, 'f4cbcb18d12f'),
('2d673853c3d9', NULL, '<p>Dieses Storyboard ist dafür da, einen Seitenumbruch in der ersten Spalte eines Zweispalten-Layouts zu demonstrieren. Kann die zweite Spalte noch nebendran auf der ersten Seite beginnen?</p>', NULL, '2022-02-02 16:37:29', '2022-02-02 16:37:34', 4, 'f4cbcb18d12f'),
('09e356a42440', NULL, '<p>Dieses Storyboard ist dafür da, einen Seitenumbruch in der ersten Spalte eines Zweispalten-Layouts zu demonstrieren. Kann die zweite Spalte noch nebendran auf der ersten Seite beginnen?</p>', NULL, '2022-02-02 16:37:32', '2022-02-02 16:37:36', 5, 'f4cbcb18d12f'),
('6da7b87798d0', NULL, '<p>Dieses Storyboard ist dafür da, einen Seitenumbruch in der ersten Spalte eines Zweispalten-Layouts zu demonstrieren. Kann die zweite Spalte noch nebendran auf der ersten Seite beginnen?</p>', NULL, '2022-02-02 16:37:34', '2022-02-02 16:37:38', 6, 'f4cbcb18d12f'),
('93dd0fd4dccf', NULL, '<p>Dieses Storyboard ist dafür da, einen Seitenumbruch in der ersten Spalte eines Zweispalten-Layouts zu demonstrieren. Kann die zweite Spalte noch nebendran auf der ersten Seite beginnen?</p>', NULL, '2022-02-02 16:37:37', '2022-02-02 16:37:41', 7, 'f4cbcb18d12f'),
('6aa4d9a425ee', NULL, '<p>Dieses Storyboard ist dafür da, einen Seitenumbruch in der ersten Spalte eines Zweispalten-Layouts zu demonstrieren. Kann die zweite Spalte noch nebendran auf der ersten Seite beginnen?</p>', NULL, '2022-02-02 16:37:39', '2022-02-02 16:37:45', 8, 'f4cbcb18d12f'),
('ede77866abdc', NULL, '<p>Dieses Storyboard ist dafür da, einen Seitenumbruch in der ersten Spalte eines Zweispalten-Layouts zu demonstrieren. Kann die zweite Spalte noch nebendran auf der ersten Seite beginnen?</p>', NULL, '2022-02-02 16:37:42', '2022-02-02 16:37:48', 9, 'f4cbcb18d12f'),
('b90e3dc52f0c', NULL, '<p>Dieses Storyboard ist dafür da, einen Seitenumbruch in der ersten Spalte eines Zweispalten-Layouts zu demonstrieren. Kann die zweite Spalte noch nebendran auf der ersten Seite beginnen?</p>', NULL, '2022-02-02 16:37:45', '2022-02-02 16:37:52', 10, 'f4cbcb18d12f'),
('1bd3e7befc51', NULL, '<p>Dieses Storyboard ist dafür da, einen Seitenumbruch in der ersten Spalte eines Zweispalten-Layouts zu demonstrieren. Kann die zweite Spalte noch nebendran auf der ersten Seite beginnen?</p>', NULL, '2022-02-02 16:37:49', '2022-02-02 16:37:55', 11, 'f4cbcb18d12f'),
('c1fbab5e7933', NULL, '<p>Dieses Storyboard ist dafür da, einen Seitenumbruch in der ersten Spalte eines Zweispalten-Layouts zu demonstrieren. Kann die zweite Spalte noch nebendran auf der ersten Seite beginnen?</p>', NULL, '2022-02-02 16:37:53', '2022-02-02 16:37:58', 12, 'f4cbcb18d12f'),
('c0f031fe4dca', NULL, '<p>Dieses Storyboard ist dafür da, einen Seitenumbruch in der ersten Spalte eines Zweispalten-Layouts zu demonstrieren. Kann die zweite Spalte noch nebendran auf der ersten Seite beginnen?</p>', NULL, '2022-02-02 16:37:56', '2022-02-02 16:38:01', 13, 'f4cbcb18d12f'),
('32a571a1d80f', NULL, '<p>Dieses Storyboard ist dafür da, einen Seitenumbruch in der ersten Spalte eines Zweispalten-Layouts zu demonstrieren. Kann die zweite Spalte noch nebendran auf der ersten Seite beginnen?</p>', NULL, '2022-02-02 16:37:59', '2022-02-02 16:38:04', 14, 'f4cbcb18d12f'),
('823d7db59443', NULL, '<p>Dieses Storyboard ist dafür da, einen Seitenumbruch in der ersten Spalte eines Zweispalten-Layouts zu demonstrieren. Kann die zweite Spalte noch nebendran auf der ersten Seite beginnen?</p>', NULL, '2022-02-02 16:39:43', '2022-02-02 16:39:47', 16, 'f4cbcb18d12f'),
('292b74eb5991', NULL, '<p>Dieses Storyboard ist dafür da, einen Seitenumbruch in der ersten Spalte eines Zweispalten-Layouts zu demonstrieren. Kann die zweite Spalte noch nebendran auf der ersten Seite beginnen?</p>', NULL, '2022-02-02 16:38:02', '2022-02-02 16:38:07', 15, 'f4cbcb18d12f'),
('596c58d3ddb3', NULL, '<p>Dieses Storyboard ist dafür da, einen Seitenumbruch in der ersten Spalte eines Zweispalten-Layouts zu demonstrieren. Kann die zweite Spalte noch nebendran auf der ersten Seite beginnen?</p>', NULL, '2022-02-02 16:39:45', '2022-02-02 16:39:50', 17, 'f4cbcb18d12f'),
('8f859fa0bb00', NULL, '<p>Dieses Storyboard ist dafür da, einen Seitenumbruch in der ersten Spalte eines Zweispalten-Layouts zu demonstrieren. Kann die zweite Spalte noch nebendran auf der ersten Seite beginnen?</p>', NULL, '2022-02-02 16:39:48', '2022-02-02 16:39:53', 18, 'f4cbcb18d12f'),
('b9b1f5672cc3', NULL, '<p>Dieses Storyboard ist dafür da, einen Seitenumbruch in der ersten Spalte eines Zweispalten-Layouts zu demonstrieren. Kann die zweite Spalte noch nebendran auf der ersten Seite beginnen?</p>', NULL, '2022-02-02 16:39:51', '2022-02-02 16:39:56', 19, 'f4cbcb18d12f'),
('e1147c7bb022', NULL, '<p>Dieses Storyboard ist dafür da, einen Seitenumbruch in der ersten Spalte eines Zweispalten-Layouts zu demonstrieren. Kann die zweite Spalte noch nebendran auf der ersten Seite beginnen?</p>', NULL, '2022-02-02 16:39:54', '2022-02-02 16:39:59', 20, 'f4cbcb18d12f'),
('e104e5b412d8', NULL, '<p><strong>Ende langes Storyboard</strong></p>', NULL, '2022-02-02 16:38:05', '2022-02-02 16:40:04', 21, 'f4cbcb18d12f'),
('d03fed3e7f2a', '<p>12:00</p>', '<p>Dieses Storyboard ist dafür da, einen Seitenumbruch innerhalb einer Storyboard-Section zu demonstrieren. Sehen die drei Spalten des Storyboards auf beiden Seiten gleich aus? Wird der Text irgendwo übermässig breit? Werden die Zeit- und Verantwortlich-Spalten zu Beginn der Storyboard-Section angezeigt?</p><p>Dieses Storyboard ist dafür da, einen Seitenumbruch innerhalb einer Storyboard-Section zu demonstrieren. Sehen die drei Spalten des Storyboards auf beiden Seiten gleich aus? Wird der Text irgendwo übermässig breit? Werden die Zeit- und Verantwortlich-Spalten zu Beginn der Storyboard-Section angezeigt?</p><p>Dieses Storyboard ist dafür da, einen Seitenumbruch innerhalb einer Storyboard-Section zu demonstrieren. Sehen die drei Spalten des Storyboards auf beiden Seiten gleich aus? Wird der Text irgendwo übermässig breit? Werden die Zeit- und Verantwortlich-Spalten zu Beginn der Storyboard-Section angezeigt?</p><p>Dieses Storyboard ist dafür da, einen Seitenumbruch innerhalb einer Storyboard-Section zu demonstrieren. Sehen die drei Spalten des Storyboards auf beiden Seiten gleich aus? Wird der Text irgendwo übermässig breit? Werden die Zeit- und Verantwortlich-Spalten zu Beginn der Storyboard-Section angezeigt?</p><p>Dieses Storyboard ist dafür da, einen Seitenumbruch innerhalb einer Storyboard-Section zu demonstrieren. Sehen die drei Spalten des Storyboards auf beiden Seiten gleich aus? Wird der Text irgendwo übermässig breit? Werden die Zeit- und Verantwortlich-Spalten zu Beginn der Storyboard-Section angezeigt?</p><p>Dieses Storyboard ist dafür da, einen Seitenumbruch innerhalb einer Storyboard-Section zu demonstrieren. Sehen die drei Spalten des Storyboards auf beiden Seiten gleich aus? Wird der Text irgendwo übermässig breit? Werden die Zeit- und Verantwortlich-Spalten zu Beginn der Storyboard-Section angezeigt?</p><p>Dieses Storyboard ist dafür da, einen Seitenumbruch innerhalb einer Storyboard-Section zu demonstrieren. Sehen die drei Spalten des Storyboards auf beiden Seiten gleich aus? Wird der Text irgendwo übermässig breit? Werden die Zeit- und Verantwortlich-Spalten zu Beginn der Storyboard-Section angezeigt?</p><p>Dieses Storyboard ist dafür da, einen Seitenumbruch innerhalb einer Storyboard-Section zu demonstrieren. Sehen die drei Spalten des Storyboards auf beiden Seiten gleich aus? Wird der Text irgendwo übermässig breit? Werden die Zeit- und Verantwortlich-Spalten zu Beginn der Storyboard-Section angezeigt?</p><p>Dieses Storyboard ist dafür da, einen Seitenumbruch innerhalb einer Storyboard-Section zu demonstrieren. Sehen die drei Spalten des Storyboards auf beiden Seiten gleich aus? Wird der Text irgendwo übermässig breit? Werden die Zeit- und Verantwortlich-Spalten zu Beginn der Storyboard-Section angezeigt?</p><p>Dieses Storyboard ist dafür da, einen Seitenumbruch innerhalb einer Storyboard-Section zu demonstrieren. Sehen die drei Spalten des Storyboards auf beiden Seiten gleich aus? Wird der Text irgendwo übermässig breit? Werden die Zeit- und Verantwortlich-Spalten zu Beginn der Storyboard-Section angezeigt?</p><p>Dieses Storyboard ist dafür da, einen Seitenumbruch innerhalb einer Storyboard-Section zu demonstrieren. Sehen die drei Spalten des Storyboards auf beiden Seiten gleich aus? Wird der Text irgendwo übermässig breit? Werden die Zeit- und Verantwortlich-Spalten zu Beginn der Storyboard-Section angezeigt?</p><p>Dieses Storyboard ist dafür da, einen Seitenumbruch innerhalb einer Storyboard-Section zu demonstrieren. Sehen die drei Spalten des Storyboards auf beiden Seiten gleich aus? Wird der Text irgendwo übermässig breit? Werden die Zeit- und Verantwortlich-Spalten zu Beginn der Storyboard-Section angezeigt?</p><p>Dieses Storyboard ist dafür da, einen Seitenumbruch innerhalb einer Storyboard-Section zu demonstrieren. Sehen die drei Spalten des Storyboards auf beiden Seiten gleich aus? Wird der Text irgendwo übermässig breit? Werden die Zeit- und Verantwortlich-Spalten zu Beginn der Storyboard-Section angezeigt?</p><p>Dieses Storyboard ist dafür da, einen Seitenumbruch innerhalb einer Storyboard-Section zu demonstrieren. Sehen die drei Spalten des Storyboards auf beiden Seiten gleich aus? Wird der Text irgendwo übermässig breit? Werden die Zeit- und Verantwortlich-Spalten zu Beginn der Storyboard-Section angezeigt?</p><p>Dieses Storyboard ist dafür da, einen Seitenumbruch innerhalb einer Storyboard-Section zu demonstrieren. Sehen die drei Spalten des Storyboards auf beiden Seiten gleich aus? Wird der Text irgendwo übermässig breit? Werden die Zeit- und Verantwortlich-Spalten zu Beginn der Storyboard-Section angezeigt?</p><p>Dieses Storyboard ist dafür da, einen Seitenumbruch innerhalb einer Storyboard-Section zu demonstrieren. Sehen die drei Spalten des Storyboards auf beiden Seiten gleich aus? Wird der Text irgendwo übermässig breit? Werden die Zeit- und Verantwortlich-Spalten zu Beginn der Storyboard-Section angezeigt?</p><p>Dieses Storyboard ist dafür da, einen Seitenumbruch innerhalb einer Storyboard-Section zu demonstrieren. Sehen die drei Spalten des Storyboards auf beiden Seiten gleich aus? Wird der Text irgendwo übermässig breit? Werden die Zeit- und Verantwortlich-Spalten zu Beginn der Storyboard-Section angezeigt?</p><p>Dieses Storyboard ist dafür da, einen Seitenumbruch innerhalb einer Storyboard-Section zu demonstrieren. Sehen die drei Spalten des Storyboards auf beiden Seiten gleich aus? Wird der Text irgendwo übermässig breit? Werden die Zeit- und Verantwortlich-Spalten zu Beginn der Storyboard-Section angezeigt?</p><p>Dieses Storyboard ist dafür da, einen Seitenumbruch innerhalb einer Storyboard-Section zu demonstrieren. Sehen die drei Spalten des Storyboards auf beiden Seiten gleich aus? Wird der Text irgendwo übermässig breit? Werden die Zeit- und Verantwortlich-Spalten zu Beginn der Storyboard-Section angezeigt?</p><p>Dieses Storyboard ist dafür da, einen Seitenumbruch innerhalb einer Storyboard-Section zu demonstrieren. Sehen die drei Spalten des Storyboards auf beiden Seiten gleich aus? Wird der Text irgendwo übermässig breit? Werden die Zeit- und Verantwortlich-Spalten zu Beginn der Storyboard-Section angezeigt?</p><p>Dieses Storyboard ist dafür da, einen Seitenumbruch innerhalb einer Storyboard-Section zu demonstrieren. Sehen die drei Spalten des Storyboards auf beiden Seiten gleich aus? Wird der Text irgendwo übermässig breit? Werden die Zeit- und Verantwortlich-Spalten zu Beginn der Storyboard-Section angezeigt?</p><p>Dieses Storyboard ist dafür da, einen Seitenumbruch innerhalb einer Storyboard-Section zu demonstrieren. Sehen die drei Spalten des Storyboards auf beiden Seiten gleich aus? Wird der Text irgendwo übermässig breit? Werden die Zeit- und Verantwortlich-Spalten zu Beginn der Storyboard-Section angezeigt?</p><p>Dieses Storyboard ist dafür da, einen Seitenumbruch innerhalb einer Storyboard-Section zu demonstrieren. Sehen die drei Spalten des Storyboards auf beiden Seiten gleich aus? Wird der Text irgendwo übermässig breit? Werden die Zeit- und Verantwortlich-Spalten zu Beginn der Storyboard-Section angezeigt?</p><p>Dieses Storyboard ist dafür da, einen Seitenumbruch innerhalb einer Storyboard-Section zu demonstrieren. Sehen die drei Spalten des Storyboards auf beiden Seiten gleich aus? Wird der Text irgendwo übermässig breit? Werden die Zeit- und Verantwortlich-Spalten zu Beginn der Storyboard-Section angezeigt?</p><p>Dieses Storyboard ist dafür da, einen Seitenumbruch innerhalb einer Storyboard-Section zu demonstrieren. Sehen die drei Spalten des Storyboards auf beiden Seiten gleich aus? Wird der Text irgendwo übermässig breit? Werden die Zeit- und Verantwortlich-Spalten zu Beginn der Storyboard-Section angezeigt?</p><p>Dieses Storyboard ist dafür da, einen Seitenumbruch innerhalb einer Storyboard-Section zu demonstrieren. Sehen die drei Spalten des Storyboards auf beiden Seiten gleich aus? Wird der Text irgendwo übermässig breit? Werden die Zeit- und Verantwortlich-Spalten zu Beginn der Storyboard-Section angezeigt?</p>', '<p>Jemand</p>', '2022-02-02 16:40:54', '2022-02-02 16:48:56', 0, 'f47197cf5633');



INSERT INTO public.period (id, description, start, "end", createtime, updatetime, campid) VALUES
('cffe2ca7e15f', 'Hauptlager', '2023-05-01', '2023-05-03', '2022-02-02 16:17:18', '2022-02-02 16:17:18', '63089000a213'),
('0b79c2ad6151', 'Vorweekend', '2023-11-10', '2023-11-10', '2022-02-02 16:17:18', '2022-02-02 16:17:18', '993bf9d5ddbb'),
('870f137ed81c', 'Hauptlager', '2024-02-20', '2024-02-20', '2022-02-02 16:17:18', '2022-02-02 16:17:18', 'e4b0679d4523'),
('fd6bf2b8cbf3', 'Hauptlager', '2021-01-01', '2021-01-01', '2022-02-02 16:17:18', '2022-02-02 16:17:18', 'ca72edaa24d2');



INSERT INTO public.day (id, dayoffset, createtime, updatetime, periodid) VALUES
('9825929fda18', 0, '2022-02-02 16:17:18', '2022-02-02 16:17:18', 'cffe2ca7e15f'),
('a4f0a8d596a8', 1, '2022-02-02 16:17:18', '2022-02-02 16:17:18', 'cffe2ca7e15f'),
('bf8b93aaffd2', 2, '2022-02-02 16:17:18', '2022-02-02 16:17:18', 'cffe2ca7e15f'),
('df953f17b99b', 0, '2022-02-02 16:17:18', '2022-02-02 16:17:18', '0b79c2ad6151'),
('9a73e7483f07', 0, '2022-02-02 16:17:18', '2022-02-02 16:17:18', '870f137ed81c'),
('f6567d54d8c5', 0, '2022-02-02 16:17:18', '2022-02-02 16:17:18', 'fd6bf2b8cbf3');



INSERT INTO public.day_responsible (id, createtime, updatetime, dayid, campcollaborationid) VALUES
('f4abe933d4e7', '2022-02-02 16:17:18', '2022-02-02 16:17:18', '9825929fda18', 'af32bd962217'),
('e7a54bdf51f2', '2022-02-02 16:17:18', '2022-02-02 16:17:18', 'a4f0a8d596a8', 'af32bd962217'),
('8e1b342f9ca7', '2022-02-02 16:17:18', '2022-02-02 16:17:18', '9a73e7483f07', 'bd8f6f89c076'),
('a9154ea769ab', '2022-02-02 16:17:18', '2022-02-02 16:17:18', 'f6567d54d8c5', '70a198618d2f');



INSERT INTO public.material_list (id, materiallistprototypeid, name, createtime, updatetime, campid) VALUES
('7e16bf9c68ab', NULL, 'Baumarkt', '2022-02-02 16:17:18', '2022-02-02 16:17:18', '63089000a213'),
('5473a07cf9c0', NULL, 'Packliste', '2022-02-02 16:17:18', '2022-02-02 16:17:18', '63089000a213'),
('6a5dcabdcb76', NULL, 'Baumarkt', '2022-02-02 16:17:18', '2022-02-02 16:17:18', '993bf9d5ddbb'),
('35d663c33274', NULL, 'Einkaufsliste', '2022-02-02 16:17:18', '2022-02-02 16:17:18', 'e4b0679d4523'),
('789ca5ea7b24', NULL, 'Einkaufsliste', '2022-02-02 16:17:18', '2022-02-02 16:17:18', 'ca72edaa24d2');



INSERT INTO public.material_item (id, article, quantity, unit, createtime, updatetime, materiallistid, periodid, materialnodeid) VALUES
('5c9eb360c1ae', 'Blachen', 3, 'Bünde', '2022-02-02 16:17:18', '2022-02-02 16:17:18', '7e16bf9c68ab', 'cffe2ca7e15f', NULL),
('a5122cb9139a', 'Zucker', 1, 'kg', '2022-02-02 16:17:18', '2022-02-02 16:17:18', '6a5dcabdcb76', '0b79c2ad6151', NULL),
('5bd2190164ef', 'Lagerapotheke', 1, NULL, '2022-02-02 16:17:18', '2022-02-02 16:17:18', '35d663c33274', '870f137ed81c', NULL),
('d1675244184b', 'Lagerapotheke', 1, NULL, '2022-02-02 16:17:18', '2022-02-02 16:17:18', '789ca5ea7b24', 'fd6bf2b8cbf3', NULL),
('10b5e4e9a421', 'Athena-Verkleidung', 1, NULL, '2022-02-02 16:31:06', '2022-02-02 16:31:06', '5473a07cf9c0', NULL, '0070f1a329a9'),
('dcfe2d08737c', 'Apollon-Verkleidung', 1, '', '2022-02-02 16:17:18', '2022-02-02 16:31:08', '5473a07cf9c0', NULL, '0070f1a329a9'),
('7ac7d176414e', 'Schnur', 27, 'Stücke', '2022-02-02 16:31:20', '2022-02-02 16:31:20', '7e16bf9c68ab', NULL, '0070f1a329a9'),
('2f33d5cba03b', 'Zundhölzer', 60, NULL, '2022-02-02 16:31:28', '2022-02-02 16:31:28', '7e16bf9c68ab', NULL, '0070f1a329a9'),
('5c48458e1266', 'Kroki (im Lager zeichnen)', 2, NULL, '2022-02-02 16:31:44', '2022-02-02 16:31:44', '5473a07cf9c0', NULL, '0070f1a329a9');



INSERT INTO public.schedule_entry (id, periodoffset, length, "left", width, createtime, updatetime, periodid, activityid) VALUES
('352716e5e22b', 540, 60, 0, 1, '2022-02-02 16:17:18', '2022-02-02 16:17:18', '0b79c2ad6151', '366fe0e29c38'),
('dd4ccbafb147', 600, 60, 0, 1, '2022-02-02 16:17:18', '2022-02-02 16:17:18', '870f137ed81c', 'ead2f9fa58a0'),
('ef33092feb72', 660, 60, 0, 1, '2022-02-02 16:17:18', '2022-02-02 16:17:18', 'fd6bf2b8cbf3', '9931b6b14baa'),
('d57d6a80166a', 720, 60, 0, 1, '2022-02-02 16:17:18', '2022-02-02 16:17:18', 'fd6bf2b8cbf3', '9931b6b14baa'),
('e013381386eb', 480, 60, 0, 1, '2022-02-02 16:17:18', '2022-02-02 16:17:18', 'cffe2ca7e15f', '4984cc72f4ec');


