



INSERT INTO public.profile (id, email, firstname, surname, nickname, language, color, abbreviation, roles, createtime, updatetime, googleid, pbsmidataid, cevidbid, untrustedemail, untrustedemailkeyhash, jubladbid) VALUES
	('711ad2e96f9f', 'admin@example.com', 'Admi', 'Nistrator', 'Administrator', 'de', NULL, NULL, '["ROLE_USER", "ROLE_ADMIN"]', '2022-01-23 16:19:10', '2022-01-23 16:19:10', NULL, NULL, NULL, NULL, NULL, NULL),
	('5e387cad273d', 'test@example.com', 'Robert', 'Baden-Powell', 'Bi-Pi', 'de-CH-scout', '#6a209b', '⚜️', '["ROLE_USER"]', '2022-01-23 16:19:10', '2023-08-08 09:11:11', NULL, NULL, NULL, NULL, NULL, NULL),
	('0870635edda6', 'idefix@example.com', 'Tremaine', 'Kohler', 'Idefix', 'en', NULL, NULL, '["ROLE_USER"]', '2022-01-23 16:19:10', '2022-02-04 19:18:43', NULL, NULL, NULL, NULL, NULL, NULL),
	('4cda72af2704', 'et@example.com', 'Karlie', 'Terry', 'ET', 'en', NULL, NULL, '["ROLE_USER"]', '2022-01-23 16:19:10', '2022-02-04 19:21:43', NULL, NULL, NULL, NULL, NULL, NULL),
	('22dce794d4e2', 'snoopy@example.com', 'Pat', 'Fadel', 'Snoopy', 'en', NULL, NULL, '["ROLE_USER"]', '2022-01-23 16:19:10', '2022-02-04 19:19:40', NULL, NULL, NULL, NULL, NULL, NULL),
	('d46337a76a2c', 'salamander@example.com', 'Fritz', 'Müller', 'Salamander', 'de', NULL, NULL, '["ROLE_USER"]', '2022-02-04 19:26:22', '2022-02-04 23:08:12', NULL, NULL, NULL, NULL, NULL, NULL),
	('f9f1a2f9af25', 'baghira@example.com', 'Zora', 'Steuber', 'Baghira', 'en', NULL, NULL, '["ROLE_USER"]', '2022-01-23 16:19:10', '2022-02-04 19:18:01', NULL, NULL, NULL, NULL, NULL, NULL),
	('7d03c967be7e', 'castor@example.com', 'Hans', 'Muster', 'Castor', 'de', NULL, 'C', '["ROLE_USER"]', '2022-02-04 19:25:07', '2022-02-04 23:07:57', NULL, NULL, NULL, NULL, NULL, NULL),
	('d36197370d44', 'sed@example.com', 'Clifford', 'Beier', 'sed', 'en', NULL, NULL, '["ROLE_USER"]', '2022-01-23 16:19:10', '2022-01-23 16:19:10', NULL, NULL, NULL, NULL, NULL, NULL),
	('e5433660140b', 'sit@example.com', 'Wanda', 'Koelpin', 'sit', 'en', NULL, NULL, '["ROLE_USER"]', '2022-01-23 16:19:10', '2022-01-23 16:19:10', NULL, NULL, NULL, NULL, NULL, NULL),
	('4bc441dc4b29', 'luke@skywalker.com', 'Luke', 'Skywalker', NULL, 'en', NULL, NULL, '["ROLE_USER"]', '2023-08-12 16:43:34', '2023-08-12 16:43:34', NULL, NULL, NULL, NULL, NULL, NULL),
	('5552108bf43e', 'john@wick.com', 'John', 'Wick', NULL, 'en', NULL, NULL, '["ROLE_USER"]', '2023-08-12 16:46:43', '2023-08-12 16:46:43', NULL, NULL, NULL, NULL, NULL, NULL),
	('abfcbcbd4566', 'clark@kent.com', 'Clark', 'Kent', NULL, 'en', NULL, NULL, '["ROLE_USER"]', '2023-08-12 16:49:27', '2023-08-12 16:49:27', NULL, NULL, NULL, NULL, NULL, NULL),
	('3f3fa9319dd2', 'bruce@wayne.com', 'Bruce', 'Wayne', NULL, 'en', NULL, NULL, '["ROLE_USER"]', '2023-08-12 16:55:28', '2023-08-12 16:55:28', NULL, NULL, NULL, NULL, NULL, NULL),
	('51245d0e2ad4', 'felicity@smoak.com', 'Felicity', 'Smoak', NULL, 'en', NULL, NULL, '["ROLE_USER"]', '2023-08-12 16:59:38', '2023-08-12 16:59:38', NULL, NULL, NULL, NULL, NULL, NULL);



INSERT INTO public."user" (id, state, activationkeyhash, password, createtime, updatetime, profileid, passwordresetkeyhash) VALUES
	('e7b00084dabf', 'activated', NULL, '$2y$13$KTCSklVQHNvbwJQ3Awl8Ee7t0wJB1gfRBXDANeQlBblqwJ4wgOEmC', '2022-01-23 16:19:10', '2022-01-23 16:19:10', 'e5433660140b', NULL),
	('be69ef467190', 'activated', NULL, '$2y$13$KTCSklVQHNvbwJQ3Awl8Ee7t0wJB1gfRBXDANeQlBblqwJ4wgOEmC', '2022-01-23 16:19:10', '2022-01-23 16:19:10', 'd36197370d44', NULL),
	('130684395770', 'activated', NULL, '$2y$13$KTCSklVQHNvbwJQ3Awl8Ee7t0wJB1gfRBXDANeQlBblqwJ4wgOEmC', '2022-01-23 16:19:10', '2022-02-04 19:19:22', '22dce794d4e2', NULL),
	('e89f74da0089', 'activated', NULL, '$2y$13$KTCSklVQHNvbwJQ3Awl8Ee7t0wJB1gfRBXDANeQlBblqwJ4wgOEmC', '2022-01-23 16:19:10', '2022-02-04 19:21:35', '4cda72af2704', NULL),
	('9145944210a7', 'activated', NULL, '$2y$13$KTCSklVQHNvbwJQ3Awl8Ee7t0wJB1gfRBXDANeQlBblqwJ4wgOEmC', '2022-01-23 16:19:10', '2022-09-11 17:51:16', '5e387cad273d', NULL),
	('3b41dca5c568', 'activated', NULL, '$2y$13$KTCSklVQHNvbwJQ3Awl8Ee7t0wJB1gfRBXDANeQlBblqwJ4wgOEmC', '2022-01-23 16:19:10', '2023-06-24 21:32:52', '711ad2e96f9f', NULL),
	('bee7cf5b3871', 'activated', '6e3137243c989bbad0d8dc466764fd14', '$2y$13$KTCSklVQHNvbwJQ3Awl8Ee7t0wJB1gfRBXDANeQlBblqwJ4wgOEmC', '2022-02-04 19:26:22', '2023-08-08 08:11:23', 'd46337a76a2c', NULL),
	('caeba9f7e728', 'activated', 'c2729478da044b9159e5efdd206d7f82', '$2y$13$KTCSklVQHNvbwJQ3Awl8Ee7t0wJB1gfRBXDANeQlBblqwJ4wgOEmC', '2022-02-04 19:25:07', '2023-08-08 08:12:10', '7d03c967be7e', NULL),
	('48f00685a292', 'activated', NULL, '$2y$13$KTCSklVQHNvbwJQ3Awl8Ee7t0wJB1gfRBXDANeQlBblqwJ4wgOEmC', '2022-01-23 16:19:10', '2023-08-08 09:43:50', '0870635edda6', NULL),
	('bae69a1c9fcc', 'activated', NULL, '$2y$13$KTCSklVQHNvbwJQ3Awl8Ee7t0wJB1gfRBXDANeQlBblqwJ4wgOEmC', '2022-01-23 16:19:10', '2023-08-08 09:44:16', 'f9f1a2f9af25', NULL),
	('dac7116e02ed', 'activated', NULL, '$2y$13$KTCSklVQHNvbwJQ3Awl8Ee7t0wJB1gfRBXDANeQlBblqwJ4wgOEmC', '2023-08-12 16:43:34', '2023-08-12 16:43:34', '4bc441dc4b29', NULL),
	('566aea2c2759', 'activated', NULL, '$2y$13$KTCSklVQHNvbwJQ3Awl8Ee7t0wJB1gfRBXDANeQlBblqwJ4wgOEmC', '2023-08-12 16:59:38', '2023-08-12 16:59:38', '51245d0e2ad4', NULL),
	('a3d9d86dc23b', 'activated', NULL, '$2y$13$KTCSklVQHNvbwJQ3Awl8Ee7t0wJB1gfRBXDANeQlBblqwJ4wgOEmC', '2023-08-12 16:46:43', '2023-08-12 16:46:43', '5552108bf43e', NULL),
	('a2f4f3879c85', 'activated', NULL, '$2y$13$KTCSklVQHNvbwJQ3Awl8Ee7t0wJB1gfRBXDANeQlBblqwJ4wgOEmC', '2023-08-12 16:55:28', '2023-08-12 16:55:28', '3f3fa9319dd2', NULL);



INSERT INTO public.camp (id, campprototypeid, isprototype, shorttitle, title, motto, addressname, addressstreet, addresszipcode, addresscity, createtime, updatetime, creatorid, ownerid, organizer, kind, coachname, coursenumber, coursekind, trainingadvisorname, printyslogoonpicasso) VALUES
	('6430aecc5422', NULL, false, 'CampUnrelated', 'vero', 'Officia id corporis incidunt saepe provident esse hic eligendi.', 'quos', '57654 Ondricka Trace Suite 792
Port Asiaton, MN 44798-0182', '10529', 'New Kaylinfort', '2022-01-23 16:19:10', '2022-01-23 16:19:10', '3b41dca5c568', '3b41dca5c568', NULL, NULL, NULL, NULL, NULL, NULL, false),
	('3c79b99ab424', 'e5027d852487', false, 'Pfila 2023', 'GRGR', 'Grandiose RealityTV Show', 'Adrian Sonderegger', 'Bümplizstrasse 5', '3156', 'Bümpliz', '2023-08-08 07:53:12', '2023-08-08 07:56:11', '9145944210a7', '9145944210a7', 'Abteilung Gryfenberg', 'Pfingstlager', 'Andrea Schneider', NULL, NULL, NULL, false),
	('6973c230d6b1', 'e5027d852487', false, 'Sola 2023', 'Harry Potter Lager', 'Harry Potter', 'Oskar Hugentobler', 'Rainweg 23', '1999', 'Les Bois', '2023-08-08 09:22:58', '2023-08-08 09:23:39', '9145944210a7', '9145944210a7', 'Pfadi Gryfenberg', 'Sommerlager', 'Andrea Schneider', NULL, NULL, NULL, false),
	('0969e3c95dfc', 'e5027d852487', false, 'Sola 2025', 'Star Wars', 'Die Galaktische Rebellion', NULL, NULL, NULL, NULL, '2023-08-13 06:32:29', '2023-08-13 06:32:29', 'dac7116e02ed', 'dac7116e02ed', NULL, NULL, NULL, NULL, NULL, NULL, false),
	('70ca971c992f', NULL, false, 'Skilager 2030', 'Auf in die Berge', '', NULL, NULL, NULL, NULL, '2023-09-29 23:24:38', '2023-09-29 23:45:07', 'dac7116e02ed', 'dac7116e02ed', NULL, NULL, NULL, NULL, NULL, NULL, false),
	('e5027d852487', NULL, true, NULL, 'J+S', '', '', '', '', '', '2022-01-23 16:19:10', '2022-02-04 21:45:19', '3b41dca5c568', '3b41dca5c568', NULL, NULL, NULL, NULL, NULL, NULL, false),
	('9c2447aefe38', 'e5027d852487', false, 'Lorem ipsum', 'Lorem ipsum dolor sit amet', 'Lorem ipsum dolor sit amet, consectetur adipiscing elit', 'Lorem ipsum', 'Mainstreet 123', '1234', 'Kongo', '2023-08-12 17:41:55', '2023-08-12 17:45:10', '9145944210a7', '9145944210a7', 'Testinator', 'Summer Tent', 'Max Mustermann', NULL, NULL, NULL, false),
	('5d28f99890bc', 'e5027d852487', false, 'PBS CH 361-25', 'Basiskurs Wolfsstufe 2025', 'Auf den Spuren von BiPi', 'Oskar Hugentobler', 'Rainweg 23', '1999', 'Les Bois', '2023-08-08 09:22:58', '2024-09-28 16:14:25', '9145944210a7', '9145944210a7', 'Pfadi Gryfenberg', 'Sommerlager', 'Andrea Schneider', 'JS-CH PBS CH 361-25', 'Basiskurs', 'Sandro Bodruzzi', true),
    ('25a82475e0b7', '5d28f99890bc', true, NULL, 'J+S Kurs', '', NULL, NULL, NULL, NULL, '2024-09-28 21:19:13', '2024-09-28 21:23:05', '3b41dca5c568', '3b41dca5c568', '', NULL, NULL, NULL, NULL, NULL, true);



INSERT INTO public.activity_progress_label (id, "position", title, createtime, updatetime, campid) VALUES
	('9e2ddc62b162', 1, 'In Planung', '2023-06-24 21:33:55', '2023-06-24 21:34:04', 'e5027d852487'),
	('4489d419f7bb', 2, 'Geplant', '2023-06-24 21:34:08', '2023-06-24 21:34:08', 'e5027d852487'),
	('4b903e5f31df', 3, 'Lagerleitung OK', '2023-06-24 21:34:15', '2023-06-24 21:34:15', 'e5027d852487'),
	('261efca23ece', 4, 'Coach OK', '2023-06-24 21:34:18', '2023-06-24 21:34:18', 'e5027d852487'),
	('6760badb685b', 1, 'In Planung', '2023-08-08 07:53:12', '2023-08-08 07:53:12', '3c79b99ab424'),
	('82547049ea38', 2, 'Geplant', '2023-08-08 07:53:12', '2023-08-08 07:53:12', '3c79b99ab424'),
	('0dfbeb246ea8', 3, 'Lagerleitung OK', '2023-08-08 07:53:12', '2023-08-08 07:53:12', '3c79b99ab424'),
	('332e0c387141', 4, 'Coach OK', '2023-08-08 07:53:12', '2023-08-08 07:53:12', '3c79b99ab424'),
	('ec11662e0149', 1, 'In Planung', '2023-08-08 09:22:58', '2023-08-08 09:22:58', '6973c230d6b1'),
	('c5fc44b40e80', 2, 'Geplant', '2023-08-08 09:22:58', '2023-08-08 09:22:58', '6973c230d6b1'),
	('91b4aac8f356', 3, 'Lagerleitung OK', '2023-08-08 09:22:58', '2023-08-08 09:22:58', '6973c230d6b1'),
	('5878366bd748', 4, 'Coach OK', '2023-08-08 09:22:58', '2023-08-08 09:22:58', '6973c230d6b1'),
	('6985410bf1c2', 1, 'In Planung', '2023-08-12 17:41:55', '2023-08-12 17:41:55', '9c2447aefe38'),
	('221fdb73eea5', 2, 'Geplant', '2023-08-12 17:41:55', '2023-08-12 17:41:55', '9c2447aefe38'),
	('12ba04938d96', 3, 'Lagerleitung OK', '2023-08-12 17:41:55', '2023-08-12 17:41:55', '9c2447aefe38'),
	('cb53ac0accce', 4, 'Coach OK', '2023-08-12 17:41:55', '2023-08-12 17:41:55', '9c2447aefe38'),
	('82facb33f552', 5, 'Aramsamsam', '2023-08-12 17:56:20', '2023-08-12 17:56:20', '9c2447aefe38'),
	('d7755da593b5', 1, 'In Planung', '2023-08-13 06:32:29', '2023-08-13 06:32:29', '0969e3c95dfc'),
	('6e0aa870a845', 2, 'Geplant', '2023-08-13 06:32:29', '2023-08-13 06:32:29', '0969e3c95dfc'),
	('baf7c6d4baa7', 3, 'Lagerleitung OK', '2023-08-13 06:32:29', '2023-08-13 06:32:29', '0969e3c95dfc'),
	('113cb45f8e9d', 4, 'Coach OK', '2023-08-13 06:32:29', '2023-08-13 06:32:29', '0969e3c95dfc'),
	('af92782262d7', 3, 'Rudolf OK', '2023-09-29 23:48:35', '2023-09-29 23:48:35', '70ca971c992f'),
	('8cb103856f01', 2, 'Organisation Abgeschlossen', '2023-09-29 23:48:02', '2023-09-29 23:48:02', '70ca971c992f'),
	('fb1ebb58f96e', 1, 'Vorschlag', '2023-09-29 23:48:59', '2023-09-29 23:49:11', '70ca971c992f'),
	('e78a915b0771', 1, 'In Planung', '2023-08-08 09:22:58', '2023-08-08 09:22:58', '5d28f99890bc'),
	('016d7278966a', 2, 'Geplant', '2023-08-08 09:22:58', '2023-08-08 09:22:58', '5d28f99890bc'),
	('de866d6696aa', 3, 'Kursleitung OK', '2023-08-08 09:22:58', '2023-08-08 09:22:58', '5d28f99890bc'),
	('da4d05db108e', 4, 'LKB OK', '2023-08-08 09:22:58', '2024-09-28 16:15:23', '5d28f99890bc'),
	('b307d4ecde8d', 1, 'In Planung', '2024-09-28 21:19:13', '2024-09-28 21:19:13', '25a82475e0b7'),
	('3198606c677b', 2, 'Geplant', '2024-09-28 21:19:13', '2024-09-28 21:19:13', '25a82475e0b7'),
	('60cd3d6b878b', 3, 'Kursleitung OK', '2024-09-28 21:19:13', '2024-09-28 21:33:45', '25a82475e0b7'),
	('12fbe44fb04b', 4, 'LKB OK', '2024-09-28 21:19:13', '2024-09-28 22:30:52', '25a82475e0b7');



INSERT INTO public.content_node (id, slot, "position", instancename, createtime, updatetime, rootid, parentid, contenttypeid, strategy, data) VALUES
	('cffc0df3cd43', '1', 1, 'dolores', '2022-01-23 16:19:10', '2022-01-23 16:19:10', '63ad36c59b9e', '63ad36c59b9e', '3ef17bd1df72', 'materialnode', NULL),
	('f9162b688b25', 'main', 1, NULL, '2023-08-08 07:53:12', '2023-11-12 14:48:15', '2cce9e17a368', '80d79bc8f484', '3ef17bd1df72', 'materialnode', NULL),
	('e9268f014f8b', 'main', 0, NULL, '2023-08-08 07:53:12', '2023-11-12 14:51:01', '2cce9e17a368', '80d79bc8f484', 'cfccaecd4bad', 'storyboard', '{"sections": {"7412b417-389b-4458-b3dc-af3626a34b30": {"column1": "", "column3": "", "position": 1, "column2Html": ""}}}'),
	('e3ae2798e83d', 'main', 1, NULL, '2023-08-08 07:53:12', '2023-11-12 14:48:39', '63cbc734fa04', '801027c511e6', '3ef17bd1df72', 'materialnode', NULL),
	('0c857b73464d', 'main', 0, NULL, '2023-08-08 07:53:12', '2023-11-12 14:51:13', '63cbc734fa04', '801027c511e6', 'cfccaecd4bad', 'storyboard', '{"sections": {"effa3fa5-cd07-4e82-a8aa-198ed9a7c1d4": {"column1": "", "column3": "", "position": 1, "column2Html": ""}}}'),
	('05319d0da1f9', 'main', 1, NULL, '2023-08-08 07:53:12', '2023-11-12 14:49:00', 'be9b6b7f23f6', '179ba93a4bb9', '3ef17bd1df72', 'materialnode', NULL),
	('5b17c7299987', 'main', 0, NULL, '2023-08-08 07:53:12', '2023-11-12 14:51:36', 'be9b6b7f23f6', '179ba93a4bb9', 'cfccaecd4bad', 'storyboard', '{"sections": {"4c126a50-f729-46a7-8326-811586922995": {"column1": "", "column3": "", "position": 1, "column2Html": ""}}}'),
	('007c7ee31176', 'main', 0, NULL, '2023-08-08 08:21:34', '2023-11-12 14:56:16', 'cf560e560929', 'b125a25fa365', 'cfccaecd4bad', 'storyboard', '{"sections": {"2e9edd98-049c-41cd-b236-054625fc85a3": {"column1": "0.20", "column3": "", "position": 2, "column2Html": "<p>Es werden 3er Gruppen gebildet, jede Gruppe bekommt ein Couvert. Im Couvert finden sie, die Sätze des Pfadigesetze sin Stücke geschnitten. Ziel ist es zu dritt das Pfadigesetz wieder zusammen zu setzen z.B. auf einer Blache vor dem Aufenthaltszelt Sätze zusammen kleben</p><p>Sobald das Pfadigesetz zusammen gesetzt ist, sollen sich die Gruppe den wichtigsten Satz aus dem Gesetz heraussuchen.</p>"}, "668e7aff-4cba-4d64-8bb7-018290a35f16": {"column1": "1.20", "column3": "", "position": 4, "column2Html": "<p>Nach der Diskussion bleibt Zeit zu 2. oder zu 3. das Pfadiversprechen zu reptieren und zu lernen wer will kann Stift und Papiere haben oder es den Leitern vorsagen</p>"}, "6c40c320-728c-4a04-870a-d7d396b6a032": {"column1": "1.50", "column3": "", "position": 5, "column2Html": "<p>Wir treffen uns nochmals im Aufenthaltszelt um Fragen zu klären. Wir versuchen nochmals alle Teile des Pfadiversprechens und Pfadigesetzt zusammen zu bringen (mündlich)</p>"}, "dafcdaff-8e50-43b7-af1a-376172ac224f": {"column1": "0.50", "column3": "", "position": 3, "column2Html": "<p>Anschliessend treffen sich alle wieder im Aufenthaltszelt und jede Gruppe stellt den für sie wichtigsten Satz aus dem Pfadigesetz vor und es wird diskutiert warum dies sein kann oder nicht.</p>"}, "effa3fa5-cd07-4e82-a8aa-198ed9a7c1d4": {"column1": "0.00", "column3": "", "position": 1, "column2Html": "<p>Wir schreiben gemeinsam das Pfadiversprechen und das Pfadigesetz auf (TN''s sollen sagen was sie schon wissen, wir ergänzen):</p><p>Versprechen:</p><p>Ich verspreche, mein möglichstes zu tun, um</p><p>mich immer von neuem mit dem Pfadigesetz auseinanderzusetzen</p><p>nach Sinn und Ziel meines Lebens zu suchen</p><p>mich in jeder Gemeinschaft einzusetzen, in der ich lebe</p><p>(Im Vertrauen auf Gott und) Zusammen mit Euch allen versuche ich, nach diesem Versprechen zu leben.</p><p>Gesetz:</p><p>Wir Pfadi wollen...</p><p>...offen und ehrlich sein</p><p>...Freude suchen und weitergeben</p><p>...unsere Hilfe anbieten</p><p>...uns entscheiden und Verantwortung tragen</p><p>...andere verstehen und achten</p><p>...miteinander teilen</p><p>...Sorge tragen zur Natur und allem Leben</p><p>...Schwierigkeiten mit Zuversicht begegnen</p>"}}}'),
	('da71cd81413e', '1', 0, NULL, '2023-11-12 15:03:28', '2023-11-12 15:03:28', '5603229c4bbc', '5603229c4bbc', 'a4211c112939', 'responsivelayout', '{"items": [{"slot": "main"}, {"slot": "aside-top"}, {"slot": "aside-bottom"}]}'),
	('b9036acaa421', 'main', 1, NULL, '2023-08-08 08:17:01', '2023-11-12 15:02:10', '9cef02bbc62f', '8d4dd2512d76', '3ef17bd1df72', 'materialnode', NULL),
	('f0dddbc0b82d', 'main', 1, NULL, '2022-02-04 21:42:28', '2023-11-12 16:03:35', '8fa1c8e597c3', 'cf0879b8c774', '3ef17bd1df72', 'materialnode', NULL),
	('d84381075e3e', '1', 1, NULL, '2022-02-04 19:53:09', '2022-02-04 19:53:09', '78904734f1c0', '6e929eaf43e5', '3ef17bd1df72', 'materialnode', NULL),
	('74f53a077661', '1', 1, NULL, '2022-02-04 19:53:15', '2022-02-04 19:53:15', '11d4984c77c6', 'f8e595ca2a2a', '3ef17bd1df72', 'materialnode', NULL),
	('30c57cf95f5a', 'aside-top', 1, NULL, '2023-08-08 08:17:01', '2023-11-12 15:02:17', '9cef02bbc62f', '8d4dd2512d76', '44dcc7493c65', 'singletext', '{"html": "<p>Handy bei leiter</p><p>Aputheke ist auf lagergelende vorhanden</p>"}'),
	('7ba9a73cd69c', 'aside-top', 0, NULL, '2023-08-08 08:17:01', '2023-11-12 15:02:23', '9cef02bbc62f', '8d4dd2512d76', '318e064ea0c9', 'singletext', '{"html": ""}'),
	('765d7592c9d6', '1', 1, NULL, '2022-02-04 22:10:06', '2022-02-04 22:10:06', '37616c74811f', '4d88b71250c5', '3ef17bd1df72', 'materialnode', NULL),
	('2cce9e17a368', NULL, 0, 'est', '2023-08-08 07:53:12', '2023-08-08 07:53:12', '2cce9e17a368', NULL, 'f17470519474', 'columnlayout', '{"columns": [{"slot": "1", "width": 12}]}'),
	('b6ccfc42c683', '1', 1, NULL, '2023-11-12 15:20:37', '2023-11-12 15:20:37', 'd7c126cfce5e', 'd7c126cfce5e', 'a4211c112939', 'responsivelayout', '{"items": [{"slot": "main"}, {"slot": "aside-top"}, {"slot": "aside-bottom"}]}'),
	('be9b6b7f23f6', NULL, 0, NULL, '2023-08-08 07:53:12', '2023-08-08 07:53:12', 'be9b6b7f23f6', NULL, 'f17470519474', 'columnlayout', '{"columns": [{"slot": "1", "width": 12}]}'),
	('9d7b3a220fb4', NULL, 0, NULL, '2023-08-08 07:53:12', '2023-08-08 07:53:12', '9d7b3a220fb4', NULL, 'f17470519474', 'columnlayout', '{"columns": [{"slot": "1", "width": 12}]}'),
	('63cbc734fa04', NULL, 0, NULL, '2023-08-08 07:53:12', '2023-08-08 07:53:12', '63cbc734fa04', NULL, 'f17470519474', 'columnlayout', '{"columns": [{"slot": "1", "width": 12}]}'),
	('9cef02bbc62f', NULL, 0, 'est', '2023-08-08 08:17:01', '2023-08-08 08:17:01', '9cef02bbc62f', NULL, 'f17470519474', 'columnlayout', '{"columns": [{"slot": "1", "width": 12}]}'),
	('aed759625d01', '1', 1, NULL, '2022-02-04 22:28:12', '2022-02-04 22:28:12', '980885505aad', '82b8c7554597', '3ef17bd1df72', 'materialnode', NULL),
	('a78e316e2a51', '1', 0, NULL, '2022-02-04 23:12:25', '2022-02-04 23:12:25', '9b0e779f3238', '3790643b388a', '3ef17bd1df72', 'materialnode', NULL),
	('7b11f9f0d2f3', '1', 0, NULL, '2022-02-04 21:43:16', '2022-02-04 21:43:16', 'fb21b1c912fd', '5598534f6d7f', '3ef17bd1df72', 'materialnode', NULL),
	('abb8e234faa9', '2', 2, NULL, '2022-02-04 19:53:09', '2022-02-04 19:53:09', '78904734f1c0', '6e929eaf43e5', '4f0c657fecef', 'singletext', '{"html": ""}'),
	('8e834f26497c', 'aside-top', 1, NULL, '2023-08-08 07:53:12', '2023-11-12 14:48:23', '2cce9e17a368', '80d79bc8f484', '44dcc7493c65', 'singletext', '{"html": ""}'),
	('8c1724f3889c', 'aside-top', 0, NULL, '2023-08-08 07:53:12', '2023-11-12 14:48:25', '2cce9e17a368', '80d79bc8f484', '318e064ea0c9', 'singletext', '{"html": ""}'),
	('3edee1836486', 'aside-bottom', 0, NULL, '2023-08-08 07:53:12', '2023-11-12 14:48:38', '63cbc734fa04', '801027c511e6', '4f0c657fecef', 'singletext', '{"html": ""}'),
	('9df8a1962a51', 'aside-top', 1, NULL, '2023-08-08 07:53:12', '2023-11-12 14:48:45', '63cbc734fa04', '801027c511e6', '44dcc7493c65', 'singletext', '{"html": ""}'),
	('41262ef6540c', 'aside-top', 0, NULL, '2023-08-08 07:53:12', '2023-11-12 14:48:47', '63cbc734fa04', '801027c511e6', '318e064ea0c9', 'singletext', '{"html": ""}'),
	('b3744abeeddd', 'aside-bottom', 0, NULL, '2023-08-08 07:53:12', '2023-11-12 14:48:59', 'be9b6b7f23f6', '179ba93a4bb9', '4f0c657fecef', 'singletext', '{"html": ""}'),
	('c4108ced447d', 'aside-top', 0, NULL, '2023-08-08 07:53:12', '2023-11-12 14:49:19', 'be9b6b7f23f6', '179ba93a4bb9', '318e064ea0c9', 'singletext', '{"html": ""}'),
	('0d4e9c08adc8', 'aside-top', 2, NULL, '2023-08-08 07:53:12', '2023-11-12 14:49:17', 'be9b6b7f23f6', '179ba93a4bb9', '44dcc7493c65', 'singletext', '{"html": ""}'),
	('84dab71aa28b', 'aside-top', 1, NULL, '2023-08-08 07:53:12', '2023-11-12 14:49:21', 'be9b6b7f23f6', '179ba93a4bb9', '1a0f84e322c8', 'multiselect', '{"options": {"security": {"checked": false}, "outdoorTechnique": {"checked": false}, "pioneeringTechnique": {"checked": false}, "natureAndEnvironment": {"checked": false}, "campsiteAndSurroundings": {"checked": false}, "preventionAndIntegration": {"checked": false}}}'),
	('faa70a204eb3', '1', 1, NULL, '2023-11-12 15:22:20', '2023-11-12 15:22:20', 'c2b6dff860e5', 'c2b6dff860e5', 'a4211c112939', 'responsivelayout', '{"items": [{"slot": "main"}, {"slot": "aside-top"}, {"slot": "aside-bottom"}]}'),
	('71965fb6985d', 'main', 1, NULL, '2023-08-08 08:19:25', '2023-11-12 14:43:31', '8152b8296000', '3e3b8d27c9d9', '3ef17bd1df72', 'materialnode', NULL),
	('c96d75c62cc8', '1', 0, NULL, '2023-11-12 15:07:23', '2023-11-12 15:07:23', '7b2572e7f40a', '7b2572e7f40a', 'a4211c112939', 'responsivelayout', '{"items": [{"slot": "main"}, {"slot": "aside-top"}, {"slot": "aside-bottom"}]}'),
	('b255329fab68', NULL, 0, 'est', '2023-08-08 08:17:36', '2023-08-08 08:17:36', 'b255329fab68', NULL, 'f17470519474', 'columnlayout', '{"columns": [{"slot": "1", "width": 12}]}'),
	('8b8c1e5b0e6a', '1', 0, NULL, '2023-11-12 14:56:51', '2023-11-12 14:56:51', 'b0c8b778a768', 'b0c8b778a768', 'a4211c112939', 'responsivelayout', '{"items": [{"slot": "main"}, {"slot": "aside-top"}, {"slot": "aside-bottom"}]}'),
	('512b766bec37', 'main', 0, NULL, '2023-08-08 08:23:23', '2023-11-12 14:59:02', '6546d644c3fc', '572c99e8e1a4', 'cfccaecd4bad', 'storyboard', '{"sections": {"4c126a50-f729-46a7-8326-811586922995": {"column1": "00.00", "column3": "", "position": 1, "column2Html": "<p>Jemand liest das Verspechen lauf vor.</p><p>Wir machen vier (Je nach anmeldungen fünf) Gruppen.</p><p>in Posten besprechen sie mit einem Leiter ein Stück des Versprechens.</p><p>bedeutung, umsetzung etc.</p><p>Posten 1: Ich verspreche/ mein Möglichstes zu tun</p><p>Posten 2: mich immer von neuem mit dem Pfadigesetz auseinanderzusetzen</p><p>Posten3:mich in jeder Gemeinschaft einzusetzen, in der ich lebe</p><p>Posten4:Nach Sinn und Ziel meines Lebens zu suchen</p><p>Posten5:zusammen mit euch allen</p>"}, "dfb372d7-89f4-42a8-bf03-f3bca75c9a45": {"column1": "1.00", "column3": "", "position": 2, "column2Html": "<p>Wir lernen das Pfadiversprechen mit dem \"Ich packe in meinen Rucksack\"-Spiel</p><p>Es beginnt jeamd und sagt \"Ich...\" und dann der reihe nach immer wieder holen was die andern zuvor gesagt haben und das nächste Wort des Versprechens nennen.</p>"}}}'),
	('d5dd031fa651', '1', 0, NULL, '2023-11-12 15:21:03', '2023-11-12 15:21:03', '27e64b35f155', '27e64b35f155', 'a4211c112939', 'responsivelayout', '{"items": [{"slot": "main"}, {"slot": "aside-top"}, {"slot": "aside-bottom"}]}'),
	('b7d17f628d0f', NULL, 0, NULL, '2023-08-08 08:22:41', '2023-08-08 08:22:41', 'b7d17f628d0f', NULL, 'f17470519474', 'columnlayout', '{"columns": [{"slot": "1", "width": 12}]}'),
	('61d06ea70b75', 'aside-bottom', 0, NULL, '2023-08-08 08:22:41', '2023-11-12 15:01:25', 'b7d17f628d0f', 'd7c4ef20815c', '4f0c657fecef', 'singletext', '{"html": ""}'),
	('d031de84c3a2', NULL, 0, NULL, '2023-08-08 08:14:46', '2023-08-08 08:14:46', 'd031de84c3a2', NULL, 'f17470519474', 'columnlayout', '{"columns": [{"slot": "1", "width": 12}]}'),
	('eb5e45e06f4b', 'aside-bottom', 0, NULL, '2023-08-08 08:17:36', '2023-11-12 14:43:02', 'b255329fab68', '07b7a58e532b', '4f0c657fecef', 'singletext', '{"html": ""}'),
	('9034c0242d2a', 'aside-bottom', 0, NULL, '2023-08-08 10:13:31', '2023-11-12 14:29:00', 'dece09ab0223', '3f2cef9934db', '4f0c657fecef', 'singletext', '{"html": ""}'),
	('2a81640d3449', 'main', 1, NULL, '2023-08-08 08:17:36', '2023-11-12 14:43:04', 'b255329fab68', '07b7a58e532b', '3ef17bd1df72', 'materialnode', NULL),
	('e70fa4410090', 'aside-top', 1, NULL, '2023-08-08 08:17:36', '2023-11-12 14:43:10', 'b255329fab68', '07b7a58e532b', '44dcc7493c65', 'singletext', '{"html": ""}'),
	('a85f33af7932', 'aside-top', 0, NULL, '2023-08-08 08:17:36', '2023-11-12 14:43:13', 'b255329fab68', '07b7a58e532b', '318e064ea0c9', 'singletext', '{"html": "<p>Unsere Flugtickets sind davongeflogen (Wind) wir müssen sie wieder einsammeln</p>"}'),
	('a3485b74ac41', 'aside-bottom', 0, NULL, '2023-08-08 07:53:12', '2023-11-12 14:48:14', '2cce9e17a368', '80d79bc8f484', '4f0c657fecef', 'singletext', '{"html": ""}'),
	('990b5ed8d700', 'aside-top', 0, NULL, '2023-08-08 08:22:41', '2023-11-12 15:01:43', 'b7d17f628d0f', 'd7c4ef20815c', '44dcc7493c65', 'singletext', '{"html": ""}'),
	('6b1e5d304898', 'aside-top', 1, NULL, '2023-08-08 08:22:41', '2023-11-12 15:01:46', 'b7d17f628d0f', 'd7c4ef20815c', '318e064ea0c9', 'singletext', '{"html": ""}'),
	('a7c374fbd4cf', 'main', 1, NULL, '2023-08-08 08:22:41', '2023-11-12 15:01:27', 'b7d17f628d0f', 'd7c4ef20815c', '3ef17bd1df72', 'materialnode', NULL),
	('449d517dbcc8', 'main', 0, NULL, '2023-08-08 08:23:36', '2023-11-12 15:02:50', '0cc124cdd9f6', 'b09bca2e73b4', 'cfccaecd4bad', 'storyboard', '{"sections": {"4c126a50-f729-46a7-8326-811586922995": {"column1": "", "column3": "", "position": 1, "column2Html": "<p>Wir bilden Gruppen in denen wir die einzelnen Lagerbauten wieder korrekt versorgen.</p><p>Gruppe eins: Schlafzelte</p><p>Gruppe zwei: Aufenthaltszelt + Latrine</p>"}, "9208a221-e336-4981-8a33-572b41a3578a": {"column1": "", "column3": "", "position": 2, "column2Html": "<p>Bei den Schlafzelten zeigen die Leiter den Teilnehmern wie sie ein Spatz korrekt abbauen und reinigen. Die Kinder machen das nach.</p>"}, "cb1615ab-c6ce-40ac-8c70-b4a3467dda42": {"column1": "", "column3": "", "position": 3, "column2Html": "<p>Beim Aufenthaltszelt wird den Kindern erklärt was eine A Blache und was eine B Blache ist. Nun müssen die Kinder die A Blachen von den B Blachen trennen und ein Leiter demonstriert ihnen wie man eine Reepschnur korrekt einfädelt. Die Kinder machen das nach und fassen die Blachen in 10erhäufen zusammen. Am schluss machen sie zuerst gemeinsam mit einem Leiter und dann alleine Blachenbünde.</p>"}}}'),
	('80d79bc8f484', '1', 0, NULL, '2023-11-12 14:48:12', '2023-11-12 14:48:12', '2cce9e17a368', '2cce9e17a368', 'a4211c112939', 'responsivelayout', '{"items": [{"slot": "main"}, {"slot": "aside-top"}, {"slot": "aside-bottom"}]}'),
	('df981acb21d7', 'aside-bottom', 0, NULL, '2023-08-08 08:22:57', '2023-11-12 15:03:30', '5603229c4bbc', 'da71cd81413e', '4f0c657fecef', 'singletext', '{"html": ""}'),
	('ed983fa396a5', 'main', 1, NULL, '2023-08-08 08:22:57', '2023-11-12 15:03:32', '5603229c4bbc', 'da71cd81413e', '3ef17bd1df72', 'materialnode', NULL),
	('6e929eaf43e5', '1', 0, NULL, '2022-02-04 19:53:09', '2022-02-04 19:53:09', '78904734f1c0', '78904734f1c0', 'f17470519474', 'columnlayout', '{"columns": [{"slot": "1", "width": 9}, {"slot": "2", "width": 3}]}'),
	('f8e595ca2a2a', '1', 0, NULL, '2022-02-04 19:53:15', '2022-02-04 19:53:15', '11d4984c77c6', '11d4984c77c6', 'f17470519474', 'columnlayout', '{"columns": [{"slot": "1", "width": 9}, {"slot": "2", "width": 3}]}'),
	('1325b75b10c2', 'main', 0, NULL, '2023-08-08 08:22:57', '2023-11-12 15:03:37', '5603229c4bbc', 'da71cd81413e', 'cfccaecd4bad', 'storyboard', '{"sections": {"23f17dcf-1ccc-4c2d-9160-9a718b6ed4f9": {"column1": "", "column3": "", "position": 2, "column2Html": "<p>14:44 BUS 520 15613 Richtung Zürich Flughafen, Bahnhof /nach Zürich Flughafen, Bahnhof /Ankunft 14:55</p><p>15:01 Zug S 16 19657 Richtung Herrliberg-Feldmeilen / nach Zürich Oerlikon, Gleis 6 /Ankunft 15:05</p>"}, "effa3fa5-cd07-4e82-a8aa-198ed9a7c1d4": {"column1": "", "column3": "", "position": 1, "column2Html": "<p>Wir laufen 1420 los</p>"}}}'),
	('8fa1c8e597c3', NULL, 0, NULL, '2022-02-04 21:41:51', '2022-02-04 21:41:51', '8fa1c8e597c3', NULL, 'f17470519474', 'columnlayout', '{"columns": [{"slot": "1", "width": 12}]}'),
	('8ca199ea75b3', 'aside-top', 1, NULL, '2023-08-08 08:22:57', '2023-11-12 15:03:38', '5603229c4bbc', 'da71cd81413e', '44dcc7493c65', 'singletext', '{"html": ""}'),
	('8f9c90897e5d', '1', 0, NULL, '2023-11-12 14:57:21', '2023-11-12 14:57:21', '8d31960310f3', '8d31960310f3', 'a4211c112939', 'responsivelayout', '{"items": [{"slot": "main"}, {"slot": "aside-top"}, {"slot": "aside-bottom"}]}'),
	('dece09ab0223', NULL, 0, 'est', '2023-08-08 10:13:31', '2023-08-08 10:13:31', 'dece09ab0223', NULL, 'f17470519474', 'columnlayout', '{"columns": [{"slot": "1", "width": 12}]}'),
	('4d88b71250c5', '1', 0, NULL, '2022-02-04 22:10:06', '2022-02-04 22:10:06', '37616c74811f', '37616c74811f', 'f17470519474', 'columnlayout', '{"columns": [{"slot": "1", "width": 9}, {"slot": "2", "width": 3}]}'),
	('5603229c4bbc', NULL, 0, NULL, '2023-08-08 08:22:57', '2023-08-08 08:22:57', '5603229c4bbc', NULL, 'f17470519474', 'columnlayout', '{"columns": [{"slot": "1", "width": 12}]}'),
	('cf0879b8c774', '1', 0, NULL, '2023-11-12 16:03:32', '2023-11-12 16:03:32', '8fa1c8e597c3', '8fa1c8e597c3', 'a4211c112939', 'responsivelayout', '{"items": [{"slot": "main"}, {"slot": "aside-top"}, {"slot": "aside-bottom"}]}'),
	('5598534f6d7f', '1', 2, NULL, '2022-02-04 21:42:44', '2022-02-04 21:42:57', 'fb21b1c912fd', 'fb21b1c912fd', 'f17470519474', 'columnlayout', '{"columns": [{"slot": "1", "width": 9}, {"slot": "2", "width": 3}]}'),
	('8f995143ca71', NULL, 0, 'est', '2023-08-08 09:22:58', '2023-08-08 09:22:58', '8f995143ca71', NULL, 'f17470519474', 'columnlayout', '{"columns": [{"slot": "1", "width": 12}]}'),
	('215dad934d59', 'aside-top', 0, NULL, '2023-08-08 08:22:57', '2023-11-12 15:03:40', '5603229c4bbc', 'da71cd81413e', '318e064ea0c9', 'singletext', '{"html": ""}'),
	('d08136c7f532', 'aside-top', 0, NULL, '2023-08-13 06:33:42', '2023-11-12 15:07:26', '7b2572e7f40a', 'c96d75c62cc8', '318e064ea0c9', 'singletext', '{"html": ""}'),
	('2e7a9509cd7f', NULL, 0, NULL, '2023-08-08 09:22:58', '2023-08-08 09:22:58', '2e7a9509cd7f', NULL, 'f17470519474', 'columnlayout', '{"columns": [{"slot": "1", "width": 12}]}'),
	('42184ec00ee4', 'main', 0, NULL, '2023-08-12 17:41:55', '2023-11-12 15:22:11', '27e64b35f155', 'd5dd031fa651', 'cfccaecd4bad', 'storyboard', '{"sections": {"4c126a50-f729-46a7-8326-811586922995": {"column1": "", "column3": "", "position": 1, "column2Html": ""}}}'),
	('a5ba4c9a7765', NULL, 0, NULL, '2023-08-08 08:15:06', '2023-08-08 08:15:06', 'a5ba4c9a7765', NULL, 'f17470519474', 'columnlayout', '{"columns": [{"slot": "1", "width": 12}]}'),
	('27bf013d1b0b', 'aside-top', 0, NULL, '2023-08-08 10:13:31', '2023-11-12 14:29:12', 'dece09ab0223', '3f2cef9934db', '318e064ea0c9', 'singletext', '{"html": ""}'),
	('0cb34af4486c', 'aside-top', 1, NULL, '2023-08-08 08:23:36', '2023-11-12 15:03:07', '0cc124cdd9f6', 'b09bca2e73b4', '1a0f84e322c8', 'multiselect', '{"options": {"security": {"checked": false}, "outdoorTechnique": {"checked": true}, "pioneeringTechnique": {"checked": true}, "natureAndEnvironment": {"checked": false}, "campsiteAndSurroundings": {"checked": true}, "preventionAndIntegration": {"checked": false}}}'),
	('801027c511e6', '1', 0, NULL, '2023-11-12 14:48:35', '2023-11-12 14:48:35', '63cbc734fa04', '63cbc734fa04', 'a4211c112939', 'responsivelayout', '{"items": [{"slot": "main"}, {"slot": "aside-top"}, {"slot": "aside-bottom"}]}'),
	('fdfa8eeac286', 'main', 0, NULL, '2023-08-13 06:33:39', '2023-11-12 15:07:28', '7b2572e7f40a', 'c96d75c62cc8', 'cfccaecd4bad', 'storyboard', '{"sections": {"b66c5b25-d626-4aba-91f7-cace5df801ba": {"column1": "", "column3": "", "position": 0, "column2Html": ""}}}'),
	('781de880638a', NULL, 0, 'est', '2023-08-08 08:18:24', '2023-08-08 08:18:24', '781de880638a', NULL, 'f17470519474', 'columnlayout', '{"columns": [{"slot": "1", "width": 12}]}'),
	('ce7fd457d560', 'aside-bottom', 0, NULL, '2023-08-08 08:18:24', '2023-11-12 14:55:15', '781de880638a', '10a586d7498c', '4f0c657fecef', 'singletext', '{"html": ""}'),
	('1169fb1d7e32', 'main', 1, NULL, '2023-08-08 08:18:24', '2023-11-12 14:55:09', '781de880638a', '10a586d7498c', '3ef17bd1df72', 'materialnode', NULL),
	('9188e566db55', 'aside-top', 1, NULL, '2023-08-08 08:18:24', '2023-11-12 14:55:23', '781de880638a', '10a586d7498c', '44dcc7493c65', 'singletext', '{"html": "<p>Apotheke mitnehmen, Gelände vorher absuchen wegen Gefahren</p>"}'),
	('ebdd693848bd', 'aside-top', 0, NULL, '2023-08-08 08:18:24', '2023-11-12 14:55:25', '781de880638a', '10a586d7498c', '318e064ea0c9', 'singletext', '{"html": "<p>Die eingeborenen greifen uns an und klauen uns unser essen.</p>"}'),
	('82b8c7554597', '1', 0, NULL, '2022-02-04 22:28:12', '2022-02-04 22:28:12', '980885505aad', '980885505aad', 'f17470519474', 'columnlayout', '{"columns": [{"slot": "1", "width": 9}, {"slot": "2", "width": 3}]}'),
	('697312a460a8', NULL, 0, NULL, '2022-02-04 23:10:41', '2022-02-04 23:10:41', '697312a460a8', NULL, 'f17470519474', 'columnlayout', '{"columns": [{"slot": "1", "width": 12}]}'),
	('9b0e779f3238', NULL, 0, NULL, '2022-02-04 23:11:03', '2022-02-04 23:11:03', '9b0e779f3238', NULL, 'f17470519474', 'columnlayout', '{"columns": [{"slot": "1", "width": 12}]}'),
	('980885505aad', NULL, 0, 'est', '2022-02-04 22:28:12', '2022-02-04 22:28:12', '980885505aad', NULL, 'f17470519474', 'columnlayout', '{"columns": [{"slot": "1", "width": 12}]}'),
	('eb47e1360222', NULL, 0, NULL, '2023-08-08 08:23:10', '2023-08-08 08:23:10', 'eb47e1360222', NULL, 'f17470519474', 'columnlayout', '{"columns": [{"slot": "1", "width": 12}]}'),
	('5ccf5b82ad06', 'aside-top', 2, NULL, '2023-08-08 08:23:23', '2023-11-12 14:59:58', '6546d644c3fc', '572c99e8e1a4', '44dcc7493c65', 'singletext', '{"html": "<p>Apotheke und Handy vor Ort</p>"}'),
	('b4c9ff773de8', '1', 3, 'aut', '2022-01-23 16:19:10', '2022-01-23 16:19:10', '63ad36c59b9e', '63ad36c59b9e', '1a0f84e322c8', 'multiselect', '{"options": {"aut": {"checked": true}}}'),
	('f4cf9e6a1e2c', NULL, 0, NULL, '2023-08-08 08:15:24', '2023-08-08 08:15:24', 'f4cf9e6a1e2c', NULL, 'f17470519474', 'columnlayout', '{"columns": [{"slot": "1", "width": 12}]}'),
	('2ba109507fbc', '2', 0, NULL, '2022-02-04 19:53:09', '2022-02-04 19:53:09', '78904734f1c0', '6e929eaf43e5', '318e064ea0c9', 'singletext', '{"html": ""}'),
	('a5bf017c9926', '1', 0, NULL, '2023-11-12 14:36:31', '2023-11-12 14:36:31', '893281692013', '893281692013', 'a4211c112939', 'responsivelayout', '{"items": [{"slot": "main"}, {"slot": "aside-top"}, {"slot": "aside-bottom"}]}'),
	('cca9cc9e0aca', 'main', 1, NULL, '2023-08-08 08:23:10', '2023-11-12 14:44:20', 'eb47e1360222', '4bd9d76089bd', '3ef17bd1df72', 'materialnode', NULL),
	('fd7f813f2e13', 'aside-top', 0, NULL, '2023-08-08 08:23:10', '2023-11-12 14:44:43', 'eb47e1360222', '4bd9d76089bd', '318e064ea0c9', 'singletext', '{"html": ""}'),
	('7f2b1fb04de9', 'aside-bottom', 0, NULL, '2023-08-08 08:23:10', '2023-11-12 14:44:19', 'eb47e1360222', '4bd9d76089bd', '4f0c657fecef', 'singletext', '{"html": ""}'),
	('faefb2982444', 'aside-top', 2, NULL, '2023-08-08 08:23:10', '2023-11-12 14:44:41', 'eb47e1360222', '4bd9d76089bd', '44dcc7493c65', 'singletext', '{"html": ""}'),
	('cb3f30435485', 'aside-top', 1, NULL, '2023-08-08 08:23:10', '2023-11-12 14:45:07', 'eb47e1360222', '4bd9d76089bd', '1a0f84e322c8', 'multiselect', '{"options": {"security": {"checked": false}, "outdoorTechnique": {"checked": false}, "pioneeringTechnique": {"checked": true}, "natureAndEnvironment": {"checked": false}, "campsiteAndSurroundings": {"checked": false}, "preventionAndIntegration": {"checked": false}}}'),
	('179ba93a4bb9', '1', 0, NULL, '2023-11-12 14:48:57', '2023-11-12 14:48:57', 'be9b6b7f23f6', 'be9b6b7f23f6', 'a4211c112939', 'responsivelayout', '{"items": [{"slot": "main"}, {"slot": "aside-top"}, {"slot": "aside-bottom"}]}'),
	('c853362152a3', NULL, 0, 'est', '2023-08-08 08:18:57', '2023-08-08 08:18:57', 'c853362152a3', NULL, 'f17470519474', 'columnlayout', '{"columns": [{"slot": "1", "width": 12}]}'),
	('f7a650cdd58d', 'main', 0, NULL, '2023-08-08 09:22:58', '2023-12-03 19:16:19', '8f995143ca71', '94e6867af9c4', 'cfccaecd4bad', 'storyboard', '{"sections": {"7412b417-389b-4458-b3dc-af3626a34b30": {"column1": "", "column3": "", "position": 1, "column2Html": ""}}}'),
	('5e88ce1b6103', '1', 0, NULL, '2023-11-12 15:07:48', '2023-11-12 15:07:48', '72f2b40a149b', '72f2b40a149b', 'a4211c112939', 'responsivelayout', '{"items": [{"slot": "main"}, {"slot": "aside-top"}, {"slot": "aside-bottom"}]}'),
	('6546d644c3fc', NULL, 0, NULL, '2023-08-08 08:23:23', '2023-08-08 08:23:23', '6546d644c3fc', NULL, 'f17470519474', 'columnlayout', '{"columns": [{"slot": "1", "width": 12}]}'),
	('07198a60db89', '1', 2, 'velit', '2022-01-23 16:19:10', '2022-01-23 16:19:10', '63ad36c59b9e', '63ad36c59b9e', '4f0c657fecef', 'singletext', '{"html": "qui"}'),
	('2dc11ea9c69b', 'main', 0, NULL, '2023-08-08 08:16:54', '2023-11-12 14:57:31', '8d31960310f3', '8f9c90897e5d', 'cfccaecd4bad', 'storyboard', '{"sections": {"3a9f385f-60ab-4f58-ba99-32327b89e823": {"column1": "", "column3": "", "position": 3, "column2Html": "<p>Ende und wir gehen Zmorgen essen</p>"}, "7412b417-389b-4458-b3dc-af3626a34b30": {"column1": "", "column3": "", "position": 1, "column2Html": "<p>Aufwecken mit Musik</p>"}, "b7f34ff6-5315-4afd-8de5-f0497d219669": {"column1": "", "column3": "", "position": 2, "column2Html": "<p>Wir machen ein Triff den Dödel. Alle stehen im Kreis und ein Ball wird gegnseitig zugespielt. Der Ball darf nur mit einer Hand geworfen und gefangen werden. Wenn man den Ball nicht fängt muss man eine runde um den kreis rennen. wenn man wärend dieser runde vom Ball getroffen wird, muss man nochmals rennen. Wenn man einen schlechten passt schiesst muss man auch rennen. Die rennende person kann mehrmals wieder abgeschossen werden</p>"}}}'),
	('1cac153cc102', 'main', 1, NULL, '2023-08-08 08:23:23', '2023-11-12 14:58:58', '6546d644c3fc', '572c99e8e1a4', '3ef17bd1df72', 'materialnode', NULL),
	('ec0d43b1f904', 'aside-bottom', 0, NULL, '2023-08-08 08:23:23', '2023-11-12 14:58:56', '6546d644c3fc', '572c99e8e1a4', '4f0c657fecef', 'singletext', '{"html": ""}'),
	('b05e67c7c2fb', 'aside-top', 0, 'Ziel', '2023-08-08 08:23:23', '2023-11-12 14:59:49', '6546d644c3fc', '572c99e8e1a4', '318e064ea0c9', 'singletext', '{"html": "<p>Wir lernen das Pfadigeetz und wie wir damit leben.</p>"}'),
	('36b24a3cca6c', NULL, 0, NULL, '2023-08-08 08:15:37', '2023-08-08 08:15:37', '36b24a3cca6c', NULL, 'f17470519474', 'columnlayout', '{"columns": [{"slot": "1", "width": 12}]}'),
	('579d5b9d1396', 'aside-top', 1, NULL, '2023-08-08 08:23:23', '2023-11-12 14:59:56', '6546d644c3fc', '572c99e8e1a4', '1a0f84e322c8', 'multiselect', '{"options": {"security": {"checked": false}, "outdoorTechnique": {"checked": false}, "pioneeringTechnique": {"checked": false}, "natureAndEnvironment": {"checked": false}, "campsiteAndSurroundings": {"checked": false}, "preventionAndIntegration": {"checked": true}}}'),
	('385c14c9e6e5', 'aside-bottom', 0, NULL, '2023-08-08 08:18:57', '2023-11-12 15:00:23', 'c853362152a3', '74880a5c34a6', '4f0c657fecef', 'singletext', '{"html": ""}'),
	('805b89be62d5', 'aside-bottom', 0, NULL, '2023-08-08 09:22:58', '2023-11-12 14:38:56', '2e7a9509cd7f', 'fd1ff3d85bc6', '4f0c657fecef', 'singletext', '{"html": ""}'),
	('15a2ecb0dd8b', 'aside-bottom', 0, NULL, '2023-08-08 09:22:58', '2023-11-12 14:40:00', '221db1cd28fb', '77dd60ab40cb', '4f0c657fecef', 'singletext', '{"html": ""}'),
	('74ae93df8343', 'main', 1, NULL, '2023-08-08 08:18:57', '2023-11-12 15:00:24', 'c853362152a3', '74880a5c34a6', '3ef17bd1df72', 'materialnode', NULL),
	('15f13c1e6fbf', 'main', 1, NULL, '2023-08-08 09:22:58', '2023-11-12 14:40:02', '221db1cd28fb', '77dd60ab40cb', '3ef17bd1df72', 'materialnode', NULL),
	('a30967ccd12d', 'main', 0, NULL, '2023-08-08 09:22:58', '2023-11-12 14:40:11', '221db1cd28fb', '77dd60ab40cb', 'cfccaecd4bad', 'storyboard', '{"sections": {"effa3fa5-cd07-4e82-a8aa-198ed9a7c1d4": {"column1": "", "column3": "", "position": 1, "column2Html": ""}}}'),
	('b0b176e76423', 'aside-top', 1, NULL, '2023-08-08 09:22:58', '2023-11-12 14:40:18', '221db1cd28fb', '77dd60ab40cb', '44dcc7493c65', 'singletext', '{"html": ""}'),
	('a90fa98aa703', 'aside-top', 0, NULL, '2023-08-08 09:22:58', '2023-11-12 14:40:21', '221db1cd28fb', '77dd60ab40cb', '318e064ea0c9', 'singletext', '{"html": ""}'),
	('359013a7115e', 'aside-bottom', 0, NULL, '2023-08-08 09:22:58', '2023-11-12 14:40:34', '8f995143ca71', '94e6867af9c4', '4f0c657fecef', 'singletext', '{"html": ""}'),
	('ae84f428a76c', 'aside-top', 1, NULL, '2023-08-08 09:22:58', '2023-11-12 14:40:43', '8f995143ca71', '94e6867af9c4', '44dcc7493c65', 'singletext', '{"html": ""}'),
	('5654f3fc7116', 'aside-top', 0, NULL, '2023-08-08 09:22:58', '2023-11-12 14:40:45', '8f995143ca71', '94e6867af9c4', '318e064ea0c9', 'singletext', '{"html": ""}'),
	('50200f03accf', 'aside-top', 1, NULL, '2023-08-08 08:18:57', '2023-11-12 15:00:31', 'c853362152a3', '74880a5c34a6', '44dcc7493c65', 'singletext', '{"html": "<p>Apotheke mitnehmen, Gelände vorher absuchen wegen Gefahren. Drei mal Pfeifen = besammeln beim neutralen Posten.</p>"}'),
	('e9a22e9dfdef', 'aside-top', 0, NULL, '2023-08-08 08:18:57', '2023-11-12 15:00:34', 'c853362152a3', '74880a5c34a6', '318e064ea0c9', 'singletext', '{"html": "<p>Plottwist der Pilot hat sich zum Anführer der eingeborenen hochgekämpft. und wir müssen ein Notsignal senden</p>"}'),
	('cf7d2595ac92', '2', 1, NULL, '2022-02-04 19:53:09', '2022-02-04 19:53:09', '78904734f1c0', '6e929eaf43e5', '44dcc7493c65', 'singletext', '{"html": "<p>Alle tragen Wanderschuhe</p>"}'),
	('d914d9bc76f4', '2', 0, NULL, '2022-02-04 19:53:15', '2022-02-04 19:53:15', '11d4984c77c6', 'f8e595ca2a2a', '318e064ea0c9', 'singletext', '{"html": ""}'),
	('cce7d3a9f3be', '2', 2, NULL, '2022-02-04 19:53:15', '2022-02-04 19:53:15', '11d4984c77c6', 'f8e595ca2a2a', '4f0c657fecef', 'singletext', '{"html": ""}'),
	('e05269876ccb', '2', 1, NULL, '2022-02-04 19:53:15', '2022-02-04 19:53:15', '11d4984c77c6', 'f8e595ca2a2a', '44dcc7493c65', 'singletext', '{"html": "<p>Alle tragen Wanderschuhe</p>"}'),
	('ca8591384b9c', '1', 0, NULL, '2023-11-12 14:49:59', '2023-11-12 14:49:59', 'ab0b4ad408ed', 'ab0b4ad408ed', 'a4211c112939', 'responsivelayout', '{"items": [{"slot": "main"}, {"slot": "aside-top"}, {"slot": "aside-bottom"}]}'),
	('229bf60acccb', 'main', 1, NULL, '2023-11-12 14:49:59', '2023-11-12 14:49:59', 'ab0b4ad408ed', 'ca8591384b9c', '3ef17bd1df72', 'materialnode', NULL),
	('ea1ab136a55b', '2', 2, NULL, '2022-02-04 22:10:06', '2022-02-04 22:10:06', '37616c74811f', '4d88b71250c5', '4f0c657fecef', 'singletext', '{"html": ""}'),
	('fd9297b1db56', '2', 1, NULL, '2022-02-04 22:10:06', '2022-02-04 22:10:06', '37616c74811f', '4d88b71250c5', '44dcc7493c65', 'singletext', '{"html": ""}'),
	('95bc7e0ad749', NULL, 0, 'est', '2023-08-08 10:13:58', '2023-08-08 10:13:58', '95bc7e0ad749', NULL, 'f17470519474', 'columnlayout', '{"columns": [{"slot": "1", "width": 12}]}'),
	('8152b8296000', NULL, 0, NULL, '2023-08-08 08:19:25', '2023-08-08 08:19:25', '8152b8296000', NULL, 'f17470519474', 'columnlayout', '{"columns": [{"slot": "1", "width": 12}]}'),
	('2d7a1bfea580', 'main', 1, NULL, '2023-08-13 06:32:29', '2023-11-12 15:07:51', '72f2b40a149b', '5e88ce1b6103', '3ef17bd1df72', 'materialnode', NULL),
	('6a452ceaa84a', 'aside-top', 0, NULL, '2023-11-12 14:49:59', '2023-11-12 14:53:52', 'ab0b4ad408ed', 'ca8591384b9c', '318e064ea0c9', 'singletext', '{"html": "<p>Wir müssen die Insel erkunden</p>"}'),
	('76e71a025f85', NULL, 0, NULL, '2023-08-08 09:22:58', '2023-08-08 09:22:58', '76e71a025f85', NULL, 'f17470519474', 'columnlayout', '{"columns": [{"slot": "1", "width": 12}]}'),
	('d56e854fde29', NULL, 0, 'est', '2023-08-08 09:56:45', '2023-08-08 09:56:45', 'd56e854fde29', NULL, 'f17470519474', 'columnlayout', '{"columns": [{"slot": "1", "width": 12}]}'),
	('ea8f6171cda4', 'main', 1, NULL, '2023-08-08 09:22:58', '2023-11-12 14:38:57', '2e7a9509cd7f', 'fd1ff3d85bc6', '3ef17bd1df72', 'materialnode', NULL),
	('a03a1840a8ea', 'main', 1, NULL, '2023-08-08 09:22:58', '2023-11-12 14:40:36', '8f995143ca71', '94e6867af9c4', '3ef17bd1df72', 'materialnode', NULL),
	('e7b5e1fcabbc', '1', 0, NULL, '2023-11-12 14:37:04', '2023-11-12 14:37:04', '94b4567ba226', '94b4567ba226', 'a4211c112939', 'responsivelayout', '{"items": [{"slot": "main"}, {"slot": "aside-top"}, {"slot": "aside-bottom"}]}'),
	('0cc124cdd9f6', NULL, 0, NULL, '2023-08-08 08:23:36', '2023-08-08 08:23:36', '0cc124cdd9f6', NULL, 'f17470519474', 'columnlayout', '{"columns": [{"slot": "1", "width": 12}]}'),
	('221db1cd28fb', NULL, 0, NULL, '2023-08-08 09:22:58', '2023-08-08 09:22:58', '221db1cd28fb', NULL, 'f17470519474', 'columnlayout', '{"columns": [{"slot": "1", "width": 12}]}'),
	('acaac62a4b14', 'aside-bottom', 0, NULL, '2023-08-08 10:13:58', '2023-11-12 14:30:55', '95bc7e0ad749', '4c99dcc7513c', '4f0c657fecef', 'singletext', '{"html": ""}'),
	('544d4ea12726', NULL, 0, 'est', '2023-08-08 09:54:05', '2023-08-08 09:54:05', '544d4ea12726', NULL, 'f17470519474', 'columnlayout', '{"columns": [{"slot": "1", "width": 12}]}'),
	('4fa3b52ce29a', 'main', 1, NULL, '2023-08-08 10:13:58', '2023-11-12 14:30:54', '95bc7e0ad749', '4c99dcc7513c', '3ef17bd1df72', 'materialnode', NULL),
	('7c03a78afcce', '2', 1, NULL, '2022-02-04 22:28:12', '2022-02-04 22:28:12', '980885505aad', '82b8c7554597', '44dcc7493c65', 'singletext', '{"html": ""}'),
	('418fcc3f761b', NULL, 0, NULL, '2023-08-08 08:15:52', '2023-08-08 08:15:52', '418fcc3f761b', NULL, 'f17470519474', 'columnlayout', '{"columns": [{"slot": "1", "width": 12}]}'),
	('fdd09bb2e43a', '1', 0, NULL, '2023-11-12 14:57:43', '2023-11-12 14:57:43', 'e69bd9f304b5', 'e69bd9f304b5', 'a4211c112939', 'responsivelayout', '{"items": [{"slot": "main"}, {"slot": "aside-top"}, {"slot": "aside-bottom"}]}'),
	('8bbe8f806412', 'aside-bottom', 0, NULL, '2023-08-08 08:19:25', '2023-11-12 14:43:28', '8152b8296000', '3e3b8d27c9d9', '4f0c657fecef', 'singletext', '{"html": ""}'),
	('83565ae49d61', NULL, 0, NULL, '2023-08-08 09:24:47', '2023-08-08 09:24:47', '83565ae49d61', NULL, 'f17470519474', 'columnlayout', '{"columns": [{"slot": "1", "width": 12}]}'),
	('513f53c85e38', 'main', 1, NULL, '2023-08-08 08:23:36', '2023-11-12 15:02:45', '0cc124cdd9f6', 'b09bca2e73b4', '3ef17bd1df72', 'materialnode', NULL),
	('8bb664e5b7fe', NULL, 0, NULL, '2023-08-08 08:19:40', '2023-08-08 08:19:40', '8bb664e5b7fe', NULL, 'f17470519474', 'columnlayout', '{"columns": [{"slot": "1", "width": 12}]}'),
	('89a71c10f961', 'aside-bottom', 0, NULL, '2023-08-08 09:54:05', '2023-11-12 14:22:47', '544d4ea12726', 'c4e8e55310de', '4f0c657fecef', 'singletext', '{"html": ""}'),
	('642990cb455d', 'aside-top', 1, NULL, '2023-08-08 08:19:25', '2023-11-12 14:43:39', '8152b8296000', '3e3b8d27c9d9', '44dcc7493c65', 'singletext', '{"html": ""}'),
	('025bc3f2c54c', 'aside-top', 0, NULL, '2023-08-08 08:19:25', '2023-11-12 14:43:43', '8152b8296000', '3e3b8d27c9d9', '318e064ea0c9', 'singletext', '{"html": ""}'),
	('3118fb51890d', 'aside-bottom', 0, NULL, '2023-08-08 08:19:40', '2023-11-12 14:45:25', '8bb664e5b7fe', 'fc9be2a790b8', '4f0c657fecef', 'singletext', '{"html": ""}'),
	('d935d034f393', 'main', 1, NULL, '2023-08-08 08:19:40', '2023-11-12 14:45:27', '8bb664e5b7fe', 'fc9be2a790b8', '3ef17bd1df72', 'materialnode', NULL),
	('f3e303775aad', 'aside-top', 1, NULL, '2023-08-08 08:19:40', '2023-11-12 14:45:36', '8bb664e5b7fe', 'fc9be2a790b8', '44dcc7493c65', 'singletext', '{"html": "<p>Apotheke in Aufenthaltszelt oder Matzelt (Nach SIKO)</p>"}'),
	('dff472b7a8ad', 'aside-top', 0, NULL, '2023-08-08 08:19:40', '2023-11-12 14:45:38', '8bb664e5b7fe', 'fc9be2a790b8', '318e064ea0c9', 'singletext', '{"html": "<p>Wir fliegen Ab. Die Flugbegleiter erklären uns wie wir in Notfallsituationen handeln müssen.</p>"}'),
	('ab0b4ad408ed', NULL, 0, 'est', '2023-11-12 14:49:59', '2023-11-12 14:49:59', 'ab0b4ad408ed', NULL, 'f17470519474', 'columnlayout', '{"columns": [{"slot": "1", "width": 12}]}'),
	('0791274efa6b', 'aside-top', 1, NULL, '2023-11-12 14:49:59', '2023-11-12 14:49:59', 'ab0b4ad408ed', 'ca8591384b9c', '44dcc7493c65', 'singletext', '{"html": ""}'),
	('4b098b9686c4', 'aside-bottom', 0, NULL, '2023-11-12 14:49:59', '2023-11-12 14:49:59', 'ab0b4ad408ed', 'ca8591384b9c', '4f0c657fecef', 'singletext', '{"html": ""}'),
	('2c836d5e9ad0', 'aside-bottom', 0, NULL, '2023-08-08 08:23:36', '2023-11-12 15:02:44', '0cc124cdd9f6', 'b09bca2e73b4', '4f0c657fecef', 'singletext', '{"html": ""}'),
	('8687d57cc7be', 'aside-top', 0, NULL, '2023-08-08 08:23:36', '2023-11-12 15:03:09', '0cc124cdd9f6', 'b09bca2e73b4', '318e064ea0c9', 'singletext', '{"html": ""}'),
	('be044283d799', 'aside-top', 2, NULL, '2023-08-08 08:23:36', '2023-11-12 15:03:10', '0cc124cdd9f6', 'b09bca2e73b4', '44dcc7493c65', 'singletext', '{"html": ""}'),
	('1551f1564306', 'main', 0, NULL, '2023-08-08 08:22:11', '2023-11-12 14:57:53', 'e69bd9f304b5', 'fdd09bb2e43a', 'cfccaecd4bad', 'storyboard', '{"sections": {"38896f1c-27cd-414a-ba17-015897b0f874": {"column1": "", "column3": "", "position": 2, "column2Html": "<p>Diverse Bastelspass mit Blubb</p><p>Wir knüpfen Bändeli auf spezielle Art (Beispielbändeli von Blubb)</p><p>Wir lernen wie man einen Kranich faltet. (Bei 1000 Kranich hat man einen Wunsch frei. Wir könnten uns wünschen, dass wir gerettet werden)</p><p>How to make a Hexaflexagon.</p>"}, "6c1a1b0a-f9f1-464d-a4fa-ce8fe94ab7a0": {"column1": "", "column3": "", "position": 5, "column2Html": "<p>Nach einer Weile spielen wir ein Paar spiele um uns wieder etwas zu bewegen.</p><p>Amerikanische Buldoggen</p><p>Schreimauer. Es giebt einen Sender und einen Empfänger. Der Sender muss dem Empfänger eine Nachricht schreien. Die restlichen personen müssen das verhindern indem sie eine Lärmwand machen zwischen dem Sender und dem Empfänger und in dei Reichtung des Senders schreien.</p>"}, "c0264acf-46b5-43b1-ba44-0d64757743d1": {"column1": "", "column3": "", "position": 4, "column2Html": "<p>Für diejenigen die doch noch ewas sinnvolles machen wollen zeigen wir ihnen wie man Zundhölzli wasserdicht macht. Dazu schmilzt man etwas wachs und legt sie im Wachs ein sodass eine Schicht Wachs um das Streichholz entsteht. Dasselbe macht man nun mit dem Anzündstreifen und Voila Wasserdicht.</p><p>Flaschenpost.</p><p>Die Kinder dürfen frei eine Nachricht entwerfen die wir in eine Flaschenpost tun. Diese Flaschenpost werden wir dann in irgend einer Übung in einem Halben Jahr wiederfinden.</p><p>Ausserdem kann man ein paar Zundhölzlirätsel machen:</p><p>Aus sechs Streichhölzern 4 gleich grosse Dreiecke machen</p><p>Aus 4 Streichhölzern 5 Rechtecke machen</p><p>Die münze aus der Schaufel nehmen</p>"}, "effa3fa5-cd07-4e82-a8aa-198ed9a7c1d4": {"column1": "", "column3": "", "position": 1, "column2Html": "<p>Wir besammeln uns im Aufenthaltszelt und besprechen was wir machen könnten. Die Leiter disskutieren Laut ob wir eventuell ein Notsignalfeuer machen könnten. Andere meinen wir könnten mit steinen einen Hilferuf schreiben, damit man diesen aus der Luft sehen würde. Blubb ist der Meinung, dass wir warten sollten bis hilfe kommt und uns etwas die Zeit vertreiben sollten. wir machen Posten an denen man verschiedene Sachen lernen kann.</p>"}, "f7cd83c8-76e0-4215-8dd3-19386964d284": {"column1": "", "column3": "", "position": 3, "column2Html": "<p>Was giebt es besseres als zu Snacken beim Warten. Wir erklären den Kindern wie man Brennesselchips macht.</p><p>1. Die Brennnesseln am besten mit Handschuhen schneiden und die Blätter abpflücken</p><p>2. Blätter waschen und in Salatschleuder trocknen. Sobald die Brennnesseln gewaschen sind, brennen sie nicht mehr!</p><p>3. Kokosfett oder Rapsöl in der Pfanne heiss werden lassen, die Brennnesselblätter beifügen und mit der Kelle vorsichtig wenden</p><p>5. Wenn die Blätter knusprig sind, auf Küchenpapier abtropfen lassen</p><p>6. Mit Salz, Curry oder anderen Gewürzen bestreuen und sofort geniessen</p>"}}}'),
	('ed2866173cb2', 'aside-top', 0, NULL, '2023-08-13 06:32:29', '2023-11-12 15:08:08', '72f2b40a149b', '5e88ce1b6103', '318e064ea0c9', 'singletext', '{"html": ""}'),
	('581a353bc025', 'aside-top', 1, NULL, '2023-08-08 09:54:41', '2023-11-12 14:37:15', '94b4567ba226', 'e7b5e1fcabbc', '44dcc7493c65', 'singletext', '{"html": ""}'),
	('b82abd3055a8', '2', 0, NULL, '2022-02-04 22:10:06', '2022-02-04 22:10:06', '37616c74811f', '4d88b71250c5', '318e064ea0c9', 'singletext', '{"html": ""}'),
	('538610561786', '2', 0, NULL, '2022-02-04 21:43:22', '2023-06-24 21:36:37', 'fb21b1c912fd', 'a54e27df1390', '44dcc7493c65', 'singletext', '{"html": ""}'),
	('6f290281f5cd', '2', 0, NULL, '2022-02-04 21:43:26', '2022-02-04 21:43:26', 'fb21b1c912fd', '5598534f6d7f', '4f0c657fecef', 'singletext', '{"html": ""}'),
	('98d7fcb9a22b', '1', 0, NULL, '2022-02-04 21:43:20', '2023-06-24 21:36:43', 'fb21b1c912fd', 'a54e27df1390', '318e064ea0c9', 'singletext', '{"html": ""}'),
	('b09de833e8e7', 'aside-top', 0, NULL, '2023-08-08 09:54:41', '2023-11-12 14:37:18', '94b4567ba226', 'e7b5e1fcabbc', '318e064ea0c9', 'singletext', '{"html": ""}'),
	('94b4567ba226', NULL, 0, 'est', '2023-08-08 09:54:41', '2023-08-08 09:54:41', '94b4567ba226', NULL, 'f17470519474', 'columnlayout', '{"columns": [{"slot": "1", "width": 12}]}'),
	('e0380a168b84', '1', 0, NULL, '2023-11-12 14:37:31', '2023-11-12 14:37:31', '04f8d9ac0e54', '04f8d9ac0e54', 'a4211c112939', 'responsivelayout', '{"items": [{"slot": "main"}, {"slot": "aside-top"}, {"slot": "aside-bottom"}]}'),
	('48c38e095aad', 'aside-top', 0, NULL, '2022-02-04 21:42:13', '2023-11-12 16:04:14', '8fa1c8e597c3', 'cf0879b8c774', '318e064ea0c9', 'singletext', '{"html": ""}'),
	('d5c9023c2062', NULL, 0, 'est', '2023-08-08 09:56:01', '2023-08-08 09:56:01', 'd5c9023c2062', NULL, 'f17470519474', 'columnlayout', '{"columns": [{"slot": "1", "width": 12}]}'),
	('ff8c9d23ee8c', 'aside-top', 1, NULL, '2023-08-08 10:13:58', '2023-11-12 14:31:03', '95bc7e0ad749', '4c99dcc7513c', '44dcc7493c65', 'singletext', '{"html": ""}'),
	('05a0f13057e7', 'aside-bottom', 0, NULL, '2023-08-08 09:54:41', '2023-11-12 14:37:07', '94b4567ba226', 'e7b5e1fcabbc', '4f0c657fecef', 'singletext', '{"html": ""}'),
	('1dd5c52abd01', 'main', 0, NULL, '2022-02-04 21:42:24', '2023-11-12 16:04:35', '8fa1c8e597c3', 'cf0879b8c774', 'cfccaecd4bad', 'storyboard', '{"sections": {"4c126a50-f729-46a7-8326-811586922995": {"column1": "", "column3": "", "position": 1, "column2Html": ""}}}'),
	('572c99e8e1a4', '1', 0, NULL, '2023-11-12 14:58:49', '2023-11-12 14:58:49', '6546d644c3fc', '6546d644c3fc', 'a4211c112939', 'responsivelayout', '{"items": [{"slot": "main"}, {"slot": "aside-top"}, {"slot": "aside-bottom"}]}'),
	('a76b06c3bb55', NULL, 0, 'est', '2023-08-08 10:15:26', '2023-08-08 10:15:26', 'a76b06c3bb55', NULL, 'f17470519474', 'columnlayout', '{"columns": [{"slot": "1", "width": 12}]}'),
	('2b12a73ce7b9', '2', 0, NULL, '2022-02-04 22:28:12', '2022-02-04 22:28:12', '980885505aad', '82b8c7554597', '318e064ea0c9', 'singletext', '{"html": ""}'),
	('6adc7e08d593', '2', 2, NULL, '2022-02-04 22:28:12', '2022-02-04 22:28:12', '980885505aad', '82b8c7554597', '4f0c657fecef', 'singletext', '{"html": ""}'),
	('a3ddc9c226b0', NULL, 0, NULL, '2023-08-08 08:16:01', '2023-08-08 08:16:01', 'a3ddc9c226b0', NULL, 'f17470519474', 'columnlayout', '{"columns": [{"slot": "1", "width": 12}]}'),
	('799121cc9c4b', '1', 0, NULL, '2022-02-04 22:28:12', '2022-02-04 22:28:12', '980885505aad', '82b8c7554597', 'cfccaecd4bad', 'storyboard', '{"sections": {"c93fc66b-5cd2-4953-b414-83ff27a2bc32": {"column1": "", "column3": "", "position": 1, "column2Html": ""}}}'),
	('c110b87081cc', '2', 0, NULL, '2022-02-04 23:12:02', '2023-06-24 21:34:47', '9b0e779f3238', '4d7c01b213be', '44dcc7493c65', 'singletext', '{"html": ""}'),
	('e6a88d775b88', '2', 0, NULL, '2022-02-04 23:11:54', '2022-02-04 23:11:54', '9b0e779f3238', '3790643b388a', '4f0c657fecef', 'singletext', '{"html": ""}'),
	('3eaff9779e2b', '1', 0, NULL, '2022-02-04 23:11:49', '2023-06-24 21:34:50', '9b0e779f3238', '4d7c01b213be', '318e064ea0c9', 'singletext', '{"html": ""}'),
	('c2300355de1e', 'aside-top', 1, NULL, '2023-08-08 09:54:27', '2023-11-12 14:28:39', '4539b072a292', '39112d9c1118', '44dcc7493c65', 'singletext', '{"html": ""}'),
	('9dda4a6262eb', '1', 1, NULL, '2022-02-04 21:43:13', '2023-06-24 21:36:47', 'fb21b1c912fd', 'fb21b1c912fd', 'cfccaecd4bad', 'storyboard', '{"sections": {"7412b417-389b-4458-b3dc-af3626a34b30": {"column1": "", "column3": "", "position": 1, "column2Html": ""}}}'),
	('11d4984c77c6', NULL, 0, 'totam', '2022-02-04 19:53:15', '2022-02-04 19:53:15', '11d4984c77c6', NULL, 'f17470519474', 'columnlayout', '{"columns": [{"slot": "1", "width": 12}]}'),
	('9ca2281b0cb1', NULL, 0, NULL, '2023-08-08 09:52:49', '2023-08-08 09:52:49', '9ca2281b0cb1', NULL, 'f17470519474', 'columnlayout', '{"columns": [{"slot": "1", "width": 12}]}'),
	('487bf4ac1178', 'aside-bottom', 0, NULL, '2023-08-08 10:15:26', '2023-11-12 14:38:19', 'a76b06c3bb55', '6b6f0bbfd019', '4f0c657fecef', 'singletext', '{"html": ""}'),
	('2dc2db27b5cf', 'main', 1, NULL, '2023-08-08 09:54:41', '2023-11-12 14:37:08', '94b4567ba226', 'e7b5e1fcabbc', '3ef17bd1df72', 'materialnode', NULL),
	('0aa9f07bed0a', 'main', 0, NULL, '2023-08-08 09:54:41', '2023-11-12 14:37:12', '94b4567ba226', 'e7b5e1fcabbc', 'cfccaecd4bad', 'storyboard', '{"sections": {"7412b417-389b-4458-b3dc-af3626a34b30": {"column1": "", "column3": "", "position": 1, "column2Html": ""}}}'),
	('c65d93d912c9', 'main', 1, NULL, '2023-08-08 10:15:26', '2023-11-12 14:38:17', 'a76b06c3bb55', '6b6f0bbfd019', '3ef17bd1df72', 'materialnode', NULL),
	('f94a9f4a0abe', 'main', 0, NULL, '2023-08-08 10:15:26', '2023-11-12 14:38:23', 'a76b06c3bb55', '6b6f0bbfd019', 'cfccaecd4bad', 'storyboard', '{"sections": {"7412b417-389b-4458-b3dc-af3626a34b30": {"column1": "", "column3": "", "position": 1, "column2Html": ""}}}'),
	('3004d2e2b036', 'aside-top', 1, NULL, '2023-08-08 10:15:26', '2023-11-12 14:38:24', 'a76b06c3bb55', '6b6f0bbfd019', '44dcc7493c65', 'singletext', '{"html": ""}'),
	('5b472b0f71ca', 'aside-top', 0, NULL, '2023-08-08 10:15:26', '2023-11-12 14:38:27', 'a76b06c3bb55', '6b6f0bbfd019', '318e064ea0c9', 'singletext', '{"html": ""}'),
	('f25f4bc3d7bd', NULL, 0, NULL, '2023-08-08 09:49:23', '2023-08-08 09:49:23', 'f25f4bc3d7bd', NULL, 'f17470519474', 'columnlayout', '{"columns": [{"slot": "1", "width": 12}]}'),
	('0e0b0bd06918', NULL, 0, NULL, '2023-08-08 08:19:55', '2023-08-08 08:19:55', '0e0b0bd06918', NULL, 'f17470519474', 'columnlayout', '{"columns": [{"slot": "1", "width": 12}]}'),
	('bcdd6c355c40', 'main', 0, NULL, '2023-08-08 08:18:24', '2023-11-12 14:55:20', '781de880638a', '10a586d7498c', 'cfccaecd4bad', 'storyboard', '{"sections": {"01cc3678-bfc3-4b09-9225-1a111be69689": {"column1": "00:10", "column3": "", "position": 2, "column2Html": "<p>Spielerklärung (Ikarus):</p><p>Auf einem Spielfeld ist das Lager eingezeichnet, und 3 verschiedene Wege, die zu 3 verschiedenen Lagern führen. Auf jedem Weg ist ein Eingeborener, der das Essen aus dem Lager klauen will. Bei jedem Lager sind 5 Essen, die geklaut werden können, wenn eine Gruppe kein Essen mehr hat, hat sie verloren. Jedes mal, wenn ein Eingeborener es bis ins Lager geschafft hat, ist ein Essen weg. Jede Viertelstunde kann ein TN pro Gruppe zum neutralen Posten kommen, und mit Bändeli Würfelwürfe kaufen. Mit jedem Würfelwurf kann man einen Eingeborenen bewegen, es ist aber egal, welchen. Wenn man aber den Eingeborenen auf einem anderen Weg näher an deren Lager führt, dann werden die Eingeborenen natürlich diesen weiter bewegen, da dieser eher Essen klauen wird.</p><p>Die Eingeborenen sind natürlich auch eine Gruppe, die versucht, möglichst viel Essen zu klauen, und auch mit Bändeli Würfelwürfe kauft, die sie jede Viertelstunde eintauscht. Jede Gruppe hat an einem Gruppenplatz einen Knäuel mit der eigenen Bändelifarbe.</p><p>Sobald der Eingeborene das Essen gelaut hat, ist er wieder auf dem Startfeld</p><p>Neutraler Posten: Ikarus</p><p>Eingeborene: Tassilo, Blinky, Jiminy, Swuppi, Zera, Blubb</p>"}, "7412b417-389b-4458-b3dc-af3626a34b30": {"column1": "00:00", "column3": "", "position": 1, "column2Html": "<p>Die TN sitzen mit Ikarus gemütlich im Aufenthaltszelt, als plötzlich die Küche schreit: Alarm Alarm. Wir rennen sofort zur Küche und sehen noch einen Eingeborenen (Tassilo) mit einem Leib Brot davon rennen. Wir nehmen natürlich sofort die Verfolgung auf und rennen ihm hinterher. Er rennt zu einer Gruppe Eingeborenen mit einem Häuptling (Blubb) und diese bleiben stehen. Sie sind so viele, dass wir nicht direkt angreifen. Wir schreien ihn an, dass er sofort das Brot zurück geben muss. Der Häuptling findet, das ist sein Land und wir sollten sofort verschwinden. Wir sagen wir hatten einen Flugzeugabsturz und warten auf Hilfe und können nicht weg, da wir nicht wissen, wohin. Der Häuptling hält uns aber für böse Dämonen, die er vernichten muss, wir werden nie ruhig schlafen und essen auf seinem Land, bis wir weg sind. Dann verschwinden die Eingeborenen im Wald, und das Game beginnt.</p>"}, "93179985-6d38-41ba-9157-aa4d197dbd71": {"column1": "01:50", "column3": "", "position": 5, "column2Html": "<p>Alles Essen wurde leider geklaut, Spielende. Wir gehen zurück zum Lagerplatz</p>"}, "e9b686cf-e732-49f5-a163-6ccebe20636b": {"column1": "02:00", "column3": "", "position": 6, "column2Html": "<p>Ende</p>"}, "ec2a3559-bc23-4d8d-be43-d05686c0940c": {"column1": "00:20", "column3": "", "position": 3, "column2Html": "<p>Jede Gruppe sucht sich einen Gruppenplatz und bindet sich das Bändli an.</p>"}, "fc3a6723-bd4f-4aa9-a71f-70a57e65cdde": {"column1": "00:30", "column3": "", "position": 4, "column2Html": "<p>Alle Gruppen haben Bändli angebunden und den Gruppenplatz bestimmt, Spielstart</p>"}}}'),
	('50f11620bd19', '1', 0, NULL, '2023-11-12 15:09:34', '2023-11-12 15:09:34', '8f6a099e06ba', '8f6a099e06ba', 'a4211c112939', 'responsivelayout', '{"items": [{"slot": "main"}, {"slot": "aside-top"}, {"slot": "aside-bottom"}]}'),
	('190375b61413', NULL, 0, 'est', '2023-08-08 09:54:22', '2023-08-08 09:54:22', '190375b61413', NULL, 'f17470519474', 'columnlayout', '{"columns": [{"slot": "1", "width": 12}]}'),
	('74880a5c34a6', '1', 0, NULL, '2023-11-12 15:00:19', '2023-11-12 15:00:19', 'c853362152a3', 'c853362152a3', 'a4211c112939', 'responsivelayout', '{"items": [{"slot": "main"}, {"slot": "aside-top"}, {"slot": "aside-bottom"}]}'),
	('6b6f0bbfd019', '1', 0, NULL, '2023-11-12 14:38:14', '2023-11-12 14:38:14', 'a76b06c3bb55', 'a76b06c3bb55', 'a4211c112939', 'responsivelayout', '{"items": [{"slot": "main"}, {"slot": "aside-top"}, {"slot": "aside-bottom"}]}'),
	('055bc74bad55', NULL, 0, 'est', '2023-08-08 09:55:13', '2023-08-08 09:55:13', '055bc74bad55', NULL, 'f17470519474', 'columnlayout', '{"columns": [{"slot": "1", "width": 12}]}'),
	('776dcb8f8664', '1', 0, NULL, '2022-02-04 19:53:09', '2022-02-04 19:53:09', '78904734f1c0', '6e929eaf43e5', 'cfccaecd4bad', 'storyboard', '{"sections": {"0b72ad12-1055-480f-b4ca-057a7c8aa00a": {"column1": "", "column3": "", "position": 1, "column2Html": ""}}}'),
	('1d40f6697b8c', '1', 0, NULL, '2022-02-04 19:53:15', '2022-02-04 19:53:15', '11d4984c77c6', 'f8e595ca2a2a', 'cfccaecd4bad', 'storyboard', '{"sections": {"1ad8d919-1ba9-4e4e-9f63-301df1ace506": {"column1": "", "column3": "", "position": 1, "column2Html": ""}}}'),
	('3cf6219fd376', NULL, 0, NULL, '2023-08-08 08:16:10', '2023-08-08 08:16:10', '3cf6219fd376', NULL, 'f17470519474', 'columnlayout', '{"columns": [{"slot": "1", "width": 12}]}'),
	('0976d3f311ac', NULL, 0, NULL, '2023-08-08 08:16:29', '2023-08-08 08:16:29', '0976d3f311ac', NULL, 'f17470519474', 'columnlayout', '{"columns": [{"slot": "1", "width": 12}]}'),
	('9e579f3add3e', 'aside-bottom', 0, NULL, '2023-08-08 08:19:55', '2023-11-12 17:21:18', '0e0b0bd06918', '17ba22ea1e86', '4f0c657fecef', 'singletext', '{"html": ""}'),
	('b602ba4a113d', 'aside-top', 1, NULL, '2023-08-08 08:19:55', '2023-11-12 17:21:30', '0e0b0bd06918', '17ba22ea1e86', '44dcc7493c65', 'singletext', '{"html": ""}'),
	('f3776b7ba11e', '1', 0, NULL, '2022-02-04 22:10:06', '2022-02-04 22:10:06', '37616c74811f', '4d88b71250c5', 'cfccaecd4bad', 'storyboard', '{"sections": {"9bdb971b-0fff-42ea-a81c-43971d83b977": {"column1": "", "column3": "", "position": 1, "column2Html": ""}}}'),
	('e7a320855ab9', 'aside-top', 1, NULL, '2023-08-08 09:56:01', '2023-11-12 14:22:18', 'd5c9023c2062', 'a72b9db002de', '44dcc7493c65', 'singletext', '{"html": ""}'),
	('7553b0dbce39', 'aside-bottom', 0, NULL, '2023-08-08 09:54:22', '2023-11-12 14:26:48', '190375b61413', 'd82c7a45d7df', '4f0c657fecef', 'singletext', '{"html": ""}'),
	('f3b6ad425ee4', 'main', 1, NULL, '2023-08-08 09:54:22', '2023-11-12 14:26:50', '190375b61413', 'd82c7a45d7df', '3ef17bd1df72', 'materialnode', NULL),
	('dc9f3da6f627', 'aside-top', 1, NULL, '2023-08-08 09:54:22', '2023-11-12 14:26:57', '190375b61413', 'd82c7a45d7df', '44dcc7493c65', 'singletext', '{"html": ""}'),
	('c5e3abdb9d1b', 'aside-top', 0, NULL, '2023-08-08 09:54:22', '2023-11-12 14:27:00', '190375b61413', 'd82c7a45d7df', '318e064ea0c9', 'singletext', '{"html": ""}'),
	('0694474e1350', 'aside-bottom', 0, NULL, '2023-08-08 09:54:27', '2023-11-12 14:28:31', '4539b072a292', '39112d9c1118', '4f0c657fecef', 'singletext', '{"html": ""}'),
	('ffee29377fd4', 'main', 1, NULL, '2023-08-08 08:21:34', '2023-11-12 14:56:12', 'cf560e560929', 'b125a25fa365', '3ef17bd1df72', 'materialnode', NULL),
	('786b805849a5', 'aside-top', 0, 'Ziel', '2023-08-08 08:21:34', '2023-11-12 14:56:22', 'cf560e560929', 'b125a25fa365', '318e064ea0c9', 'singletext', '{"html": "<p>Pfadigesetzt und Pfadiversprechen durch verschiedene Methoden lernen</p>"}'),
	('ad9f6e749b11', 'main', 1, NULL, '2023-08-13 06:32:29', '2023-11-12 15:09:39', '8f6a099e06ba', '50f11620bd19', '3ef17bd1df72', 'materialnode', NULL),
	('1fb9a0ad40f3', NULL, 0, NULL, '2023-08-08 08:21:21', '2023-08-08 08:21:21', '1fb9a0ad40f3', NULL, 'f17470519474', 'columnlayout', '{"columns": [{"slot": "1", "width": 12}]}'),
	('6fb71d916699', NULL, 0, NULL, '2023-08-08 09:51:29', '2023-08-08 09:51:29', '6fb71d916699', NULL, 'f17470519474', 'columnlayout', '{"columns": [{"slot": "1", "width": 12}]}'),
	('a5813bc4e38a', 'aside-bottom', 0, NULL, '2023-08-08 08:21:21', '2023-11-12 14:46:27', '1fb9a0ad40f3', '20e7ead290b4', '4f0c657fecef', 'singletext', '{"html": ""}'),
	('4539b072a292', NULL, 0, 'est', '2023-08-08 09:54:27', '2023-08-08 09:54:27', '4539b072a292', NULL, 'f17470519474', 'columnlayout', '{"columns": [{"slot": "1", "width": 12}]}'),
	('9f21d229d3bd', 'main', 1, NULL, '2023-08-08 08:21:21', '2023-11-12 14:46:29', '1fb9a0ad40f3', '20e7ead290b4', '3ef17bd1df72', 'materialnode', NULL),
	('434c43e3ae34', 'main', 1, NULL, '2023-08-08 09:54:27', '2023-11-12 14:28:29', '4539b072a292', '39112d9c1118', '3ef17bd1df72', 'materialnode', NULL),
	('845feccf640e', 'main', 0, NULL, '2023-08-08 09:54:27', '2023-11-12 14:28:37', '4539b072a292', '39112d9c1118', 'cfccaecd4bad', 'storyboard', '{"sections": {"7412b417-389b-4458-b3dc-af3626a34b30": {"column1": "", "column3": "", "position": 1, "column2Html": ""}}}'),
	('32f6ff526a2b', 'main', 0, NULL, '2023-08-08 08:21:21', '2023-11-12 14:46:34', '1fb9a0ad40f3', '20e7ead290b4', 'cfccaecd4bad', 'storyboard', '{"sections": {"effa3fa5-cd07-4e82-a8aa-198ed9a7c1d4": {"column1": "", "column3": "", "position": 1, "column2Html": ""}}}'),
	('19c2fe7c449f', 'aside-top', 0, NULL, '2023-08-08 09:54:27', '2023-11-12 14:28:40', '4539b072a292', '39112d9c1118', '318e064ea0c9', 'singletext', '{"html": ""}'),
	('7095586488d0', NULL, 0, 'est', '2023-08-08 09:56:21', '2023-08-08 09:56:21', '7095586488d0', NULL, 'f17470519474', 'columnlayout', '{"columns": [{"slot": "1", "width": 12}]}'),
	('2e31cbba8cb7', '1', 2, NULL, '2023-08-08 09:56:21', '2023-08-08 09:56:21', '7095586488d0', '7095586488d0', 'f17470519474', 'columnlayout', '{"columns": [{"slot": "1", "width": 9}, {"slot": "2", "width": 3}]}'),
	('935894d423cf', NULL, 0, NULL, '2023-08-08 08:16:22', '2023-08-08 08:16:22', '935894d423cf', NULL, 'f17470519474', 'columnlayout', '{"columns": [{"slot": "1", "width": 12}]}'),
	('78904734f1c0', NULL, 0, 'totam', '2022-02-04 19:53:09', '2022-02-04 19:53:09', '78904734f1c0', NULL, 'f17470519474', 'columnlayout', '{"columns": [{"slot": "1", "width": 12}]}'),
	('32274af4df7d', 'aside-top', 1, NULL, '2023-08-08 08:21:21', '2023-11-12 14:46:36', '1fb9a0ad40f3', '20e7ead290b4', '44dcc7493c65', 'singletext', '{"html": ""}'),
	('f576d2a45c8f', 'aside-top', 0, NULL, '2023-08-08 08:21:21', '2023-11-12 14:46:38', '1fb9a0ad40f3', '20e7ead290b4', '318e064ea0c9', 'singletext', '{"html": ""}'),
	('db434dac175c', 'aside-top', 0, NULL, '2023-08-08 09:55:13', '2023-11-12 14:18:28', '055bc74bad55', '5a3ed6353dde', '318e064ea0c9', 'singletext', '{"html": "<p>Die Teilnehmer versammeln sich am Treffpunkt im Lager. Die Leiter erklären, dass heute eine aufregende Schatzsuche im Wald stattfinden wird. Die Kinder werden in Teams von 4-5 Personen eingeteilt und erhalten jeweils eine Karte des Waldgebiets.</p>"}'),
	('f2a6cbfa76b9', 'aside-top', 0, NULL, '2023-08-08 10:20:31', '2023-11-12 14:25:03', 'c49b40c66692', '899a76275665', '318e064ea0c9', 'singletext', '{"html": "<p>Smartphones haben sich zu unverzichtbaren Alltagsbegleitern entwickelt. Sie dienen nicht nur der Kommunikation, sondern bieten Zugang zu einer Fülle von Informationen, Unterhaltung und Dienstleistungen. Von sozialen Medien über mobile Apps bis hin zur Navigation erleichtern Smartphones unser Leben erheblich. Dennoch ist es wichtig, ein gesundes Maß im Umgang mit diesen Geräten zu finden, um eine ausgewogene Nutzung zu gewährleisten und potenzielle Auswirkungen auf unsere physische und psychische Gesundheit zu minimieren.</p>"}'),
	('37616c74811f', NULL, 0, 'est', '2022-02-04 22:10:06', '2022-02-04 22:10:06', '37616c74811f', NULL, 'f17470519474', 'columnlayout', '{"columns": [{"slot": "1", "width": 12}]}'),
	('2f9a476a39df', 'aside-bottom', 0, NULL, '2023-08-08 08:21:34', '2023-11-12 14:56:10', 'cf560e560929', 'b125a25fa365', '4f0c657fecef', 'singletext', '{"html": ""}'),
	('cf560e560929', NULL, 0, NULL, '2023-08-08 08:21:34', '2023-08-08 08:21:34', 'cf560e560929', NULL, 'f17470519474', 'columnlayout', '{"columns": [{"slot": "1", "width": 12}]}'),
	('6dd5ea728cfc', '1', 0, NULL, '2023-11-12 15:10:27', '2023-11-12 15:10:27', 'efa17bbc2bc1', 'efa17bbc2bc1', 'a4211c112939', 'responsivelayout', '{"items": [{"slot": "main"}, {"slot": "aside-top"}, {"slot": "aside-bottom"}]}'),
	('5b7313ca4851', 'aside-top', 1, NULL, '2023-08-08 08:21:34', '2023-11-12 14:56:20', 'cf560e560929', 'b125a25fa365', '44dcc7493c65', 'singletext', '{"html": ""}'),
	('9801114692ff', NULL, 0, 'est', '2023-08-08 09:54:32', '2023-08-08 09:54:32', '9801114692ff', NULL, 'f17470519474', 'columnlayout', '{"columns": [{"slot": "1", "width": 12}]}'),
	('49685cd36b46', 'aside-bottom', 0, NULL, '2023-08-08 08:21:54', '2023-11-12 14:56:53', 'b0c8b778a768', '8b8c1e5b0e6a', '4f0c657fecef', 'singletext', '{"html": ""}'),
	('e10d7ebf7f78', NULL, 0, 'est', '2023-08-08 10:14:26', '2023-08-08 10:14:26', 'e10d7ebf7f78', NULL, 'f17470519474', 'columnlayout', '{"columns": [{"slot": "1", "width": 12}]}'),
	('a257015161fe', 'aside-bottom', 0, NULL, '2023-08-08 09:54:32', '2023-11-12 14:30:20', '9801114692ff', '6728552bd3ed', '4f0c657fecef', 'singletext', '{"html": ""}'),
	('b0c8b778a768', NULL, 0, NULL, '2023-08-08 08:21:54', '2023-08-08 08:21:54', 'b0c8b778a768', NULL, 'f17470519474', 'columnlayout', '{"columns": [{"slot": "1", "width": 12}]}'),
	('6b4b505db600', 'main', 1, NULL, '2023-08-08 09:54:32', '2023-11-12 14:30:19', '9801114692ff', '6728552bd3ed', '3ef17bd1df72', 'materialnode', NULL),
	('85faed92b081', 'main', 1, NULL, '2023-08-08 08:21:54', '2023-11-12 14:56:55', 'b0c8b778a768', '8b8c1e5b0e6a', '3ef17bd1df72', 'materialnode', NULL),
	('1559a23defc3', 'aside-bottom', 0, NULL, '2023-08-08 10:14:26', '2023-11-12 14:33:30', 'e10d7ebf7f78', 'e7a7084e447f', '4f0c657fecef', 'singletext', '{"html": ""}'),
	('c270abc50fe1', 'main', 1, NULL, '2023-08-08 10:14:26', '2023-11-12 14:33:28', 'e10d7ebf7f78', 'e7a7084e447f', '3ef17bd1df72', 'materialnode', NULL),
	('a6a335723be8', 'aside-top', 0, NULL, '2023-08-08 08:21:54', '2023-11-12 14:57:02', 'b0c8b778a768', '8b8c1e5b0e6a', '318e064ea0c9', 'singletext', '{"html": "<p>wir müssen uns unser Essen zurückholen (evtl. Lasergame oder suscht was Geils)</p>"}'),
	('54f16315d853', 'aside-top', 1, NULL, '2022-02-04 21:42:31', '2023-11-12 16:04:19', '8fa1c8e597c3', 'cf0879b8c774', '1a0f84e322c8', 'multiselect', '{"options": {"security": {"checked": false}, "outdoorTechnique": {"checked": false}, "pioneeringTechnique": {"checked": false}, "natureAndEnvironment": {"checked": false}, "campsiteAndSurroundings": {"checked": false}, "preventionAndIntegration": {"checked": false}}}'),
	('576e795d1980', '1', 0, NULL, '2023-08-08 09:56:21', '2023-08-08 09:56:21', '7095586488d0', '2e31cbba8cb7', '3ef17bd1df72', 'materialnode', NULL),
	('2ee6436affdc', '2', 0, NULL, '2023-08-08 09:56:21', '2023-08-08 09:56:21', '7095586488d0', '2e31cbba8cb7', '4f0c657fecef', 'singletext', '{"html": ""}'),
	('94e6867af9c4', '1', 0, NULL, '2023-11-12 14:40:32', '2023-11-12 14:40:32', '8f995143ca71', '8f995143ca71', 'a4211c112939', 'responsivelayout', '{"items": [{"slot": "main"}, {"slot": "aside-top"}, {"slot": "aside-bottom"}]}'),
	('278526e9d194', 'main', 0, NULL, '2023-08-08 08:22:41', '2023-11-12 15:01:49', 'b7d17f628d0f', 'd7c4ef20815c', 'cfccaecd4bad', 'storyboard', '{"sections": {"68dad27b-536e-4f83-9088-913a045eb4c8": {"column1": "", "column3": "", "position": 3, "column2Html": "<p>laufen die Kinder (vereinzelt) zurück zum Lagerplatz wenn sie alles überdenkt haben.</p><p>Danach gibt es das Lagerfeuer-feeling in der Küche mit Schoggi-Bananen und Marshmallows.</p>"}, "b489ca03-99c9-4384-9f33-a1086962ec7c": {"column1": "", "column3": "", "position": 2, "column2Html": "<p>Zusammen Laufen wir zum Bi-Pi Feuer und geniessen unser Ritual.</p><p>1. Der Feuermeister macht Feuer</p><p>2. Zera liest den Letzten Brief von Bi-Pi vor</p><p>3. Wir Singen das Abteilungslied</p><p>4. Wir geben denn Kessel durch und jeder zieht einen Zettel der er vorliest</p>"}, "effa3fa5-cd07-4e82-a8aa-198ed9a7c1d4": {"column1": "", "column3": "", "position": 1, "column2Html": "<p>Wir Treffen uns vor der Küche und alle Kinder werfen ihren Anonymen Brief in denn Pfaditopf. Danach wird nachmals der ganze Ablauf erklärt.</p><p>1. Still zum Bi-Pi Feuer laufen.</p><p>2. Feuer anzünden</p><p>3. Brief</p><p>4. Abteilungslied singen</p><p>5. Private Zettel vorlessen</p>"}}}'),
	('48daf4b721af', 'main', 1, NULL, '2023-08-13 06:32:29', '2023-11-12 15:10:30', 'efa17bbc2bc1', '6dd5ea728cfc', '3ef17bd1df72', 'materialnode', NULL),
	('413ccb86264c', 'aside-bottom', 0, NULL, '2023-08-08 09:54:37', '2023-11-12 14:34:04', '94d14ec8e943', 'e064c23cad08', '4f0c657fecef', 'singletext', '{"html": ""}'),
	('28d1320a12cc', NULL, 0, 'est', '2023-08-08 09:53:21', '2023-08-08 09:53:21', '28d1320a12cc', NULL, 'f17470519474', 'columnlayout', '{"columns": [{"slot": "1", "width": 12}]}'),
	('b2f408baaaa8', 'main', 1, NULL, '2023-08-08 09:54:37', '2023-11-12 14:34:05', '94d14ec8e943', 'e064c23cad08', '3ef17bd1df72', 'materialnode', NULL),
	('0090473c927e', 'aside-bottom', 0, NULL, '2023-08-08 10:14:57', '2023-11-12 14:36:33', '893281692013', 'a5bf017c9926', '4f0c657fecef', 'singletext', '{"html": ""}'),
	('45e410c755eb', 'main', 0, NULL, '2023-08-08 09:54:37', '2023-11-12 14:34:17', '94d14ec8e943', 'e064c23cad08', 'cfccaecd4bad', 'storyboard', '{"sections": {"7412b417-389b-4458-b3dc-af3626a34b30": {"column1": "", "column3": "", "position": 1, "column2Html": ""}}}'),
	('06a045b2153d', 'aside-top', 1, NULL, '2023-08-08 08:21:54', '2023-11-12 14:57:01', 'b0c8b778a768', '8b8c1e5b0e6a', '44dcc7493c65', 'singletext', '{"html": "<p>Gelende vorher Rekken (wespenneste etc)</p><p>Apotheke und handy dabei</p>"}'),
	('77dd60ab40cb', '1', 0, NULL, '2023-11-12 14:39:58', '2023-11-12 14:39:58', '221db1cd28fb', '221db1cd28fb', 'a4211c112939', 'responsivelayout', '{"items": [{"slot": "main"}, {"slot": "aside-top"}, {"slot": "aside-bottom"}]}'),
	('4300e3355d22', 'aside-bottom', 0, NULL, '2023-08-08 08:16:48', '2023-11-12 14:46:02', '5d44c3fc49b9', 'cfde4f87154a', '4f0c657fecef', 'singletext', '{"html": ""}'),
	('94d14ec8e943', NULL, 0, 'est', '2023-08-08 09:54:37', '2023-08-08 09:54:37', '94d14ec8e943', NULL, 'f17470519474', 'columnlayout', '{"columns": [{"slot": "1", "width": 12}]}'),
	('ab7ba2d79488', 'main', 1, NULL, '2023-08-08 08:16:48', '2023-11-12 14:46:04', '5d44c3fc49b9', 'cfde4f87154a', '3ef17bd1df72', 'materialnode', NULL),
	('1fe1b1b33106', 'aside-top', 0, NULL, '2023-08-08 09:54:37', '2023-11-12 14:34:19', '94d14ec8e943', 'e064c23cad08', '318e064ea0c9', 'singletext', '{"html": ""}'),
	('aa9712b71584', 'aside-top', 1, NULL, '2023-08-08 09:54:37', '2023-11-12 14:34:23', '94d14ec8e943', 'e064c23cad08', '44dcc7493c65', 'singletext', '{"html": ""}'),
	('808938f16fc8', NULL, 0, 'est', '2023-08-08 09:55:35', '2023-08-08 09:55:35', '808938f16fc8', NULL, 'f17470519474', 'columnlayout', '{"columns": [{"slot": "1", "width": 12}]}'),
	('54b33144ccef', 'aside-bottom', 0, NULL, '2023-08-08 08:22:11', '2023-11-12 14:57:48', 'e69bd9f304b5', 'fdd09bb2e43a', '4f0c657fecef', 'singletext', '{"html": ""}'),
	('ced534caa099', 'aside-top', 1, NULL, '2023-08-08 08:16:48', '2023-11-12 14:46:12', '5d44c3fc49b9', 'cfde4f87154a', '44dcc7493c65', 'singletext', '{"html": ""}'),
	('1b724572f722', 'aside-top', 0, NULL, '2023-08-08 08:16:48', '2023-11-12 14:46:15', '5d44c3fc49b9', 'cfde4f87154a', '318e064ea0c9', 'singletext', '{"html": ""}'),
	('46a0b78d4c29', 'main', 1, NULL, '2023-08-08 08:22:11', '2023-11-12 14:57:47', 'e69bd9f304b5', 'fdd09bb2e43a', '3ef17bd1df72', 'materialnode', NULL),
	('56355fd18bc0', 'main', 0, NULL, '2023-08-08 08:17:01', '2023-11-12 15:02:16', '9cef02bbc62f', '8d4dd2512d76', 'cfccaecd4bad', 'storyboard', '{"sections": {"7412b417-389b-4458-b3dc-af3626a34b30": {"column1": "00.05", "column3": "", "position": 1, "column2Html": "<p>Aufwecken mit Musik</p>"}, "a3b90b72-4cd5-486c-bb20-e0b75f633ba3": {"column1": "00.20", "column3": "", "position": 2, "column2Html": "<p>Triffdendödel: Alle stehen in einem Kreis und man wirft eine mit Wassergefüllten Pet Flasche einer Person zu und die Person mus die Flasche einhändig fangen wenn er sie nicht fängt mus er um den kreis rennen und man kann ihn abwerfen er muss solang er getroffen wird rundenen rennen bis er es ihn seine lücke schafft.</p>"}, "b26e23e1-8641-47b8-a9d9-accbff4d4d81": {"column1": "00.30", "column3": "", "position": 3, "column2Html": "<p>Gordischer Knoten :Einer geht 1 minute weg und die restlichen Personen müssen sich so gut wies geht verknoten das ziel ist das die eine person den knoten wieder aufmacht. ÄSSÄÄÄÄÄ</p>"}}}'),
	('54eda8108520', 'aside-top', 2, NULL, '2022-02-04 21:42:17', '2023-11-12 16:04:18', '8fa1c8e597c3', 'cf0879b8c774', '44dcc7493c65', 'singletext', '{"html": ""}'),
	('a54e27df1390', '1', 0, NULL, '2023-06-24 21:36:27', '2023-06-24 21:36:45', 'fb21b1c912fd', 'fb21b1c912fd', 'f17470519474', 'columnlayout', '{"columns": [{"slot": "1", "width": 5}, {"slot": "2", "width": 7}]}'),
	('5d44c3fc49b9', NULL, 0, 'est', '2023-08-08 08:16:48', '2023-08-08 08:16:48', '5d44c3fc49b9', NULL, 'f17470519474', 'columnlayout', '{"columns": [{"slot": "1", "width": 12}]}'),
	('57086082c44c', 'aside-bottom', 0, NULL, '2023-08-08 09:53:21', '2023-11-12 14:15:32', '28d1320a12cc', 'e5608f539e2d', '4f0c657fecef', 'singletext', '{"html": ""}'),
	('68d350f04ee2', 'aside-bottom', 0, NULL, '2023-08-08 09:55:35', '2023-11-12 14:19:23', '808938f16fc8', '2fffc2b297dc', '4f0c657fecef', 'singletext', '{"html": ""}'),
	('350b44de53b5', 'aside-bottom', 0, NULL, '2022-02-04 21:42:21', '2023-11-12 16:03:34', '8fa1c8e597c3', 'cf0879b8c774', '4f0c657fecef', 'singletext', '{"html": ""}'),
	('2f33bdb50b28', 'aside-top', 1, NULL, '2023-08-08 10:21:16', '2023-11-12 14:29:54', 'ac4d1c2c2e1d', '299cf1981956', '44dcc7493c65', 'singletext', '{"html": ""}'),
	('e69bd9f304b5', NULL, 0, NULL, '2023-08-08 08:22:11', '2023-08-08 08:22:11', 'e69bd9f304b5', NULL, 'f17470519474', 'columnlayout', '{"columns": [{"slot": "1", "width": 12}]}'),
	('33da3b9a1b53', '1', 0, NULL, '2023-11-12 15:11:13', '2023-11-12 15:11:13', '0639e34b166c', '0639e34b166c', 'a4211c112939', 'responsivelayout', '{"items": [{"slot": "main"}, {"slot": "aside-top"}, {"slot": "aside-bottom"}]}'),
	('9e7cd70bbff1', NULL, 0, 'est', '2023-08-08 09:53:49', '2023-08-08 09:53:49', '9e7cd70bbff1', NULL, 'f17470519474', 'columnlayout', '{"columns": [{"slot": "1", "width": 12}]}'),
	('cc088e0f2528', 'aside-top', 0, NULL, '2023-08-08 09:54:32', '2023-11-12 14:30:28', '9801114692ff', '6728552bd3ed', '318e064ea0c9', 'singletext', '{"html": ""}'),
	('ada1ec40199a', '1', 0, NULL, '2023-08-08 09:56:21', '2023-08-08 09:56:21', '7095586488d0', '7095586488d0', 'f17470519474', 'columnlayout', '{"columns": [{"slot": "1", "width": 5}, {"slot": "2", "width": 7}]}'),
	('9f524f6b356e', 'main', 1, NULL, '2023-08-08 10:11:42', '2023-11-12 14:27:16', 'af53f5935834', '63de332a51ab', '3ef17bd1df72', 'materialnode', NULL),
	('cdb23842d81c', 'aside-bottom', 0, NULL, '2023-08-08 08:22:29', '2023-11-12 15:00:47', 'e45eff01e7c1', 'ceecbd5519df', '4f0c657fecef', 'singletext', '{"html": ""}'),
	('50c5bc78f450', 'main', 1, NULL, '2023-08-08 09:55:35', '2023-11-12 14:19:26', '808938f16fc8', '2fffc2b297dc', '3ef17bd1df72', 'materialnode', NULL),
	('d72e2af495d7', 'main', 0, NULL, '2023-08-08 08:21:54', '2023-11-12 14:56:58', 'b0c8b778a768', '8b8c1e5b0e6a', 'cfccaecd4bad', 'storyboard', '{"sections": {"76abce3e-5b16-4b23-99a3-8d80ee761e0f": {"column1": "00.15", "column3": "", "position": 2, "column2Html": "<p>Wir finden das Aboriginis versteck, jedoch bewachen sie ihren Vorrat und wir überlegen uns wie wir sie ablenken können. (Sackmesser, Taschenlampen, musik, einfach neue dinge, die sie nicht kennen)</p>"}, "bc512e7a-7dca-4d17-9f02-fe2f4296e447": {"column1": "1.10", "column3": "", "position": 4, "column2Html": "<p>Die Aboriginis sind geschlagen, wir haben unser essen wieder und laufen glücklich zum lagerplatz zurück.</p>"}, "db6cd2e5-4549-4f99-9eb3-60590f980c76": {"column1": "00.20", "column3": "", "position": 3, "column2Html": "<p>Auf ihrem Vorrat (ein loch) hat es aufgeblasene Ballone und essensreste (schweine magen, also weisse ballone), die wir zuerst verplatzen müssen. ein teil der Kinder lenkt die Aboriginis ab (ohne berühren) und die andern müssen die Ballone verplatzen gehen und haben drei leere Ballone dabei. Doch bei jedem platzen, rennt ein aborgini los und versucht den TN zu catchen, wenn ers geschafft hat muss der Tn ihm ein Ballon abgeben. Die TNs müssen hinter eine sicherheits linie rennen und dort sind sie dann safe. Für neue Ballone müssen die Tns fragen beantworten oder Aufgaben machen. Ziel ist, dass alle ballone im Vorrat geplatzt sind und wir unser essen zurück holen können.</p>"}, "effa3fa5-cd07-4e82-a8aa-198ed9a7c1d4": {"column1": "00.00", "column3": "", "position": 1, "column2Html": "<p>Wir finden eine essens-, federspur und folgen dieser, weil das ja sciher die aboriginis waren</p>"}}}'),
	('2d6a77de997e', 'aside-bottom', 0, NULL, '2023-08-08 09:56:45', '2023-11-12 14:25:22', 'd56e854fde29', '1dab9a412dd4', '4f0c657fecef', 'singletext', '{"html": ""}'),
	('fdd159859a9f', '1', 4, 'et', '2022-01-23 16:19:10', '2022-01-23 16:19:10', '63ad36c59b9e', '63ad36c59b9e', 'cfccaecd4bad', 'storyboard', '{"sections": {"3bdc90b4-3b4c-4c76-b1bc-2e376afbb5aa": {"column1": "culpa", "column3": "consequatur", "position": 0, "column2Html": "natus"}}}'),
	('6c8c74499260', NULL, 0, 'laborum', '2022-01-23 16:19:10', '2022-01-23 16:19:10', '6c8c74499260', NULL, 'f17470519474', 'columnlayout', '{"columns": [{"slot": "1", "width": 12}]}'),
	('63ad36c59b9e', NULL, 0, 'libero', '2022-01-23 16:19:10', '2022-01-23 16:19:10', '63ad36c59b9e', NULL, 'f17470519474', 'columnlayout', '{"columns": [{"slot": "1", "width": 12}]}'),
	('0b8894aba174', NULL, 0, 'fuga', '2022-01-23 16:19:10', '2022-01-23 16:19:10', '0b8894aba174', NULL, 'f17470519474', 'columnlayout', '{"columns": [{"slot": "1", "width": 12}]}'),
	('c9ebda9090f5', NULL, 0, 'exercitationem', '2022-01-23 16:19:10', '2022-01-23 16:19:10', 'c9ebda9090f5', NULL, 'f17470519474', 'columnlayout', '{"columns": [{"slot": "1", "width": 12}]}'),
	('fb21b1c912fd', NULL, 0, 'est', '2022-01-23 16:19:10', '2022-01-23 16:19:10', 'fb21b1c912fd', NULL, 'f17470519474', 'columnlayout', '{"columns": [{"slot": "1", "width": 12}]}'),
	('8d31960310f3', NULL, 0, 'est', '2023-08-08 08:16:54', '2023-08-08 08:16:54', '8d31960310f3', NULL, 'f17470519474', 'columnlayout', '{"columns": [{"slot": "1", "width": 12}]}'),
	('fb2a4321accc', 'aside-top', 1, NULL, '2023-08-08 09:53:49', '2023-11-12 14:19:08', '9e7cd70bbff1', '3ab7ca5d2e0d', '44dcc7493c65', 'singletext', '{"html": "<p>Apotheke dabei</p>"}'),
	('4e8dace691af', 'aside-bottom', 0, NULL, '2023-08-08 08:16:54', '2023-11-12 14:57:27', '8d31960310f3', '8f9c90897e5d', '4f0c657fecef', 'singletext', '{"html": ""}'),
	('627827b149eb', 'main', 1, NULL, '2023-08-08 08:16:54', '2023-11-12 14:57:26', '8d31960310f3', '8f9c90897e5d', '3ef17bd1df72', 'materialnode', NULL),
	('198f7826f359', 'aside-top', 1, NULL, '2023-08-08 08:16:54', '2023-11-12 14:57:33', '8d31960310f3', '8f9c90897e5d', '44dcc7493c65', 'singletext', '{"html": ""}'),
	('5187323866ec', 'aside-top', 0, NULL, '2023-08-08 08:16:54', '2023-11-12 14:57:35', '8d31960310f3', '8f9c90897e5d', '318e064ea0c9', 'singletext', '{"html": ""}'),
	('a0c17d509cc8', 'aside-top', 1, NULL, '2023-08-08 08:22:11', '2023-11-12 14:57:54', 'e69bd9f304b5', 'fdd09bb2e43a', '44dcc7493c65', 'singletext', '{"html": ""}'),
	('6573795eed68', 'aside-top', 0, NULL, '2023-08-08 08:22:11', '2023-11-12 14:57:57', 'e69bd9f304b5', 'fdd09bb2e43a', '318e064ea0c9', 'singletext', '{"html": "<p>Was könnte man machen um Rettung zu holen? Blubb meint wir sollten warten bis wir gerettet werden und uns ein wenig die Zeit vertreiben</p>"}'),
	('b97275fd0c41', 'main', 0, NULL, '2023-08-08 08:18:57', '2023-11-12 15:00:29', 'c853362152a3', '74880a5c34a6', 'cfccaecd4bad', 'storyboard', '{"sections": {"1acb90f8-9f9b-46f0-bc0b-72c78e5f7d31": {"column1": "00:20", "column3": "", "position": 4, "column2Html": "<p>Spielstart</p><p>Tassilo(Pilot) und Blinky(Eingeborener) verkleiden sich für später.</p>"}, "1c74fdfb-93ef-4229-958d-8ff78c06e50c": {"column1": "00:30", "column3": "", "position": 5, "column2Html": "<p>Pilot (Tassilo)und eingeborene(alle Leiter) klauen Stäbchen min. 1 Eingeborener ist hierbei beim neutralen Posten (erste paar Minuten Blinky).</p>"}, "29d508c9-8786-4ad2-8f2b-da9576b1b89d": {"column1": "00:10", "column3": "", "position": 3, "column2Html": "<p>SPIELERKLÄRUNG (Blinky):</p><p>Es muss ein Notsignal gesendet werden. Beide Parteien haben dafür je ein mit Absperrband abgesperrter Bereich im Wald (ca5x5m) mit je 10 Leuchtstäbchen. Beide Teams müssen versuchen ein Leuchtstäbchen vom Gegnerischen Bereich Klauen und zu ihrer eigenen Base bringen. Wer am meisten Leuchtstäbchen in seiner Base hat gewonnen und darf das Notsignal mit den Stäbchen schreiben. Umeinander davon abzuhalten ihre Leuchtstäbchen zu klauen kann 3 mal auf den rücken des Angreifers geklopft werden (wenn dieser ein Leuchstäbchen hat muss er dieses zurück gebeb). Der beklopfte muss dann auf der stelle 5 Liegestützen machen und zurück zur seiner Base gehen.</p><p>Die Eingeborenen klauen währenddessen immer wieder Leuchtstäbchen weil sie diese für Magische Stöckchen halten.</p><p>Die Leuchtstächen können dann wieder an einem neutralen Posten mit PfadiTech Wissen oder wenn 2 gegnerische TNs ein Leuchtstäbchen wollen mit einer Challenge zurückerobert werden.</p><p>SPIELABRUCH/ENDE:</p><p>3x pfeifen</p>"}, "59c280a6-3266-4976-b2d0-b4c3c9afcc40": {"column1": "01:40", "column3": "", "position": 6, "column2Html": "<p>Spielende</p><p>Alle TNs besammeln sich. Sie schauen sich zusammen mit den Eingeborenen die Notsignale an. Die Eingeborenen sind beidruckt und helfen beim aufräumen dürfen dafür aber die Leuchtstäbe behalten. Der Pilot ist abgehauen -&gt; wieder als Leiter anwesend</p>"}, "6096b040-42ac-44ee-a927-5c4b396bd26c": {"column1": "00:00", "column3": "", "position": 2, "column2Html": "<p>Bagheera und Maki streiten im Aufenthaltszelt. Blinky bildet 2 Gruppen -&gt; Der Grösse nach aufstellen und auf 2 nummerieren.</p><p>Blinky läuft dann mit beiden Gruppen in den Wald</p>"}, "7412b417-389b-4458-b3dc-af3626a34b30": {"column1": "14:20", "column3": "", "position": 1, "column2Html": "<p>Bagheera und Maki werden über das bevorstehende Game aufgeklärt. Sie müssen je eine kleine rolle übernehmen. Beide möchten von dieser Insel weg jedoch die andere Person bzw Gruppe nicht dabei haben.</p>"}, "f760f2b0-8719-47c2-8cd4-aafb06bc37e1": {"column1": "01:50", "column3": "", "position": 7, "column2Html": "<p>Zurücklaufen mit Tassilo. Eingeborene laufen zurück in den Wald.</p>"}}}'),
	('e6d9784979c5', 'aside-bottom', 0, NULL, '2023-08-08 10:11:42', '2023-11-12 14:27:14', 'af53f5935834', '63de332a51ab', '4f0c657fecef', 'singletext', '{"html": ""}'),
	('3b3bead23909', 'main', 0, NULL, '2023-08-13 06:40:43', '2023-11-12 15:11:34', '0639e34b166c', '33da3b9a1b53', 'cfccaecd4bad', 'storyboard', '{"sections": {"b66c5b25-d626-4aba-91f7-cace5df801ba": {"column1": "", "column3": "", "position": 0, "column2Html": ""}}}'),
	('3790643b388a', '1', 2, NULL, '2022-02-04 23:11:39', '2022-02-04 23:11:45', '9b0e779f3238', '9b0e779f3238', 'f17470519474', 'columnlayout', '{"columns": [{"slot": "1", "width": 9}, {"slot": "2", "width": 3}]}'),
	('d7406c843c3e', 'aside-top', 0, NULL, '2023-08-08 10:21:16', '2023-11-12 14:29:56', 'ac4d1c2c2e1d', '299cf1981956', '318e064ea0c9', 'singletext', '{"html": ""}'),
	('0a86ef1c4503', '1', 1, NULL, '2022-02-04 23:12:11', '2023-06-24 21:34:43', '9b0e779f3238', '9b0e779f3238', 'cfccaecd4bad', 'storyboard', '{"sections": {"effa3fa5-cd07-4e82-a8aa-198ed9a7c1d4": {"column1": "", "column3": "", "position": 1, "column2Html": ""}}}'),
	('4d7c01b213be', '1', 0, NULL, '2023-06-24 21:34:36', '2023-06-24 21:34:54', '9b0e779f3238', '9b0e779f3238', 'f17470519474', 'columnlayout', '{"columns": [{"slot": "1", "width": 5}, {"slot": "2", "width": 7}]}'),
	('e45eff01e7c1', NULL, 0, NULL, '2023-08-08 08:22:29', '2023-08-08 08:22:29', 'e45eff01e7c1', NULL, 'f17470519474', 'columnlayout', '{"columns": [{"slot": "1", "width": 12}]}'),
	('888a1250f69e', 'aside-bottom', 0, NULL, '2023-08-08 10:12:15', '2023-11-12 14:27:51', '1f8a891c1ad8', '540b747ffeff', '4f0c657fecef', 'singletext', '{"html": ""}'),
	('93329cb59bc6', 'main', 1, NULL, '2023-08-08 10:12:15', '2023-11-12 14:27:48', '1f8a891c1ad8', '540b747ffeff', '3ef17bd1df72', 'materialnode', NULL),
	('2b3857495b9e', 'main', 1, NULL, '2023-08-08 08:22:29', '2023-11-12 15:00:46', 'e45eff01e7c1', 'ceecbd5519df', '3ef17bd1df72', 'materialnode', NULL),
	('bd71bf061059', 'aside-top', 1, NULL, '2023-08-08 08:22:29', '2023-11-12 15:00:57', 'e45eff01e7c1', 'ceecbd5519df', '44dcc7493c65', 'singletext', '{"html": ""}'),
	('af53f5935834', NULL, 0, 'est', '2023-08-08 10:11:42', '2023-08-08 10:11:42', 'af53f5935834', NULL, 'f17470519474', 'columnlayout', '{"columns": [{"slot": "1", "width": 12}]}'),
	('f6722910f0d5', 'aside-top', 0, NULL, '2023-08-08 08:22:29', '2023-11-12 15:01:00', 'e45eff01e7c1', 'ceecbd5519df', '318e064ea0c9', 'singletext', '{"html": ""}'),
	('ceecbd5519df', '1', 0, NULL, '2023-11-12 15:00:44', '2023-11-12 15:00:44', 'e45eff01e7c1', 'e45eff01e7c1', 'a4211c112939', 'responsivelayout', '{"items": [{"slot": "main"}, {"slot": "aside-top"}, {"slot": "aside-bottom"}]}'),
	('893281692013', NULL, 0, 'est', '2023-08-08 10:14:57', '2023-08-08 10:14:57', '893281692013', NULL, 'f17470519474', 'columnlayout', '{"columns": [{"slot": "1", "width": 12}]}'),
	('1f8a891c1ad8', NULL, 0, 'est', '2023-08-08 10:12:15', '2023-08-08 10:12:15', '1f8a891c1ad8', NULL, 'f17470519474', 'columnlayout', '{"columns": [{"slot": "1", "width": 12}]}'),
	('8990435a2ade', 'aside-bottom', 0, NULL, '2023-08-08 09:53:49', '2023-11-12 14:18:52', '9e7cd70bbff1', '3ab7ca5d2e0d', '4f0c657fecef', 'singletext', '{"html": ""}'),
	('10ff71154197', 'aside-top', 0, NULL, '2023-08-08 09:53:49', '2023-11-12 14:19:04', '9e7cd70bbff1', '3ab7ca5d2e0d', '318e064ea0c9', 'singletext', '{"html": ""}'),
	('2a9feb02eef2', 'main', 1, NULL, '2023-08-08 09:56:45', '2023-11-12 14:25:19', 'd56e854fde29', '1dab9a412dd4', '3ef17bd1df72', 'materialnode', NULL),
	('e8f4410ffcd6', 'main', 1, NULL, '2023-08-08 10:14:57', '2023-11-12 14:36:34', '893281692013', 'a5bf017c9926', '3ef17bd1df72', 'materialnode', NULL),
	('e48c8c40481c', 'main', 0, NULL, '2023-08-08 10:14:57', '2023-11-12 14:36:39', '893281692013', 'a5bf017c9926', 'cfccaecd4bad', 'storyboard', '{"sections": {"7412b417-389b-4458-b3dc-af3626a34b30": {"column1": "", "column3": "", "position": 1, "column2Html": ""}}}'),
	('d5198f77dd91', 'aside-top', 1, NULL, '2023-08-08 10:14:57', '2023-11-12 14:36:41', '893281692013', 'a5bf017c9926', '44dcc7493c65', 'singletext', '{"html": ""}'),
	('0c4b98815675', 'aside-top', 0, NULL, '2023-08-08 10:14:57', '2023-11-12 14:36:44', '893281692013', 'a5bf017c9926', '318e064ea0c9', 'singletext', '{"html": ""}'),
	('4c0f52127bff', '1', 0, NULL, '2023-08-08 09:56:21', '2023-08-08 13:24:14', '7095586488d0', 'ada1ec40199a', '318e064ea0c9', 'singletext', '{"html": "<p>Die rasante Entwicklung von künstlicher Intelligenz (KI) hat tiefgreifende Auswirkungen auf verschiedene Bereiche unseres Lebens. Von automatisierten </p>"}'),
	('80f2806ece7e', '2', 0, NULL, '2023-08-08 09:56:21', '2023-08-08 13:24:16', '7095586488d0', 'ada1ec40199a', '44dcc7493c65', 'singletext', '{"html": "<p>Die rasante Entwicklung von künstlicher Intelligenz (KI) hat tiefgreifende Auswirkungen auf verschiedene Bereiche unseres Lebens. Von automatisierten Kundenbetreuungssystemen bis hin zu fortschrittlichen medizinischen Diagnosewerkzeugen verändert KI die Art und Weise, wie wir arbeiten, kommunizieren und Entscheidungen treffen.</p>"}'),
	('40dad30f1f06', NULL, 0, 'est', '2023-08-08 10:15:50', '2023-08-08 10:15:50', '40dad30f1f06', NULL, 'f17470519474', 'columnlayout', '{"columns": [{"slot": "1", "width": 12}]}'),
	('07b7a58e532b', '1', 0, NULL, '2023-11-12 14:42:59', '2023-11-12 14:42:59', 'b255329fab68', 'b255329fab68', 'a4211c112939', 'responsivelayout', '{"items": [{"slot": "main"}, {"slot": "aside-top"}, {"slot": "aside-bottom"}]}'),
	('bca2e0fddf04', '1', 0, NULL, '2023-11-12 15:11:49', '2023-11-12 15:11:49', '5e79056873f5', '5e79056873f5', 'a4211c112939', 'responsivelayout', '{"items": [{"slot": "main"}, {"slot": "aside-top"}, {"slot": "aside-bottom"}]}'),
	('4a158bd985f3', 'aside-top', 1, NULL, '2023-08-08 10:11:42', '2023-11-12 14:27:30', 'af53f5935834', '63de332a51ab', '44dcc7493c65', 'singletext', '{"html": "<p>Die Erde ist der einzige bekannte Planet, auf dem Leben existiert. Ihr komplexes Ökosystem umfasst vielfältige Lebensformen, die eng miteinander und mit ihrer Umwelt interagieren.</p>"}'),
	('9b05b63b109e', NULL, 0, 'est', '2023-08-08 10:16:36', '2023-08-08 10:16:36', '9b05b63b109e', NULL, 'f17470519474', 'columnlayout', '{"columns": [{"slot": "1", "width": 12}]}'),
	('aa8ed5afd51b', 'aside-top', 0, NULL, '2023-08-08 10:11:42', '2023-11-12 14:27:32', 'af53f5935834', '63de332a51ab', '318e064ea0c9', 'singletext', '{"html": "<p>Die Erde ist der einzige bekannte Planet, auf dem Leben existiert. Ihr komplexes Ökosystem umfasst vielfältige Lebensformen, die eng miteinander und mit ihrer Umwelt interagieren.</p>"}'),
	('0e6163bf956e', NULL, 0, NULL, '2023-08-08 10:19:57', '2023-08-08 10:19:57', '0e6163bf956e', NULL, 'f17470519474', 'columnlayout', '{"columns": [{"slot": "1", "width": 12}]}'),
	('4448a01b8757', 'aside-top', 0, NULL, '2023-08-08 10:25:47', '2023-11-12 14:32:55', '1288c093ea45', 'f5248c36848a', '318e064ea0c9', 'singletext', '{"html": ""}'),
	('5cd3ed1ea0bd', 'aside-top', 0, NULL, '2023-08-08 10:12:15', '2023-11-12 14:28:04', '1f8a891c1ad8', '540b747ffeff', '318e064ea0c9', 'singletext', '{"html": "<p>In den letzten Jahrzehnten hat sich die Technologie in rasantem Tempo entwickelt und hat nahezu alle Aspekte unseres Lebens beeinflusst. Diese Entwicklung hat zahlreiche positive Auswirkungen, darunter verbesserte Kommunikation, effizientere Arbeitsprozesse und eine Fülle von Informationsquellen. Dennoch bringt sie auch Herausforderungen mit sich, die es zu bewältigen gilt.</p>"}'),
	('f3fc12798b2a', 'aside-top', 1, NULL, '2023-08-08 09:54:32', '2023-11-12 14:30:30', '9801114692ff', '6728552bd3ed', '44dcc7493c65', 'singletext', '{"html": ""}'),
	('9ed19ad6ad15', 'aside-top', 0, NULL, '2023-08-08 10:14:26', '2023-11-12 14:33:39', 'e10d7ebf7f78', 'e7a7084e447f', '318e064ea0c9', 'singletext', '{"html": "<p><br />Smartphones haben sich zu unverzichtbaren Alltagsbegleitern entwickelt. Sie dienen nicht nur der Kommunikation, sondern bieten Zugang zu einer Fülle von Informationen, Unterhaltung und Dienstleistungen. Von sozialen Medien über mobile Apps bis hin zur Navigation erleichtern Smartphones unser Leben erheblich. Dennoch ist es wichtig, ein gesundes Maß im Umgang mit diesen Geräten zu finden, um eine ausgewogene Nutzung zu gewährleisten und potenzielle Auswirkungen auf unsere physische und psychische Gesundheit zu minimieren.</p>"}'),
	('d0e7de7989e1', 'main', 1, NULL, '2023-08-08 10:18:16', '2023-11-12 14:35:04', '3b2c006e285c', '6ecd11dc62ca', '3ef17bd1df72', 'materialnode', NULL),
	('df1b0979357a', NULL, 0, 'est', '2023-08-08 10:17:07', '2023-08-08 10:17:07', 'df1b0979357a', NULL, 'f17470519474', 'columnlayout', '{"columns": [{"slot": "1", "width": 12}]}'),
	('618eeab4c431', 'aside-bottom', 0, NULL, '2023-08-08 10:18:16', '2023-11-12 14:35:03', '3b2c006e285c', '6ecd11dc62ca', '4f0c657fecef', 'singletext', '{"html": ""}'),
	('50f617a75959', 'aside-top', 0, NULL, '2023-08-08 10:18:16', '2023-11-12 14:35:33', '3b2c006e285c', '6ecd11dc62ca', '318e064ea0c9', 'singletext', '{"html": ""}'),
	('2b379e00b5ae', NULL, 0, NULL, '2023-08-08 10:17:52', '2023-08-08 10:17:52', '2b379e00b5ae', NULL, 'f17470519474', 'columnlayout', '{"columns": [{"slot": "1", "width": 12}]}'),
	('c6c99efc6c18', 'aside-top', 1, NULL, '2023-08-08 10:18:16', '2023-11-12 14:35:40', '3b2c006e285c', '6ecd11dc62ca', '44dcc7493c65', 'singletext', '{"html": ""}'),
	('2ffa7fd495c9', 'aside-top', 1, NULL, '2023-08-08 10:16:36', '2023-11-12 14:17:26', '9b05b63b109e', '36877ad85360', '44dcc7493c65', 'singletext', '{"html": ""}'),
	('2951b7b7ab5b', 'aside-bottom', 0, NULL, '2023-08-08 10:17:07', '2023-11-12 14:20:04', 'df1b0979357a', 'dfdf23a86ce6', '4f0c657fecef', 'singletext', '{"html": ""}'),
	('2f87b17a7270', 'aside-top', 0, NULL, '2023-08-08 10:17:07', '2023-11-12 14:20:15', 'df1b0979357a', 'dfdf23a86ce6', '318e064ea0c9', 'singletext', '{"html": ""}'),
	('347daddaee26', 'aside-top', 1, NULL, '2023-08-08 10:17:07', '2023-11-12 14:20:18', 'df1b0979357a', 'dfdf23a86ce6', '44dcc7493c65', 'singletext', '{"html": ""}'),
	('05a9eb696c3f', 'aside-bottom', 0, NULL, '2023-08-08 10:17:52', '2023-11-12 14:23:26', '2b379e00b5ae', '8356838dc0af', '4f0c657fecef', 'singletext', '{"html": ""}'),
	('8315db91e660', 'main', 1, NULL, '2023-08-08 10:17:52', '2023-11-12 14:23:24', '2b379e00b5ae', '8356838dc0af', '3ef17bd1df72', 'materialnode', NULL),
	('09194f0457a7', 'aside-top', 0, NULL, '2023-08-08 10:17:52', '2023-11-12 14:23:47', '2b379e00b5ae', '8356838dc0af', '318e064ea0c9', 'singletext', '{"html": ""}'),
	('5d3114c4eaa1', 'aside-top', 2, NULL, '2023-08-08 10:17:52', '2023-11-12 14:23:55', '2b379e00b5ae', '8356838dc0af', '1a0f84e322c8', 'multiselect', '{"options": {"security": {"checked": false}, "outdoorTechnique": {"checked": true}, "pioneeringTechnique": {"checked": false}, "natureAndEnvironment": {"checked": true}, "campsiteAndSurroundings": {"checked": false}, "preventionAndIntegration": {"checked": false}}}'),
	('20d788eb438d', 'aside-top', 1, NULL, '2023-08-08 10:17:52', '2023-11-12 14:23:57', '2b379e00b5ae', '8356838dc0af', '44dcc7493c65', 'singletext', '{"html": ""}'),
	('2200982719ba', 'aside-top', 0, NULL, '2023-08-08 09:56:45', '2023-11-12 14:25:38', 'd56e854fde29', '1dab9a412dd4', '318e064ea0c9', 'singletext', '{"html": "<p>Die Erde ist der einzige bekannte Planet, auf dem Leben existiert. Ihr komplexes Ökosystem umfasst vielfältige Lebensformen, die eng miteinander und mit ihrer Umwelt interagieren.</p>"}'),
	('3b2c006e285c', NULL, 0, NULL, '2023-08-08 10:18:16', '2023-08-08 10:18:16', '3b2c006e285c', NULL, 'f17470519474', 'columnlayout', '{"columns": [{"slot": "1", "width": 12}]}'),
	('5aa3adbde272', 'aside-bottom', 0, NULL, '2023-08-08 10:18:24', '2023-11-12 14:37:36', '04f8d9ac0e54', 'e0380a168b84', '4f0c657fecef', 'singletext', '{"html": ""}'),
	('8da83b2a063d', 'main', 1, NULL, '2023-08-08 10:18:24', '2023-11-12 14:37:34', '04f8d9ac0e54', 'e0380a168b84', '3ef17bd1df72', 'materialnode', NULL),
	('aaa344ce4639', 'main', 0, NULL, '2023-08-08 10:18:24', '2023-11-12 14:37:41', '04f8d9ac0e54', 'e0380a168b84', 'cfccaecd4bad', 'storyboard', '{"sections": {"4c126a50-f729-46a7-8326-811586922995": {"column1": "", "column3": "", "position": 1, "column2Html": ""}}}'),
	('5477dc2411f1', 'aside-top', 1, NULL, '2023-08-13 10:10:33', '2023-11-12 15:12:24', '5e79056873f5', 'bca2e0fddf04', '1a0f84e322c8', 'multiselect', '{"options": {"security": {"checked": false}, "outdoorTechnique": {"checked": false}, "pioneeringTechnique": {"checked": false}, "natureAndEnvironment": {"checked": false}, "campsiteAndSurroundings": {"checked": false}, "preventionAndIntegration": {"checked": false}}}'),
	('835766eb6604', 'main', 1, NULL, '2023-08-08 10:21:16', '2023-11-12 14:29:46', 'ac4d1c2c2e1d', '299cf1981956', '3ef17bd1df72', 'materialnode', NULL),
	('04f8d9ac0e54', NULL, 0, NULL, '2023-08-08 10:18:24', '2023-08-08 10:18:24', '04f8d9ac0e54', NULL, 'f17470519474', 'columnlayout', '{"columns": [{"slot": "1", "width": 12}]}'),
	('15983c396c5a', 'aside-top', 1, NULL, '2023-08-08 10:18:24', '2023-11-12 14:37:57', '04f8d9ac0e54', 'e0380a168b84', '44dcc7493c65', 'singletext', '{"html": ""}'),
	('b33f9f88be3d', 'main', 0, NULL, '2023-08-08 10:18:16', '2023-11-12 14:35:08', '3b2c006e285c', '6ecd11dc62ca', 'cfccaecd4bad', 'storyboard', '{"sections": {"4c126a50-f729-46a7-8326-811586922995": {"column1": "", "column3": "", "position": 1, "column2Html": ""}}}'),
	('9d32699887e0', 'aside-top', 2, NULL, '2023-08-08 10:18:24', '2023-11-12 14:37:52', '04f8d9ac0e54', 'e0380a168b84', '1a0f84e322c8', 'multiselect', '{"options": {"security": {"checked": false}, "outdoorTechnique": {"checked": false}, "pioneeringTechnique": {"checked": false}, "natureAndEnvironment": {"checked": false}, "campsiteAndSurroundings": {"checked": false}, "preventionAndIntegration": {"checked": false}}}'),
	('7844e2204b91', 'aside-bottom', 0, NULL, '2023-08-08 10:19:57', '2023-11-12 14:20:44', '0e6163bf956e', '72c5cdf016ab', '4f0c657fecef', 'singletext', '{"html": ""}'),
	('a8c6a18d5dbf', 'aside-top', 0, NULL, '2023-08-08 10:18:24', '2023-11-12 14:38:03', '04f8d9ac0e54', 'e0380a168b84', '318e064ea0c9', 'singletext', '{"html": ""}'),
	('698a6d64631f', 'aside-top', 1, NULL, '2023-08-08 10:20:31', '2023-11-12 14:25:00', 'c49b40c66692', '899a76275665', '44dcc7493c65', 'singletext', '{"html": "<p>Die Erde ist der einzige bekannte Planet, auf dem Leben existiert. Ihr komplexes Ökosystem umfasst vielfältige Lebensformen, die eng miteinander und mit ihrer Umwelt interagieren.</p>"}'),
	('7b8b1169d904', 'main', 0, NULL, '2023-08-08 08:19:25', '2023-11-12 14:43:37', '8152b8296000', '3e3b8d27c9d9', 'cfccaecd4bad', 'storyboard', '{"sections": {"02980805-ac83-4b9f-adeb-24e6a2fd04fe": {"column1": "", "column3": "", "position": 2, "column2Html": "<p>Wir nahmen den 10er in Zürich Bhf Oerlikon Ost richtung Flughafen um 18:31 ankunft 1844 in zürich Flughafen</p>"}, "be727180-fa4a-4c06-900d-454b2b18d9bb": {"column1": "", "column3": "", "position": 3, "column2Html": "<p>18:49 BUS 524 8063 Richtung Oberembrach, Dorf bis nach Lufigen Augwil. Ankunft 18:58</p>"}, "dcc46474-1d92-4010-93b3-d42f966b34dd": {"column1": "", "column3": "", "position": 4, "column2Html": "<p>Wir laufen zum Lagerplatz</p>"}, "effa3fa5-cd07-4e82-a8aa-198ed9a7c1d4": {"column1": "", "column3": "", "position": 1, "column2Html": "<p>Wir treffen uns um 18:00 am Bahnhof Oerlikon.</p>"}}}'),
	('963cec4704d0', 'main', 1, NULL, '2023-08-08 10:19:57', '2023-11-12 14:20:43', '0e6163bf956e', '72c5cdf016ab', '3ef17bd1df72', 'materialnode', NULL),
	('eb96ed891e2a', 'main', 1, NULL, '2023-08-08 10:20:55', '2023-11-12 14:25:57', '01eee1362ca4', 'cd034af4b2bd', '3ef17bd1df72', 'materialnode', NULL),
	('5962eb23487d', 'main', 0, NULL, '2023-08-08 08:17:36', '2023-11-12 14:43:08', 'b255329fab68', '07b7a58e532b', 'cfccaecd4bad', 'storyboard', '{"sections": {"3fa678eb-1a3d-42da-9daa-19e9664fd63b": {"column1": "00:02", "column3": "", "position": 2, "column2Html": "<p>Um die Gruppen einzuteilen machen wir ein Atömle: Es rennen alle durcheinander und eine Leitperson sagt eine Zahl. Nun müssen die TN''s sich in Gruppen dieser Anzahl stellen. Alle die nicht in einer Gruppe (einem Atom) sind scheiden aus und werden in Gruppen eingeteilt</p>"}, "7412b417-389b-4458-b3dc-af3626a34b30": {"column1": "00:00", "column3": "", "position": 1, "column2Html": "<p>Wir besammeln uns beim Bahnhof Oerlikon und gehen nach der Besammlung zum MFO-Park.</p><p>Die Leiter haben leider die Flugtickets verloren. Die Einzelteile sind nun in ganz Oerlikon verteilt. Wir müssen sie nun wieder einsammeln.</p>"}, "c7e48445-4713-436e-b55a-93a9a81af9b3": {"column1": "00:10", "column3": "", "position": 3, "column2Html": "<p>Jede Gruppe bekommt eine Karte und es findet ein Stern-OL statt.</p><p>Bei jedem Posten finden sie einen Teil des Tickets</p><p>Jede Gruppe muss bei jedem Posten vorbei.</p>"}, "daa44c26-3ee8-4903-9a20-ab5853775d01": {"column1": "00:50", "column3": "", "position": 4, "column2Html": "<p>Alle Gruppen waren bei allen Posten. Nun müssen sie die Tickets zusammensetzten</p>"}}}'),
	('62f9c777b687', 'aside-top', 1, NULL, '2023-08-08 10:20:55', '2023-11-12 14:26:10', '01eee1362ca4', 'cd034af4b2bd', '44dcc7493c65', 'singletext', '{"html": "<p>Die Erde ist der einzige bekannte Planet, auf dem Leben existiert. Ihr komplexes Ökosystem umfasst vielfältige Lebensformen, die eng miteinander und mit ihrer Umwelt interagieren.</p>"}'),
	('7626c2eee49a', 'aside-top', 2, NULL, '2023-08-08 10:18:16', '2023-11-12 14:35:45', '3b2c006e285c', '6ecd11dc62ca', '1a0f84e322c8', 'multiselect', '{"options": {"security": {"checked": false}, "outdoorTechnique": {"checked": false}, "pioneeringTechnique": {"checked": false}, "natureAndEnvironment": {"checked": false}, "campsiteAndSurroundings": {"checked": false}, "preventionAndIntegration": {"checked": false}}}'),
	('c49b40c66692', NULL, 0, NULL, '2023-08-08 10:20:31', '2023-08-08 10:20:31', 'c49b40c66692', NULL, 'f17470519474', 'columnlayout', '{"columns": [{"slot": "1", "width": 12}]}'),
	('299cf1981956', '1', 0, NULL, '2023-11-12 14:29:41', '2023-11-12 14:29:41', 'ac4d1c2c2e1d', 'ac4d1c2c2e1d', 'a4211c112939', 'responsivelayout', '{"items": [{"slot": "main"}, {"slot": "aside-top"}, {"slot": "aside-bottom"}]}'),
	('071b212cfb45', 'aside-bottom', 0, NULL, '2023-08-08 10:24:56', '2023-11-12 14:31:20', 'bcc4998d2eae', '3a34cc5d408b', '4f0c657fecef', 'singletext', '{"html": ""}'),
	('01eee1362ca4', NULL, 0, NULL, '2023-08-08 10:20:55', '2023-08-08 10:20:55', '01eee1362ca4', NULL, 'f17470519474', 'columnlayout', '{"columns": [{"slot": "1", "width": 12}]}'),
	('a904fc37feb4', 'main', 1, NULL, '2023-08-08 10:24:56', '2023-11-12 14:31:22', 'bcc4998d2eae', '3a34cc5d408b', '3ef17bd1df72', 'materialnode', NULL),
	('ac4d1c2c2e1d', NULL, 0, NULL, '2023-08-08 10:21:16', '2023-08-08 10:21:16', 'ac4d1c2c2e1d', NULL, 'f17470519474', 'columnlayout', '{"columns": [{"slot": "1", "width": 12}]}'),
	('3e3b8d27c9d9', '1', 0, NULL, '2023-11-12 14:43:25', '2023-11-12 14:43:25', '8152b8296000', '8152b8296000', 'a4211c112939', 'responsivelayout', '{"items": [{"slot": "main"}, {"slot": "aside-top"}, {"slot": "aside-bottom"}]}'),
	('37595ed7a315', 'aside-top', 1, NULL, '2023-08-08 10:24:56', '2023-11-12 14:31:31', 'bcc4998d2eae', '3a34cc5d408b', '44dcc7493c65', 'singletext', '{"html": ""}'),
	('ae3552fa702a', 'aside-top', 0, NULL, '2023-08-08 10:24:56', '2023-11-12 14:31:32', 'bcc4998d2eae', '3a34cc5d408b', '318e064ea0c9', 'singletext', '{"html": ""}'),
	('0f4385873e63', 'aside-top', 1, NULL, '2023-08-08 10:30:47', '2023-11-12 14:34:45', '2040a886a0fe', '6f66761b3db3', '44dcc7493c65', 'singletext', '{"html": ""}'),
	('04b830860487', NULL, 0, NULL, '2023-08-08 10:21:40', '2023-08-08 10:21:40', '04b830860487', NULL, 'f17470519474', 'columnlayout', '{"columns": [{"slot": "1", "width": 12}]}'),
	('2f526f5ad6bd', 'aside-bottom', 0, NULL, '2023-08-08 10:25:47', '2023-11-12 14:32:38', '1288c093ea45', 'f5248c36848a', '4f0c657fecef', 'singletext', '{"html": ""}'),
	('f08abc71ca17', '1', 0, NULL, '2023-11-12 15:12:51', '2023-11-12 15:12:51', '89e223873470', '89e223873470', 'a4211c112939', 'responsivelayout', '{"items": [{"slot": "main"}, {"slot": "aside-top"}, {"slot": "aside-bottom"}]}'),
	('c9dd63356928', 'aside-bottom', 0, NULL, '2023-08-12 17:41:55', '2023-11-12 15:20:40', 'd7c126cfce5e', 'b6ccfc42c683', '4f0c657fecef', 'singletext', '{"html": ""}'),
	('9c4bae9c3747', 'aside-top', 1, NULL, '2023-08-12 17:41:55', '2023-11-12 15:20:45', 'd7c126cfce5e', 'b6ccfc42c683', '44dcc7493c65', 'singletext', '{"html": ""}'),
	('cbaf83653715', NULL, 0, NULL, '2023-08-08 10:22:12', '2023-08-08 10:22:12', 'cbaf83653715', NULL, 'f17470519474', 'columnlayout', '{"columns": [{"slot": "1", "width": 12}]}'),
	('bcc4998d2eae', NULL, 0, NULL, '2023-08-08 10:24:56', '2023-08-08 10:24:56', 'bcc4998d2eae', NULL, 'f17470519474', 'columnlayout', '{"columns": [{"slot": "1", "width": 12}]}'),
	('e9e85a0a0d8a', 'main', 1, NULL, '2023-08-08 10:25:47', '2023-11-12 14:32:41', '1288c093ea45', 'f5248c36848a', '3ef17bd1df72', 'materialnode', NULL),
	('1288c093ea45', NULL, 0, NULL, '2023-08-08 10:25:47', '2023-08-08 10:25:47', '1288c093ea45', NULL, 'f17470519474', 'columnlayout', '{"columns": [{"slot": "1", "width": 12}]}'),
	('253d9a0650de', 'aside-top', 1, NULL, '2023-08-08 10:21:40', '2023-11-12 14:21:35', '04b830860487', '36e6c9960b05', '44dcc7493c65', 'singletext', '{"html": ""}'),
	('0e10c0c02f0f', 'aside-top', 1, NULL, '2023-08-08 10:25:47', '2023-11-12 14:32:53', '1288c093ea45', 'f5248c36848a', '44dcc7493c65', 'singletext', '{"html": ""}'),
	('77abf83ab50e', 'aside-bottom', 0, NULL, '2023-08-08 10:20:31', '2023-11-12 14:24:51', 'c49b40c66692', '899a76275665', '4f0c657fecef', 'singletext', '{"html": ""}'),
	('3ee585d569b7', 'main', 1, NULL, '2023-08-08 10:20:31', '2023-11-12 14:24:50', 'c49b40c66692', '899a76275665', '3ef17bd1df72', 'materialnode', NULL),
	('8a2e9cd60759', 'aside-bottom', 0, NULL, '2023-08-08 10:20:55', '2023-11-12 14:26:00', '01eee1362ca4', 'cd034af4b2bd', '4f0c657fecef', 'singletext', '{"html": ""}'),
	('8628c0172cef', 'aside-bottom', 0, NULL, '2023-08-08 10:22:12', '2023-11-12 14:36:11', 'cbaf83653715', '1ebd2694961a', '4f0c657fecef', 'singletext', '{"html": ""}'),
	('922ea8b03d67', 'main', 1, NULL, '2023-08-08 10:22:12', '2023-11-12 14:36:13', 'cbaf83653715', '1ebd2694961a', '3ef17bd1df72', 'materialnode', NULL),
	('13add9e264c3', 'main', 0, NULL, '2023-08-08 10:22:12', '2023-11-12 14:36:17', 'cbaf83653715', '1ebd2694961a', 'cfccaecd4bad', 'storyboard', '{"sections": {"effa3fa5-cd07-4e82-a8aa-198ed9a7c1d4": {"column1": "", "column3": "", "position": 1, "column2Html": ""}}}'),
	('924e101722e7', 'aside-top', 1, NULL, '2023-08-08 10:22:12', '2023-11-12 14:36:19', 'cbaf83653715', '1ebd2694961a', '44dcc7493c65', 'singletext', '{"html": ""}'),
	('3b119207f606', 'aside-top', 0, NULL, '2023-08-08 10:22:12', '2023-11-12 14:36:21', 'cbaf83653715', '1ebd2694961a', '318e064ea0c9', 'singletext', '{"html": ""}'),
	('d3a0c1ae02d4', '2', 0, NULL, '2023-08-12 18:27:22', '2023-08-12 18:27:22', '88bb1d142aca', '05a76270b451', '4f0c657fecef', 'singletext', '{"html": ""}'),
	('7d35dbf69c2f', 'aside-top', 0, NULL, '2023-08-08 10:31:35', '2023-12-03 19:02:31', 'b3b06ed47e3b', 'e8787777eccc', '318e064ea0c9', 'singletext', '{"html": "<p>Die Erde ist der einzige bekannte Planet, auf dem Leben existiert. Ihr komplexes Ökosystem umfasst vielfältige Lebensformen, die eng miteinander und mit ihrer Umwelt interagieren.</p>"}'),
	('ed8a9e708bb3', '1', 0, NULL, '2023-11-12 15:13:25', '2023-11-12 15:13:25', '09ead4386a10', '09ead4386a10', 'a4211c112939', 'responsivelayout', '{"items": [{"slot": "main"}, {"slot": "aside-top"}, {"slot": "aside-bottom"}]}'),
	('2040a886a0fe', NULL, 0, NULL, '2023-08-08 10:30:47', '2023-08-08 10:30:47', '2040a886a0fe', NULL, 'f17470519474', 'columnlayout', '{"columns": [{"slot": "1", "width": 12}]}'),
	('b3b06ed47e3b', NULL, 0, NULL, '2023-08-08 10:31:35', '2023-08-08 10:31:35', 'b3b06ed47e3b', NULL, 'f17470519474', 'columnlayout', '{"columns": [{"slot": "1", "width": 12}]}'),
	('8f30f0808031', 'aside-bottom', 0, NULL, '2023-08-08 10:21:16', '2023-11-12 14:29:44', 'ac4d1c2c2e1d', '299cf1981956', '4f0c657fecef', 'singletext', '{"html": ""}'),
	('39a485d904fb', 'main', 0, NULL, '2023-08-08 10:24:56', '2023-11-12 14:31:26', 'bcc4998d2eae', '3a34cc5d408b', 'cfccaecd4bad', 'storyboard', '{"sections": {"834806f6-9cd3-4102-acd8-fd4a5c88590e": {"column1": "", "column3": "", "position": 2, "column2Html": "<p><br />Smartphones haben sich zu unverzichtbaren Alltagsbegleitern entwickelt. Sie dienen nicht nur der Kommunikation, sondern bieten Zugang zu einer Fülle von Informationen, Unterhaltung und Dienstleistungen. Von sozialen Medien über mobile Apps bis hin zur Navigation erleichtern Smartphones unser Leben erheblich. Dennoch ist es wichtig, ein gesundes Maß im Umgang mit diesen Geräten zu finden, um eine ausgewogene Nutzung zu gewährleisten und potenzielle Auswirkungen auf unsere physische und psychische Gesundheit zu minimieren.</p>"}, "effa3fa5-cd07-4e82-a8aa-198ed9a7c1d4": {"column1": "", "column3": "", "position": 1, "column2Html": "<p>Smartphones haben sich zu unverzichtbaren Alltagsbegleitern entwickelt. Sie dienen nicht nur der Kommunikation, sondern bieten Zugang zu einer Fülle von Informationen, Unterhaltung und Dienstleistungen. Von sozialen Medien über mobile Apps bis hin zur Navigation erleichtern Smartphones unser Leben erheblich. Dennoch ist es wichtig, ein gesundes Maß im Umgang mit diesen Geräten zu finden, um eine ausgewogene Nutzung zu gewährleisten und potenzielle Auswirkungen auf unsere physische und psychische Gesundheit zu minimieren.</p>"}}}'),
	('3eab9f7ee881', 'aside-top', 2, NULL, '2023-08-08 10:25:47', '2023-11-12 14:32:49', '1288c093ea45', 'f5248c36848a', '1a0f84e322c8', 'multiselect', '{"options": {"security": {"checked": false}, "outdoorTechnique": {"checked": false}, "pioneeringTechnique": {"checked": false}, "natureAndEnvironment": {"checked": false}, "campsiteAndSurroundings": {"checked": true}, "preventionAndIntegration": {"checked": true}}}'),
	('5f1e6919a44c', 'aside-top', 1, NULL, '2023-08-08 09:53:21', '2023-11-12 14:15:44', '28d1320a12cc', 'e5608f539e2d', '44dcc7493c65', 'singletext', '{"html": "<p>Apotheke ist Dabei</p>"}'),
	('db908f01bbaa', 'aside-top', 0, NULL, '2023-08-08 10:20:55', '2023-11-12 14:26:12', '01eee1362ca4', 'cd034af4b2bd', '318e064ea0c9', 'singletext', '{"html": "<p>Smartphones haben sich zu unverzichtbaren Alltagsbegleitern entwickelt. Sie dienen nicht nur der Kommunikation, sondern bieten Zugang zu einer Fülle von Informationen, Unterhaltung und Dienstleistungen. Von sozialen Medien über mobile Apps bis hin zur Navigation erleichtern Smartphones unser Leben erheblich. Dennoch ist es wichtig, ein gesundes Maß im Umgang mit diesen Geräten zu finden, um eine ausgewogene Nutzung zu gewährleisten und potenzielle Auswirkungen auf unsere physische und psychische Gesundheit zu minimieren.</p>"}'),
	('b03220dd1035', 'aside-bottom', 0, NULL, '2023-08-08 10:30:47', '2023-11-12 14:34:38', '2040a886a0fe', '6f66761b3db3', '4f0c657fecef', 'singletext', '{"html": ""}'),
	('0c86bb87e6c8', 'main', 1, NULL, '2023-08-08 10:30:47', '2023-11-12 14:34:37', '2040a886a0fe', '6f66761b3db3', '3ef17bd1df72', 'materialnode', NULL),
	('fc9be2a790b8', '1', 0, NULL, '2023-11-12 14:45:21', '2023-11-12 14:45:21', '8bb664e5b7fe', '8bb664e5b7fe', 'a4211c112939', 'responsivelayout', '{"items": [{"slot": "main"}, {"slot": "aside-top"}, {"slot": "aside-bottom"}]}'),
	('d7fdb2a7d9d2', 'main', 0, NULL, '2023-08-08 10:30:47', '2023-11-12 14:34:43', '2040a886a0fe', '6f66761b3db3', 'cfccaecd4bad', 'storyboard', '{"sections": {"effa3fa5-cd07-4e82-a8aa-198ed9a7c1d4": {"column1": "", "column3": "", "position": 1, "column2Html": ""}}}'),
	('684949d01606', 'aside-top', 0, NULL, '2023-08-08 10:30:47', '2023-11-12 14:34:47', '2040a886a0fe', '6f66761b3db3', '318e064ea0c9', 'singletext', '{"html": ""}'),
	('306bee302c4b', 'aside-top', 1, NULL, '2023-08-08 10:13:31', '2023-11-12 14:29:08', 'dece09ab0223', '3f2cef9934db', '44dcc7493c65', 'singletext', '{"html": "<ol><li><p><strong>Kommunikation</strong>: Technologische Fortschritte haben die Kommunikation revolutioniert. Menschen können weltweit in Echtzeit miteinander in Verbindung treten, sei es über soziale Medien, Videoanrufe oder Nachrichten-Apps.</p></li><li><p><strong>Effizienzsteigerung</strong>: Technologie hat Arbeitsabläufe in vielen Branchen optimiert. Automatisierung, künstliche Intelligenz und maschinelles Lernen tragen dazu bei, Aufgaben schneller und präziser zu erledigen.</p></li><li><p><strong>Zugang zu Informationen</strong>: Das Internet bietet einen beispiellosen Zugang zu Wissen und Informationen. Bildung, Forschung und Lernen sind global zugänglich und erschwinglich geworden.</p></li></ol>"}'),
	('540b747ffeff', '1', 0, NULL, '2023-11-12 14:27:44', '2023-11-12 14:27:44', '1f8a891c1ad8', '1f8a891c1ad8', 'a4211c112939', 'responsivelayout', '{"items": [{"slot": "main"}, {"slot": "aside-top"}, {"slot": "aside-bottom"}]}'),
	('478a19ff6e8d', '1', 0, NULL, '2023-08-12 18:22:36', '2023-08-12 18:22:36', 'c8540c7cff9a', 'c8540c7cff9a', 'cfccaecd4bad', 'storyboard', '{"sections": {"6914027c-457f-41a9-be0c-962a6a5e0937": {"column1": "", "column3": "", "position": 0, "column2Html": ""}}}'),
	('c8540c7cff9a', NULL, 0, NULL, '2023-08-12 18:22:36', '2023-08-12 18:22:36', 'c8540c7cff9a', NULL, 'f17470519474', 'columnlayout', '{"columns": [{"slot": "1", "width": 12}]}'),
	('5c309d8a07bd', '1', 0, NULL, '2023-08-12 18:27:22', '2023-08-12 18:27:22', '88bb1d142aca', '05a76270b451', '3ef17bd1df72', 'materialnode', NULL),
	('072fc98f0b14', 'main', 1, NULL, '2023-08-08 10:31:35', '2023-12-03 19:02:19', 'b3b06ed47e3b', 'e8787777eccc', '3ef17bd1df72', 'materialnode', NULL),
	('ee56b3b9d7bd', 'aside-top', 1, NULL, '2023-08-08 10:31:35', '2023-12-03 19:02:30', 'b3b06ed47e3b', 'e8787777eccc', '44dcc7493c65', 'singletext', '{"html": ""}'),
	('dfe08fa7de74', 'main', 0, NULL, '2023-08-08 09:54:32', '2023-11-12 14:30:25', '9801114692ff', '6728552bd3ed', 'cfccaecd4bad', 'storyboard', '{"sections": {"7412b417-389b-4458-b3dc-af3626a34b30": {"column1": "", "column3": "", "position": 1, "column2Html": "<p>Die Erde ist der einzige bekannte Planet, auf dem Leben existiert. Ihr komplexes Ökosystem umfasst vielfältige Lebensformen, die eng miteinander und mit ihrer Umwelt interagieren.</p>"}, "c8bd5470-764e-4e73-a586-bdef8a6df9ac": {"column1": "", "column3": "", "position": 2, "column2Html": "<p>Die Erde ist der einzige bekannte Planet, auf dem Leben existiert. Ihr komplexes Ökosystem umfasst vielfältige Lebensformen, die eng miteinander und mit ihrer Umwelt interagieren.</p>"}, "e7e88f7a-3368-419c-b3a9-126e9f4511fe": {"column1": "", "column3": "", "position": 3, "column2Html": "<p>Die Erde ist der einzige bekannte Planet, auf dem Leben existiert. Ihr komplexes Ökosystem umfasst vielfältige Lebensformen, die eng miteinander und mit ihrer Umwelt interagieren.</p>"}}}'),
	('3dba860d2d88', 'main', 0, NULL, '2023-08-08 08:22:29', '2023-11-12 15:00:55', 'e45eff01e7c1', 'ceecbd5519df', 'cfccaecd4bad', 'storyboard', '{"sections": {"effa3fa5-cd07-4e82-a8aa-198ed9a7c1d4": {"column1": "", "column3": "", "position": 1, "column2Html": "<p>Nach dem Zvieri Sagen wir den Kindern, dass es heute Abend ein Bi-Pi Feuer geben wird. Wir erklären, was das Bi-Pi Feuer ist. Für das Bi-Pi Feuer müssen natürlich vorbereitungen getroffen:</p><p>Zum einen muss jeder etwas gutes, etwas schlechtes (zur Pfadi) und einen Wunsch sowie ein Danke oder einen Glückwunsch aufschreiben (alles Anonym)</p><p>Ausserdem werden auch zwei freiwillige das Feuer nach Anleitung vorbereiten.</p><p>Das Bi-Pi Feuer ist eine Tradition die die Pfadi schon seit ewigkeiten durchführt beim Bi-Pi Feuer wird der Letzte Brief von Bi-Pi vorgelesen und der Rest ist relativ Frei. Dennoch gibt es viele Regeln die eingehalten werden müssen.</p><p>-Es besteht aus einem Inneren und einem ausseren Steinkreis</p><p>-Die untersten zwei Hölzer sind nach der Nord-Südachse ausgerichtet</p><p>-Das Feuer darf nur mit einer Fackel oder einer glühenden Kohle angezündet werden</p><p>-Am Anfang wird ein Feuerwächter bestimmt der das Feuer entfacht</p><p>-Nur der Feuerwächter darf in den 2. Steinkreis hinein und auch nur wenn er einen Stein entfernt</p><p>-Die Kohle wird direkt nach dem Anzünden in das Feuer gelegt</p><p>-Das Feuer muss ausbrennen und darf nicht ausgelöscht werden</p><p>-Wenn die Glut ausgekühlt ist bekommen alle anwesenden ein bisschen Kohle die sie dann im nächsten Bi-Pi Feuer wieder verwendet werden können. So brennt das Feuer immer weiter</p>"}}}'),
	('4bd9d76089bd', '1', 0, NULL, '2023-11-12 14:44:16', '2023-11-12 14:44:16', 'eb47e1360222', 'eb47e1360222', 'a4211c112939', 'responsivelayout', '{"items": [{"slot": "main"}, {"slot": "aside-top"}, {"slot": "aside-bottom"}]}'),
	('429a0bf77bb8', '1', 0, NULL, '2023-11-12 15:14:13', '2023-11-12 15:14:13', 'beba1a1f93fe', 'beba1a1f93fe', 'a4211c112939', 'responsivelayout', '{"items": [{"slot": "main"}, {"slot": "aside-top"}, {"slot": "aside-bottom"}]}'),
	('07becc7e6eda', 'aside-top', 0, NULL, '2023-08-12 17:41:55', '2023-11-12 15:20:50', 'd7c126cfce5e', 'b6ccfc42c683', '318e064ea0c9', 'singletext', '{"html": ""}'),
	('d5c2ece2bedf', 'aside-top', 0, NULL, '2023-08-08 10:15:50', '2023-11-12 14:16:48', '40dad30f1f06', 'fdf884fca646', '318e064ea0c9', 'singletext', '{"html": "<p>Die Teilnehmer versammeln sich am Treffpunkt im Lager. Die Leiter erklären, dass heute eine aufregende Schatzsuche im Wald stattfinden wird. Die Kinder werden in Teams von 4-5 Personen eingeteilt und erhalten jeweils eine Karte des Waldgebiets.</p>"}'),
	('7258ebc5454f', 'main', 0, NULL, '2023-08-08 09:54:22', '2023-11-12 14:26:55', '190375b61413', 'd82c7a45d7df', 'cfccaecd4bad', 'storyboard', '{"sections": {"5a61fcd6-0285-4b2e-826b-6410caf096c5": {"column1": "", "column3": "", "position": 3, "column2Html": "<p>Die Erde ist der einzige bekannte Planet, auf dem Leben existiert. Ihr komplexes Ökosystem umfasst vielfältige Lebensformen, die eng miteinander und mit ihrer Umwelt interagieren.</p>"}, "7412b417-389b-4458-b3dc-af3626a34b30": {"column1": "", "column3": "", "position": 1, "column2Html": "<p>Die Erde ist der einzige bekannte Planet, auf dem Leben existiert. Ihr komplexes Ökosystem umfasst vielfältige Lebensformen, die eng miteinander und mit ihrer Umwelt interagieren.</p>"}, "9504b43d-20c9-4de1-8403-bb9cf083878c": {"column1": "", "column3": "", "position": 2, "column2Html": "<p>Die Erde ist der einzige bekannte Planet, auf dem Leben existiert. Ihr komplexes Ökosystem umfasst vielfältige Lebensformen, die eng miteinander und mit ihrer Umwelt interagieren.</p>"}}}'),
	('f5248c36848a', '1', 0, NULL, '2023-11-12 14:32:36', '2023-11-12 14:32:36', '1288c093ea45', '1288c093ea45', 'a4211c112939', 'responsivelayout', '{"items": [{"slot": "main"}, {"slot": "aside-top"}, {"slot": "aside-bottom"}]}'),
	('c2b6dff860e5', NULL, 0, 'est', '2023-08-12 17:41:55', '2023-08-12 17:41:55', 'c2b6dff860e5', NULL, 'f17470519474', 'columnlayout', '{"columns": [{"slot": "1", "width": 12}]}'),
	('9d6f2f561e47', NULL, 0, NULL, '2023-08-12 17:51:26', '2023-08-12 17:51:26', '9d6f2f561e47', NULL, 'f17470519474', 'columnlayout', '{"columns": [{"slot": "1", "width": 12}]}'),
	('0060dca7b27e', '1', 1, NULL, '2023-08-12 17:51:36', '2023-08-12 17:51:36', '9d6f2f561e47', '9d6f2f561e47', '318e064ea0c9', 'singletext', '{"html": ""}'),
	('3c8b98c11be5', '1', 1, NULL, '2023-08-13 10:07:03', '2023-08-13 10:07:03', '815b12c44335', '815b12c44335', '318e064ea0c9', 'singletext', '{"html": ""}'),
	('c991163f4af4', '1', 0, NULL, '2023-08-12 17:51:33', '2023-08-12 17:51:33', '9d6f2f561e47', '9d6f2f561e47', 'cfccaecd4bad', 'storyboard', '{"sections": {"62125270-d4c4-47a9-9bb9-615225c1f4db": {"column1": "", "column3": "", "position": 0, "column2Html": ""}}}'),
	('23a037c64e04', NULL, 0, NULL, '2023-08-12 17:52:11', '2023-08-12 17:52:11', '23a037c64e04', NULL, 'f17470519474', 'columnlayout', '{"columns": [{"slot": "1", "width": 12}]}'),
	('634ca047f841', '1', 0, NULL, '2023-08-12 17:52:17', '2023-08-12 17:52:17', '23a037c64e04', '23a037c64e04', 'cfccaecd4bad', 'storyboard', '{"sections": {"7ad0a22b-5078-4993-a2a1-2135b8aeec94": {"column1": "", "column3": "", "position": 0, "column2Html": ""}}}'),
	('65503fbfbea0', '1', 1, NULL, '2023-08-12 17:52:23', '2023-08-12 17:52:23', '23a037c64e04', '23a037c64e04', '318e064ea0c9', 'singletext', '{"html": ""}'),
	('30fc918043f7', '1', 0, NULL, '2023-08-12 17:41:55', '2023-08-12 17:41:55', 'c2b6dff860e5', 'c2b6dff860e5', 'cfccaecd4bad', 'storyboard', '{"sections": {"7412b417-389b-4458-b3dc-af3626a34b30": {"column1": "", "column3": "", "position": 1, "column2Html": ""}}}'),
	('fd87fc972482', 'main', 0, NULL, '2023-08-08 10:11:42', '2023-11-12 14:27:23', 'af53f5935834', '63de332a51ab', 'cfccaecd4bad', 'storyboard', '{"sections": {"26a120c8-7391-44aa-bf7a-3fdfc2c39f26": {"column1": "", "column3": "", "position": 6, "column2Html": "<p>Die Erde ist der einzige bekannte Planet, auf dem Leben existiert. Ihr komplexes Ökosystem umfasst vielfältige Lebensformen, die eng miteinander und mit ihrer Umwelt interagieren.</p>"}, "7412b417-389b-4458-b3dc-af3626a34b30": {"column1": "", "column3": "", "position": 1, "column2Html": "<p>Die Erde ist der einzige bekannte Planet, auf dem Leben existiert. Ihr komplexes Ökosystem umfasst vielfältige Lebensformen, die eng miteinander und mit ihrer Umwelt interagieren.</p>"}, "74bee006-5513-4a2d-80fa-d253abcbbfe3": {"column1": "", "column3": "", "position": 5, "column2Html": "<p>Die Erde ist der einzige bekannte Planet, auf dem Leben existiert. Ihr komplexes Ökosystem umfasst vielfältige Lebensformen, die eng miteinander und mit ihrer Umwelt interagieren.</p>"}, "ca756169-d097-4619-bd6d-b13060bea190": {"column1": "", "column3": "", "position": 4, "column2Html": "<p>Die Erde ist der einzige bekannte Planet, auf dem Leben existiert. Ihr komplexes Ökosystem umfasst vielfältige Lebensformen, die eng miteinander und mit ihrer Umwelt interagieren.</p>"}, "d50c32e8-3bb0-4d52-8d9e-8c26756a14b9": {"column1": "", "column3": "", "position": 2, "column2Html": "<p>Die Erde ist der einzige bekannte Planet, auf dem Leben existiert. Ihr komplexes Ökosystem umfasst vielfältige Lebensformen, die eng miteinander und mit ihrer Umwelt interagieren.</p>"}, "de1fe977-b2d4-4c71-85c8-b8916a4e7881": {"column1": "", "column3": "", "position": 3, "column2Html": "<p>Die Erde ist der einzige bekannte Planet, auf dem Leben existiert. Ihr komplexes Ökosystem umfasst vielfältige Lebensformen, die eng miteinander und mit ihrer Umwelt interagieren.</p>"}}}'),
	('8dfd1dfbaf5c', 'main', 0, NULL, '2023-08-08 08:23:10', '2023-11-12 14:44:25', 'eb47e1360222', '4bd9d76089bd', 'cfccaecd4bad', 'storyboard', '{"sections": {"4c126a50-f729-46a7-8326-811586922995": {"column1": "", "column3": "", "position": 1, "column2Html": "<p>Wir machen vier Gruppen.</p><p>Gruppe1 Küche-Aufenthalt-Essenszelt</p><p>Gruppe2 Schlafzelter</p><p>Gruppe3 Kücheninneneinrichtung</p><p>Gruppe4 Latrine</p>"}, "a83e6366-1e25-4737-9146-029613857c74": {"column1": "", "column3": "", "position": 4, "column2Html": "<p>Alle Zelter sind Aufgestellt und besprechen wo es Schwierigkeiten gegeben hat und wie man es besser lösen könnte.</p>"}, "b1968ee6-ed32-4a60-ab59-127ae81984b3": {"column1": "", "column3": "", "position": 2, "column2Html": "<p>Alle Gruppe überlegen wo sie Ihre Zelter / Bauten Aufstellen möchten und zeichnen ein Plan-Krokki auf ein Packpapier. Für Ausbesserungen und Fragen steht Tassilo bereit.</p>"}, "e9eb5d58-2112-4402-af7f-aa0203732469": {"column1": "", "column3": "", "position": 3, "column2Html": "<p>Gruppe2 beginnt mit dem Aufbau der Schlafzelter</p><p>Dazu zeigt der Gruppenleiter zuerst vor, wie man in einer 3er Gruppe einen Spatz aufstellt. Dann werden 3 er Gruppen gebildet und die TN wiederholen das gezeigte mit dem Aufbau von weiteren Spatzen.</p><p>Gruppe1, Gruppe3 und Gruppe4 Der Gruppenleiter zeigt vor, wie gewisse Tätigkeiten (Seil spannen, Blachen mit Seil spannen, Blachen knöpfen) richtig gemacht werden. Dann wiederholen die TN das gezeigte an den weiteren Stellen, wo das gemacht werden muss.</p>"}}}'),
	('d1ed88831926', 'main', 0, NULL, '2023-08-12 17:41:55', '2023-11-12 15:22:23', 'c2b6dff860e5', 'faa70a204eb3', '3ef17bd1df72', 'materialnode', NULL),
	('b8c066ed56fa', 'main', 0, NULL, '2023-08-12 17:41:55', '2023-11-12 15:20:41', 'd7c126cfce5e', 'b6ccfc42c683', '3ef17bd1df72', 'materialnode', NULL),
	('0761740cf885', 'main', 0, NULL, '2023-08-08 10:21:16', '2023-11-12 14:29:51', 'ac4d1c2c2e1d', '299cf1981956', 'cfccaecd4bad', 'storyboard', '{"sections": {"558bd532-989e-4032-8199-606d6de488ec": {"column1": "", "column3": "", "position": 3, "column2Html": "<p>In den letzten Jahrzehnten hat sich die Technologie in rasantem Tempo entwickelt und hat nahezu alle Aspekte unseres Lebens beeinflusst. Diese Entwicklung hat zahlreiche positive Auswirkungen, darunter verbesserte Kommunikation, effizientere Arbeitsprozesse und eine Fülle von Informationsquellen. Dennoch bringt sie auch Herausforderungen mit sich, die es zu bewältigen gilt.</p>"}, "92ff4f49-555e-4189-a524-9e85c0bb785f": {"column1": "", "column3": "", "position": 2, "column2Html": "<p>In den letzten Jahrzehnten hat sich die Technologie in rasantem Tempo entwickelt und hat nahezu alle Aspekte unseres Lebens beeinflusst. Diese Entwicklung hat zahlreiche positive Auswirkungen, darunter verbesserte Kommunikation, effizientere Arbeitsprozesse und eine Fülle von Informationsquellen. Dennoch bringt sie auch Herausforderungen mit sich, die es zu bewältigen gilt.</p>"}, "effa3fa5-cd07-4e82-a8aa-198ed9a7c1d4": {"column1": "", "column3": "", "position": 1, "column2Html": "<p>In den letzten Jahrzehnten hat sich die Technologie in rasantem Tempo entwickelt und hat nahezu alle Aspekte unseres Lebens beeinflusst. Diese Entwicklung hat zahlreiche positive Auswirkungen, darunter verbesserte Kommunikation, effizientere Arbeitsprozesse und eine Fülle von Informationsquellen. Dennoch bringt sie auch Herausforderungen mit sich, die es zu bewältigen gilt.</p>"}}}'),
	('efa31f102329', 'main', 0, NULL, '2023-08-08 10:25:47', '2023-11-12 14:32:47', '1288c093ea45', 'f5248c36848a', 'cfccaecd4bad', 'storyboard', '{"sections": {"215fda4f-d90d-4ff0-abaf-f71ce5188f8d": {"column1": "", "column3": "", "position": 2, "column2Html": "<p><br />Smartphones haben sich zu unverzichtbaren Alltagsbegleitern entwickelt. Sie dienen nicht nur der Kommunikation, sondern bieten Zugang zu einer Fülle von Informationen, Unterhaltung und Dienstleistungen. Von sozialen Medien über mobile Apps bis hin zur Navigation erleichtern Smartphones unser Leben erheblich. Dennoch ist es wichtig, ein gesundes Maß im Umgang mit diesen Geräten zu finden, um eine ausgewogene Nutzung zu gewährleisten und potenzielle Auswirkungen auf unsere physische und psychische Gesundheit zu minimieren.</p>"}, "4c126a50-f729-46a7-8326-811586922995": {"column1": "", "column3": "", "position": 1, "column2Html": "<p><br />Smartphones haben sich zu unverzichtbaren Alltagsbegleitern entwickelt. Sie dienen nicht nur der Kommunikation, sondern bieten Zugang zu einer Fülle von Informationen, Unterhaltung und Dienstleistungen. Von sozialen Medien über mobile Apps bis hin zur Navigation erleichtern Smartphones unser Leben erheblich. Dennoch ist es wichtig, ein gesundes Maß im Umgang mit diesen Geräten zu finden, um eine ausgewogene Nutzung zu gewährleisten und potenzielle Auswirkungen auf unsere physische und psychische Gesundheit zu minimieren.</p>"}, "886988cf-d419-4ac6-be21-286e2de7fe5c": {"column1": "", "column3": "", "position": 3, "column2Html": "<p><br />Smartphones haben sich zu unverzichtbaren Alltagsbegleitern entwickelt. Sie dienen nicht nur der Kommunikation, sondern bieten Zugang zu einer Fülle von Informationen, Unterhaltung und Dienstleistungen. Von sozialen Medien über mobile Apps bis hin zur Navigation erleichtern Smartphones unser Leben erheblich. Dennoch ist es wichtig, ein gesundes Maß im Umgang mit diesen Geräten zu finden, um eine ausgewogene Nutzung zu gewährleisten und potenzielle Auswirkungen auf unsere physische und psychische Gesundheit zu minimieren.</p>"}}}'),
	('bdf5934d8ca4', '1', 1, NULL, '2023-08-12 18:27:22', '2023-08-12 18:27:22', '88bb1d142aca', '88bb1d142aca', 'cfccaecd4bad', 'storyboard', '{"sections": {"7412b417-389b-4458-b3dc-af3626a34b30": {"column1": "", "column3": "", "position": 1, "column2Html": ""}}}'),
	('46d8b3f95716', 'main', 1, NULL, '2023-08-13 10:20:55', '2023-11-12 15:15:44', '1922799a90f6', 'ba37c72054df', '3ef17bd1df72', 'materialnode', NULL),
	('39d55466f113', 'aside-top', 1, NULL, '2023-08-08 10:19:57', '2023-11-12 14:20:55', '0e6163bf956e', '72c5cdf016ab', '44dcc7493c65', 'singletext', '{"html": "<p>Natürliche Ökosysteme spielen eine entscheidende Rolle im Erhalt der globalen Biodiversität und der Stabilität des Planeten. Diese vielfältigen Lebensräume bieten Lebensraum für eine breite Palette von Pflanzen und Tieren, von mikroskopisch kleinen Organismen bis hin zu majestätischen Raubtieren. Der reibungslose Ablauf dieser Ökosysteme hängt von komplexen Wechselwirkungen zwischen den verschiedenen Arten und den Umweltbedingungen ab. Von Regenwäldern bis hin zu Wüsten, von Ozeanen bis hin zu Flussufern - jedes Ökosystem trägt auf seine eigene Weise zur Aufrechterhaltung des ökologischen Gleichgewichts bei. Es ist von größter Bedeutung, diese Ökosysteme zu schützen und nachhaltige Praktiken zu fördern, um die langfristige Gesundheit unseres Planeten zu gewährleisten.</p>"}'),
	('7bebb906bbee', 'main', 1, NULL, '2023-08-12 17:41:55', '2023-11-12 15:21:06', '27e64b35f155', 'd5dd031fa651', '3ef17bd1df72', 'materialnode', NULL),
	('e7a7084e447f', '1', 0, NULL, '2023-11-12 14:33:26', '2023-11-12 14:33:26', 'e10d7ebf7f78', 'e10d7ebf7f78', 'a4211c112939', 'responsivelayout', '{"items": [{"slot": "main"}, {"slot": "aside-top"}, {"slot": "aside-bottom"}]}'),
	('460852357613', '1', 0, NULL, '2023-11-12 15:15:20', '2023-11-12 15:15:20', '62678544ab73', '62678544ab73', 'a4211c112939', 'responsivelayout', '{"items": [{"slot": "main"}, {"slot": "aside-top"}, {"slot": "aside-bottom"}]}'),
	('6728552bd3ed', '1', 0, NULL, '2023-11-12 14:30:16', '2023-11-12 14:30:16', '9801114692ff', '9801114692ff', 'a4211c112939', 'responsivelayout', '{"items": [{"slot": "main"}, {"slot": "aside-top"}, {"slot": "aside-bottom"}]}'),
	('5df3c0e13899', 'main', 0, NULL, '2023-08-08 10:14:26', '2023-11-12 14:33:34', 'e10d7ebf7f78', 'e7a7084e447f', 'cfccaecd4bad', 'storyboard', '{"sections": {"7412b417-389b-4458-b3dc-af3626a34b30": {"column1": "", "column3": "", "position": 1, "column2Html": "<p><br />Smartphones haben sich zu unverzichtbaren Alltagsbegleitern entwickelt. Sie dienen nicht nur der Kommunikation, sondern bieten Zugang zu einer Fülle von Informationen, Unterhaltung und Dienstleistungen. Von sozialen Medien über mobile Apps bis hin zur Navigation erleichtern Smartphones unser Leben erheblich. Dennoch ist es wichtig, ein gesundes Maß im Umgang mit diesen Geräten zu finden, um eine ausgewogene Nutzung zu gewährleisten und potenzielle Auswirkungen auf unsere physische und psychische Gesundheit zu minimieren.</p>"}, "7e0d92a7-bf83-4f14-8253-0d7515d0b4ba": {"column1": "", "column3": "", "position": 4, "column2Html": "<p><br />Smartphones haben sich zu unverzichtbaren Alltagsbegleitern entwickelt. Sie dienen nicht nur der Kommunikation, sondern bieten Zugang zu einer Fülle von Informationen, Unterhaltung und Dienstleistungen. Von sozialen Medien über mobile Apps bis hin zur Navigation erleichtern Smartphones unser Leben erheblich. Dennoch ist es wichtig, ein gesundes Maß im Umgang mit diesen Geräten zu finden, um eine ausgewogene Nutzung zu gewährleisten und potenzielle Auswirkungen auf unsere physische und psychische Gesundheit zu minimieren.</p>"}, "a33a2d2d-cfae-4cfa-9f23-57d390304bd2": {"column1": "", "column3": "", "position": 3, "column2Html": "<p><br />Smartphones haben sich zu unverzichtbaren Alltagsbegleitern entwickelt. Sie dienen nicht nur der Kommunikation, sondern bieten Zugang zu einer Fülle von Informationen, Unterhaltung und Dienstleistungen. Von sozialen Medien über mobile Apps bis hin zur Navigation erleichtern Smartphones unser Leben erheblich. Dennoch ist es wichtig, ein gesundes Maß im Umgang mit diesen Geräten zu finden, um eine ausgewogene Nutzung zu gewährleisten und potenzielle Auswirkungen auf unsere physische und psychische Gesundheit zu minimieren.</p>"}, "a5838e3c-a926-48a3-b060-e3d9756abf98": {"column1": "", "column3": "", "position": 2, "column2Html": "<p><br />Smartphones haben sich zu unverzichtbaren Alltagsbegleitern entwickelt. Sie dienen nicht nur der Kommunikation, sondern bieten Zugang zu einer Fülle von Informationen, Unterhaltung und Dienstleistungen. Von sozialen Medien über mobile Apps bis hin zur Navigation erleichtern Smartphones unser Leben erheblich. Dennoch ist es wichtig, ein gesundes Maß im Umgang mit diesen Geräten zu finden, um eine ausgewogene Nutzung zu gewährleisten und potenzielle Auswirkungen auf unsere physische und psychische Gesundheit zu minimieren.</p>"}}}'),
	('663177b48a3c', 'aside-top', 1, NULL, '2023-08-08 10:14:26', '2023-11-12 14:33:37', 'e10d7ebf7f78', 'e7a7084e447f', '44dcc7493c65', 'singletext', '{"html": "<p><br />Smartphones haben sich zu unverzichtbaren Alltagsbegleitern entwickelt. Sie dienen nicht nur der Kommunikation, sondern bieten Zugang zu einer Fülle von Informationen, Unterhaltung und Dienstleistungen. Von sozialen Medien über mobile Apps bis hin zur Navigation erleichtern Smartphones unser Leben erheblich. Dennoch ist es wichtig, ein gesundes Maß im Umgang mit diesen Geräten zu finden, um eine ausgewogene Nutzung zu gewährleisten und potenzielle Auswirkungen auf unsere physische und psychische Gesundheit zu minimieren.</p>"}'),
	('3f43ce9772aa', 'main', 0, NULL, '2023-11-12 14:49:59', '2023-11-12 14:53:41', 'ab0b4ad408ed', 'ca8591384b9c', 'cfccaecd4bad', 'storyboard', '{"sections": {"3e72c64e-8a36-4c99-a871-95c2623f6a9f": {"column1": "1h 30min", "column3": "", "position": 3, "column2Html": "<p>Zum Abschluss spielen wir ein Schoggispiel. Dabei muss sich eine Person winterhandschuhe und diverse utensilien anziehen und darf dann beginnen mit Messer und Gabel eine in in Zeitund eingepackte Schokoladentafel zu essen. Die anderen versuchen mit Würfeln eine 6 zu würfeln. wenn ihnen das gelingt muss die essende Person alle utensilien ablegen und die neue Person muss sie anlegen und darf versuchen die schokolade zu essen. vor jedem würfeln muss man einen Hampelmann machen.</p>"}, "7412b417-389b-4458-b3dc-af3626a34b30": {"column1": "1h 15min", "column3": "", "position": 1, "column2Html": "<p>Wir machein einen OL bei dem Jede Gruppe zuerst einen Teil der Karte bekommt. nun ist ein Punkt auf einem Sichtmäpli eingezeichnet an dem der Posten sein muss. Sie müssen nun entweder abschätzen wo der neue Kartenteil sein könnte oder mit den anderen Gruppen zusammenarbeiten um dei Posten zu finden.</p>"}, "e234b201-59bc-4186-957f-a581eb2dc73b": {"column1": "15min", "column3": "", "position": 2, "column2Html": "<p>Um unseren Orientierungssinn zu schärfen wird in einem definierten Feld ein Gegenstand geworfen den man mit Glocken hört. Nun können die Teilnehmer (sie haben sich die Augen verbunden) mithilfe ihres gehörssinnes versuchen diesen gegenstand zu finden. Dieses Spiel wird mehrmals wiederholt bis wir unsere Sinne geschärft haben.</p>"}}}'),
	('d7c4ef20815c', '1', 0, NULL, '2023-11-12 15:01:22', '2023-11-12 15:01:22', 'b7d17f628d0f', 'b7d17f628d0f', 'a4211c112939', 'responsivelayout', '{"items": [{"slot": "main"}, {"slot": "aside-top"}, {"slot": "aside-bottom"}]}'),
	('7090b4b3db73', 'main', 0, NULL, '2023-08-08 10:12:15', '2023-11-12 14:27:57', '1f8a891c1ad8', '540b747ffeff', 'cfccaecd4bad', 'storyboard', '{"sections": {"70e81723-60c9-41c9-9181-9bd788b6dbb6": {"column1": "", "column3": "", "position": 3, "column2Html": "<p>In den letzten Jahrzehnten hat sich die Technologie in rasantem Tempo entwickelt und hat nahezu alle Aspekte unseres Lebens beeinflusst. Diese Entwicklung hat zahlreiche positive Auswirkungen, darunter verbesserte Kommunikation, effizientere Arbeitsprozesse und eine Fülle von Informationsquellen. Dennoch bringt sie auch Herausforderungen mit sich, die es zu bewältigen gilt.</p><p>Zu den positiven Aspekten gehören:</p><ol><li><p><strong>Kommunikation</strong>: Technologische Fortschritte haben die Kommunikation revolutioniert. Menschen können weltweit in Echtzeit miteinander in Verbindung treten, sei es über soziale Medien, Videoanrufe oder Nachrichten-Apps.</p></li><li><p><strong>Effizienzsteigerung</strong>: Technologie hat Arbeitsabläufe in vielen Branchen optimiert. Automatisierung, künstliche Intelligenz und maschinelles Lernen tragen dazu bei, Aufgaben schneller und präziser zu erledigen.</p></li><li><p><strong>Zugang zu Informationen</strong>: Das Internet bietet einen beispiellosen Zugang zu Wissen und Informationen. Bildung, Forschung und Lernen sind global zugänglich und erschwinglich geworden.</p></li></ol><p>Allerdings gibt es auch einige Herausforderungen:</p><ol><li><p><strong>Datenschutz</strong>: Die digitale Vernetzung führt zu Bedenken hinsichtlich Datenschutz und Privatsphäre. Persönliche Daten können leicht in die falschen Hände geraten.</p></li><li><p><strong>Abhängigkeit</strong>: Die zunehmende Abhängigkeit von Technologie kann negative Auswirkungen auf soziale Interaktionen und die physische Gesundheit haben.</p></li><li><p><strong>Ungleichheit</strong>: Technologische Fortschritte können zu einer Kluft zwischen Technologie-Nutzern und -Nichtnutzern führen, was soziale Ungleichheit verstärken kann.</p></li></ol><p>Es ist wichtig, die Vorteile der Technologie zu nutzen, während gleichzeitig bewusst mit ihren Herausforderungen umgegangen wird, um eine ausgewogene und nachhaltige Zukunft zu gestalten.</p>"}, "7412b417-389b-4458-b3dc-af3626a34b30": {"column1": "", "column3": "", "position": 1, "column2Html": "<p>In den letzten Jahrzehnten hat sich die Technologie in rasantem Tempo entwickelt und hat nahezu alle Aspekte unseres Lebens beeinflusst. Diese Entwicklung hat zahlreiche positive Auswirkungen, darunter verbesserte Kommunikation, effizientere Arbeitsprozesse und eine Fülle von Informationsquellen. Dennoch bringt sie auch Herausforderungen mit sich, die es zu bewältigen gilt.</p><p>Zu den positiven Aspekten gehören:</p><ol><li><p><strong>Kommunikation</strong>: Technologische Fortschritte haben die Kommunikation revolutioniert. Menschen können weltweit in Echtzeit miteinander in Verbindung treten, sei es über soziale Medien, Videoanrufe oder Nachrichten-Apps.</p></li><li><p><strong>Effizienzsteigerung</strong>: Technologie hat Arbeitsabläufe in vielen Branchen optimiert. Automatisierung, künstliche Intelligenz und maschinelles Lernen tragen dazu bei, Aufgaben schneller und präziser zu erledigen.</p></li><li><p><strong>Zugang zu Informationen</strong>: Das Internet bietet einen beispiellosen Zugang zu Wissen und Informationen. Bildung, Forschung und Lernen sind global zugänglich und erschwinglich geworden.</p></li></ol><p>Allerdings gibt es auch einige Herausforderungen:</p><ol><li><p><strong>Datenschutz</strong>: Die digitale Vernetzung führt zu Bedenken hinsichtlich Datenschutz und Privatsphäre. Persönliche Daten können leicht in die falschen Hände geraten.</p></li><li><p><strong>Abhängigkeit</strong>: Die zunehmende Abhängigkeit von Technologie kann negative Auswirkungen auf soziale Interaktionen und die physische Gesundheit haben.</p></li><li><p><strong>Ungleichheit</strong>: Technologische Fortschritte können zu einer Kluft zwischen Technologie-Nutzern und -Nichtnutzern führen, was soziale Ungleichheit verstärken kann.</p></li></ol><p>Es ist wichtig, die Vorteile der Technologie zu nutzen, während gleichzeitig bewusst mit ihren Herausforderungen umgegangen wird, um eine ausgewogene und nachhaltige Zukunft zu gestalten.</p>"}, "c1cd8ed3-3b98-4dcc-a9f6-c9069bb179e2": {"column1": "", "column3": "", "position": 2, "column2Html": "<p>In den letzten Jahrzehnten hat sich die Technologie in rasantem Tempo entwickelt und hat nahezu alle Aspekte unseres Lebens beeinflusst. Diese Entwicklung hat zahlreiche positive Auswirkungen, darunter verbesserte Kommunikation, effizientere Arbeitsprozesse und eine Fülle von Informationsquellen. Dennoch bringt sie auch Herausforderungen mit sich, die es zu bewältigen gilt.</p><p>Zu den positiven Aspekten gehören:</p><ol><li><p><strong>Kommunikation</strong>: Technologische Fortschritte haben die Kommunikation revolutioniert. Menschen können weltweit in Echtzeit miteinander in Verbindung treten, sei es über soziale Medien, Videoanrufe oder Nachrichten-Apps.</p></li><li><p><strong>Effizienzsteigerung</strong>: Technologie hat Arbeitsabläufe in vielen Branchen optimiert. Automatisierung, künstliche Intelligenz und maschinelles Lernen tragen dazu bei, Aufgaben schneller und präziser zu erledigen.</p></li><li><p><strong>Zugang zu Informationen</strong>: Das Internet bietet einen beispiellosen Zugang zu Wissen und Informationen. Bildung, Forschung und Lernen sind global zugänglich und erschwinglich geworden.</p></li></ol><p>Allerdings gibt es auch einige Herausforderungen:</p><ol><li><p><strong>Datenschutz</strong>: Die digitale Vernetzung führt zu Bedenken hinsichtlich Datenschutz und Privatsphäre. Persönliche Daten können leicht in die falschen Hände geraten.</p></li><li><p><strong>Abhängigkeit</strong>: Die zunehmende Abhängigkeit von Technologie kann negative Auswirkungen auf soziale Interaktionen und die physische Gesundheit haben.</p></li><li><p><strong>Ungleichheit</strong>: Technologische Fortschritte können zu einer Kluft zwischen Technologie-Nutzern und -Nichtnutzern führen, was soziale Ungleichheit verstärken kann.</p></li></ol><p>Es ist wichtig, die Vorteile der Technologie zu nutzen, während gleichzeitig bewusst mit ihren Herausforderungen umgegangen wird, um eine ausgewogene und nachhaltige Zukunft zu gestalten.</p>"}, "d3ea45e2-8838-4887-aaf7-2902fca12baf": {"column1": "", "column3": "", "position": 4, "column2Html": ""}}}'),
	('05a3558c29e6', 'aside-top', 1, NULL, '2023-08-12 17:41:55', '2023-11-12 15:22:30', 'c2b6dff860e5', 'faa70a204eb3', '44dcc7493c65', 'singletext', '{"html": ""}'),
	('4cbbb7c9e91c', '1', 1, NULL, '2023-08-12 17:50:05', '2023-08-12 17:50:05', '0f50c26e1edb', '0f50c26e1edb', '318e064ea0c9', 'singletext', '{"html": ""}'),
	('07577d953810', '1', 2, NULL, '2023-08-12 17:50:09', '2023-08-12 17:50:09', '0f50c26e1edb', '0f50c26e1edb', '3ef17bd1df72', 'materialnode', NULL),
	('07300465663d', 'aside-top', 0, NULL, '2023-08-12 17:41:55', '2023-11-12 15:22:32', 'c2b6dff860e5', 'faa70a204eb3', '318e064ea0c9', 'singletext', '{"html": ""}'),
	('f8af96f04bc8', NULL, 0, NULL, '2023-08-12 18:19:11', '2023-08-12 18:19:11', 'f8af96f04bc8', NULL, 'f17470519474', 'columnlayout', '{"columns": [{"slot": "1", "width": 12}]}'),
	('0a5da1cf2cef', 'aside-top', 1, NULL, '2023-08-08 10:12:15', '2023-11-12 14:28:02', '1f8a891c1ad8', '540b747ffeff', '44dcc7493c65', 'singletext', '{"html": "<ol><li><p><strong>Kommunikation</strong>: Technologische Fortschritte haben die Kommunikation revolutioniert. Menschen können weltweit in Echtzeit miteinander in Verbindung treten, sei es über soziale Medien, Videoanrufe oder Nachrichten-Apps.</p></li><li><p><strong>Effizienzsteigerung</strong>: Technologie hat Arbeitsabläufe in vielen Branchen optimiert. Automatisierung, künstliche Intelligenz und maschinelles Lernen tragen dazu bei, Aufgaben schneller und präziser zu erledigen.</p></li><li><p><strong>Zugang zu Informationen</strong>: Das Internet bietet einen beispiellosen Zugang zu Wissen und Informationen. Bildung, Forschung und Lernen sind global zugänglich und erschwinglich geworden.</p></li></ol><p>Allerdings gibt es auch einige Herausforderungen:</p><ol><li><p><strong>Datenschutz</strong>: Die digitale Vernetzung führt zu Bedenken hinsichtlich Datenschutz und Privatsphäre. Persönliche Daten können leicht in die falschen Hände geraten.</p></li><li><p><strong>Abhängigkeit</strong>: Die zunehmende Abhängigkeit von Technologie kann negative Auswirkungen auf soziale Interaktionen und die physische Gesundheit haben.</p></li><li><p><strong>Ungleichheit</strong>: Technologische Fortschritte können zu einer Kluft zwischen Technologie-Nutzern und -Nichtnutzern führen, was soziale Ungleichheit verstärken kann.</p></li></ol>"}'),
	('d471fa96ff06', '1', 1, NULL, '2023-08-08 09:56:21', '2023-08-08 13:24:38', '7095586488d0', '7095586488d0', 'cfccaecd4bad', 'storyboard', '{"sections": {"2ad67a5c-6de1-43a2-a8e4-c633794725c9": {"column1": "", "column3": "", "position": 3, "column2Html": "<p>Die rasante Entwicklung von künstlicher Intelligenz (KI) hat tiefgreifende Auswirkungen auf verschiedene Bereiche unseres Lebens. Von automatisierten Kundenbetreuungssystemen bis hin zu fortschrittlichen medizinischen Diagnosewerkzeugen verändert KI die Art und Weise, wie wir arbeiten, kommunizieren und Entscheidungen treffen.</p>"}, "7412b417-389b-4458-b3dc-af3626a34b30": {"column1": "", "column3": "", "position": 1, "column2Html": "<p>Die rasante Entwicklung von künstlicher Intelligenz (KI) hat tiefgreifende Auswirkungen auf verschiedene Bereiche unseres Lebens. Von automatisierten Kundenbetreuungssystemen bis hin zu fortschrittlichen medizinischen Diagnosewerkzeugen verändert KI die Art und Weise, wie wir arbeiten, kommunizieren und Entscheidungen treffen.</p>"}, "790469e9-b890-4624-8afa-7d87f56d822d": {"column1": "", "column3": "", "position": 4, "column2Html": "<p>Die rasante Entwicklung von künstlicher Intelligenz (KI) hat tiefgreifende Auswirkungen auf verschiedene Bereiche unseres Lebens. Von automatisierten Kundenbetreuungssystemen bis hin zu fortschrittlichen medizinischen Diagnosewerkzeugen verändert KI die Art und Weise, wie wir arbeiten, kommunizieren und Entscheidungen treffen.</p>"}, "874cbafd-8fe4-49ed-9fb1-0bd8e519b994": {"column1": "", "column3": "", "position": 5, "column2Html": "<p>Die rasante Entwicklung von künstlicher Intelligenz (KI) hat tiefgreifende Auswirkungen auf verschiedene Bereiche unseres Lebens. Von automatisierten Kundenbetreuungssystemen bis hin zu fortschrittlichen medizinischen Diagnosewerkzeugen verändert KI die Art und Weise, wie wir arbeiten, kommunizieren und Entscheidungen treffen.</p>"}, "ce0889d8-2609-4e41-aa89-23caf43a0407": {"column1": "", "column3": "", "position": 2, "column2Html": "<p>Die rasante Entwicklung von künstlicher Intelligenz (KI) hat tiefgreifende Auswirkungen auf verschiedene Bereiche unseres Lebens. Von automatisierten Kundenbetreuungssystemen bis hin zu fortschrittlichen medizinischen Diagnosewerkzeugen verändert KI die Art und Weise, wie wir arbeiten, kommunizieren und Entscheidungen treffen.</p>"}}}'),
	('10a586d7498c', '1', 0, NULL, '2023-11-12 14:55:02', '2023-11-12 14:55:02', '781de880638a', '781de880638a', 'a4211c112939', 'responsivelayout', '{"items": [{"slot": "main"}, {"slot": "aside-top"}, {"slot": "aside-bottom"}]}'),
	('ba37c72054df', '1', 0, NULL, '2023-11-12 15:15:41', '2023-11-12 15:15:41', '1922799a90f6', '1922799a90f6', 'a4211c112939', 'responsivelayout', '{"items": [{"slot": "main"}, {"slot": "aside-top"}, {"slot": "aside-bottom"}]}'),
	('27e64b35f155', NULL, 0, NULL, '2023-08-12 17:41:55', '2023-08-12 17:41:55', '27e64b35f155', NULL, 'f17470519474', 'columnlayout', '{"columns": [{"slot": "1", "width": 12}]}'),
	('77c0ec2ef99a', 'main', 0, NULL, '2023-08-08 10:17:52', '2023-11-12 14:23:32', '2b379e00b5ae', '8356838dc0af', 'cfccaecd4bad', 'storyboard', '{"sections": {"1650b848-66ce-4481-a89a-6fc3b43da9f2": {"column1": "", "column3": "", "position": 4, "column2Html": "<p>Die Erde ist der einzige bekannte Planet, auf dem Leben existiert. Ihr komplexes Ökosystem umfasst vielfältige Lebensformen, die eng miteinander und mit ihrer Umwelt interagieren.</p>"}, "45ae22cc-8458-4495-b7ce-58f67d5ba6d6": {"column1": "", "column3": "", "position": 2, "column2Html": "<p>Die Erde ist der einzige bekannte Planet, auf dem Leben existiert. Ihr komplexes Ökosystem umfasst vielfältige Lebensformen, die eng miteinander und mit ihrer Umwelt interagieren.</p>"}, "4c126a50-f729-46a7-8326-811586922995": {"column1": "", "column3": "", "position": 1, "column2Html": "<p>Die Erde ist der einzige bekannte Planet, auf dem Leben existiert. Ihr komplexes Ökosystem umfasst vielfältige Lebensformen, die eng miteinander und mit ihrer Umwelt interagieren.</p>"}, "65360004-c48b-4e78-87da-fe7f0b921014": {"column1": "", "column3": "", "position": 7, "column2Html": ""}, "6aecc2fc-b14d-4650-99a0-26020c8d049f": {"column1": "", "column3": "", "position": 3, "column2Html": "<p>Die Erde ist der einzige bekannte Planet, auf dem Leben existiert. Ihr komplexes Ökosystem umfasst vielfältige Lebensformen, die eng miteinander und mit ihrer Umwelt interagieren.</p>"}, "bc975626-3e34-4db7-8f1f-f243106ef19a": {"column1": "", "column3": "", "position": 6, "column2Html": "<p>Die Erde ist der einzige bekannte Planet, auf dem Leben existiert. Ihr komplexes Ökosystem umfasst vielfältige Lebensformen, die eng miteinander und mit ihrer Umwelt interagieren.</p>"}, "eb5555ce-254f-4c65-8d0b-d29349ae1776": {"column1": "", "column3": "", "position": 5, "column2Html": "<p>In den letzten Jahrzehnten hat sich die Technologie in rasantem Tempo entwickelt und hat nahezu alle Aspekte unseres Lebens beeinflusst. Diese Entwicklung hat zahlreiche positive Auswirkungen, darunter verbesserte Kommunikation, effizientere Arbeitsprozesse und eine Fülle von Informationsquellen. Dennoch bringt sie auch Herausforderungen mit sich, die es zu bewältigen gilt.</p><p>Zu den positiven Aspekten gehören:</p><ol><li><p><strong>Kommunikation</strong>: Technologische Fortschritte haben die Kommunikation revolutioniert. Menschen können weltweit in Echtzeit miteinander in Verbindung treten, sei es über soziale Medien, Videoanrufe oder Nachrichten-Apps.</p></li><li><p><strong>Effizienzsteigerung</strong>: Technologie hat Arbeitsabläufe in vielen Branchen optimiert. Automatisierung, künstliche Intelligenz und maschinelles Lernen tragen dazu bei, Aufgaben schneller und präziser zu erledigen.</p></li><li><p><strong>Zugang zu Informationen</strong>: Das Internet bietet einen beispiellosen Zugang zu Wissen und Informationen. Bildung, Forschung und Lernen sind global zugänglich und erschwinglich geworden.</p></li></ol><p>Allerdings gibt es auch einige Herausforderungen:</p><ol><li><p><strong>Datenschutz</strong>: Die digitale Vernetzung führt zu Bedenken hinsichtlich Datenschutz und Privatsphäre. Persönliche Daten können leicht in die falschen Hände geraten.</p></li><li><p><strong>Abhängigkeit</strong>: Die zunehmende Abhängigkeit von Technologie kann negative Auswirkungen auf soziale Interaktionen und die physische Gesundheit haben.</p></li><li><p><strong>Ungleichheit</strong>: Technologische Fortschritte können zu einer Kluft zwischen Technologie-Nutzern und -Nichtnutzern führen, was soziale Ungleichheit verstärken kann.</p></li></ol><p>Es ist wichtig, die Vorteile der Technologie zu nutzen, während gleichzeitig bewusst mit ihren Herausforderungen umgegangen wird, um eine ausgewogene und nachhaltige Zukunft zu gestalten.</p>"}, "f940e27b-695c-4e5a-ae52-1b45bac4a520": {"column1": "", "column3": "", "position": 8, "column2Html": ""}}}'),
	('4c99dcc7513c', '1', 0, NULL, '2023-11-12 14:30:51', '2023-11-12 14:30:51', '95bc7e0ad749', '95bc7e0ad749', 'a4211c112939', 'responsivelayout', '{"items": [{"slot": "main"}, {"slot": "aside-top"}, {"slot": "aside-bottom"}]}'),
	('c58d39536021', 'aside-top', 1, NULL, '2023-08-08 09:56:45', '2023-11-12 14:25:37', 'd56e854fde29', '1dab9a412dd4', '44dcc7493c65', 'singletext', '{"html": "<p>Smartphones haben sich zu unverzichtbaren Alltagsbegleitern entwickelt. Sie dienen nicht nur der Kommunikation, sondern bieten Zugang zu einer Fülle von Informationen, Unterhaltung und Dienstleistungen. Von sozialen Medien über mobile Apps bis hin zur Navigation erleichtern Smartphones unser Leben erheblich. Dennoch ist es wichtig, ein gesundes Maß im Umgang mit diesen Geräten zu finden, um eine ausgewogene Nutzung zu gewährleisten und potenzielle Auswirkungen auf unsere physische und psychische Gesundheit zu minimieren.</p>"}'),
	('8d4dd2512d76', '1', 0, NULL, '2023-11-12 15:02:08', '2023-11-12 15:02:08', '9cef02bbc62f', '9cef02bbc62f', 'a4211c112939', 'responsivelayout', '{"items": [{"slot": "main"}, {"slot": "aside-top"}, {"slot": "aside-bottom"}]}'),
	('e064c23cad08', '1', 0, NULL, '2023-11-12 14:34:02', '2023-11-12 14:34:02', '94d14ec8e943', '94d14ec8e943', 'a4211c112939', 'responsivelayout', '{"items": [{"slot": "main"}, {"slot": "aside-top"}, {"slot": "aside-bottom"}]}'),
	('403f1f80bc4b', 'main', 0, NULL, '2023-08-08 08:19:40', '2023-11-12 14:45:32', '8bb664e5b7fe', 'fc9be2a790b8', 'cfccaecd4bad', 'storyboard', '{"sections": {"74c50d9d-420c-4e97-aba9-625d3f4e9ae9": {"column1": "0:30", "column3": "", "position": 3, "column2Html": "<p>Da wir uns auf einem Langstreckenflug befinden, können die müden Passagiere sich auf die Schlafplätze begeben (Zähneputzen und in die Zelter gehen). Der Flug beginnt.</p>"}, "97651e91-11f1-4d99-bc4f-f1ee9a01657f": {"column1": "0:15", "column3": "", "position": 2, "column2Html": "<p>Um zum Flugzeug zu kommen laufen wir mit einem Flughafenmensch entlang der Flugpiste (mit Kerzen oder Leuchtstäbli abgesteckt). Wir setzen uns alle im Flugzeug (Pflanzentunnel Familie Amacher, alternative: jedes Kind liegt schon an seinen Schlafplatz symbolisch für Sitzplatz) in Reihen hin (wie im Flugi). Die Flugbegleiterin / Der Flugbegleiter erklärt uns die Sicherheitsregeln und der Pilot wünscht uns einen guten Flug.</p>"}, "effa3fa5-cd07-4e82-a8aa-198ed9a7c1d4": {"column1": "0:00", "column3": "", "position": 1, "column2Html": "<p>Um unsere Reise sicher zu starten müssen wir alle durch die Sicherheitskontrolle: Holz Bogen mit Lichter etc wie am Flughafen, Sicherheitskontrolle bei Security (abtasten). Bei einigen TN''s piepst es und wir schmuggeln ihnen unerlaubte Gegenstände wie Wasserpistolen, Trinkflaschen etc. unter. Die TN''s mit unerlaubten Gegenstände müssen als Strafe 5 mal um die Zelter rennen und 10 Liegestützen machen. Sobald alle durch die Kontrolle sind können wir ins Flugzeug.</p>"}}}'),
	('ff20beb9e1c1', 'aside-bottom', 0, NULL, '2023-08-08 08:17:01', '2023-11-12 15:02:11', '9cef02bbc62f', '8d4dd2512d76', '4f0c657fecef', 'singletext', '{"html": ""}'),
	('1b865f4b1314', 'aside-bottom', 0, NULL, '2023-08-12 17:41:55', '2023-11-12 15:22:22', 'c2b6dff860e5', 'faa70a204eb3', '4f0c657fecef', 'singletext', '{"html": ""}'),
	('dc75baaba771', NULL, 0, NULL, '2023-08-12 17:41:55', '2023-08-12 17:41:55', 'dc75baaba771', NULL, 'f17470519474', 'columnlayout', '{"columns": [{"slot": "1", "width": 12}]}'),
	('d7c126cfce5e', NULL, 0, NULL, '2023-08-12 17:41:55', '2023-08-12 17:41:55', 'd7c126cfce5e', NULL, 'f17470519474', 'columnlayout', '{"columns": [{"slot": "1", "width": 12}]}'),
	('88bb1d142aca', NULL, 0, 'est', '2023-08-12 18:27:22', '2023-08-12 18:27:22', '88bb1d142aca', NULL, 'f17470519474', 'columnlayout', '{"columns": [{"slot": "1", "width": 12}]}'),
	('05a76270b451', '1', 2, NULL, '2023-08-12 18:27:22', '2023-08-12 18:27:22', '88bb1d142aca', '88bb1d142aca', 'f17470519474', 'columnlayout', '{"columns": [{"slot": "1", "width": 9}, {"slot": "2", "width": 3}]}'),
	('c6512f9eeafb', '1', 0, NULL, '2023-08-12 18:27:22', '2023-08-12 18:27:22', '88bb1d142aca', '88bb1d142aca', 'f17470519474', 'columnlayout', '{"columns": [{"slot": "1", "width": 5}, {"slot": "2", "width": 7}]}'),
	('e9ec0da89d2c', NULL, 0, NULL, '2023-08-12 18:28:16', '2023-08-12 18:28:16', 'e9ec0da89d2c', NULL, 'f17470519474', 'columnlayout', '{"columns": [{"slot": "1", "width": 12}]}'),
	('d55155e2d790', '1', 0, NULL, '2023-08-13 10:07:06', '2023-08-13 10:07:09', '815b12c44335', '815b12c44335', 'cfccaecd4bad', 'storyboard', '{"sections": {"7dd8d4fa-e758-450c-a88c-34c2334195a5": {"column1": "", "column3": "", "position": 0, "column2Html": ""}}}'),
	('7bab094cb36c', 'main', 0, NULL, '2023-08-08 10:13:58', '2023-11-12 14:31:00', '95bc7e0ad749', '4c99dcc7513c', 'cfccaecd4bad', 'storyboard', '{"sections": {"101a9918-312b-49b3-a5e5-0a5f886014a6": {"column1": "", "column3": "", "position": 2, "column2Html": "<p>Die Erde ist der einzige bekannte Planet, auf dem Leben existiert. Ihr komplexes Ökosystem umfasst vielfältige Lebensformen, die eng miteinander und mit ihrer Umwelt interagieren.</p>"}, "59c0d77f-7c65-4996-8de1-d44b9665e946": {"column1": "", "column3": "", "position": 4, "column2Html": "<p>Die Erde ist der einzige bekannte Planet, auf dem Leben existiert. Ihr komplexes Ökosystem umfasst vielfältige Lebensformen, die eng miteinander und mit ihrer Umwelt interagieren.</p>"}, "7412b417-389b-4458-b3dc-af3626a34b30": {"column1": "", "column3": "", "position": 1, "column2Html": "<p>Die Erde ist der einzige bekannte Planet, auf dem Leben existiert. Ihr komplexes Ökosystem umfasst vielfältige Lebensformen, die eng miteinander und mit ihrer Umwelt interagieren.</p>"}, "cce00fc2-3ce5-4845-ac8a-c4e434059aef": {"column1": "", "column3": "", "position": 3, "column2Html": "<p>Die Erde ist der einzige bekannte Planet, auf dem Leben existiert. Ihr komplexes Ökosystem umfasst vielfältige Lebensformen, die eng miteinander und mit ihrer Umwelt interagieren.</p>"}}}'),
	('486cadca10d7', '1', 0, NULL, '2023-08-12 17:41:55', '2023-08-12 17:41:55', 'd7c126cfce5e', 'd7c126cfce5e', 'cfccaecd4bad', 'storyboard', '{"sections": {"effa3fa5-cd07-4e82-a8aa-198ed9a7c1d4": {"column1": "", "column3": "", "position": 1, "column2Html": ""}}}'),
	('eef8556055c0', 'aside-bottom', 0, NULL, '2023-08-12 17:41:55', '2023-11-12 15:21:05', '27e64b35f155', 'd5dd031fa651', '4f0c657fecef', 'singletext', '{"html": ""}'),
	('b4beb32f8e5a', 'aside-top', 0, NULL, '2023-08-12 17:41:55', '2023-11-12 15:21:30', '27e64b35f155', 'd5dd031fa651', '318e064ea0c9', 'singletext', '{"html": ""}'),
	('a6f4e5daf463', 'aside-top', 1, NULL, '2023-08-12 17:41:55', '2023-11-12 15:21:22', '27e64b35f155', 'd5dd031fa651', '1a0f84e322c8', 'multiselect', '{"options": {"security": {"checked": false}, "outdoorTechnique": {"checked": false}, "pioneeringTechnique": {"checked": false}, "natureAndEnvironment": {"checked": false}, "campsiteAndSurroundings": {"checked": false}, "preventionAndIntegration": {"checked": false}}}'),
	('c96482c5c6ec', 'aside-top', 2, NULL, '2023-08-12 17:41:55', '2023-11-12 15:21:32', '27e64b35f155', 'd5dd031fa651', '44dcc7493c65', 'singletext', '{"html": ""}'),
	('217775d82f59', NULL, 0, NULL, '2023-08-12 17:47:13', '2023-08-12 17:47:13', '217775d82f59', NULL, 'f17470519474', 'columnlayout', '{"columns": [{"slot": "1", "width": 12}]}'),
	('8ea513ef6b6f', '1', 0, NULL, '2023-08-12 17:47:28', '2023-08-12 17:47:28', '217775d82f59', '217775d82f59', 'f17470519474', 'columnlayout', '{"columns": [{"slot": "1", "width": 6}, {"slot": "2", "width": 6}]}'),
	('36ca7023412d', '1', 0, NULL, '2023-08-12 17:47:48', '2023-08-12 17:47:53', '217775d82f59', '8ea513ef6b6f', 'cfccaecd4bad', 'storyboard', '{"sections": {"51383f87-789a-4c85-ba78-49998c133eb7": {"column1": "", "column3": "", "position": 0, "column2Html": ""}}}'),
	('dccb6be0cb7b', '2', 0, NULL, '2023-08-12 17:47:37', '2023-08-12 17:47:56', '217775d82f59', '8ea513ef6b6f', '318e064ea0c9', 'singletext', '{"html": ""}'),
	('c5d2741d93ca', NULL, 0, NULL, '2023-08-12 17:48:47', '2023-08-12 17:48:47', 'c5d2741d93ca', NULL, 'f17470519474', 'columnlayout', '{"columns": [{"slot": "1", "width": 12}]}'),
	('f4e212128651', '1', 1, NULL, '2023-08-12 17:48:57', '2023-08-12 17:48:57', 'c5d2741d93ca', 'c5d2741d93ca', '318e064ea0c9', 'singletext', '{"html": ""}'),
	('6fd5aaa80862', '1', 0, NULL, '2023-08-12 17:49:00', '2023-08-12 17:49:02', 'c5d2741d93ca', 'c5d2741d93ca', 'cfccaecd4bad', 'storyboard', '{"sections": {"6914027c-457f-41a9-be0c-962a6a5e0937": {"column1": "", "column3": "", "position": 0, "column2Html": ""}}}'),
	('0f50c26e1edb', NULL, 0, NULL, '2023-08-12 17:49:49', '2023-08-12 17:49:49', '0f50c26e1edb', NULL, 'f17470519474', 'columnlayout', '{"columns": [{"slot": "1", "width": 12}]}'),
	('bfffe1d5d902', '1', 0, NULL, '2023-08-12 17:50:02', '2023-08-12 17:50:02', '0f50c26e1edb', '0f50c26e1edb', 'cfccaecd4bad', 'storyboard', '{"sections": {"d663683f-d2c9-4b9c-abcd-6ea442fbb496": {"column1": "", "column3": "", "position": 0, "column2Html": ""}}}'),
	('e04bc7243067', NULL, 0, NULL, '2023-08-12 17:53:02', '2023-08-12 17:53:02', 'e04bc7243067', NULL, 'f17470519474', 'columnlayout', '{"columns": [{"slot": "1", "width": 12}]}'),
	('9c8fb28302ad', '1', 0, NULL, '2023-08-12 17:53:07', '2023-08-12 17:53:07', 'e04bc7243067', 'e04bc7243067', 'cfccaecd4bad', 'storyboard', '{"sections": {"4b6cdc24-780b-473b-bfed-20dca5b48feb": {"column1": "", "column3": "", "position": 0, "column2Html": ""}}}'),
	('4d6fc8cad40a', '1', 1, NULL, '2023-08-12 17:53:09', '2023-08-12 17:53:09', 'e04bc7243067', 'e04bc7243067', '318e064ea0c9', 'singletext', '{"html": ""}'),
	('a7f30ddb4934', NULL, 0, NULL, '2023-08-12 17:54:05', '2023-08-12 17:54:05', 'a7f30ddb4934', NULL, 'f17470519474', 'columnlayout', '{"columns": [{"slot": "1", "width": 12}]}'),
	('217f92d397f9', '1', 0, NULL, '2023-08-12 17:54:08', '2023-08-12 17:54:08', 'a7f30ddb4934', 'a7f30ddb4934', 'cfccaecd4bad', 'storyboard', '{"sections": {"f74b338c-dbf9-443a-9569-a3f8a8e07cda": {"column1": "", "column3": "", "position": 0, "column2Html": ""}}}'),
	('3e6e0668464c', '1', 1, NULL, '2023-08-12 17:54:10', '2023-08-12 17:54:10', 'a7f30ddb4934', 'a7f30ddb4934', '318e064ea0c9', 'singletext', '{"html": ""}'),
	('9ee138de38d1', NULL, 0, NULL, '2023-08-12 18:00:14', '2023-08-12 18:00:14', '9ee138de38d1', NULL, 'f17470519474', 'columnlayout', '{"columns": [{"slot": "1", "width": 12}]}'),
	('9846c16a51f8', NULL, 0, NULL, '2023-08-12 18:01:46', '2023-08-12 18:01:46', '9846c16a51f8', NULL, 'f17470519474', 'columnlayout', '{"columns": [{"slot": "1", "width": 12}]}'),
	('c4cc88ebf403', NULL, 0, NULL, '2023-08-12 18:06:35', '2023-08-12 18:06:35', 'c4cc88ebf403', NULL, 'f17470519474', 'columnlayout', '{"columns": [{"slot": "1", "width": 12}]}'),
	('154666c4f0d3', NULL, 0, NULL, '2023-08-12 18:09:07', '2023-08-12 18:09:07', '154666c4f0d3', NULL, 'f17470519474', 'columnlayout', '{"columns": [{"slot": "1", "width": 12}]}'),
	('27a88911cbaf', '1', 0, NULL, '2023-08-12 18:14:03', '2023-08-12 18:14:03', '6df3f26910df', 'f0006e836113', 'cfccaecd4bad', 'storyboard', '{"sections": {"51383f87-789a-4c85-ba78-49998c133eb7": {"column1": "", "column3": "", "position": 0, "column2Html": ""}}}'),
	('6df3f26910df', NULL, 0, NULL, '2023-08-12 18:14:03', '2023-08-12 18:14:03', '6df3f26910df', NULL, 'f17470519474', 'columnlayout', '{"columns": [{"slot": "1", "width": 12}]}'),
	('f0006e836113', '1', 0, NULL, '2023-08-12 18:14:03', '2023-08-12 18:14:03', '6df3f26910df', '6df3f26910df', 'f17470519474', 'columnlayout', '{"columns": [{"slot": "1", "width": 6}, {"slot": "2", "width": 6}]}'),
	('de375c5a00ad', '1', 0, NULL, '2023-08-12 18:16:40', '2023-08-12 18:16:40', '7aa7ced7211f', '7aa7ced7211f', 'cfccaecd4bad', 'storyboard', '{"sections": {"62125270-d4c4-47a9-9bb9-615225c1f4db": {"column1": "", "column3": "", "position": 0, "column2Html": ""}}}'),
	('7aa7ced7211f', NULL, 0, NULL, '2023-08-12 18:16:40', '2023-08-12 18:16:40', '7aa7ced7211f', NULL, 'f17470519474', 'columnlayout', '{"columns": [{"slot": "1", "width": 12}]}'),
	('8b7db25b7041', '1', 0, NULL, '2023-08-12 18:19:11', '2023-08-12 18:19:11', 'f8af96f04bc8', 'f8af96f04bc8', 'cfccaecd4bad', 'storyboard', '{"sections": {"4b6cdc24-780b-473b-bfed-20dca5b48feb": {"column1": "", "column3": "", "position": 0, "column2Html": ""}}}'),
	('60bd16378b8d', '2', 0, NULL, '2023-08-12 18:27:22', '2023-08-12 18:27:22', '88bb1d142aca', 'c6512f9eeafb', '44dcc7493c65', 'singletext', '{"html": ""}'),
	('a55ec37b78a3', '1', 1, NULL, '2023-08-12 18:16:40', '2023-08-13 06:10:14', '7aa7ced7211f', '7aa7ced7211f', '318e064ea0c9', 'singletext', '{"html": "<p>Aliquam etiam erat velit scelerisque in dictum. Fermentum leo vel orci porta non. Aliquet lectus proin nibh nisl condimentum id. Consectetur lorem donec massa sapien. Ornare aenean euismod elementum nisi. Euismod elementum nisi quis eleifend quam. Aenean vel elit scelerisque mauris pellentesque pulvinar pellentesque. Eu scelerisque felis imperdiet proin. Ut enim blandit volutpat maecenas. Dignissim diam quis enim lobortis scelerisque fermentum dui faucibus. Volutpat consequat mauris nunc congue nisi vitae suscipit tellus. Nisl pretium fusce id velit ut tortor. In mollis nunc sed id semper risus. Sed ullamcorper morbi tincidunt ornare. Proin libero nunc consequat interdum varius sit amet. Tincidunt lobortis feugiat vivamus at augue eget. Viverra aliquet eget sit amet.</p>"}'),
	('efa17bbc2bc1', NULL, 0, 'est', '2023-08-13 06:32:29', '2023-08-13 06:32:29', 'efa17bbc2bc1', NULL, 'f17470519474', 'columnlayout', '{"columns": [{"slot": "1", "width": 12}]}'),
	('72f2b40a149b', NULL, 0, NULL, '2023-08-13 06:32:29', '2023-08-13 06:32:29', '72f2b40a149b', NULL, 'f17470519474', 'columnlayout', '{"columns": [{"slot": "1", "width": 12}]}'),
	('f102f51058ab', '1', 0, NULL, '2023-08-12 18:28:16', '2023-08-12 18:28:16', 'e9ec0da89d2c', 'e9ec0da89d2c', 'cfccaecd4bad', 'storyboard', '{"sections": {"7ad0a22b-5078-4993-a2a1-2135b8aeec94": {"column1": "", "column3": "", "position": 0, "column2Html": ""}}}'),
	('649999bf9c5c', '1', 0, NULL, '2023-08-12 18:30:00', '2023-08-12 18:30:00', '4d667e2f8fb9', '4d667e2f8fb9', 'cfccaecd4bad', 'storyboard', '{"sections": {"f74b338c-dbf9-443a-9569-a3f8a8e07cda": {"column1": "", "column3": "", "position": 0, "column2Html": ""}}}'),
	('4d667e2f8fb9', NULL, 0, NULL, '2023-08-12 18:30:00', '2023-08-12 18:30:00', '4d667e2f8fb9', NULL, 'f17470519474', 'columnlayout', '{"columns": [{"slot": "1", "width": 12}]}'),
	('3e4c53c53bf6', '1', 1, NULL, '2023-08-12 18:31:47', '2023-08-12 18:31:47', '4b5f5f327ef3', '4b5f5f327ef3', 'cfccaecd4bad', 'storyboard', '{"sections": {"effa3fa5-cd07-4e82-a8aa-198ed9a7c1d4": {"column1": "", "column3": "", "position": 1, "column2Html": ""}}}'),
	('da95f5644adf', '1', 0, NULL, '2023-08-12 18:31:47', '2023-08-12 18:31:47', '4b5f5f327ef3', '173c5da16dfe', '3ef17bd1df72', 'materialnode', NULL),
	('ee9e6a72393f', '2', 0, NULL, '2023-08-12 18:31:47', '2023-08-12 18:31:47', '4b5f5f327ef3', '173c5da16dfe', '4f0c657fecef', 'singletext', '{"html": ""}'),
	('5bd13d9bef03', '2', 0, NULL, '2023-08-12 18:31:47', '2023-08-12 18:31:47', '4b5f5f327ef3', '40aa36fceb38', '44dcc7493c65', 'singletext', '{"html": ""}'),
	('4b5f5f327ef3', NULL, 0, NULL, '2023-08-12 18:31:47', '2023-08-12 18:31:47', '4b5f5f327ef3', NULL, 'f17470519474', 'columnlayout', '{"columns": [{"slot": "1", "width": 12}]}'),
	('173c5da16dfe', '1', 2, NULL, '2023-08-12 18:31:47', '2023-08-12 18:31:47', '4b5f5f327ef3', '4b5f5f327ef3', 'f17470519474', 'columnlayout', '{"columns": [{"slot": "1", "width": 9}, {"slot": "2", "width": 3}]}'),
	('40aa36fceb38', '1', 0, NULL, '2023-08-12 18:31:47', '2023-08-12 18:31:47', '4b5f5f327ef3', '4b5f5f327ef3', 'f17470519474', 'columnlayout', '{"columns": [{"slot": "1", "width": 5}, {"slot": "2", "width": 7}]}'),
	('fde96adeb047', '1', 0, NULL, '2023-08-12 18:33:21', '2023-08-12 18:33:21', 'b288dfb4f786', 'b288dfb4f786', 'cfccaecd4bad', 'storyboard', '{"sections": {"f74b338c-dbf9-443a-9569-a3f8a8e07cda": {"column1": "", "column3": "", "position": 0, "column2Html": ""}}}'),
	('b288dfb4f786', NULL, 0, NULL, '2023-08-12 18:33:21', '2023-08-12 18:33:21', 'b288dfb4f786', NULL, 'f17470519474', 'columnlayout', '{"columns": [{"slot": "1", "width": 12}]}'),
	('48c7eb5df80c', 'aside-top', 0, NULL, '2023-08-13 06:32:29', '2023-11-12 15:09:47', '8f6a099e06ba', '50f11620bd19', '318e064ea0c9', 'singletext', '{"html": ""}'),
	('335448226d2a', NULL, 0, NULL, '2023-09-29 23:59:20', '2023-09-29 23:59:20', '335448226d2a', NULL, 'f17470519474', 'columnlayout', '{"columns": [{"slot": "1", "width": 12}]}'),
	('42780d176394', '3', 0, NULL, '2023-08-12 18:36:20', '2023-08-12 18:36:20', 'e3344c9ca3cf', '0f588cf66ba6', '1a0f84e322c8', 'multiselect', '{"options": {"security": {"checked": false}, "outdoorTechnique": {"checked": false}, "pioneeringTechnique": {"checked": false}, "natureAndEnvironment": {"checked": false}, "campsiteAndSurroundings": {"checked": false}, "preventionAndIntegration": {"checked": false}}}'),
	('f3f5216bd5dc', '1', 1, NULL, '2023-08-12 18:36:20', '2023-08-12 18:36:20', 'e3344c9ca3cf', 'e3344c9ca3cf', 'cfccaecd4bad', 'storyboard', '{"sections": {"4c126a50-f729-46a7-8326-811586922995": {"column1": "", "column3": "", "position": 1, "column2Html": ""}}}'),
	('f237a0699a62', '2', 0, NULL, '2023-08-12 18:36:20', '2023-08-12 18:36:20', 'e3344c9ca3cf', '2eab296877ba', '4f0c657fecef', 'singletext', '{"html": ""}'),
	('2e998b2a171a', '2', 0, NULL, '2023-08-12 18:36:20', '2023-08-12 18:36:20', 'e3344c9ca3cf', '0f588cf66ba6', '44dcc7493c65', 'singletext', '{"html": ""}'),
	('01b470ad8ca4', '1', 0, NULL, '2023-08-12 18:36:20', '2023-08-12 18:36:20', 'e3344c9ca3cf', '2eab296877ba', '3ef17bd1df72', 'materialnode', NULL),
	('e3344c9ca3cf', NULL, 0, NULL, '2023-08-12 18:36:20', '2023-08-12 18:36:20', 'e3344c9ca3cf', NULL, 'f17470519474', 'columnlayout', '{"columns": [{"slot": "1", "width": 12}]}'),
	('2eab296877ba', '1', 2, NULL, '2023-08-12 18:36:20', '2023-08-12 18:36:20', 'e3344c9ca3cf', 'e3344c9ca3cf', 'f17470519474', 'columnlayout', '{"columns": [{"slot": "1", "width": 9}, {"slot": "2", "width": 3}]}'),
	('0f588cf66ba6', '1', 0, NULL, '2023-08-12 18:36:20', '2023-08-12 18:36:20', 'e3344c9ca3cf', 'e3344c9ca3cf', 'f17470519474', 'columnlayout', '{"columns": [{"slot": "1", "width": 4}, {"slot": "2", "width": 5}, {"slot": "3", "width": 3}]}'),
	('6bdb64691d98', NULL, 0, NULL, '2023-08-13 06:32:29', '2023-08-13 06:32:29', '6bdb64691d98', NULL, 'f17470519474', 'columnlayout', '{"columns": [{"slot": "1", "width": 12}]}'),
	('a58b73ecd766', 'main', 1, NULL, '2023-08-12 18:38:52', '2023-12-03 19:10:07', '20ed0b8eb618', '49debe3d36db', '3ef17bd1df72', 'materialnode', NULL),
	('71d5d4e0ad42', 'aside-top', 2, NULL, '2023-08-12 18:38:52', '2023-12-03 19:10:30', '20ed0b8eb618', '49debe3d36db', '44dcc7493c65', 'singletext', '{"html": ""}'),
	('20ed0b8eb618', NULL, 0, NULL, '2023-08-12 18:38:52', '2023-08-12 18:38:52', '20ed0b8eb618', NULL, 'f17470519474', 'columnlayout', '{"columns": [{"slot": "1", "width": 12}]}'),
	('b71d86643a0c', 'aside-bottom', 0, NULL, '2023-08-13 10:10:33', '2023-11-12 15:11:55', '5e79056873f5', 'bca2e0fddf04', '4f0c657fecef', 'singletext', '{"html": ""}'),
	('a5f0e0e3b8bc', NULL, 0, NULL, '2023-08-12 19:20:17', '2023-08-12 19:20:17', 'a5f0e0e3b8bc', NULL, 'f17470519474', 'columnlayout', '{"columns": [{"slot": "1", "width": 12}]}'),
	('f01c296a155c', '1', 0, NULL, '2023-08-12 19:20:22', '2023-08-12 19:20:22', 'a5f0e0e3b8bc', 'a5f0e0e3b8bc', '4f0c657fecef', 'singletext', '{"html": ""}'),
	('e17b32939195', '1', 0, NULL, '2023-08-13 10:04:35', '2023-08-13 10:04:35', 'f34d737a15b1', 'f34d737a15b1', 'f17470519474', 'columnlayout', '{"columns": [{"slot": "1", "width": 5}, {"slot": "2", "width": 7}]}'),
	('f755121d1699', '1', 0, NULL, '2023-08-13 10:04:35', '2023-08-13 10:11:19', 'f34d737a15b1', 'e17b32939195', '318e064ea0c9', 'singletext', '{"html": "<p>Die Teilnehmer werden in die Grundlagen des Lichtschwertkampfes eingeführt. Sie lernen verschiedene Stile und Techniken kennen, während sie sich als junge Padawane fühlen.</p>"}'),
	('815b12c44335', NULL, 0, NULL, '2023-08-13 10:05:58', '2023-08-13 10:05:58', '815b12c44335', NULL, 'f17470519474', 'columnlayout', '{"columns": [{"slot": "1", "width": 12}]}'),
	('ed4ddaa3bfdf', '1', 1, NULL, '2023-08-12 18:19:11', '2023-08-13 06:09:41', 'f8af96f04bc8', 'f8af96f04bc8', '318e064ea0c9', 'singletext', '{"html": "<p>In fermentum et sollicitudin ac orci phasellus egestas tellus. Eleifend quam adipiscing vitae proin sagittis nisl rhoncus mattis rhoncus. Ultrices sagittis orci a scelerisque purus. Interdum varius sit amet mattis vulputate enim NULLa aliquet porttitor. In hac habitasse platea dictumst quisque sagittis purus. Proin sagittis nisl rhoncus mattis rhoncus urna neque viverra justo. Fermentum dui faucibus in ornare quam viverra orci sagittis. Elementum nisi quis eleifend quam adipiscing vitae. Ullamcorper velit sed ullamcorper morbi tincidunt ornare massa. Consectetur lorem donec massa sapien faucibus et molestie ac. In hac habitasse platea dictumst vestibulum. Arcu bibendum at varius vel pharetra vel turpis. Venenatis tellus in metus vulputate eu. Massa sapien faucibus et molestie ac. Neque vitae tempus quam pellentesque nec nam aliquam sem et. Vitae proin sagittis nisl rhoncus mattis. Neque vitae tempus quam pellentesque nec nam aliquam sem et. Id eu nisl nunc mi ipsum faucibus. Consectetur libero id faucibus nisl tincidunt eget NULLam. Cursus sit amet dictum sit amet.</p>"}'),
	('3e436ed1b767', '2', 0, NULL, '2023-08-12 18:14:03', '2023-08-13 06:09:46', '6df3f26910df', 'f0006e836113', '318e064ea0c9', 'singletext', '{"html": "<p>Vitae aliquet nec ullamcorper sit amet. Urna neque viverra justo nec ultrices dui. Consequat semper viverra nam libero. NULLam eget felis eget nunc lobortis mattis aliquam faucibus purus. Dignissim cras tincidunt lobortis feugiat vivamus at. Sed odio morbi quis commodo odio aenean sed adipiscing. Vitae et leo duis ut diam quam NULLa porttitor massa. Quam id leo in vitae turpis. Id interdum velit laoreet id donec ultrices tincidunt. Sed viverra ipsum nunc aliquet bibendum enim facilisis.</p>"}'),
	('29f755ed1bd6', '1', 1, NULL, '2023-08-12 18:22:36', '2023-08-13 06:09:52', 'c8540c7cff9a', 'c8540c7cff9a', '318e064ea0c9', 'singletext', '{"html": "<p>Viverra justo nec ultrices dui sapien eget mi proin sed. Viverra suspendisse potenti NULLam ac tortor vitae purus faucibus. Fusce id velit ut tortor. Odio ut enim blandit volutpat maecenas volutpat blandit aliquam. Varius morbi enim nunc faucibus a. Cursus risus at ultrices mi tempus imperdiet NULLa. Tempus quam pellentesque nec nam aliquam sem et. Pulvinar etiam non quam lacus suspendisse faucibus interdum posuere. Bibendum arcu vitae elementum curabitur vitae nunc sed. Venenatis cras sed felis eget velit aliquet. NULLam vehicula ipsum a arcu cursus vitae congue mauris rhoncus. Risus sed vulputate odio ut enim. Ullamcorper velit sed ullamcorper morbi tincidunt ornare. Massa tincidunt nunc pulvinar sapien. Lacus luctus accumsan tortor posuere ac ut. Magna fermentum iaculis eu non diam phasellus vestibulum. Molestie ac feugiat sed lectus vestibulum mattis ullamcorper velit. Gravida neque convallis a cras. Hendrerit gravida rutrum quisque non tellus orci ac auctor. Purus faucibus ornare suspendisse sed nisi lacus sed viverra.</p>"}'),
	('e0de7ea23e09', '1', 0, NULL, '2023-08-12 18:27:22', '2023-08-13 06:10:04', '88bb1d142aca', 'c6512f9eeafb', '318e064ea0c9', 'singletext', '{"html": "<p>Fermentum et sollicitudin ac orci phasellus egestas tellus rutrum. Et odio pellentesque diam volutpat commodo sed egestas. Sit amet volutpat consequat mauris nunc congue nisi vitae suscipit. Phasellus vestibulum lorem sed risus ultricies tristique NULLa. Orci porta non pulvinar neque. Id neque aliquam vestibulum morbi blandit cursus risus. Ut porttitor leo a diam. Laoreet non curabitur gravida arcu ac tortor. Mattis nunc sed blandit libero volutpat sed cras ornare. Malesuada fames ac turpis egestas maecenas pharetra. Lacus suspendisse faucibus interdum posuere lorem ipsum dolor sit. Diam volutpat commodo sed egestas egestas fringilla phasellus faucibus scelerisque. Mattis vulputate enim NULLa aliquet porttitor lacus luctus accumsan. Iaculis at erat pellentesque adipiscing commodo. Tellus cras adipiscing enim eu turpis egestas pretium aenean pharetra. Pellentesque habitant morbi tristique senectus et netus.</p>"}'),
	('aa068525425b', '1', 1, NULL, '2023-09-29 23:53:00', '2023-09-29 23:53:00', '3d0e24f5a2c7', '3d0e24f5a2c7', '318e064ea0c9', 'singletext', '{"html": ""}'),
	('273c3363d701', '1', 1, NULL, '2023-08-12 18:30:00', '2023-08-13 06:10:32', '4d667e2f8fb9', '4d667e2f8fb9', '318e064ea0c9', 'singletext', '{"html": "<p>Fames ac turpis egestas sed tempus. Tristique sollicitudin nibh sit amet commodo NULLa facilisi NULLam vehicula. Tellus elementum sagittis vitae et leo duis ut. Dictumst vestibulum rhoncus est pellentesque elit ullamcorper dignissim cras. Sed vulputate mi sit amet mauris. Vitae tortor condimentum lacinia quis. Malesuada bibendum arcu vitae elementum curabitur vitae nunc sed velit. A cras semper auctor neque vitae. Dictum varius duis at consectetur lorem donec massa sapien faucibus. Blandit turpis cursus in hac habitasse platea dictumst. Ligula ullamcorper malesuada proin libero nunc consequat interdum varius sit. Lorem donec massa sapien faucibus. Bibendum enim facilisis gravida neque convallis. Lacus suspendisse faucibus interdum posuere lorem ipsum. Urna et pharetra pharetra massa massa. Scelerisque in dictum non consectetur a erat nam at. Id nibh tortor id aliquet lectus. Cursus sit amet dictum sit amet justo. Nunc scelerisque viverra mauris in aliquam sem.</p>"}'),
	('c58e7b8d8c43', 'main', 0, NULL, '2023-08-12 18:38:52', '2023-12-03 19:10:17', '20ed0b8eb618', '49debe3d36db', 'cfccaecd4bad', 'storyboard', '{"sections": {"4c126a50-f729-46a7-8326-811586922995": {"column1": "", "column3": "", "position": 1, "column2Html": ""}}}'),
	('8f6a099e06ba', NULL, 0, NULL, '2023-08-13 06:32:29', '2023-08-13 06:32:29', '8f6a099e06ba', NULL, 'f17470519474', 'columnlayout', '{"columns": [{"slot": "1", "width": 12}]}'),
	('4f8a50e501de', NULL, 0, NULL, '2023-08-13 06:37:10', '2023-08-13 06:37:10', '4f8a50e501de', NULL, 'f17470519474', 'columnlayout', '{"columns": [{"slot": "1", "width": 12}]}'),
	('5d4427d8dd39', 'aside-bottom', 0, NULL, '2023-08-13 10:14:43', '2023-11-12 15:13:27', '09ead4386a10', 'ed8a9e708bb3', '4f0c657fecef', 'singletext', '{"html": ""}'),
	('eea9eb31324f', '1', 1, NULL, '2023-08-12 18:28:16', '2023-08-13 06:10:37', 'e9ec0da89d2c', 'e9ec0da89d2c', '318e064ea0c9', 'singletext', '{"html": "<p>Lacus viverra vitae congue eu. Vestibulum morbi blandit cursus risus at ultrices mi. Volutpat ac tincidunt vitae semper quis lectus NULLa at volutpat. Accumsan sit amet NULLa facilisi morbi tempus. Duis convallis convallis tellus id interdum velit laoreet. Sed enim ut sem viverra aliquet. Elementum nibh tellus molestie nunc non blandit massa enim. Auctor augue mauris augue neque gravida in. Odio tempor orci dapibus ultrices in iaculis nunc. Vel quam elementum pulvinar etiam non quam lacus suspendisse. Quisque non tellus orci ac. Ipsum nunc aliquet bibendum enim facilisis gravida neque convallis a.</p>"}'),
	('8079a6b46443', '1', 0, NULL, '2023-08-12 18:31:47', '2023-08-13 06:10:43', '4b5f5f327ef3', '40aa36fceb38', '318e064ea0c9', 'singletext', '{"html": "<p>Elit at imperdiet dui accumsan sit amet. Nibh tellus molestie nunc non blandit massa enim nec. Semper feugiat nibh sed pulvinar proin gravida hendrerit. Blandit turpis cursus in hac habitasse platea dictumst quisque sagittis. Eu feugiat pretium nibh ipsum consequat nisl vel pretium lectus. Lorem ipsum dolor sit amet. Lobortis mattis aliquam faucibus purus. Sed tempus urna et pharetra pharetra massa. Gravida in fermentum et sollicitudin ac orci phasellus egestas tellus. Accumsan in nisl nisi scelerisque. Quisque id diam vel quam elementum pulvinar. Nunc mi ipsum faucibus vitae aliquet nec ullamcorper. Purus sit amet volutpat consequat. Nisi vitae suscipit tellus mauris a diam maecenas sed enim. Eget mi proin sed libero. Pretium fusce id velit ut. Placerat orci NULLa pellentesque dignissim enim sit amet venenatis. Luctus venenatis lectus magna fringilla urna.</p>"}'),
	('8447bbd57d29', '1', 1, NULL, '2023-08-12 18:33:21', '2023-08-13 06:10:52', 'b288dfb4f786', 'b288dfb4f786', '318e064ea0c9', 'singletext', '{"html": "<p>Ridiculus mus mauris vitae ultricies leo integer malesuada nunc. Blandit libero volutpat sed cras ornare arcu dui vivamus arcu. Interdum consectetur libero id faucibus nisl tincidunt eget NULLam. Nunc sed blandit libero volutpat sed cras ornare arcu dui. Turpis egestas integer eget aliquet nibh. Orci porta non pulvinar neque laoreet suspendisse interdum consectetur libero. Risus feugiat in ante metus dictum at. Id semper risus in hendrerit gravida rutrum quisque non. Viverra aliquet eget sit amet tellus cras adipiscing enim. Elementum sagittis vitae et leo duis ut. Lacus sed turpis tincidunt id aliquet risus feugiat in. Duis ut diam quam NULLa porttitor massa. Et sollicitudin ac orci phasellus. Amet nisl purus in mollis nunc sed id. Auctor elit sed vulputate mi sit amet.</p>"}'),
	('05bdb354a10b', '1', 0, NULL, '2023-08-12 18:36:20', '2023-08-13 06:11:19', 'e3344c9ca3cf', '0f588cf66ba6', '318e064ea0c9', 'singletext', '{"html": "<p>Ipsum consequat nisl vel pretium lectus quam id leo in. Ipsum a arcu cursus vitae congue mauris rhoncus. Egestas fringilla phasellus faucibus scelerisque eleifend donec pretium vulputate. Lorem dolor sed viverra ipsum nunc aliquet bibendum enim. In ante metus dictum at tempor commodo. Velit dignissim sodales ut eu. Nibh mauris cursus mattis molestie a iaculis at. Ut porttitor leo a diam sollicitudin tempor id eu. Purus non enim praesent elementum facilisis leo. Bibendum est ultricies integer quis. Et leo duis ut diam quam NULLa porttitor. Nibh nisl condimentum id venenatis a condimentum vitae.</p>"}'),
	('7b2572e7f40a', NULL, 0, NULL, '2023-08-13 06:33:19', '2023-08-13 06:33:19', '7b2572e7f40a', NULL, 'f17470519474', 'columnlayout', '{"columns": [{"slot": "1", "width": 12}]}'),
	('584a86a56d3f', NULL, 0, NULL, '2023-08-13 06:35:22', '2023-08-13 06:35:22', '584a86a56d3f', NULL, 'f17470519474', 'columnlayout', '{"columns": [{"slot": "1", "width": 12}]}'),
	('bb7cd2c2b085', NULL, 0, NULL, '2023-08-13 06:36:26', '2023-08-13 06:36:26', 'bb7cd2c2b085', NULL, 'f17470519474', 'columnlayout', '{"columns": [{"slot": "1", "width": 12}]}'),
	('5767558f6f91', 'main', 1, NULL, '2023-08-13 06:33:53', '2023-11-12 15:07:31', '7b2572e7f40a', 'c96d75c62cc8', '3ef17bd1df72', 'materialnode', NULL),
	('87ca3f03cc73', 'aside-bottom', 0, NULL, '2023-08-13 06:32:29', '2023-11-12 15:07:50', '72f2b40a149b', '5e88ce1b6103', '4f0c657fecef', 'singletext', '{"html": ""}'),
	('9afe1dbebe31', 'aside-top', 1, NULL, '2023-08-13 06:32:29', '2023-11-12 15:08:06', '72f2b40a149b', '5e88ce1b6103', '44dcc7493c65', 'singletext', '{"html": ""}'),
	('26358f8a4a91', 'aside-top', 2, NULL, '2023-08-13 06:32:29', '2023-11-12 15:08:04', '72f2b40a149b', '5e88ce1b6103', '1a0f84e322c8', 'multiselect', '{"options": {"security": {"checked": false}, "outdoorTechnique": {"checked": false}, "pioneeringTechnique": {"checked": false}, "natureAndEnvironment": {"checked": false}, "campsiteAndSurroundings": {"checked": false}, "preventionAndIntegration": {"checked": false}}}'),
	('d3b8dd2857e0', 'main', 0, NULL, '2023-08-13 06:32:29', '2023-11-12 15:09:23', '72f2b40a149b', '5e88ce1b6103', 'cfccaecd4bad', 'storyboard', '{"sections": {"4c126a50-f729-46a7-8326-811586922995": {"column1": "", "column3": "", "position": 1, "column2Html": ""}}}'),
	('0a8f98c3aca7', 'aside-bottom', 0, NULL, '2023-08-13 06:32:29', '2023-11-12 15:09:37', '8f6a099e06ba', '50f11620bd19', '4f0c657fecef', 'singletext', '{"html": ""}'),
	('b17994b26577', 'aside-top', 1, NULL, '2023-08-13 06:32:29', '2023-11-12 15:09:45', '8f6a099e06ba', '50f11620bd19', '44dcc7493c65', 'singletext', '{"html": ""}'),
	('7318428bd0fc', 'main', 0, NULL, '2023-08-13 06:32:29', '2023-11-12 15:10:19', '8f6a099e06ba', '50f11620bd19', 'cfccaecd4bad', 'storyboard', '{"sections": {"effa3fa5-cd07-4e82-a8aa-198ed9a7c1d4": {"column1": "", "column3": "", "position": 1, "column2Html": ""}}}'),
	('a1e1f0361b66', 'aside-bottom', 0, NULL, '2023-08-13 06:32:29', '2023-11-12 15:10:29', 'efa17bbc2bc1', '6dd5ea728cfc', '4f0c657fecef', 'singletext', '{"html": ""}'),
	('d4ca2b75364e', 'main', 0, NULL, '2023-08-13 06:32:29', '2023-11-12 15:10:45', 'efa17bbc2bc1', '6dd5ea728cfc', 'cfccaecd4bad', 'storyboard', '{"sections": {"7412b417-389b-4458-b3dc-af3626a34b30": {"column1": "", "column3": "", "position": 1, "column2Html": ""}}}'),
	('20e735fbf78b', 'aside-top', 1, NULL, '2023-08-13 06:32:29', '2023-11-12 15:10:48', 'efa17bbc2bc1', '6dd5ea728cfc', '44dcc7493c65', 'singletext', '{"html": ""}'),
	('4f8ea29ad597', 'aside-top', 0, NULL, '2023-08-13 06:32:29', '2023-11-12 15:10:50', 'efa17bbc2bc1', '6dd5ea728cfc', '318e064ea0c9', 'singletext', '{"html": ""}'),
	('9bd1ce09a089', 'aside-top', 1, NULL, '2023-08-13 10:14:43', '2023-11-12 15:13:55', '09ead4386a10', 'ed8a9e708bb3', '1a0f84e322c8', 'multiselect', '{"options": {"security": {"checked": false}, "outdoorTechnique": {"checked": false}, "pioneeringTechnique": {"checked": false}, "natureAndEnvironment": {"checked": false}, "campsiteAndSurroundings": {"checked": false}, "preventionAndIntegration": {"checked": false}}}'),
	('a2e9c958f4e3', NULL, 0, NULL, '2023-08-13 06:38:15', '2023-08-13 06:38:15', 'a2e9c958f4e3', NULL, 'f17470519474', 'columnlayout', '{"columns": [{"slot": "1", "width": 12}]}'),
	('fff09d43aa3b', NULL, 0, NULL, '2023-08-13 06:39:31', '2023-08-13 06:39:31', 'fff09d43aa3b', NULL, 'f17470519474', 'columnlayout', '{"columns": [{"slot": "1", "width": 12}]}'),
	('0639e34b166c', NULL, 0, NULL, '2023-08-13 06:40:43', '2023-08-13 06:40:43', '0639e34b166c', NULL, 'f17470519474', 'columnlayout', '{"columns": [{"slot": "1", "width": 12}]}'),
	('beba1a1f93fe', NULL, 0, NULL, '2023-08-13 07:03:10', '2023-08-13 07:03:10', 'beba1a1f93fe', NULL, 'f17470519474', 'columnlayout', '{"columns": [{"slot": "1", "width": 12}]}'),
	('62678544ab73', NULL, 0, NULL, '2023-08-13 07:05:51', '2023-08-13 07:05:51', '62678544ab73', NULL, 'f17470519474', 'columnlayout', '{"columns": [{"slot": "1", "width": 12}]}'),
	('72955311ccf8', NULL, 0, NULL, '2023-08-13 09:53:25', '2023-08-13 09:53:25', '72955311ccf8', NULL, 'f17470519474', 'columnlayout', '{"columns": [{"slot": "1", "width": 12}]}'),
	('f6bed365c121', NULL, 0, NULL, '2023-08-13 09:54:20', '2023-08-13 09:54:20', 'f6bed365c121', NULL, 'f17470519474', 'columnlayout', '{"columns": [{"slot": "1", "width": 12}]}'),
	('eb8b64a48a56', NULL, 0, NULL, '2023-08-13 09:57:08', '2023-08-13 09:57:08', 'eb8b64a48a56', NULL, 'f17470519474', 'columnlayout', '{"columns": [{"slot": "1", "width": 12}]}'),
	('d70aab3f5cdf', NULL, 0, NULL, '2023-08-13 10:02:36', '2023-08-13 10:02:36', 'd70aab3f5cdf', NULL, 'f17470519474', 'columnlayout', '{"columns": [{"slot": "1", "width": 12}]}'),
	('d31be29cd57f', '1', 1, NULL, '2023-08-13 10:04:35', '2023-08-13 10:04:35', 'f34d737a15b1', 'f34d737a15b1', 'cfccaecd4bad', 'storyboard', '{"sections": {"7412b417-389b-4458-b3dc-af3626a34b30": {"column1": "", "column3": "", "position": 1, "column2Html": ""}}}'),
	('3ed0b9adefec', '2', 0, NULL, '2023-08-13 10:04:35', '2023-08-13 10:04:35', 'f34d737a15b1', 'ebc0afaef9fe', '4f0c657fecef', 'singletext', '{"html": ""}'),
	('d29b9ec6b7b5', '2', 0, NULL, '2023-08-13 10:04:35', '2023-08-13 10:04:35', 'f34d737a15b1', 'e17b32939195', '44dcc7493c65', 'singletext', '{"html": ""}'),
	('1e73dbf0ccf4', '1', 0, NULL, '2023-08-13 10:04:35', '2023-08-13 10:04:35', 'f34d737a15b1', 'ebc0afaef9fe', '3ef17bd1df72', 'materialnode', NULL),
	('f34d737a15b1', NULL, 0, 'est', '2023-08-13 10:04:35', '2023-08-13 10:04:35', 'f34d737a15b1', NULL, 'f17470519474', 'columnlayout', '{"columns": [{"slot": "1", "width": 12}]}'),
	('ebc0afaef9fe', '1', 2, NULL, '2023-08-13 10:04:35', '2023-08-13 10:04:35', 'f34d737a15b1', 'f34d737a15b1', 'f17470519474', 'columnlayout', '{"columns": [{"slot": "1", "width": 9}, {"slot": "2", "width": 3}]}'),
	('25938582aa73', '1', 0, NULL, '2023-08-13 10:08:27', '2023-08-13 10:08:27', 'e0159ce20e90', 'e0159ce20e90', 'cfccaecd4bad', 'storyboard', '{"sections": {"7dd8d4fa-e758-450c-a88c-34c2334195a5": {"column1": "", "column3": "", "position": 0, "column2Html": ""}}}'),
	('e0159ce20e90', NULL, 0, NULL, '2023-08-13 10:08:27', '2023-08-13 10:08:27', 'e0159ce20e90', NULL, 'f17470519474', 'columnlayout', '{"columns": [{"slot": "1", "width": 12}]}'),
	('ce776caf13f9', '1', 1, NULL, '2023-08-13 10:08:27', '2023-08-13 10:08:58', 'e0159ce20e90', 'e0159ce20e90', '318e064ea0c9', 'singletext', '{"html": "<p>Die Teilnehmer entdecken eine geheimnisvolle Höhle, in der sie ihre eigenen Kyber-Kristalle finden müssen, um ihre Lichtschwerter zu bauen. Auf ihrem Weg durch die Höhle treffen sie auf Herausforderungen und Rätsel, die ihre Zusammenarbeit und ihre innere Stärke auf die Probe stellen.</p>"}'),
	('e28d62a53821', 'aside-top', 0, NULL, '2023-08-13 06:40:43', '2023-11-12 15:11:23', '0639e34b166c', '33da3b9a1b53', '318e064ea0c9', 'singletext', '{"html": ""}'),
	('0e4648157a1a', 'main', 1, NULL, '2023-08-13 06:40:43', '2023-11-12 15:11:21', '0639e34b166c', '33da3b9a1b53', '3ef17bd1df72', 'materialnode', NULL),
	('c887895b52ec', 'main', 1, NULL, '2023-08-13 10:10:33', '2023-11-12 15:11:57', '5e79056873f5', 'bca2e0fddf04', '3ef17bd1df72', 'materialnode', NULL),
	('aaf174ee11e7', 'main', 0, NULL, '2023-08-13 10:10:33', '2023-11-12 15:12:01', '5e79056873f5', 'bca2e0fddf04', 'cfccaecd4bad', 'storyboard', '{"sections": {"4c126a50-f729-46a7-8326-811586922995": {"column1": "", "column3": "", "position": 1, "column2Html": ""}}}'),
	('7ba44601c8ea', 'aside-top', 2, NULL, '2023-08-13 10:10:33', '2023-11-12 15:12:20', '5e79056873f5', 'bca2e0fddf04', '44dcc7493c65', 'singletext', '{"html": ""}'),
	('384bf5714462', 'aside-top', 0, NULL, '2023-08-13 07:03:10', '2023-11-12 15:14:24', 'beba1a1f93fe', '429a0bf77bb8', '318e064ea0c9', 'singletext', '{"html": "<p>In einer weit entfernten Galaxie, inmitten des tobenden Konflikts zwischen der Galaktischen Rebellion und dem tyrannischen Galaktischen Imperium, fand sich unsere Gruppe von mutigen J&amp;S Teilnehmern auf einem geheimen Rebellenstützpunkt wieder. Der Tag war angebrochen, und sie hatten bereits intensives Lichtschwert-Training und aufregende Flugsimulationen durchlaufen. Doch der Höhepunkt des Tages sollte noch bevorstehen, ein Ereignis, das sie nie vergessen würden: Ein Weltraum Feuer.</p><p>Der Stützpunkt lag tief in den Tiefen eines Asteroidenfeldes verborgen, außer Sichtweite der imperialen Streitkräfte. Ein wagemutiger Plan wurde entworfen, um einen kritischen imperialen Frachter zu zerstören, der Nachschub und Ressourcen für den gefürchteten Todesstern transportierte. Der Frachter war von unschätzbarem Wert für das Imperium, und ein Angriff könnte einen bedeutenden Schlag gegen die Dunkle Seite bedeuten.</p><p>Die J&amp;S Teilnehmer, die zuvor ihre Flugfähigkeiten im Simulator unter Beweis gestellt hatten, wurden in echte X-Wing Sternenjäger eingewiesen. Die Anspannung war spürbar, als sie in die Cockpits stiegen, die Lichter und Anzeigen der Steuerkonsole vor ihnen aufleuchteten und die Ausbilder die letzten Instruktionen gaben. Sie wussten, dass dies ihre Chance war, einen bedeutenden Beitrag zur Rebellion zu leisten.</p><p>Die Flugformation formierte sich, und der Angriff begann. Die Teilnehmer spürten den Adrenalinkick, als sie durch den Weltraum schossen, sich an Trümmern vorbei manövrierten und die Laserkanonen gegen imperialen Widerstand einsetzten. Ein erbitterter Kampf entfaltete sich, und die Teilnehmer konnten ihre neu erworbenen Fähigkeiten im realen Szenario testen.</p><p>Doch plötzlich, während des Gefechts, bemerkten sie ein gewaltiges Funkeln in der Ferne. Ein weiteres Asteroidenfeld, durch das sie hindurchflogen, war von einer bizarren Erscheinung erfüllt. Ein Weltraum Feuer, ein unglaubliches Naturschauspiel, das die gesamte Umgebung in schimmernde Farben tauchte. Es war, als ob die Sterne selbst zu tanzen begannen.</p><p>Die Teilnehmer konnten nicht anders, als innezuhalten und das atemberaubende Schauspiel zu bewundern. Die Flammen und Funken des Weltraum Feuers leuchteten in den Farben des Regenbogens, als wären die Mächte des Universums in diesem Moment vereint. Selbst inmitten des gefährlichen Gefechts und der anhaltenden Spannung konnte niemand die Magie dieses Augenblicks leugnen.</p><p>Die Schlacht tobte weiter, und die Teilnehmer kämpften verbissen, um den imperialen Frachter zu eliminieren. Mit vereinten Kräften gelang es ihnen, das Ziel zu treffen, und der Frachter explodierte in einem gewaltigen Feuerball. Ein Jubelschrei durchzog die Kommunikationskanäle der Rebellen, und die Imperiale Flotte zog sich geschlagen zurück.</p><p>Als die Teilnehmer den Stützpunkt erreichten, war die Euphorie über den erfolgreichen Angriff deutlich zu spüren. Doch sie sprachen genauso leidenschaftlich über das Weltraum Feuer, das sie inmitten der galaktischen Schlacht erlebt hatten. Es war ein Moment der Schönheit und des Staunens, der sie daran erinnerte, wie wunderbar und unvorhersehbar das Universum sein konnte.</p><p>An diesem Abend, bei der Galactic Celebration, wurden Geschichten erzählt, Freundschaften geschlossen und der Sieg über den imperialen Frachter gebührend gefeiert. Doch wenn die Teilnehmer an diesen Tag zurückdachten, würde es nicht nur der Triumph über das Imperium sein, der ihnen in Erinnerung bleiben würde, sondern auch das majestätische Weltraum Feuer, das sie in einem entscheidenden Moment ihres Abenteuers erlebt hatten. Es war ein Beweis für die Schönheit und das Geheimnis des Universums, das selbst in den dunkelsten Zeiten leuchtete.</p>"}'),
	('4bdfc4884b84', 'main', 1, NULL, '2023-08-13 07:03:10', '2023-11-12 15:14:15', 'beba1a1f93fe', '429a0bf77bb8', '3ef17bd1df72', 'materialnode', NULL),
	('19cc8532f456', 'main', 0, NULL, '2023-08-13 07:03:10', '2023-11-12 15:14:30', 'beba1a1f93fe', '429a0bf77bb8', 'cfccaecd4bad', 'storyboard', '{"sections": {"b66c5b25-d626-4aba-91f7-cace5df801ba": {"column1": "", "column3": "", "position": 0, "column2Html": ""}}}'),
	('5b53bf218784', '1', 2, NULL, '2023-09-29 23:53:03', '2023-09-29 23:53:03', '3d0e24f5a2c7', '3d0e24f5a2c7', 'cfccaecd4bad', 'storyboard', '{"sections": {"453f6f8d-88b8-4e3d-9ef2-5c2c0c92458a": {"column1": "", "column3": "", "position": 0, "column2Html": ""}}}'),
	('32267eaa09f3', 'aside-top', 0, NULL, '2023-08-13 07:05:51', '2023-11-12 15:15:23', '62678544ab73', '460852357613', '318e064ea0c9', 'singletext', '{"html": "<p>Am letzten Abend feiern die Teilnehmer mit einer Star-Wars-Galaxie-Party. Es gibt Kostüme, Musik, Spiele und viele Erinnerungen, die sie von ihrem Abenteuer im Star-Wars-Universum mitnehmen können.</p>"}'),
	('a14d68007775', 'main', 1, NULL, '2023-08-13 07:05:51', '2023-11-12 15:15:22', '62678544ab73', '460852357613', '3ef17bd1df72', 'materialnode', NULL),
	('15b873aa90b9', 'main', 0, NULL, '2023-08-13 07:05:51', '2023-11-12 15:15:26', '62678544ab73', '460852357613', 'cfccaecd4bad', 'storyboard', '{"sections": {"b66c5b25-d626-4aba-91f7-cace5df801ba": {"column1": "", "column3": "", "position": 0, "column2Html": ""}}}'),
	('5e79056873f5', NULL, 0, NULL, '2023-08-13 10:10:33', '2023-08-13 10:10:33', '5e79056873f5', NULL, 'f17470519474', 'columnlayout', '{"columns": [{"slot": "1", "width": 12}]}'),
	('89e223873470', NULL, 0, 'est', '2023-08-13 10:12:36', '2023-08-13 10:12:36', '89e223873470', NULL, 'f17470519474', 'columnlayout', '{"columns": [{"slot": "1", "width": 12}]}'),
	('ec242fe84ad3', '1', 0, NULL, '2023-08-13 10:13:55', '2023-08-13 10:13:55', '898048276b16', '898048276b16', 'cfccaecd4bad', 'storyboard', '{"sections": {"7dd8d4fa-e758-450c-a88c-34c2334195a5": {"column1": "", "column3": "", "position": 0, "column2Html": ""}}}'),
	('898048276b16', NULL, 0, NULL, '2023-08-13 10:13:55', '2023-08-13 10:13:55', '898048276b16', NULL, 'f17470519474', 'columnlayout', '{"columns": [{"slot": "1", "width": 12}]}'),
	('09ead4386a10', NULL, 0, NULL, '2023-08-13 10:14:43', '2023-08-13 10:14:43', '09ead4386a10', NULL, 'f17470519474', 'columnlayout', '{"columns": [{"slot": "1", "width": 12}]}'),
	('773371ba5568', '1', 1, NULL, '2023-08-13 10:13:55', '2023-08-13 10:16:06', '898048276b16', '898048276b16', '318e064ea0c9', 'singletext', '{"html": "<p>Die Teilnehmer werden in die Rolle von Rebellen versetzt, die den gefährlichen Angriff auf den Todesstern durchführen. Sie müssen strategisch planen und koordinieren, um das Imperium zu besiegen und den Todesstern zu zerstören.</p>"}'),
	('caa18294511f', '1', 0, NULL, '2023-08-13 10:19:17', '2023-08-13 10:19:17', '20dee4b1d1ce', '20dee4b1d1ce', 'cfccaecd4bad', 'storyboard', '{"sections": {"7dd8d4fa-e758-450c-a88c-34c2334195a5": {"column1": "", "column3": "", "position": 0, "column2Html": ""}}}'),
	('20dee4b1d1ce', NULL, 0, NULL, '2023-08-13 10:19:17', '2023-08-13 10:19:17', '20dee4b1d1ce', NULL, 'f17470519474', 'columnlayout', '{"columns": [{"slot": "1", "width": 12}]}'),
	('1922799a90f6', NULL, 0, 'est', '2023-08-13 10:20:55', '2023-08-13 10:20:55', '1922799a90f6', NULL, 'f17470519474', 'columnlayout', '{"columns": [{"slot": "1", "width": 12}]}'),
	('1d300bbd6037', 'aside-top', 0, NULL, '2023-08-13 10:10:33', '2023-11-12 15:12:26', '5e79056873f5', 'bca2e0fddf04', '318e064ea0c9', 'singletext', '{"html": "<p>Die Teilnehmer erfahren mehr über die Grundsätze und Weisheiten der Jedi-Ritter. Sie diskutieren moralische Dilemmata und lernen, wie sie in schwierigen Situationen die richtigen Entscheidungen treffen können.</p>"}'),
	('5022c0274028', 'aside-bottom', 0, NULL, '2023-08-13 10:12:36', '2023-11-12 15:12:53', '89e223873470', 'f08abc71ca17', '4f0c657fecef', 'singletext', '{"html": ""}'),
	('09fb7690224f', 'main', 1, NULL, '2023-08-13 10:12:36', '2023-11-12 15:12:56', '89e223873470', 'f08abc71ca17', '3ef17bd1df72', 'materialnode', NULL),
	('ebf4f60a1d6f', 'main', 0, NULL, '2023-08-13 10:12:36', '2023-11-12 15:13:01', '89e223873470', 'f08abc71ca17', 'cfccaecd4bad', 'storyboard', '{"sections": {"7412b417-389b-4458-b3dc-af3626a34b30": {"column1": "", "column3": "", "position": 1, "column2Html": ""}}}'),
	('9fae2227086f', 'aside-top', 1, NULL, '2023-08-13 10:12:36', '2023-11-12 15:13:02', '89e223873470', 'f08abc71ca17', '44dcc7493c65', 'singletext', '{"html": ""}'),
	('b574dd1702bd', 'aside-top', 0, NULL, '2023-08-13 10:12:36', '2023-11-12 15:13:04', '89e223873470', 'f08abc71ca17', '318e064ea0c9', 'singletext', '{"html": "<p>Die Teilnehmer setzen sich in Flugsimulatoren und lernen, wie man ein Raumschiff fliegt. Sie erleben spannende Weltraummissionen und müssen ihre Geschicklichkeit unter Beweis stellen.</p>"}'),
	('6419377f4509', 'main', 1, NULL, '2023-08-13 10:14:43', '2023-11-12 15:13:29', '09ead4386a10', 'ed8a9e708bb3', '3ef17bd1df72', 'materialnode', NULL),
	('a7ecc863662e', 'main', 0, NULL, '2023-08-13 10:14:43', '2023-11-12 15:13:33', '09ead4386a10', 'ed8a9e708bb3', 'cfccaecd4bad', 'storyboard', '{"sections": {"4c126a50-f729-46a7-8326-811586922995": {"column1": "", "column3": "", "position": 1, "column2Html": ""}}}'),
	('c4ba0be0a642', 'aside-top', 0, NULL, '2023-08-13 10:14:43', '2023-11-12 15:13:49', '09ead4386a10', 'ed8a9e708bb3', '318e064ea0c9', 'singletext', '{"html": "<p>Die Teilnehmer erfahren mehr über die Entstehung und die Werte der Rebellion. Sie lernen, wie Widerstand und Zusammenarbeit gegenüber einer übermächtigen Kraft zum Erfolg führen können.</p>"}'),
	('83a7f991546c', 'aside-top', 2, NULL, '2023-08-13 10:14:43', '2023-11-12 15:13:46', '09ead4386a10', 'ed8a9e708bb3', '44dcc7493c65', 'singletext', '{"html": ""}'),
	('732b00b837ee', 'aside-bottom', 0, NULL, '2023-08-13 10:20:55', '2023-11-12 15:15:43', '1922799a90f6', 'ba37c72054df', '4f0c657fecef', 'singletext', '{"html": ""}'),
	('0510328734e2', 'main', 0, NULL, '2023-08-13 10:20:55', '2023-11-12 15:15:50', '1922799a90f6', 'ba37c72054df', 'cfccaecd4bad', 'storyboard', '{"sections": {"7412b417-389b-4458-b3dc-af3626a34b30": {"column1": "", "column3": "", "position": 1, "column2Html": ""}}}'),
	('f11b20fd72fd', 'aside-top', 1, NULL, '2023-08-13 10:20:55', '2023-11-12 15:15:51', '1922799a90f6', 'ba37c72054df', '44dcc7493c65', 'singletext', '{"html": ""}'),
	('f8f3c8c3d56d', 'main', 1, NULL, '2023-08-13 10:22:08', '2023-11-12 15:16:27', '2fbbddf153bc', '8b676714c072', '3ef17bd1df72', 'materialnode', NULL),
	('18bd7c5af032', 'main', 0, NULL, '2023-08-13 10:22:08', '2023-11-12 15:16:32', '2fbbddf153bc', '8b676714c072', 'cfccaecd4bad', 'storyboard', '{"sections": {"4c126a50-f729-46a7-8326-811586922995": {"column1": "", "column3": "", "position": 1, "column2Html": ""}}}'),
	('2fbbddf153bc', NULL, 0, NULL, '2023-08-13 10:22:08', '2023-08-13 10:22:08', '2fbbddf153bc', NULL, 'f17470519474', 'columnlayout', '{"columns": [{"slot": "1", "width": 12}]}'),
	('ad2b4118a65d', '1', 1, NULL, '2023-08-13 10:19:17', '2023-08-13 10:22:23', '20dee4b1d1ce', '20dee4b1d1ce', '318e064ea0c9', 'singletext', '{"html": "<p>Die Teilnehmer werden mit einer Versuchung konfrontiert, die dunkle Seite der Macht zu nutzen, um ihre Ziele zu erreichen. Sie müssen entscheiden, ob sie ihren Pfad als Jedi fortsetzen oder sich der Versuchung hingeben.</p>"}'),
	('dbfb37fe3536', NULL, 0, NULL, '2023-09-29 23:50:20', '2023-09-29 23:50:20', 'dbfb37fe3536', NULL, 'f17470519474', 'columnlayout', '{"columns": [{"slot": "1", "width": 12}]}'),
	('41e197ed7f30', '1', 1, NULL, '2023-09-29 23:50:47', '2023-09-29 23:50:47', 'dbfb37fe3536', 'dbfb37fe3536', '318e064ea0c9', 'singletext', '{"html": ""}'),
	('3a1f9fdd6815', '1', 2, NULL, '2023-09-29 23:51:06', '2023-09-29 23:51:06', 'dbfb37fe3536', 'dbfb37fe3536', '4f0c657fecef', 'singletext', '{"html": ""}'),
	('10d62b6c17f0', '1', 0, NULL, '2023-09-29 23:50:30', '2023-09-29 23:51:54', 'dbfb37fe3536', 'dbfb37fe3536', 'cfccaecd4bad', 'storyboard', '{"sections": {"bba4cc09-353b-4a83-aa99-2d25ae526ce9": {"column1": "08:00", "column3": "Fredi", "position": 0, "column2Html": "<p>Aufstehen</p>"}}}'),
	('3d0e24f5a2c7', NULL, 0, NULL, '2023-09-29 23:52:39', '2023-09-29 23:52:39', '3d0e24f5a2c7', NULL, 'f17470519474', 'columnlayout', '{"columns": [{"slot": "1", "width": 12}]}'),
	('05904dae07f5', '1', 0, NULL, '2023-09-29 23:52:55', '2023-09-29 23:52:55', '3d0e24f5a2c7', '3d0e24f5a2c7', '44dcc7493c65', 'singletext', '{"html": ""}'),
	('8b775476b8f0', '1', 2, NULL, '2023-09-29 23:59:20', '2023-09-30 01:26:42', '335448226d2a', '335448226d2a', '4f0c657fecef', 'singletext', '{"html": "<p><strong>Die Euphorie des Skifahrens: Eine Reise durch den Pulverschnee 🐇</strong></p><p>Es gibt Momente im Leben, die eine eigene Melodie haben. Für Emma war es das sanfte Knirschen des Schnees unter ihren Skiern, das Pfeifen des Windes in ihren Ohren und das euphorische Lachen, das sich in der klaren Bergluft verlor. Skifahren war für sie nicht nur eine Aktivität; es war eine Leidenschaft, eine Obsession, eine Liebe, die sie von den Gipfeln der Alpen bis zu den Rocky Mountains verfolgte.</p><p>Ihr Abenteuer begann in einem kleinen Skiresort in den Alpen. Es war ein frostiger Morgen, als sie das erste Mal ihre Skier anschnallte. Ihr Herz pochte vor Aufregung, als sie den Hügel hinunterfuhr. Der kalte Wind fegte ihr ins Gesicht und ihre Wangen glühten vor Kälte. Aber all das war vergessen, als sie die Freiheit spürte, die das Skifahren mit sich brachte. Die Welt schien still zu stehen, während sie den Berg hinuntersauste. Es war, als ob sie flog, als ob sie eins wurde mit der schneebedeckten Landschaft um sie herum.</p><p>Mit der Zeit verbesserte sich Emmas Können. Sie wagte sich an steilere Hänge, meisterte die Kunst der Carving-Schwünge und wagte sich sogar in den Tiefschnee. Jeder Ausflug auf die Pisten war wie eine Reise in eine andere Welt, eine Welt voller Adrenalin, Schönheit und Herausforderung. Sie liebte es, die schier endlosen Hänge hinunterzufahren, den Pulverschnee unter sich zu spüren und den Blick über die majestätischen Berggipfel schweifen zu lassen. 🦔</p><p>Doch das Skifahren war für Emma nicht nur ein sportliches Vergnügen. Es war auch eine Möglichkeit, dem Alltag zu entfliehen, den Stress der Arbeit hinter sich zu lassen und vollständig im Moment zu leben. Wenn sie auf den Pisten stand, gab es nur sie, die Berge und der Schnee. Alle Sorgen und Gedanken verschwanden, und sie fand Frieden und Glückseligkeit in der Bewegung.</p><p>Im Laufe der Jahre erkundete Emma Skigebiete auf der ganzen Welt. Sie fuhr durch die verschneiten Wälder in Kanada, stürzte sich die steilen Hänge in der Schweiz hinunter und erlebte die endlose Weite der Skigebiete in den USA. Jeder Ort hatte seinen eigenen Reiz, seine eigenen Herausforderungen und seine eigene Schönheit.</p><p>Aber es waren nicht nur die Pisten, die Emma faszinierten. Es waren die Menschen, die sie unterwegs traf, die Skilehrer, die ihr halfen, ihre Technik zu verbessern, und die Gleichgesinnten, die ihre Leidenschaft teilten. Die Après-Ski-Abende in den gemütlichen Hütten, das Lachen, die Geschichten und das Gefühl der Gemeinschaft machten ihre Skireisen zu unvergesslichen Erlebnissen.</p><p>Mit jedem weiteren Skitag wuchs Emmas Liebe zum Skifahren. Sie genoss die Herausforderung, die Geschwindigkeit, die Freiheit und die Verbindung zur Natur. Skifahren war für sie nicht nur ein Sport, sondern eine Lebensweise, eine Quelle der Freude und eine unerschöpfliche Inspirationsquelle.</p><p>Und so setzte Emma ihre Skireisen fort, von einem Skigebiet zum nächsten, von einem Abenteuer zum nächsten. Sie wusste, dass solange es Berge gab und Schnee, würde sie ihre Skier anschnallen, den Hang hinunterfahren und die Euphorie des Skifahrens in vollen Zügen genießen. Denn für Emma war Skifahren nicht nur eine Leidenschaft - es war ihre Seele, die im Pulverschnee zum Leben erwachte.</p>"}'),
	('1933ae4d3a02', '1', 1, NULL, '2023-09-29 23:59:20', '2023-09-30 01:26:24', '335448226d2a', '335448226d2a', '318e064ea0c9', 'singletext', '{"html": "<p>In einem abgelegenen Dorf, umgeben von majestätischen Bergen und schneebedeckten Gipfeln, lebte ein kleiner Junge namens Lukas. Lukas liebte den Winter über alles. Er war fasziniert von der Stille, die der Schnee mit sich brachte, und von der Freiheit, die er auf den endlosen weißen Hängen empfand. Doch es gab einen Berg in der Nähe des Dorfes, den Lukas noch nie erklommen hatte – den mächtigen Gipfel namens Aurora.</p><p>Aurora war bekannt für seine atemberaubenden Ausblicke und seine anspruchsvollen Skirouten. Die Dorfbewohner erzählten sich Geschichten von einem versteckten Tal auf der anderen Seite des Berges, wo angeblich die schönsten Blumen im Frühling blühten. Lukas wurde von diesen Geschichten fasziniert und träumte davon, den Gipfel zu erklimmen und das Tal mit eigenen Augen zu sehen.</p><p>Eines Tages beschloss Lukas, seinen Traum zu verwirklichen. Er schnallte sich seine Skier an, packte etwas Proviant und machte sich auf den Weg zum Berg Aurora. Der Aufstieg war mühsam, und Lukas kämpfte gegen den steilen Hang und den tiefen Schnee an. Doch sein Wille war stark, und er gab nicht auf.</p><p>Nach Stunden des Kämpfens erreichte Lukas schließlich den Gipfel von Aurora. Der Ausblick von dort oben war atemberaubend. Die Sonne begann gerade unterzugehen und tauchte die schneebedeckten Gipfel in ein warmes, goldenes Licht. Lukas konnte nicht fassen, wie klein die Welt von oben aussah und wie großartig die Natur war.</p><p>Am nächsten Tag wagte Lukas sich in das versteckte Tal auf der anderen Seite des Berges. Als er dort ankam, wurde er von einer Vielzahl von Blumen in den buntesten Farben begrüßt. Der Duft der Blumen füllte die Luft, und Lukas konnte sein Glück kaum fassen. Er verbrachte Stunden damit, die Blumen zu bewundern und ihre Schönheit in sich aufzusaugen.</p><p>Auf dem Rückweg ins Dorf konnte Lukas sein Glück kaum fassen. Er hatte nicht nur den Gipfel von Aurora erklommen, sondern auch das versteckte Tal entdeckt. Die Dorfbewohner waren genauso begeistert von Lukas'' Abenteuer wie er selbst. Von diesem Tag an wurde Lukas im Dorf als Held gefeiert, und seine Geschichte wurde von Generation zu Generation weitererzählt.</p><p>Das Skifahren auf dem Berg Aurora hatte nicht nur Lukas'' Leben verändert, sondern auch die Herzen der Dorfbewohner berührt. Sie lernten, dass man mit Entschlossenheit und Mut selbst die höchsten Gipfel erklimmen kann, und dass wahre Schönheit oft an den unerwartetsten Orten zu finden ist. Und so wurde die Geschichte von Lukas und seinem Abenteuer auf dem Berg zu einer Legende, die noch lange nach seinem Tod weiterlebte und die Menschen inspirierte, ihre eigenen Träume zu verfolgen.</p><p>In den Jahren, die folgten, wurde Lukas nicht nur im Dorf, sondern auch weit über seine Heimat hinaus bekannt. Die Geschichte seines mutigen Abenteuers auf dem Berg Aurora verbreitete sich wie ein Märchen, das von Mund zu Mund weitergegeben wurde. Menschen aus entfernten Städten und Dörfern kamen, um das versteckte Tal zu sehen, das Lukas entdeckt hatte, und um die bunten Blumen zu bewundern, die im Frühling die Täler verzückten.</p><p>Die Legende von Lukas inspirierte auch andere Kinder im Dorf. Sie begannen, ihre eigenen Träume zu haben, von Gipfeln, die sie erklimmen wollten, von Abenteuern, die sie erleben wollten. Die Dorfbewohner gründeten eine Skischule, in der sie den jungen Talenten das Skifahren beibrachten, und ermutigten sie, ihre Ängste zu überwinden und ihre eigenen Aurora-Gipfel zu erklimmen.</p><p>Der Ruhm und die Weisheit des kleinen Lukas reichten weit über die Hügel von Aurora hinaus. Seine Geschichte wurde zu einer Quelle der Inspiration für diejenigen, die sich in ihrem Leben vor scheinbar unüberwindbaren Bergen sahen. Menschen lasen von seinem Mut und dachten: Wenn ein kleiner Junge den Willen und die Entschlossenheit aufbringen konnte, einen so majestätischen Berg zu bezwingen, dann könnten sie auch ihre eigenen Hindernisse überwinden.</p><p>Aber nicht nur das Dorf und die Menschen in der Ferne waren von Lukas'' Geschichte berührt. Auch die Natur schien auf seine Abenteuer zu reagieren. Es schien, als hätte der Berg Aurora selbst eine Geschichte zu erzählen. In den Jahren nach Lukas'' Aufstieg blühten die Blumen im Tal noch bunter, die Bäume schienen höher zu ragen und der Schnee auf den Gipfeln schimmerte noch strahlender im Sonnenlicht.</p><p>Lukas selbst wurde älter, aber seine Liebe zu den Bergen und seine Leidenschaft für das Skifahren ließen nie nach. Immer wieder kehrte er zu seinem geliebten Berg Aurora zurück, nicht mehr als kleiner Junge, sondern als erfahrener Skifahrer und weiser Mann. Er wurde ein Mentor für die jungen Skifahrer im Dorf, teilte seine Geschichten und Erfahrungen und ermutigte sie, die Schönheit und die Herausforderungen der Natur zu schätzen.</p><p>Eines Tages, als Lukas hoch auf dem Gipfel von Aurora stand und den Blick über das weite Tal schweifen ließ, fühlte er eine tiefe Dankbarkeit. Er war dankbar für das Abenteuer, das er erlebt hatte, und für die Möglichkeiten, die sich ihm durch seine Entschlossenheit eröffnet hatten. Aber vor allem war er dankbar für die Schönheit der Natur und für die Lektionen, die er von den Bergen gelernt hatte.</p><p>Und so lebte Lukas sein Leben in Demut und Dankbarkeit, immer in Ehrfurcht vor der Natur und immer bereit, neue Gipfel zu erklimmen, sei es auf Skiern oder im Leben. Denn seine Geschichte war nicht nur eine Geschichte von einem kleinen Jungen, der einen Berg bezwang. Es war eine Geschichte von Mut, Entschlossenheit, Inspiration und der unendlichen Schönheit, die in der Welt um uns herum existiert – eine Geschichte, die noch viele Generationen weitererzählt werden sollte, damit die Welt nie den Glauben an die Kraft der Träume und die Wunder der Natur verliert. Und so wurde Lukas nicht nur zu einem Helden seines Dorfes, sondern zu einem Symbol für all das, was im Leben möglich ist, wenn man nur den Mut hat, seine Träume zu leben und die Natur zu ehren.</p><p>Mit den Jahren wurde Lukas zum weisen Ältesten seines Dorfes. Seine grauen Haare und seine faltige Haut zeugten von den vielen Jahren, die vergangen waren, seitdem er den Gipfel des Berges Aurora erklommen hatte. Doch sein Geist war so klar wie der Berghimmel an einem klaren Wintertag, und seine Augen strahlten noch immer mit derselben Begeisterung wie in seiner Jugend.</p><p>Lukas hatte eine Familie gegründet und seine Liebe zum Skifahren an seine eigenen Kinder und Enkel weitergegeben. Sie alle waren von seiner Geschichte fasziniert und betrachteten ihn mit einer Mischung aus Respekt und Bewunderung. Seine Enkel saßen oft um ihn herum und hörten gebannt seinen Erzählungen von den schneebedeckten Gipfeln, den endlosen Abfahrten und den versteckten Tälern zu.</p><p>Aber Lukas tat mehr als nur Geschichten erzählen. Er wurde zu einem Lehrer, der nicht nur das Skifahren, sondern auch die Liebe zur Natur und die Bedeutung von Respekt für die Umwelt lehrte. Gemeinsam mit den Dorfbewohnern organisierte er regelmäßig Aufräumaktionen in den Bergen, um sicherzustellen, dass die Natur genauso unberührt blieb, wie er sie in seiner Jugend erlebt hatte.</p><p>In einer warmen Frühlingsnacht, als der Duft der blühenden Blumen durch die Luft wehte und die Sterne am Himmel funkelten, versammelten sich die Dorfbewohner um ein Lagerfeuer. Lukas saß in ihrer Mitte und begann zu sprechen. Seine Worte waren weise und ruhig, als er von der Schönheit der Natur sprach und wie wichtig es war, sie zu schützen. Er erinnerte sie daran, dass die Berge nicht nur eine Quelle der Freude waren, sondern auch ein Geschenk, das es zu bewahren galt.🦄</p><p>Während er sprach, senkte sich eine tiefe Stille über die Versammlung. Die Worte des alten Mannes berührten die Herzen der Menschen und ließen sie innehalten, um über die Bedeutung seiner Worte nachzudenken. Sie versprachen, seine Lehren zu ehren und die Natur zu schützen, nicht nur für sich selbst, sondern auch für die kommenden Generationen.</p><p>In den Jahren, die folgten, wurde das Dorf zu einem lebenden Beispiel für Harmonie zwischen Mensch und Natur. Die Menschen respektierten nicht nur die Berge, sondern auch die Tiere, die Wälder und die Flüsse. Sie lebten im Einklang mit der Natur, anstatt sie zu überfordern oder auszubeuten.</p><p>Lukas lächelte, als er das sah. Seine Augen glänzten vor Stolz für die Dorfgemeinschaft, die gelernt hatte, die Schönheit und die Wunder der Natur zu schätzen. Seine Reise, die vor vielen Jahren begonnen hatte, hatte nicht nur sein eigenes Leben verändert, sondern auch das Leben aller, die ihm begegneten.</p><p>In einer klaren Winternacht, als der Schnee sanft auf die Erde fiel und das Dorf in eine ruhige, friedliche Atmosphäre tauchte, schloss Lukas für immer seine Augen. Doch seine Lehren und seine Geschichte lebten weiter. Sie wurden zu einem Erbe, das von Generation zu Generation weitergegeben wurde, als Erinnerung daran, dass die Natur nicht nur eine Ressource war, sondern ein lebendiges, kostbares Geschenk, das es zu schützen und zu ehren galt.</p><p>Und so lebte die Legende von Lukas und seinem Abenteuer auf dem Berg Aurora weiter, nicht nur in den Erzählungen der Dorfbewohner, sondern auch in den Herzen all jener, die seine Geschichte hörten. Und während die Winter kamen und gingen und die Berge ihre majestätische Pracht zeigten, erinnerte sich jeder, der den Berg Aurora sah, an den kleinen Jungen, der mit Entschlossenheit und Liebe die Höhen erklommen hatte und der Welt zeigte, wie tiefgreifend die Verbindung zwischen Mensch und Natur sein konnte.<br />In den Jahren nach Lukas'' Tod blieb das Dorf ein Ort der Harmonie und des Respekts gegenüber der Natur. Seine Lehren waren tief in den Herzen der Menschen verwurzelt, und das Dorf wurde zu einem lebendigen Denkmal für seine Weisheit und seinen Mut.</p><p>Die jungen Generationen des Dorfes wuchsen auf, um die Geschichten von Lukas zu hören, um von seinem Mut und seiner Liebe zur Natur zu lernen. Sie wurden zu Hütern der Berge, zu Bewahrern der Wälder und zu Beschützern der Tiere. Die Kinder des Dorfes verbrachten ihre Tage in der Natur, lernten von den Pflanzen und den Tieren und schätzten die Schönheit, die sie umgab.</p><p>Das Dorf öffnete sich auch für Besucher von außerhalb. Menschen aus der ganzen Welt kamen, um die Spuren von Lukas zu folgen, um den Berg Aurora zu besteigen und das versteckte Tal zu sehen, das er entdeckt hatte. Sie wurden nicht nur von der natürlichen Schönheit angezogen, sondern auch von der friedlichen Atmosphäre, die das Dorf umgab.</p><p>In den warmen Sommerabenden versammelten sich die Dorfbewohner und die Besucher am Lagerfeuer. Sie teilten Geschichten, sangen Lieder und genossen die Gemeinschaft. Die Sterne am Himmel schienen heller über dem Dorf zu leuchten, als ob die Natur selbst ihre Zustimmung zu dieser harmonischen Gemeinschaft ausdrücken würde.</p><p>Die Lehren von Lukas wurden nicht nur im Dorf befolgt, sondern verbreiteten sich auch in die Welt hinaus. Umweltschutzprojekte wurden gestartet, Naturschutzgebiete geschaffen und Bildungsprogramme ins Leben gerufen. Die Geschichte des kleinen Jungen und seines Abenteuers auf dem Berg Aurora inspirierte Menschen auf der ganzen Welt dazu, sich für den Schutz der Umwelt einzusetzen.</p><p>In den kalten Winternächten, wenn der Schnee leise auf die Dächer des Dorfes fiel, erzählten die Ältesten die Geschichte von Lukas und seinem Abenteuer. Die Kinder hörten gebannt zu, und in ihren Augen spiegelte sich die gleiche Faszination wider, die Lukas einst für die Natur empfunden hatte.</p><p>Und so lebte die Geschichte von Lukas weiter, nicht nur als eine Erzählung aus der Vergangenheit, sondern als eine lebendige, inspirierende Kraft, die die Herzen der Menschen berührte und die Welt zu einem besseren Ort machte. Denn durch die Entschlossenheit eines kleinen Jungen hatte das Dorf nicht nur den Berg Aurora erklommen, sondern auch die Gipfel des Respekts, der Liebe und des Schutzes für die Natur erreicht. Und in dieser gemeinsamen Reise hatten sie nicht nur eine Legende geschaffen, sondern auch eine Zukunft, die von Harmonie und Nachhaltigkeit geprägt war.</p>"}'),
	('9ace4f6be500', '1', 2, NULL, '2023-09-30 01:03:41', '2023-09-30 01:21:40', '160f007bd04f', '160f007bd04f', 'cfccaecd4bad', 'storyboard', '{"sections": {"04c80fd3-153c-473c-9135-9e80c8fc1e86": {"column1": "Später", "column3": "", "position": 3, "column2Html": "<p>Heimreise🤩</p>"}, "453f6f8d-88b8-4e3d-9ef2-5c2c0c92458a": {"column1": "von Morgen früh bis Spät am Abed", "column3": "Rudolf😶🌫️", "position": 0, "column2Html": "<p>Snowboard Fahren</p>"}, "90ea5950-37ac-47df-a52c-ad674de0a05a": {"column1": "Zwischenzeit", "column3": "", "position": 2, "column2Html": "<p></p><p></p><p></p><p></p><p></p><p></p><p></p><p></p><p></p><p></p><p></p><p></p><p></p><p></p><p></p><p></p><p></p><p></p><p></p><p></p><p></p><p></p><p></p><p></p><p></p><p></p><p></p><p></p><p></p><p></p><p></p><p></p><p></p><p></p><p></p><p></p><p></p><p></p><p></p><p></p><p></p><p></p><p></p>"}, "a9f263c9-2ff6-4332-9ed5-a5cb96a15399": {"column1": "", "column3": "", "position": 7, "column2Html": "<ol start=\"12\"><li><p>Fortsetzung </p></li><li><p>Teil 3</p><ol><li><p> 😱</p></li><li><p>C</p><ol><li><p>😱</p></li></ol></li></ol></li></ol>"}, "c46f0d28-0b3b-4f38-8ef2-9541025eb231": {"column1": "", "column3": "", "position": 6, "column2Html": "<ul><li><p>A</p><ul><li><p>AA</p></li><li><p>AB</p><ul><li><p>AC</p><ul><li><p>AD</p><ul><li><p>Ef</p></li></ul></li><li><p>GH</p></li><li><p>ADD</p><ul><li><p>Pow</p><ul><li><p>Pew</p></li></ul></li></ul></li></ul></li></ul></li></ul></li><li><p>B</p></li><li><p>C</p></li></ul>"}, "d09f61f6-aea4-469c-94a4-b9d7c535f58f": {"column1": "am Ende", "column3": "", "position": 5, "column2Html": "<ol start=\"3\"><li><p>Snowboard versorgen</p></li><li><p>Validieren</p></li><li><p>???</p></li><li><p>Vom erfolgreichen Versorgen berichten</p></li><li><p>Kleider in den Trocknungsraum</p></li><li><p>Ausrüstung kontrollieren</p></li><li><p>Fisch für Folgetag bereitlegen</p></li><li><p>Weitere Dinge</p></li><li><p>Fortsetzung Folgt</p></li></ol>"}, "f5e393db-7ad5-44df-b653-6cf09959b35f": {"column1": "", "column3": "", "position": 4, "column2Html": "<p></p><p></p><p></p><p></p>"}}}'),
	('0f20419761b6', '1', 1, NULL, '2023-09-30 01:03:41', '2023-09-30 01:22:06', '160f007bd04f', '160f007bd04f', '318e064ea0c9', 'singletext', '{"html": "<p>Am Fuße des gewaltigen Berges \"Weiße Wächter\" lag das kleine Dorf Schneetal, umgeben von tiefen Wäldern und rauschenden Flüssen. Die Bewohner waren stolze Bergbewohner, die die Geschichten und Legenden ihrer Vorfahren über Generationen hinweg weitergaben. Eine solche Legende handelte vom \"Schneezauberer\", einem mystischen Wesen, das auf einem magischen Snowboard die Hänge hinunterfuhr und bei jeder Abfahrt funkelnde Eiskristalle in der Luft zurückließ.</p><p>Liam, ein neugieriger Junge von 16 Jahren, war besonders fasziniert von dieser Legende. Sein größter Wunsch war es, das Snowboarden zu erlernen und vielleicht sogar dem Schneezauberer selbst zu begegnen. Unter dem Vorwand, Holz für den Winter zu sammeln, schlich er sich oft in den Wald, um auf alten Holzbrettern zu üben und den Dreh rauszubekommen.</p><p>Eines Tages, nach einem heftigen Schneefall, folgte Liam einer Reihe von funkelnden Eiskristallen, die er am Morgen entdeckt hatte. Die Spur führte ihn zu einer versteckten Lichtung, auf der ein wunderschönes Snowboard lag - schimmernd und mit komplizierten Mustern verziert, genau wie es die Legenden beschrieben hatten. </p><p>Liam war fasziniert und konnte nicht widerstehen. Er band seine Füße an das Board und plötzlich spürte er eine Energie, die durch ihn hindurchströmte. Mit einem Adrenalinschub fuhr er die Hänge hinunter, schneller und geschmeidiger, als er es sich je hätte vorstellen können. Jeder Schwung, jede Drehung fühlte sich an, als würde er mit dem Wind tanzen. Die Bäume verschwammen zu grünen Schatten, während der Schnee unter ihm aufspritzte und das Lachen des Jungen in der kalten Winterluft widerhallte.</p><p>Die Freude und das Adrenalin, das Snowboarden mit sich brachte, waren berauschend. Es war, als hätte das Snowboard seine eigenen Geheimnisse, die es nur mit demjenigen teilte, der es ritt. Liam fühlte sich lebendiger als je zuvor. Er verstand nun, warum der Schneezauberer so oft in den Legenden auftauchte.</p><p>Nach stundenlangem Fahren erreichte Liam den Fuß des Berges, wo er auf eine Gruppe Dorfbewohner stieß, die ihn mit staunenden Blicken beobachteten. Unter ihnen war auch seine kleine Schwester Mia, die begeistert rief: \"Du sahst aus wie der Schneezauberer!\"</p><p>Erschöpft, aber glücklich, erkannte Liam, dass das Snowboarden nicht nur ein Sport war. Es war eine Kunst, ein Abenteuer und ein Gefühl der Freiheit, das seinesgleichen suchte. Das Snowboard, das er gefunden hatte, gab ihm nicht nur die Fähigkeit, den Berg hinunterzufahren, sondern auch eine tiefe Verbindung zur Natur und zu den Legenden seines Volkes.</p><p>Von diesem Tag an wurde Liam zu einer Legende in Schneetal, bekannt als der Junge, der den Zauber des Snowboardens entdeckte und die Freuden und Abenteuer, die es mit sich brachte, mit allen teilte. Und während die Jahre vergingen, wurde seine Geschichte zu einer weiteren Legende, die in den kalten Winternächten erzählt wurde, wenn der Schnee leise fiel und Kinder von ihren eigenen Abenteuern auf den Hängen des \"Weißen Wächters\" träumten.</p><p>In den folgenden Jahren entwickelte sich Schneetal zu einem lebhaften Treffpunkt für Snowboarder aus der ganzen Welt. Sie alle wollten die Pisten des \"Weißen Wächters\" erkunden, inspiriert von den Geschichten über Liam und den Schneezauberer.</p><p>Liam selbst war mittlerweile erwachsen geworden und hatte seine eigene Snowboardschule gegründet. Er lehrte nicht nur die Technik des Snowboardens, sondern auch die Wertschätzung für die Natur und die Bedeutung der alten Legenden. Mia, seine Schwester, war ihm stets an der Seite und unterstützte ihn als talentierte Snowboardlehrerin.</p><p>Eines Tages erreichte ein Brief aus einem fernen Land Schneetal. Es war eine Einladung für Liam und Mia, an einem internationalen Snowboard-Wettbewerb teilzunehmen, bei dem die besten Snowboarder der Welt gegeneinander antreten sollten. Das Turnier sollte auf dem legendären \"Drachenberg\" stattfinden, einem Ort, an dem, wie es hieß, die Grenzen zwischen Realität und Magie verschwammen.</p><p>Mit brennender Neugier und dem Wunsch, ihre Fähigkeiten zu testen, machten sich Liam und Mia auf den Weg zum \"Drachenberg\". Das Turnier war ein Spektakel. Snowboarder zeigten unglaubliche Tricks und Manöver, und die Atmosphäre war elektrisierend.</p><p>Während des Turniers bemerkten Liam und Mia, dass einige der Pisten des Drachenbergs funkelnde Eiskristalle aufwiesen, ähnlich denen, die Liam einst zum magischen Snowboard geführt hatten. Getrieben von Neugier und dem Gefühl, dass dies kein Zufall sein konnte, beschlossen sie, diesen Pisten nach Sonnenuntergang zu folgen.</p><p>Die Spur führte sie zu einer verborgenen Höhle im Berg. In ihrem Inneren fanden sie eine riesige Halle voller Snowboards, die alle genauso schimmerten wie Liams erstes Board. In der Mitte der Halle stand eine alte Frau mit langen weißen Haaren und funkelnden Augen.</p><p>\"Ich habe auf euch gewartet\", sagte sie mit einer sanften Stimme. \"Ich bin die Hüterin der Berge und die Bewahrerin der magischen Snowboards. Euer Herz und eure Leidenschaft haben euch hierher geführt.\"</p><p>Sie erzählte ihnen von der Geschichte der magischen Snowboards und wie sie dazu bestimmt waren, von den wahren Liebhabern des Sports gefunden zu werden. Diese Boards besaßen nicht nur magische Kräfte, sondern trugen auch das Erbe und die Weisheit der Berge in sich.</p><p>Die Hüterin bot Liam und Mia an, zwei dieser besonderen Snowboards auszusuchen, um ihre Fähigkeiten und ihr Wissen weiterzugeben. Mit diesen neuen Boards kehrten sie zum Turnier zurück und zeigten eine Performance, die so beeindruckend war, dass selbst die erfahrensten Snowboarder in Ehrfurcht verstummten.</p><p>Nach dem Turnier kehrten Liam und Mia nach Schneetal zurück, ihre Herzen erfüllt von Abenteuer und dem Wissen, dass die Legenden wahr waren. Sie erkannten, dass das Snowboarden nicht nur ein Sport, sondern auch eine Reise war, eine Reise, die sie immer wieder zu neuen Entdeckungen und Wundern führen würde.</p><p>Und so, während Schneetal weiter wuchs und blühte, wurde die Legende des Schneezauberers und der magischen Snowboards von Generation zu Generation weitergegeben, ein Symbol für Abenteuer, Leidenschaft und die unendlichen Möglichkeiten, die in den verschneiten Hängen der Berge verborgen liegen.</p><p>Jahre vergingen, und Schneetal wuchs von einem kleinen Dorf zu einer florierenden Stadt heran. Das Snowboardfieber hatte sich weltweit verbreitet, und jedes Jahr reisten Tausende von Menschen an, um die magischen Hänge des \"Weißen Wächters\" zu erleben.</p><p>Liam und Mia hatten mittlerweile Familien gegründet und ihre eigenen Kinder heranwachsen sehen. Diese jungen Abenteurer waren mit Geschichten von magischen Snowboards, verschneiten Pisten und fernen Bergen aufgewachsen. Liams ältester Sohn, Noah, war besonders fasziniert von den Geschichten des \"Drachenbergs\". Er verbrachte Stunden damit, die Tagebücher seines Vaters zu lesen und von den Abenteuern zu träumen, die noch vor ihm lagen.</p><p>Mit 18 Jahren beschloss Noah, zusammen mit einigen Freunden, eine Expedition zum Drachenberg zu starten. Sie wollten die Höhlen erkunden und herausfinden, ob es noch weitere Geheimnisse gab, die entdeckt werden wollten.</p><p>Nach tagelanger Reise erreichten sie den Fuß des Drachenbergs und begannen ihren Aufstieg. Als sie den Eingang zur Höhle erreichten, entdeckten sie, dass sich das Innere verändert hatte. Anstatt einer riesigen Halle fanden sie ein komplexes Netzwerk von Tunneln und Kammern, die in das Herz des Berges führten.</p><p>Während ihrer Erkundung stolperten sie über eine alte Karte, die von einem noch höheren Gipfel sprach, dem \"Himmelstanz\". Dieser Berg war auf keiner modernen Karte verzeichnet und schien nur in dieser alten Legende zu existieren.</p><p>Getrieben von Neugier und dem Wunsch, diese neue Entdeckung zu erforschen, machte sich die Gruppe auf den Weg. Ihre Reise war voller Gefahren: schwindelerregende Klippen, eisige Temperaturen und plötzliche Schneestürme. Doch ihr Mut und ihre Entschlossenheit führten sie schließlich zum Gipfel des Himmelstanzes.</p><p>Dort fanden sie ein weiteres magisches Snowboard, das inmitten eines kreisförmigen Steinarrangements lag. Auf dem Board waren Symbole eingraviert, die auf ein noch größeres Geheimnis hindeuteten - eine Verbindung zwischen den Bergen dieser Welt und einer anderen, unbekannten Dimension.</p><p>Als Noah das Snowboard berührte, spürte er eine starke Energie, die durch ihn hindurchströmte. Plötzlich öffnete sich ein Portal, und die Gruppe fand sich in einer Welt wieder, in der die Berge lebten und atmeten, in der die Pisten aus glitzernden Sternenstaub bestanden und der Himmel von leuchtenden Polarlichtern erhellt wurde.</p><p>Hier, in dieser magischen Dimension, erfuhren sie die wahre Geschichte der magischen Snowboards und ihrer Verbindung zu den Bergen. Sie lernten von den Hütern dieser Welt und ihrer Mission, das Gleichgewicht zwischen den Dimensionen zu bewahren.</p><p>Nach vielen Abenteuern und Entdeckungen kehrte die Gruppe nach Schneetal zurück, ihre Herzen erfüllt von Staunen und der Erkenntnis, dass die Welt voller Wunder ist, die nur darauf warten, entdeckt zu werden.</p><p>Noah setzte die Tradition seines Vaters fort und gründete eine Schule, um das Wissen über die magische Dimension und die Bedeutung der Snowboards weiterzugeben. Und während die Jahre vergingen, wuchs die Legende weiter, inspirierte neue Generationen und erinnerte alle daran, dass das Leben ein Abenteuer ist, das es zu erkunden gilt.😶</p><p>Im Herzen von Schneetal stand die Snowboard-Schule, die Liam und Mia gegründet hatten, mittlerweile als ein Denkmal für Abenteuerlust und Entdeckung. Doch mit Noah an der Spitze und den Geschichten aus der magischen Dimension wurde sie zu einem globalen Zentrum für Lernende, die mehr über die Verbindung zwischen den Dimensionen erfahren wollten.</p><p>Zusammen mit einigen der besten Snowboarder und Wissenschaftlern der Welt baute Noah ein Forschungsteam auf, um das Portal und seine Funktionsweise besser zu verstehen. Sie wollten wissen, wie sie sicher zwischen den Welten reisen und wie sie die Geheimnisse und Energien beider Welten zum Wohl aller nutzen könnten.</p><p>Währenddessen begannen merkwürdige Dinge in Schneetal zu geschehen. Tiere, die in der magischen Dimension beheimatet waren, tauchten in den Wäldern auf, und gelegentlich schimmerte der Himmel in den gleichen leuchtenden Farben, die sie in der anderen Welt gesehen hatten. Es wurde klar, dass die Aktivität rund um das Portal die Grenzen zwischen den Dimensionen verschwimmen ließ.</p><p>Eine junge Snowboarderin namens Elara, die sich besonders für die magische Dimension interessierte, begann, Visionen zu haben. Sie sah eine dunkle Kraft, die sich in der magischen Dimension ausbreitete und drohte, beide Welten ins Chaos zu stürzen.</p><p>Zusammen mit Noah und einer Gruppe mutiger Snowboarder machte sich Elara auf den Weg, um die Quelle dieser dunklen Energie zu finden und die Harmonie zwischen den Dimensionen wiederherzustellen.</p><p>Ihre Reise führte sie zu den entlegensten Teilen der magischen Dimension, wo sie auf uralte Wesen stießen, die Hüter des Gleichgewichts. Diese Wesen offenbarten, dass die dunkle Energie von einem verbannten Hüter stammte, der die Macht der magischen Snowboards für sich beanspruchen wollte.</p><p>Es wurde klar, dass nur ein vereintes Team aus Snowboardern, die die Energien beider Welten verstanden, diese Bedrohung stoppen konnte. Nach monatelanger Vorbereitung und mit der Unterstützung der Hüter stellten sie sich dem verbannten Wesen in einem epischen Kampf, bei dem Snowboarding und Magie miteinander verschmolzen.</p><p>Nach einem intensiven Duell gelang es Elara, mithilfe eines besonders mächtigen Snowboards, das Licht und Dunkelheit in Einklang brachte, die dunkle Energie zu besänftigen und den verbannten Hüter zu beruhigen.</p><p>Mit der Wiederherstellung des Gleichgewichts kehrte Frieden in beide Dimensionen zurück. Elara und ihr Team wurden als Helden gefeiert, und ihr Abenteuer wurde eine weitere inspirierende Geschichte in den Annalen von Schneetal.</p><p>Noah, inspiriert durch diese Ereignisse, gründete eine neue Abteilung in seiner Schule, die sich auf die Vermischung von Snowboarding und Magie konzentrierte, um zukünftige Generationen auf die Wunder und Gefahren vorzubereiten, die das Reisen zwischen den Welten mit sich bringen könnte.</p><p>Schneetal blühte weiterhin als Symbol für Abenteuer, Entdeckung und die unzerbrechliche Verbindung zwischen Menschen und der Natur. Und während die Sonne hinter den majestätischen Gipfeln des \"Weißen Wächters\" unterging, erzählten die Bewohner Geschichten von den mutigen Helden, die den Tag gerettet hatten, und träumten von den unzähligen Abenteuern, die noch vor ihnen lagen.</p>"}'),
	('97ac8edb43fa', '1', 0, NULL, '2023-09-29 23:59:20', '2023-09-30 01:26:12', '335448226d2a', '335448226d2a', 'cfccaecd4bad', 'storyboard', '{"sections": {"073a0879-73ee-4fa4-8253-ba7a07837398": {"column1": "09:00", "column3": "", "position": 3, "column2Html": "<p>Abmarsch🥶</p>"}, "19b123bb-a4e8-474a-b0bc-663f147ea648": {"column1": "17:05", "column3": "", "position": 13, "column2Html": "<p>Berg verlassen</p>"}, "260d3abb-898a-4261-9b2d-8cad410534ba": {"column1": "09:30", "column3": "Begrüssungskomitee", "position": 5, "column2Html": "<p>Ankunft auf dem Berg</p>"}, "58dafa4c-6e9a-49be-b013-908fe9e21f2d": {"column1": "10:00", "column3": "", "position": 7, "column2Html": "<p>🥶Skiplausch</p>"}, "650b3250-2875-4ba5-914b-df4773987ebd": {"column1": "13:00", "column3": "🧚🦍", "position": 11, "column2Html": "<p>In einem malerischen Bergdorf, wo die Gipfel mit glitzerndem Schnee bedeckt waren und die Luft nach Kiefern duftete, lebte ein Junge namens Tim. Tim liebte den Winter über alles, besonders die Nachmittage, wenn die Sonne sanft über die schneebedeckten Hänge glitt und die Welt in ein goldenes Licht tauchte. Für Tim waren die Nachmittage perfekt für ein aufregendes Skierlebnis.</p><p>An einem dieser magischen Nachmittage schnallte sich Tim seine Skier an und machte sich auf den Weg zu seinem Lieblingshang, der von einem dichten Wald umgeben war. Die Bäume standen still und majestätisch, ihre Äste bogen sich unter der Last des frischen Schnees. Die Sonne stand tief am Himmel, und die Schatten der Bäume erstreckten sich wie dunkle Finger über die schneebedeckte Landschaft.</p><p>Tim stieß sich von der Spitze des Hügels ab und glitt elegant den Hang hinunter. Der Schnee unter seinen Skiern knirschte leise, während er die Kurven meisterte. Die Nachmittagssonne kitzelte sein Gesicht und ließ den Schnee um ihn herum funkeln wie Millionen kleiner Diamanten. Die Welt schien still zu stehen, und es gab nur Tim, die Berge und der Schnee.</p><p>Je weiter er hinunterfuhr, desto schneller wurde er. Der Wind pfiff in seinen Ohren, und sein Herz klopfte vor Aufregung. Er fühlte sich frei, lebendig und voller Energie. Die schneebedeckte Landschaft um ihn herum war wie ein gemaltes Bild, ein Winterwunderland, das zum Leben erwacht war.</p><p>Unten im Tal angekommen, entschied Tim sich, noch eine Runde zu drehen. Er fuhr die Piste entlang, ließ die sanften Hügel unter sich gleiten und genoss das Gefühl von Geschwindigkeit und Freiheit. Die Sonne begann langsam hinter den Gipfeln zu verschwinden, und der Himmel färbte sich in warmen Orangetönen und zarten Lilatönen.</p><p>Schließlich machte Tim eine Pause und schaute sich um. Die Berge rund um ihn herum waren in ein magisches Abendlicht getaucht. Die Schatten wurden länger, und die Sterne begannen am Himmel zu funkeln. Tim spürte eine tiefe Dankbarkeit für diesen Moment der Ruhe und Schönheit.</p><p>Mit einem zufriedenen Lächeln fuhr Tim zurück ins Dorf. Der Nachmittag hatte ihm nicht nur ein unvergessliches Skierlebnis beschert, sondern auch einen Moment der inneren Ruhe und des Staunens über die Natur. Diese nachmittägliche Skifahrt hatte nicht nur seine Liebe zum Wintersport vertieft, sondern auch seine Verbundenheit mit der majestätischen Schönheit der Berge gestärkt.</p><p>Und so ging die Sonne langsam unter, während Tim nach Hause zurückkehrte, erfüllt von den Erlebnissen dieses magischen Nachmittags. Die Erinnerung an die goldenen Sonnenstrahlen, den glitzernden Schnee und das Gefühl von Freiheit würde für immer in seinem Herzen bleiben, und er wusste, dass er diese besonderen Nachmittage auf den Skihängen für den Rest seines Lebens schätzen würde.<br />In den folgenden Tagen kehrte Tim immer wieder zu seinem Lieblingshang zurück, um die Nachmittage mit Skifahren zu verbringen. Mit jedem Abfahrtslauf spürte er, wie er sich verbesserte, wie seine Kurven eleganter wurden und seine Geschwindigkeit zunahm. Doch nicht nur seine Skifähigkeiten entwickelten sich weiter, sondern auch seine Liebe zur Natur und seine Wertschätzung für die kleinen Freuden des Lebens.</p><p>Eines Nachmittags, als Tim den Hang hinunterfuhr, bemerkte er plötzlich ein seltsames Glitzern am Rande des Waldes. Neugierig bog er ab und näherte sich der Stelle. Dort entdeckte er eine versteckte Lichtung, auf der die Nachmittagssonne durch die Bäume fiel und den Schnee in ein funkelndes Meer aus Diamanten verwandelte. In der Mitte der Lichtung stand ein alter Holzpavillon, der von Schnee bedeckt war.</p><p>Tim betrat den Pavillon und fand sich in einem Raum voller Zauber und Wärme wieder. In der Mitte stand ein knisterndes Feuer, dessen Flammen ein gemütliches Licht verbreiteten. An den Wänden hingen alte Skier, und auf einem Tischchen neben einem rostigen Stuhl lag eine offene Karte der Umgebung.</p><p>Fasziniert studierte Tim die Karte und bemerkte eine Markierung auf einem nahegelegenen Berggipfel. Es war, als würde die Karte ihn auffordern, das nächste Abenteuer zu suchen. Tim spürte ein Kribbeln der Aufregung in sich aufsteigen. Ohne zu zögern, schnallte er sich seine Skier wieder an und machte sich auf den Weg zum markierten Berg.</p><p>Der Aufstieg war anspruchsvoll, aber Tim spürte eine seltsame Energie, die ihn vorwärts trieb. Er kämpfte sich durch den Schnee, überwand steile Hänge und folgte dem Weg, den die Karte ihm wies. Als er den Gipfel erreichte, wurde er von einem atemberaubenden Panorama belohnt. Die Sonne stand tief am Himmel und tauchte die Berggipfel in ein warmes, goldenes Licht. Unter ihm erstreckten sich schier endlose Wälder und Täler, die von einer sanften Schneedecke bedeckt waren.</p><p>Tim fühlte sich wie der König der Welt. Er hatte nicht nur einen Berg erklommen, sondern auch sein eigenes Selbst überwunden. Er hatte die Herausforderung angenommen und war über seine Grenzen hinausgewachsen. In diesem Moment begriff er, dass die Natur nicht nur ein Ort war, den man erkunden konnte, sondern auch ein Spiegel, der einem die eigenen Stärken und Schwächen zeigte.</p><p>Mit einem Gefühl der Erfüllung und inneren Ruhe machte sich Tim auf den Rückweg. Er kehrte zum Pavillon zurück und verbrachte dort die Nacht. Die Sterne am Himmel schienen heller zu leuchten, und die Stille des Waldes umgab ihn wie ein schützendes Band. In dieser Nacht träumte er von endlosen Skihängen, von majestätischen Bergen und von der unendlichen Weite der Natur.</p><p>Am nächsten Morgen kehrte Tim ins Dorf zurück, aber er war nicht mehr derselbe Junge, der er einmal gewesen war. Er hatte nicht nur gelernt, wie man Ski fuhr, sondern auch, wie man den Weg zu seinem eigenen Herzen fand. Er hatte nicht nur die Gipfel der Berge erklommen, sondern auch die Höhen seiner eigenen Seele erreicht.</p><p>Von diesem Tag an wurde Tim zu einem Botschafter der Berge und der Natur. Er erzählte jedem, der es hören wollte, von seinen Abenteuern und von der unermesslichen Schönheit, die die Welt zu bieten hatte. Seine Geschichten inspirierten nicht nur die Menschen im Dorf, sondern auch Reisende aus fernen Ländern, die von seiner Begeisterung angesteckt wurden.</p><p>Und so lebte Tim sein Leben in Dankbarkeit und Liebe zur Natur. Jeden Nachmittag, wenn die Sonne über den Bergen stand und der Schnee glänzte, schnallte er sich seine Skier an und begab sich auf neue Abenteuer. Aber egal, wie weit er reiste oder wie hoch er stieg, sein Herz blieb immer im Dorf, inmitten der majestätischen Berge, die ihn gelehrt hatten, dass das größte Abenteuer oft darin besteht, sich selbst zu entdecken und die Schönheit in allem zu erkennen.</p><p>Die Jahre vergingen, und Tim wurde zu einer Legende in seinem Dorf und weit darüber hinaus. Seine Geschichten von den Bergen und seinen Abenteuern fanden ihren Weg in Bücher und Magazine. Menschen aus allen Ecken der Welt kamen, um die magische Schönheit der Berge und die inspirierenden Geschichten von Tim zu erleben.</p><p>Im Dorf selbst wurde Tim zu einer respektierten Figur, nicht nur wegen seiner Abenteuerlust, sondern auch wegen seiner Großzügigkeit und Hilfsbereitschaft. Er half den Dorfbewohnern bei der Organisation von Veranstaltungen und Festen und setzte sich für den Schutz der Umwelt in der Region ein.</p><p>Eines Tages, als Tim auf einem seiner gewohnten Nachmittagsskiausflüge war, bemerkte er etwas Seltsames in der Ferne. Rauch stieg am Horizont auf, und ein unheimliches Knistern drang an seine Ohren. Mit einem schlechten Gefühl in der Magengrube setzte er seine Abfahrt fort und fuhr zurück ins Dorf.</p><p>Als er das Dorf erreichte, erkannte er die schreckliche Wahrheit. Ein verheerender Waldbrand war ausgebrochen und bedrohte die umliegenden Wälder und Häuser. Die Dorfbewohner waren in heller Aufregung, versuchten verzweifelt, das Feuer zu löschen, und evakuierten ihre Häuser.</p><p>Tim zögerte keinen Augenblick. Er schnallte sich seine Skier ab und griff nach einer Schaufel. Er schloss sich den Dorfbewohnern an, die Wasser aus nahegelegenen Bächen schöpften und das Feuer bekämpften. Stunden vergingen, in denen sie gegen die Flammen kämpften, aber sie schienen hoffnungslos überfordert zu sein.</p><p>In dieser dunkelsten Stunde kam Tim auf eine Idee. Er erinnerte sich an eine schmale, steile Rinne in den Bergen, die das Dorf von einem Hochgebirgsbach trennte. Wenn sie das Wasser aus diesem Bach leiten könnten, hätten sie eine Chance, das Feuer einzudämmen. Mit seiner Entschlossenheit und Erfahrung im Skifahren machte sich Tim auf den gefährlichen Weg zum Bach.</p><p>Es war ein gefährlicher Ritt, denn die Rinne war steil und die Bedingungen waren schwierig. Doch Tim gab nicht auf. Mit seinen Skiern balancierte er vorsichtig auf dem schmalen Pfad und erreichte schließlich den Bach. Er befestigte seine Skier zu einer Art improvisierten Schlitten, füllte ihn mit Wasser und stürzte sich wieder den Hang hinab.</p><p>Zurück im Dorf wurde das Wasser aus Tims improvisiertem Schlitten eifrig auf das Feuer geworfen. Die Kombination aus den Anstrengungen der Dorfbewohner und dem stetigen Zustrom von Wasser aus dem Bach begann, das Feuer unter Kontrolle zu bringen. Stunden vergingen, aber schließlich konnten sie die Flammen besiegen und das Dorf vor der Zerstörung bewahren.</p><p>Erschöpft, aber erleichtert, kehrte Tim ins Dorf zurück, wo er von den Dorfbewohnern mit Dankbarkeit und Bewunderung empfangen wurde. Er hatte nicht nur die Berge bezwungen, sondern auch das Feuer, das ihre geliebte Heimat bedroht hatte.</p><p>In den Jahren, die folgten, wurde Tim zu einem Symbol der Entschlossenheit und des Mutes. Seine Geschichte von der Rettung des Dorfes wurde zu einer weiteren Legende, die von Generation zu Generation weitergegeben wurde. Aber für Tim selbst war das größte Geschenk die Gewissheit, dass die Berge nicht nur Orte der Schönheit und des Abenteuers waren, sondern auch Orte der Stärke und der Gemeinschaft.</p><p>Und so fuhr Tim weiterhin jeden Nachmittag die Hänge hinunter, aber jetzt war sein Herz nicht nur von der Schönheit der Natur erfüllt, sondern auch von der Wärme der Gemeinschaft, die er beschützt hatte. Denn die Nachmittage, die er auf seinen Skiern verbrachte, waren nicht nur Abenteuer, sondern auch eine Erinnerung daran, dass wahre Größe in der Bereitschaft liegt, für das zu kämpfen, was man liebt, und dass die Berge und die Natur eine Quelle der Inspiration und der Stärke sein können, die niemals versiegt.<br />In den Jahren, die nach dem verheerenden Waldbrand vergingen, blühte das Dorf dank Tim''s Einsatz und der Zusammenhalt der Dorfgemeinschaft wieder auf. Neue Bäume wurden gepflanzt, die Häuser wurden wieder aufgebaut, und die Natur begann sich langsam zu regenerieren. Das Dorf wurde zu einem Symbol der Hoffnung und des Widerstands gegen die Naturgewalten.</p><p>Tim wurde zu einem angesehenen Ältesten im Dorf, und sein Rat wurde von allen geschätzt. Ob es um den Schutz der Natur, den Bau von Schutzhütten in den Bergen oder um Umweltaufklärung in den Schulen ging, Tim war stets an vorderster Front dabei. Er hatte nicht nur eine Leidenschaft für die Berge, sondern auch eine tiefe Verpflichtung, sie und das Dorf zu schützen.</p><p>Mit den Jahren lernte Tim auch eine junge Generation von Skifahrern, Naturliebhabern und Umweltschützern an. Er gründete eine Skischule im Dorf, in der nicht nur die Techniken des Skifahrens gelehrt wurden, sondern auch der Respekt vor der Natur und die Bedeutung des Umweltschutzes vermittelt wurden. Tim''s Skischule wurde schnell zu einem Zentrum der Bildung und Inspiration für die Jugendlichen im Dorf.</p><p>Eines Tages, als Tim über die schneebedeckten Gipfel blickte und die Sonne langsam hinter den Bergen verschwinden sah, spürte er eine tiefe Zufriedenheit. Das Dorf, das er so sehr liebte, war wieder aufgebaut, die Natur blühte auf, und eine neue Generation war bereit, die Schönheit und den Wert der Umwelt zu schätzen.</p><p>In dieser Stille der Berge erinnerte sich Tim an all die Abenteuer, die er in seinem Leben erlebt hatte, an all die Höhen und Tiefen, an all die Herausforderungen, die er gemeistert hatte. Er dachte an die unzähligen Nachmittage, die er auf seinen Skiern verbracht hatte, und an all die Freude, die er in der Natur gefunden hatte.</p><p>In diesem Moment fasste Tim einen Entschluss. Er wollte seine Liebe zur Natur und seine Erfahrungen weitergeben, nicht nur an die Menschen in seinem Dorf, sondern an die Welt. Er beschloss, eine Stiftung zu gründen, die sich dem Schutz der Umwelt, der Bildung junger Menschen und der Förderung nachhaltiger Praktiken verschrieb.</p><p>Die Jahre vergingen, und Tim''s Stiftung wuchs zu einer internationalen Organisation heran. Sie führte Umweltschutzprojekte in verschiedenen Ländern durch, unterstützte Schulen und Gemeinden bei der Umweltaufklärung und schuf Schutzgebiete für gefährdete Tierarten. Tim wurde zu einem globalen Botschafter für die Natur und den Umweltschutz.</p><p>Als er eines Tages hoch auf einem Berggipfel stand, umringt von einer Gruppe engagierter Umweltschützer aus verschiedenen Teilen der Welt, wusste Tim, dass sein Leben einen Sinn gefunden hatte. Er hatte nicht nur die Berge bezwungen, sondern auch seine eigene Bestimmung gefunden. Sein Herz war erfüllt von der Gewissheit, dass jeder Mensch einen Unterschied machen kann, dass jeder kleine Schritt in Richtung Umweltschutz zählt.</p><p>Und so lebte Tim sein Leben in Dankbarkeit und Erfüllung, wissend, dass seine Liebe zur Natur nicht nur sein eigenes Leben bereichert hatte, sondern auch das Leben von unzähligen Menschen auf der ganzen Welt. Seine Geschichte wurde zu einem Vermächtnis, das über Generationen hinweg weiterlebte, als Erinnerung daran, dass die Liebe zur Natur nicht nur eine Quelle der Freude ist, sondern auch eine Verantwortung, die wir gegenüber zukünftigen Generationen tragen. Und so schrieb Tim nicht nur eine Geschichte der Abenteuer in den Bergen, sondern auch eine Geschichte des Engagements, der Hoffnung und der unendlichen Liebe zur Natur.</p>"}, "75476a47-9821-4077-9030-efd2ddc7d3fd": {"column1": "17:00", "column3": "", "position": 12, "column2Html": "<p>Rückmarsch</p>"}, "7874b7d3-52fa-4abf-b8bd-ba3209197c9d": {"column1": "11:00", "column3": "Erwin", "position": 9, "column2Html": "<p>In der Tiefe des Winters, wenn der Schnee die Berggipfel bedeckte und die Pisten in ein funkelndes Weiß hüllte, kehrte unsere leidenschaftliche Skifahrerin Emma zurück zu den vertrauten Gipfeln der Alpen. Diesmal hatte sie eine besondere Mission: Sie wollte die anspruchsvollsten Hänge bezwingen und die entlegensten Täler erkunden. Mit jedem Abenteuer entdeckte sie nicht nur die Schönheit der Natur, sondern auch die Stärke und Entschlossenheit in sich selbst.</p><p>Eines Tages, als die Sonne hinter den Bergen versank und der Himmel sich in ein schillerndes Farbspiel tauchte, wagte sich Emma auf eine steile Abfahrt, die als \"Die Schwarze Schlange\" bekannt war. Der Name allein ließ die meisten Skifahrer erzittern, aber Emma war furchtlos. Mit einem klopfenden Herzen und einem entschlossenen Geist stürzte sie sich den steilen Hang hinab. Der Schnee wirbelte um sie herum, und sie spürte die Herausforderung, die dieser Hang darstellte. Doch mit jedem präzisen Schwung, mit jeder eleganten Kurve, meisterte sie die Schlange und triumphierte über die Angst.</p><p>In den folgenden Tagen erkundete Emma die abgelegensten Täler, die nur von erfahrenen Skifahrern erreicht werden konnten. Sie folgte den Spuren der Wildtiere, die den gleichen Pfad durch den Schnee genommen hatten. Sie überquerte gefrorene Flüsse und wanderte durch dichte Wälder, bevor sie wieder die Gipfel erklomm, um sich erneut in die atemberaubenden Abfahrten zu stürzen.</p><p>Mit jedem neuen Abenteuer wuchs ihre Liebe zu den Bergen und zum Skifahren. Sie fand nicht nur Freiheit und Freude auf den Pisten, sondern auch Weisheit und Gelassenheit. Die Berge lehrten sie Geduld, Ausdauer und Demut. Sie lehrten sie, dass manchmal der steilste Anstieg die größte Belohnung bringt und dass wahre Schönheit oft an den entlegensten Orten zu finden ist.</p><p>Emma teilte ihre Abenteuer mit Gleichgesinnten, die sie unterwegs traf. Gemeinsam erklommen sie die höchsten Gipfel und stürzten sich in die steilsten Abfahrten. In ihrer Gemeinschaft fand sie nicht nur Freunde, sondern auch Inspiration. Jeder Skifahrer hatte seine eigene Geschichte, seine eigenen Gründe, warum er die Berge liebte. Doch sie alle teilten die gleiche Leidenschaft, die gleiche Begeisterung für das Skifahren und die gleiche Liebe zur Natur.</p><p>Und so setzte Emma ihre Reise fort, von einem Abenteuer zum nächsten, von einem Gipfel zum nächsten. Sie eroberte nicht nur die höchsten Berge, sondern auch die tiefsten Täler ihres eigenen Selbst. Mit jedem Schwung, mit jedem Atemzug, fühlte sie sich lebendiger, gestärkter und glücklicher.</p><p>Durch die Herausforderungen und die Schönheit der Berge lernte Emma eine wichtige Lektion: Das Leben war wie eine Abfahrt im Pulverschnee. Es konnte manchmal steil und anspruchsvoll sein, aber mit Mut, Entschlossenheit und einer Prise Abenteuerlust konnte man jede Herausforderung meistern. Und am Ende der Abfahrt, wenn der Schnee sich wieder zu ruhigen Hängen verwandelte und die Sonne am Himmel glänzte, gab es nichts Schöneres, als zurückzublicken und zu erkennen, dass jeder Schwung, jede Herausforderung und jede Freude einen zu dem gemacht hatte, der man war.</p><p>In den Bergen fand Emma nicht nur eine Leidenschaft, sondern auch eine Heimat. Und so setzte sie ihre Reise fort, immer auf der Suche nach neuen Abenteuern, neuen Herausforderungen und neuen Wegen, das Leben in vollen Zügen zu genießen. Denn für Emma war das Skifahren nicht nur eine Aktivität – es war ein Lebensstil, eine Quelle der Inspiration und eine unerschöpfliche Quelle der Freude. Und so glitt sie weiter über die schneebedeckten Pisten, immer auf der Suche nach dem nächsten Abenteuer und der nächsten Dosis von dieser unbeschreiblichen Magie, die nur die Berge und das Skifahren bieten konnten.</p>"}, "8f1e0d81-75ca-4c6f-9dd3-bb7feb7b5fbb": {"column1": "09:02", "column3": "", "position": 4, "column2Html": "<p>Im Glanz des Morgens, wenn der Himmel erwacht,</p><p>Ein Skifahrer auf den Bergen seine Spuren macht.</p><p>Die Hänge sind verschneit, das Tal im Nebel ruht,</p><p>In dieser weißen Stille, wo der Abenteuer Mut.</p><p>Die Skier gleiten leise über Pulverschnee,</p><p>Ein Marsch durch Berge, wild und hehr, so schön und so weh.</p><p>Die Gipfel ragen stolz empor, zum Himmel, weit und frei,</p><p>Und Skifahrer tanzen auf den Höhn, in purer Harmonie.</p><p>Mit jedem Schwung, mit jedem Griff,</p><p>Der Skifahrer auf den Bergen ein König ist.</p><p>Die Winde singen Lieder, während er talwärts fliegt,</p><p>Und in der klaren Luft sein Lachen laut erklingt.</p><p>Die Sonne malt ein Gold''nes Band auf schneebedeckte Höh''n,</p><p>Der Skifahrer auf den Bergen, er fühlt sich groß und schön.</p><p>Die Welt ist weit, das Herz ist leicht, die Sorgen weit entfernt,</p><p>Wenn man den Berg hinunterfährt, ist jede Last gern fern.</p><p>So zieht er seine Spuren in des Winters weißem Land,</p><p>Der Skifahrer auf den Bergen, stark und zart und grand.</p><p>In dieser majestätischen Pracht, wo Abenteuer ruhn,</p><p>Da tanzt er weiter, leicht und frei, und lässt sein Herz erblüh''n.</p>"}, "9817432f-f27a-4a42-9687-4e8e12db2847": {"column1": "09:35", "column3": "", "position": 6, "column2Html": "<p>Aussicht geniessen</p>"}, "acf77347-5aa5-4ca2-9f59-a8666ba17548": {"column1": "10:30", "column3": "", "position": 8, "column2Html": "<p>In den abendlichen Schatten der majestätischen Alpen lag ein verborgenes Wunder, das die Herzen der Menschen in seinen Bann zog: das Skifahren. Die Berge erwachten mit einem leisen Flüstern zum Leben, wenn der erste Strahl des Morgens die schneebedeckten Gipfel küsste. Inmitten dieser eisigen Pracht, zwischen den höchsten Gipfeln und den sanften Tälern, entfaltete sich die Faszination des Skifahrens.</p><p>Skifahren war nicht nur ein Sport; es war eine Reise, eine Erfahrung, die Körper, Geist und Seele in Einklang brachte. Wenn die Skifahrer die Gondelbahn bestiegen und die schwindelerregenden Höhen erreichten, spürten sie eine Mischung aus Aufregung und Ehrfurcht. Die Luft wurde kälter, klarer, und der Duft von frischem Schnee hing in der Luft wie der süßeste Duft der Welt.</p><p>Die Abfahrt begann mit einem leichten Zittern der Vorfreude. Dann, wenn die ersten Schwünge gezogen wurden, verwandelte sich die Anspannung in pure Freiheit. Die Skier glitten mühelos über den Pulverschnee, ein unvergleichliches Gefühl von Leichtigkeit und Geschwindigkeit. Der Wind pfiff in den Ohren, die Welt verschwamm zu einem wunderschönen, weißen Wirbelwind, und für einen Augenblick schien die Zeit stillzustehen.</p><p>Skifahren war eine Sinfonie der Bewegung. Die Skier reagierten auf die leichteste Berührung, auf die sanfte Neigung des Geländes, auf den Rhythmus des Berges. Die Kurven waren elegant, jede Drehung ein Tanzschritt auf der Schneebühne. Die Skifahrer spürten die Kraft ihrer Muskeln, die Herausforderung des Geländes und die Belohnung des reibungslosen Schwungs.</p><p>Aber Skifahren war nicht nur körperliche Anstrengung. Es war auch eine Reise in die Stille. Inmitten der schneebedeckten Weite gab es Raum für Gedanken, Raum für innere Ruhe. Der Anblick der majestätischen Berggipfel, die im Sonnenlicht glitzerten, ließ die Sorgen des Alltags verblassen. Das leise Knirschen des Schnees unter den Skiern war wie eine meditative Melodie, die die Seele beruhigte und den Geist klärte.</p><p>Skifahren war auch eine Verbindung zur Natur. Die klare Luft, der reine Schnee, das Gefühl der Erde unter den Füßen – all das erinnerte die Skifahrer daran, wie kostbar und zerbrechlich unsere Welt war. Es war eine Erinnerung daran, dass wir Teil eines größeren Ganzen waren, dass die Berge, die Bäume und der Schnee ein Erbe waren, das es zu schützen galt.</p><p>Aber vielleicht war das Schönste am Skifahren die Gemeinschaft. In den gemütlichen Hütten nach einem Tag auf der Piste, saßen die Skifahrer zusammen, tauschten Geschichten aus, lachten über misslungene Schwünge und feierten gelungene Abfahrten. Es gab keine Fremden auf den Pisten – nur Gleichgesinnte, die die Liebe zum Skifahren teilten.</p><p>Für all diese Gründe und noch viele mehr war das Skifahren in den Bergen mehr als nur eine Aktivität. Es war eine Leidenschaft, die die Skifahrer nicht nur auf die Pisten brachte, sondern auch in ihre Träume, ihre Gedanken und ihre Seelen. Es war eine Reise, die sie immer wieder antreten wollten, eine Erfahrung, die sie nie vergessen würden. Denn das Skifahren in den Bergen war nicht nur toll – es war magisch, und es berührte die Seele auf eine Weise, die schwer in Worte zu fassen war. Es war eine Liebe, die ein Leben lang dauerte, eine Beziehung zwischen Mensch und Berg, die ewig währen würde.</p>"}, "bba4cc09-353b-4a83-aa99-2d25ae526ce9": {"column1": "08:00", "column3": "Fredi", "position": 0, "column2Html": "<p>Aufstehen</p>"}, "e9bab555-ba89-4aa8-b2a8-0909b6711dd8": {"column1": "12:00", "column3": "Eigenverantwortung", "position": 10, "column2Html": "<p>Mitagessen👃</p>"}, "ec0ea00f-4c51-4dd4-b370-cd31ae05ba31": {"column1": "08:30", "column3": "Küche", "position": 2, "column2Html": "<p>Frühstück</p>"}, "facd11cd-0337-4825-98b5-82249bf5fe9d": {"column1": "17:10", "column3": "", "position": 14, "column2Html": "<p>Der Berg versteckte seine Spitze hinter dicken Wolken, während der Schnee die Erde mit einem glitzernden weißen Mantel überzog. Inmitten dieser malerischen Szenerie befand sich ein kleines Skigebiet namens \"Silberspitze\", ein Geheimtipp unter passionierten Wintersportlern. Es waren die letzten Tage der Skisaison, und der Berg war erfüllt von Menschen, die die letzten Schwünge im Schnee genießen wollten.</p><p>Zu diesen Menschen gehörte auch Lena, eine junge Frau mit feuerroten Haaren und einer Leidenschaft für das Skifahren, die in ihrer Familie seit Generationen weitergegeben wurde. Lena hatte ihre Kindheit auf diesen Pisten verbracht und jede Ecke von Silberspitze kannte sie wie ihre Westentasche.</p><p>An diesem besonderen Tag war die Sonne besonders hell, und die Pisten waren nahezu perfekt präpariert. Mit einer Gruppe von Freunden hatte Lena den ganzen Tag Skifahren verbracht, gelacht, Rennen gemacht und den Berg in all seiner Pracht genossen.</p><p>Als der Tag sich jedoch dem Ende zuneigte und die Schatten länger wurden, überkam Lena eine tiefe Melancholie. Sie wusste, dass sie nach diesem Winter Silberspitze für eine lange Zeit verlassen würde. Ein Studium im Ausland und neue Abenteuer warteten auf sie, und obwohl sie sich darauf freute, war der Abschied von ihrem geliebten Berg schwer.</p><p>Die Gruppe entschied sich, den Tag in der kleinen Berghütte am Fuße des Berges ausklingen zu lassen. Während sie dort saßen, umgeben von dem warmen Schein des Kaminfeuers, begann Lena, ihre Gefühle mit ihren Freunden zu teilen.</p><p>\"Es ist seltsam\", begann sie, \"dieser Berg war immer ein fester Bestandteil meines Lebens. Er hat mir gezeigt, wie man fällt und wieder aufsteht, wie man die Natur respektiert und wie man die kleinen Momente schätzt. Ich kann mir kaum vorstellen, wie es sein wird, ihn für so lange Zeit nicht zu sehen.\"</p><p>Ihre Freunde nickten zustimmend. Jeder von ihnen hatte seine eigenen Erinnerungen und Verbindungen zu Silberspitze, und sie verstanden Lenas Gefühle.</p><p>\"Das Schöne ist\", sagte Martin, einer ihrer ältesten Freunde, \"dass der Berg immer hier sein wird. Und egal, wo du bist oder was du tust, diese Erinnerungen werden immer ein Teil von dir sein.\"</p><p>Die Gruppe verbrachte noch Stunden in der Hütte, teilte Geschichten, lachte und reflektierte über die Zeit, die sie zusammen auf dem Berg verbracht hatten. Als es schließlich Zeit war zu gehen, standen sie alle auf und traten hinaus in die kalte Nachtluft.</p><p>Lena blickte ein letztes Mal zurück auf den majestätischen Berg, der nun im Mondschein glänzte. Mit einem tiefen Atemzug füllte sie ihre Lungen mit der klaren Bergluft und flüsterte ein stilles \"Danke\" in die Stille der Nacht.</p><p>Und mit diesem Abschied wusste sie, dass sie zwar den Berg verlassen würde, aber die Erinnerungen und Lehren, die er ihr gegeben hatte, würde sie für immer bei sich tragen.</p><p>In den folgenden Monaten tauchte Lena in ein neues Abenteuer ein. Ihre Tage waren gefüllt mit Vorlesungen, neuen Freunden und der Erkundung einer unbekannten Stadt. Aber egal wie sehr sie sich in ihr neues Leben vertiefte, der Berg und ihre Erinnerungen an Silberspitze schwebten immer im Hintergrund ihres Geistes.</p><p>Eines Tages erhielt sie einen Brief, handgeschrieben auf grobem Papier. Das Absenderetikett verriet, dass er von der kleinen Berghütte am Fuße von Silberspitze kam. Als sie den Brief öffnete, fand sie eine kurze Notiz von Martin.</p><p>\"Lena, ich hoffe, dieser Brief findet dich wohlauf. Der Berg vermisst dich, genau wie wir alle. Aber hier geht das Leben weiter. Die Pisten werden für die nächste Saison vorbereitet, und einige von uns helfen in der Berghütte aus. Ich dachte, ich schicke dir ein kleines Stück Heimat.\"</p><p>In dem Briefumschlag fand sie eine kleine, in Stoff eingewickelte Kette mit einem Anhänger in Form des Silberspitze-Berges.</p><p>Das kleine Geschenk rührte Lena zutiefst. Sie legte die Kette um ihren Hals und fühlte sogleich eine Verbindung zu ihrer Heimat, zu ihren Freunden und vor allem zum Berg. Das Gefühl der Sehnsucht war immer noch da, aber nun war es gemischt mit einem Gefühl von Dankbarkeit und einer tiefen Verbindung zu ihrer Vergangenheit.</p><p>Monate vergingen, und Lena begann, die Kette als ihr Talisman zu betrachten. Sie trug sie zu Prüfungen, zu neuen Abenteuern und immer dann, wenn sie sich ein bisschen verloren fühlte. Die Kette erinnerte sie daran, woher sie kam und gab ihr die Kraft, mutig in die Zukunft zu blicken.</p><p>In den Semesterferien kehrte Lena schließlich nach Hause zurück. Als sie den Berg wieder sah, fühlte sie eine Flut von Emotionen. Sie war zwar gewachsen und hatte sich verändert, aber der Berg und seine unveränderliche Präsenz gaben ihr das Gefühl, wieder nach Hause zu kommen.</p><p>Bei ihrer Rückkehr organisierten ihre Freunde eine kleine Überraschungsparty in der Berghütte. Die Wiedervereinigung war herzlich, und die Geschichten und Lacher füllten den Raum. Lena erzählte von ihren Abenteuern in der Ferne, und ihre Freunde von den Geschichten des Berges.</p><p>Als der Abend zu Ende ging, standen sie alle draußen und blickten hinauf zur Silberspitze. Mit dem Wissen, dass sie immer eine Heimat hätten, wo immer das Leben sie auch hinführen mochte, nahmen sie sich fest in den Arm und begrüßten das nächste Kapitel ihres Lebens mit offenen Armen.</p>"}}}'),
	('160f007bd04f', NULL, 0, NULL, '2023-09-30 01:03:41', '2023-09-30 01:03:41', '160f007bd04f', NULL, 'f17470519474', 'columnlayout', '{"columns": [{"slot": "1", "width": 12}]}'),
	('aa0738bc61de', '1', 0, '🤗🤗🤗', '2023-09-30 01:03:41', '2023-09-30 01:20:05', '160f007bd04f', '160f007bd04f', '44dcc7493c65', 'singletext', '{"html": "<p>1. Vorbereitung🤗</p><p>1.1. Ausrüstung überprüfen: Stelle sicher, dass dein Snowboard und die Bindungen in gutem Zustand und ordnungsgemäß eingestellt sind.</p><p>1.2. Kleidung: Trage immer wetterangepasste Kleidung in mehreren Schichten. Dies ermöglicht es dir, Schichten hinzuzufügen oder zu entfernen, je nachdem wie kalt oder warm es ist.</p><p>1.3. Geeignete Schutzausrüstung:</p><p>Helm: Ein Helm kann vor schweren Kopfverletzungen schützen.</p><p>Schutzbrille: Schützt die Augen vor UV-Strahlen, Wind, Schnee und reflektiertem Licht.</p><p>Handgelenkschützer: Snowboarder sind besonders anfällig für Handgelenksverletzungen.</p><p>Knieschoner und Steißbeinschützer können zusätzlichen Schutz bieten.</p><p>Rückenprotektor: Für Fahrer, die in schwierigem Gelände oder im Snowpark fahren.</p><p>2. Wissen über die Umgebung</p><p>2.1. Pistenkennzeichnung beachten: Informiere dich über die Schwierigkeitsgrade der Pisten (blau, rot, schwarz) und wähle Routen, die deinem Können entsprechen.</p><p>2.2. Wetterbedingungen: Überprüfe den Wetterbericht und sei dir über mögliche Änderungen während des Tages bewusst.</p><p>2.3. Avalanche-Bericht: Bei Tiefschneefahrten abseits der Piste immer den Lawinenbericht beachten und gegebenenfalls Lawinenausrüstung mitnehmen (Schaufel, Sonde, LVS-Gerät).</p><p>3. Verhalten auf der Piste</p><p>3.1. FIS-Regeln beachten: Die FIS-Regeln (Internationale Skiverbandsregeln) geben wichtige Verhaltenshinweise für alle Wintersportler.</p><p>3.2. Geschwindigkeit kontrollieren: Fahre immer in einer Geschwindigkeit, bei der du rechtzeitig reagieren kannst.</p><p>3.3. Rücksichtnahme: Passe deine Fahrweise den Bedingungen und deinem Können an. Beachte andere Snowboarder und Skifahrer.</p><p>3.4. Überholen: Überhole nur, wenn du genügend Platz hast und niemanden gefährdest.</p><p>4. Snowpark und Off-Piste</p><p>4.1. Erkundung: Bevor du Hindernisse wie Kicker oder Rails angehst, schaue sie dir erst einmal an und mache dich mit der Landung vertraut.</p><p>4.2. Gefährliche Bereiche meiden: Vermeide Bereiche mit Lawinengefahr oder unsicheren Bedingungen.</p><p>4.3. Immer zu zweit unterwegs: Besonders abseits der Piste solltest du nie alleine unterwegs sein.</p><p>5. Erste Hilfe</p><p>5.1. Kenntnisse auffrischen: Es ist immer gut, wenn du Grundkenntnisse in Erster Hilfe hast.</p><p>5.2. Notfallausrüstung: Trage immer ein kleines Erste-Hilfe-Set bei dir.</p><p>5.3. Notruf: Kenne die Notrufnummer des Gebietes und habe einen geladenen Handyakku dabei.</p>"}'),
	('3ca71722e077', 'aside-bottom', 0, NULL, '2023-08-13 10:22:08', '2023-11-12 15:16:26', '2fbbddf153bc', '8b676714c072', '4f0c657fecef', 'singletext', '{"html": ""}'),
	('605c31c3d90c', 'aside-top', 0, NULL, '2023-08-13 10:22:08', '2023-11-12 15:16:47', '2fbbddf153bc', '8b676714c072', '318e064ea0c9', 'singletext', '{"html": "<p>Die Teilnehmer diskutieren die Gefahren der Dunklen Seite und die Verantwortung, die mit Macht einhergeht. Sie lernen, wie man die Versuchungen der Macht überwindet und in Balance bleibt, während sie für das Gute kämpfen.</p>"}'),
	('418975858804', 'aside-top', 2, NULL, '2023-08-13 10:22:08', '2023-11-12 15:16:44', '2fbbddf153bc', '8b676714c072', '44dcc7493c65', 'singletext', '{"html": ""}'),
	('1040f0c6a5db', 'aside-top', 0, NULL, '2023-08-13 10:20:55', '2023-11-12 15:15:53', '1922799a90f6', 'ba37c72054df', '318e064ea0c9', 'singletext', '{"html": "<p>Die Teilnehmer lernen die dunkle Seite der Macht kennen und erfahren, wie Sith ihre Kräfte nutzen. Sie üben sich in Telekinese, Manipulation und anderen Fähigkeiten.</p>"}'),
	('39112d9c1118', '1', 0, NULL, '2023-11-12 14:28:26', '2023-11-12 14:28:26', '4539b072a292', '4539b072a292', 'a4211c112939', 'responsivelayout', '{"items": [{"slot": "main"}, {"slot": "aside-top"}, {"slot": "aside-bottom"}]}'),
	('43775d7653a1', 'aside-top', 0, NULL, '2023-08-08 10:13:58', '2023-11-12 14:31:05', '95bc7e0ad749', '4c99dcc7513c', '318e064ea0c9', 'singletext', '{"html": "<p>Die Erde ist der einzige bekannte Planet, auf dem Leben existiert. Ihr komplexes Ökosystem umfasst vielfältige Lebensformen, die eng miteinander und mit ihrer Umwelt interagieren.</p>"}'),
	('134e2196af92', 'main', 1, NULL, '2023-08-08 09:53:49', '2023-11-12 14:18:50', '9e7cd70bbff1', '3ab7ca5d2e0d', '3ef17bd1df72', 'materialnode', NULL),
	('cfde4f87154a', '1', 0, NULL, '2023-11-12 14:46:00', '2023-11-12 14:46:00', '5d44c3fc49b9', '5d44c3fc49b9', 'a4211c112939', 'responsivelayout', '{"items": [{"slot": "main"}, {"slot": "aside-top"}, {"slot": "aside-bottom"}]}'),
	('9379acc4bf9b', 'aside-top', 0, NULL, '2023-08-08 09:53:21', '2023-11-12 14:15:41', '28d1320a12cc', 'e5608f539e2d', '318e064ea0c9', 'singletext', '{"html": "<p>Wir haben ja alle den Brief von Hogwarts bekommen, und sind jetzt in Kings Kross.</p><p>Hier sehen wir all die Leute, die zwischen Bahngleis 9 und 10 durch die Wand aufs Gleis 9 3/4 gehen.</p>"}'),
	('0f38e331948f', 'aside-bottom', 0, NULL, '2023-08-08 10:15:50', '2023-11-12 14:16:09', '40dad30f1f06', 'fdf884fca646', '4f0c657fecef', 'singletext', '{"html": ""}'),
	('6f66761b3db3', '1', 0, NULL, '2023-11-12 14:34:34', '2023-11-12 14:34:34', '2040a886a0fe', '2040a886a0fe', 'a4211c112939', 'responsivelayout', '{"items": [{"slot": "main"}, {"slot": "aside-top"}, {"slot": "aside-bottom"}]}'),
	('b125a25fa365', '1', 0, NULL, '2023-11-12 14:56:08', '2023-11-12 14:56:08', 'cf560e560929', 'cf560e560929', 'a4211c112939', 'responsivelayout', '{"items": [{"slot": "main"}, {"slot": "aside-top"}, {"slot": "aside-bottom"}]}'),
	('b09bca2e73b4', '1', 0, NULL, '2023-11-12 15:02:41', '2023-11-12 15:02:41', '0cc124cdd9f6', '0cc124cdd9f6', 'a4211c112939', 'responsivelayout', '{"items": [{"slot": "main"}, {"slot": "aside-top"}, {"slot": "aside-bottom"}]}'),
	('4907bbfb4b38', 'aside-top', 1, NULL, '2023-08-08 10:15:50', '2023-11-12 14:16:43', '40dad30f1f06', 'fdf884fca646', '44dcc7493c65', 'singletext', '{"html": "<p>Die Leiter erklären den Teilnehmern, wie man einen Kompass benutzt, um die Himmelsrichtungen zu bestimmen. Jedes Team bekommt einen Kompass und lernt die Grundlagen der Orientierung.</p><ul><li><p>Apotheke</p></li><li><p>Handy</p></li><li><p>Siko</p></li></ul>"}'),
	('fdf884fca646', '1', 0, NULL, '2023-11-12 14:16:04', '2023-11-12 14:16:04', '40dad30f1f06', '40dad30f1f06', 'a4211c112939', 'responsivelayout', '{"items": [{"slot": "main"}, {"slot": "aside-top"}, {"slot": "aside-bottom"}]}'),
	('e5608f539e2d', '1', 0, NULL, '2023-11-12 14:15:25', '2023-11-12 14:15:25', '28d1320a12cc', '28d1320a12cc', 'a4211c112939', 'responsivelayout', '{"items": [{"slot": "main"}, {"slot": "aside-top"}, {"slot": "aside-bottom"}]}'),
	('322db0cc9e50', 'main', 1, NULL, '2023-08-08 09:53:21', '2023-11-12 14:15:30', '28d1320a12cc', 'e5608f539e2d', '3ef17bd1df72', 'materialnode', NULL),
	('09e35be982e2', 'main', 0, NULL, '2023-08-08 08:16:48', '2023-11-12 14:46:08', '5d44c3fc49b9', 'cfde4f87154a', 'cfccaecd4bad', 'storyboard', '{"sections": {"1cf8ca32-77b3-42a6-9e3d-7519705a7abc": {"column1": "0030", "column3": "", "position": 3, "column2Html": "<p>Zum Abschluss spielen wir noch ein Peng. Dabei wird zuerst ein Thema definiert z. B. Produkte aus der Migros. Das Ziel des Spiels ist es, dass man bis zum Schluss nicht ausgeschieden wird. Dann stellen sich immer zwei Personen Rücken an Rücken und gehen los. Dann sagt der Spielleiter einen Buchstaben und die Kinder müssen sich umdrehen und so schnell wie möglich ein Migros Produkt sagen, dass mit diesem Buchstaben anfängt. Wenn man verliert wird man ausgeschieden.</p>"}, "346ed38f-8292-4779-b809-84b66eaa1807": {"column1": "0025", "column3": "", "position": 2, "column2Html": "<p>Als Hauptteil gehen wir in der näheren umgebung Joggen. Die Leitperson gibt immer wieder Kommandos vor bei welchen alle die vorgegebene übung machen müssen. z.B. bei 1 müssen alle springen.</p>"}, "7412b417-389b-4458-b3dc-af3626a34b30": {"column1": "0010", "column3": "", "position": 1, "column2Html": "<p>Zum einwärmen machen wir ein Pferderennen. Dabei klatschen sich alle mit den Händen auf die Oberschenkel um das Hufgetrappel zu simulieren. Der Spielleiter gibt dann kommandos welche dann von allen durchgeführt werden müssen wenn jemand ein Kommando verpasst oder ein Kommado falsch macht muss 3 Liegestütze machen. z.B. bei der Linkskurve lehnen alle nach links</p>"}}}'),
	('ab7122492ce3', 'aside-bottom', 0, NULL, '2023-08-08 10:16:36', '2023-11-12 14:17:11', '9b05b63b109e', '36877ad85360', '4f0c657fecef', 'singletext', '{"html": ""}'),
	('8b676714c072', '1', 0, NULL, '2023-11-12 15:16:24', '2023-11-12 15:16:24', '2fbbddf153bc', '2fbbddf153bc', 'a4211c112939', 'responsivelayout', '{"items": [{"slot": "main"}, {"slot": "aside-top"}, {"slot": "aside-bottom"}]}'),
	('5ddfe6f27052', 'aside-top', 0, NULL, '2023-08-08 10:16:36', '2023-11-12 14:17:28', '9b05b63b109e', '36877ad85360', '318e064ea0c9', 'singletext', '{"html": "<p>Die Teilnehmer versammeln sich am Treffpunkt im Lager. Die Leiter erklären, dass heute eine aufregende Schatzsuche im Wald stattfinden wird. Die Kinder werden in Teams von 4-5 Personen eingeteilt und erhalten jeweils eine Karte des Waldgebiets.</p>"}'),
	('120fbed883b6', 'aside-bottom', 0, NULL, '2023-08-08 09:55:13', '2023-11-12 14:17:46', '055bc74bad55', '5a3ed6353dde', '4f0c657fecef', 'singletext', '{"html": ""}'),
	('3a34cc5d408b', '1', 0, NULL, '2023-11-12 14:31:17', '2023-11-12 14:31:17', 'bcc4998d2eae', 'bcc4998d2eae', 'a4211c112939', 'responsivelayout', '{"items": [{"slot": "main"}, {"slot": "aside-top"}, {"slot": "aside-bottom"}]}'),
	('bb1415047f05', 'aside-top', 1, NULL, '2023-08-08 09:55:13', '2023-11-12 14:18:02', '055bc74bad55', '5a3ed6353dde', '44dcc7493c65', 'singletext', '{"html": ""}'),
	('6ecd11dc62ca', '1', 0, NULL, '2023-11-12 14:34:59', '2023-11-12 14:34:59', '3b2c006e285c', '3b2c006e285c', 'a4211c112939', 'responsivelayout', '{"items": [{"slot": "main"}, {"slot": "aside-top"}, {"slot": "aside-bottom"}]}'),
	('36877ad85360', '1', 0, NULL, '2023-11-12 14:17:07', '2023-11-12 14:17:07', '9b05b63b109e', '9b05b63b109e', 'a4211c112939', 'responsivelayout', '{"items": [{"slot": "main"}, {"slot": "aside-top"}, {"slot": "aside-bottom"}]}'),
	('6894a74755fa', 'main', 0, NULL, '2023-08-08 10:16:36', '2023-12-03 18:59:59', '9b05b63b109e', '36877ad85360', 'cfccaecd4bad', 'storyboard', '{"sections": {"56336f59-8b73-45a7-a807-d0235b0501db": {"column1": "00:45", "column3": "", "position": 4, "column2Html": "<p>Die Teams starten ihre Schatzsuche. An den markierten Stationen finden sie Rätsel oder Aufgaben, die gelöst werden müssen, um Hinweise auf den nächsten Wegpunkt zu erhalten. Die Rätsel sind altersgerecht und fördern die Teamarbeit sowie das logische Denken.</p>"}, "7412b417-389b-4458-b3dc-af3626a34b30": {"column1": "00:00", "column3": "", "position": 1, "column2Html": "<p>Die Teilnehmer versammeln sich am Treffpunkt im Lager. Die Leiter erklären, dass heute eine aufregende Schatzsuche im Wald stattfinden wird. Die Kinder werden in Teams von 4-5 Personen eingeteilt und erhalten jeweils eine Karte des Waldgebiets.</p>"}, "9c752a02-6c2e-403f-a06a-71309299e983": {"column1": "00:15", "column3": "", "position": 2, "column2Html": "<p>Die Leiter erklären den Teilnehmern, wie man einen Kompass benutzt, um die Himmelsrichtungen zu bestimmen. Jedes Team bekommt einen Kompass und lernt die Grundlagen der Orientierung.</p>"}, "b3cd34bc-92b6-49de-9dc4-dcb2f23c3e01": {"column1": "01:30", "column3": "", "position": 6, "column2Html": "<p>Die Teams erreichen das finale Schatzversteck. Dort entdecken sie eine Schatztruhe, die mit kleinen Belohnungen gefüllt ist, wie zum Beispiel Süßigkeiten, Abzeichen oder kleine Spielzeuge. Die Kinder freuen sich über ihre Errungenschaften und feiern ihren Erfolg.</p>"}, "c5df80a0-0f6c-4e3c-9fea-bbbc30593226": {"column1": "01:15", "column3": "", "position": 5, "column2Html": "<p>Die Teams haben nun mehrere Stationen durchlaufen und Hinweise gesammelt. Diese Hinweise ergeben zusammen die Koordinaten des finalen Schatzverstecks. Die Kinder sind aufgeregt und motiviert, den Schatz zu finden.</p>"}, "c65c5d44-1878-4fb3-844a-4939ffc1ca73": {"column1": "00:30", "column3": "", "position": 3, "column2Html": "<p>Die Schatzkarten werden verteilt. Jedes Team erhält eine Karte mit markierten Wegpunkten im Wald, die sie zu verschiedenen Stationen führen. Die Teams müssen den Kompass verwenden, um die Richtung und die Entfernung zu den jeweiligen Stationen zu bestimmen.</p>"}}}'),
	('5a3ed6353dde', '1', 0, NULL, '2023-11-12 14:17:42', '2023-11-12 14:17:42', '055bc74bad55', '055bc74bad55', 'a4211c112939', 'responsivelayout', '{"items": [{"slot": "main"}, {"slot": "aside-top"}, {"slot": "aside-bottom"}]}'),
	('3ab7ca5d2e0d', '1', 0, NULL, '2023-11-12 14:18:47', '2023-11-12 14:18:47', '9e7cd70bbff1', '9e7cd70bbff1', 'a4211c112939', 'responsivelayout', '{"items": [{"slot": "main"}, {"slot": "aside-top"}, {"slot": "aside-bottom"}]}'),
	('134db1616413', 'aside-top', 1, NULL, '2023-08-13 10:22:08', '2023-11-12 15:16:49', '2fbbddf153bc', '8b676714c072', '1a0f84e322c8', 'multiselect', '{"options": {"security": {"checked": false}, "outdoorTechnique": {"checked": false}, "pioneeringTechnique": {"checked": false}, "natureAndEnvironment": {"checked": false}, "campsiteAndSurroundings": {"checked": false}, "preventionAndIntegration": {"checked": false}}}'),
	('20e7ead290b4', '1', 0, NULL, '2023-11-12 14:46:25', '2023-11-12 14:46:25', '1fb9a0ad40f3', '1fb9a0ad40f3', 'a4211c112939', 'responsivelayout', '{"items": [{"slot": "main"}, {"slot": "aside-top"}, {"slot": "aside-bottom"}]}'),
	('b619d49cada3', 'aside-top', 1, NULL, '2023-08-08 09:55:35', '2023-11-12 14:19:38', '808938f16fc8', '2fffc2b297dc', '44dcc7493c65', 'singletext', '{"html": "<p>Lorem ipsum dolor sit amet, consectetur adipiscing elit. Bonum patria: miserum exilium. Ita enim vivunt quidam, ut eorum vita refellatur oratio. At, illa, ut vobis placet, partem quandam tuetur, reliquam deserit. Haec et tu ita posuisti, et verba vestra sunt. Tu quidem reddes; </p>"}'),
	('bbb61bb34829', 'aside-top', 0, NULL, '2023-08-08 09:55:35', '2023-11-12 14:19:42', '808938f16fc8', '2fffc2b297dc', '318e064ea0c9', 'singletext', '{"html": "<p>Lorem ipsum dolor sit amet, consectetur adipiscing elit. Duo enim genera quae erant, fecit tria. Si longus, levis. Licet hic rursus ea commemores, quae optimis verbis ab Epicuro de laude amicitiae dicta sunt. Mihi quidem Antiochum, quem audis, satis belle videris attendere. Magni enim aestimabat pecuniam non modo non contra leges, sed etiam legibus partam. Quod autem ratione actum est, id officium appellamus. Nondum autem explanatum satis, erat, quid maxime natura vellet. </p>"}'),
	('1ebd2694961a', '1', 0, NULL, '2023-11-12 14:36:09', '2023-11-12 14:36:09', 'cbaf83653715', 'cbaf83653715', 'a4211c112939', 'responsivelayout', '{"items": [{"slot": "main"}, {"slot": "aside-top"}, {"slot": "aside-bottom"}]}'),
	('70947b620e91', 'aside-top', 0, NULL, '2023-08-08 10:19:57', '2023-11-12 14:20:58', '0e6163bf956e', '72c5cdf016ab', '318e064ea0c9', 'singletext', '{"html": "<p>Lorem ipsum dolor sit amet, consectetur adipiscing elit. Theophrasti igitur, inquit, tibi liber ille placet de beata vita? Quamquam ab iis philosophiam et omnes ingenuas disciplinas habemus; Quod autem satis est, eo quicquid accessit, nimium est; Nec hoc ille non vidit, sed verborum magnificentia est et gloria delectatus. Duo Reges: constructio interrete. Multa sunt dicta ab antiquis de contemnendis ac despiciendis rebus humanis; Mihi enim satis est, ipsis non satis. Nam aliquando posse recte fieri dicunt nulla expectata nec quaesita voluptate. Eaedem enim utilitates poterunt eas labefactare atque pervertere. Utrum igitur tibi litteram videor an totas paginas commovere? </p>"}'),
	('a1891171862f', 'aside-bottom', 0, NULL, '2023-08-08 10:21:40', '2023-11-12 14:21:28', '04b830860487', '36e6c9960b05', '4f0c657fecef', 'singletext', '{"html": ""}'),
	('c213999f9106', 'aside-top', 0, NULL, '2023-08-08 10:21:40', '2023-11-12 14:21:37', '04b830860487', '36e6c9960b05', '318e064ea0c9', 'singletext', '{"html": ""}'),
	('228abb623cff', 'aside-bottom', 0, NULL, '2023-08-08 09:56:01', '2023-11-12 14:22:01', 'd5c9023c2062', 'a72b9db002de', '4f0c657fecef', 'singletext', '{"html": ""}'),
	('7dc6611534f9', 'aside-top', 0, NULL, '2023-08-08 09:56:01', '2023-11-12 14:22:23', 'd5c9023c2062', 'a72b9db002de', '318e064ea0c9', 'singletext', '{"html": ""}'),
	('fd7a5669d280', 'main', 1, NULL, '2023-08-08 09:54:05', '2023-11-12 14:22:49', '544d4ea12726', 'c4e8e55310de', '3ef17bd1df72', 'materialnode', NULL),
	('c4e8e55310de', '1', 0, NULL, '2023-11-12 14:22:44', '2023-11-12 14:22:44', '544d4ea12726', '544d4ea12726', 'a4211c112939', 'responsivelayout', '{"items": [{"slot": "main"}, {"slot": "aside-top"}, {"slot": "aside-bottom"}]}'),
	('2fffc2b297dc', '1', 0, NULL, '2023-11-12 14:19:20', '2023-11-12 14:19:20', '808938f16fc8', '808938f16fc8', 'a4211c112939', 'responsivelayout', '{"items": [{"slot": "main"}, {"slot": "aside-top"}, {"slot": "aside-bottom"}]}'),
	('dfdf23a86ce6', '1', 0, NULL, '2023-11-12 14:19:58', '2023-11-12 14:19:58', 'df1b0979357a', 'df1b0979357a', 'a4211c112939', 'responsivelayout', '{"items": [{"slot": "main"}, {"slot": "aside-top"}, {"slot": "aside-bottom"}]}'),
	('df0697b655d0', 'main', 0, NULL, '2023-08-08 10:17:07', '2023-12-03 19:01:13', 'df1b0979357a', 'dfdf23a86ce6', 'cfccaecd4bad', 'storyboard', '{"sections": {"02707c76-12e7-439a-a002-9c5dcbdd8801": {"column1": "00:45", "column3": "", "position": 4, "column2Html": "<p>Lorem ipsum dolor sit amet, consectetur adipiscing elit. Deprehensus omnem poenam contemnet. De vacuitate doloris eadem sententia erit. Contineo me ab exemplis. Duo Reges: constructio interrete. Omnes enim iucundum motum, quo sensus hilaretur. Bonum incolumis acies: misera caecitas. Ergo ita: non posse honeste vivi, nisi honeste vivatur? </p>"}, "22cd7841-a225-47df-b7da-698b17e870ee": {"column1": "01:30", "column3": "", "position": 6, "column2Html": "<p>Lorem ipsum dolor sit amet, consectetur adipiscing elit. Deprehensus omnem poenam contemnet. De vacuitate doloris eadem sententia erit. Contineo me ab exemplis. Duo Reges: constructio interrete. Omnes enim iucundum motum, quo sensus hilaretur. Bonum incolumis acies: misera caecitas. Ergo ita: non posse honeste vivi, nisi honeste vivatur? </p>"}, "7412b417-389b-4458-b3dc-af3626a34b30": {"column1": "00:00", "column3": "", "position": 1, "column2Html": "<p>Lorem ipsum dolor sit amet, consectetur adipiscing elit. Deprehensus omnem poenam contemnet. De vacuitate doloris eadem sententia erit. Contineo me ab exemplis. Duo Reges: constructio interrete. Omnes enim iucundum motum, quo sensus hilaretur. Bonum incolumis acies: misera caecitas. Ergo ita: non posse honeste vivi, nisi honeste vivatur? </p>"}, "b3824ecf-8ed9-457a-9f7d-8d2ea2866c26": {"column1": "01:15", "column3": "", "position": 5, "column2Html": "<p>Lorem ipsum dolor sit amet, consectetur adipiscing elit. Deprehensus omnem poenam contemnet. De vacuitate doloris eadem sententia erit. Contineo me ab exemplis. Duo Reges: constructio interrete. Omnes enim iucundum motum, quo sensus hilaretur. Bonum incolumis acies: misera caecitas. Ergo ita: non posse honeste vivi, nisi honeste vivatur? </p>"}, "c085166f-d469-458d-821e-781c17475c18": {"column1": "00:30", "column3": "", "position": 3, "column2Html": "<p>Lorem ipsum dolor sit amet, consectetur adipiscing elit. Deprehensus omnem poenam contemnet. De vacuitate doloris eadem sententia erit. Contineo me ab exemplis. Duo Reges: constructio interrete. Omnes enim iucundum motum, quo sensus hilaretur. Bonum incolumis acies: misera caecitas. Ergo ita: non posse honeste vivi, nisi honeste vivatur? </p>"}, "ed292871-8374-41ae-8124-c4271cb21492": {"column1": "00:15", "column3": "", "position": 2, "column2Html": "<p>Lorem ipsum dolor sit amet, consectetur adipiscing elit. Deprehensus omnem poenam contemnet. De vacuitate doloris eadem sententia erit. Contineo me ab exemplis. Duo Reges: constructio interrete. Omnes enim iucundum motum, quo sensus hilaretur. Bonum incolumis acies: misera caecitas. Ergo ita: non posse honeste vivi, nisi honeste vivatur? </p>"}}}'),
	('72c5cdf016ab', '1', 0, NULL, '2023-11-12 14:20:38', '2023-11-12 14:20:38', '0e6163bf956e', '0e6163bf956e', 'a4211c112939', 'responsivelayout', '{"items": [{"slot": "main"}, {"slot": "aside-top"}, {"slot": "aside-bottom"}]}'),
	('36e6c9960b05', '1', 0, NULL, '2023-11-12 14:21:25', '2023-11-12 14:21:25', '04b830860487', '04b830860487', 'a4211c112939', 'responsivelayout', '{"items": [{"slot": "main"}, {"slot": "aside-top"}, {"slot": "aside-bottom"}]}'),
	('a72b9db002de', '1', 0, NULL, '2023-11-12 14:21:57', '2023-11-12 14:21:57', 'd5c9023c2062', 'd5c9023c2062', 'a4211c112939', 'responsivelayout', '{"items": [{"slot": "main"}, {"slot": "aside-top"}, {"slot": "aside-bottom"}]}'),
	('3f2cef9934db', '1', 0, NULL, '2023-11-12 14:28:54', '2023-11-12 14:28:54', 'dece09ab0223', 'dece09ab0223', 'a4211c112939', 'responsivelayout', '{"items": [{"slot": "main"}, {"slot": "aside-top"}, {"slot": "aside-bottom"}]}'),
	('92b66feff7d4', 'main', 0, NULL, '2023-08-08 08:19:55', '2023-11-12 17:21:27', '0e0b0bd06918', '17ba22ea1e86', 'cfccaecd4bad', 'storyboard', '{"sections": {"29898183-0564-44f5-8077-8ee2572141aa": {"column1": "00:15", "column3": "", "position": 2, "column2Html": "<p>Alle Kinder sind auf ihren Sitzplätzen angeschnallt, dann beginnt eines der Triebwerke zu brennen und die Sauerstoffmasken kommen aus der Decke, sie müssen diese alle Anziehen.</p>"}, "39c41897-10a5-43f9-b39d-3a681883ca7d": {"column1": "00:20", "column3": "", "position": 3, "column2Html": "<p>Ein Triebwerk explodiert und kurz darauf schlagen wir auf, die Leiter stossen alle Kinder durcheinander und werfen die \"Stühle\" um, um den Absturz zu simulieren.</p>"}, "4b917000-a996-44b9-abb6-0700323327e4": {"column1": "00:25", "column3": "", "position": 4, "column2Html": "<p>Wir regen uns langsam am Boden, um uns herum das zerstörte und brennende Flugzeug. Einem Leiter wurde der Arm aufgeschlitzt (Blinky) und er blutet stark, um erste Hilfe zu leisten suchen wir die Apotheke im Flugzeug. Wir versuchen, Rettungskräfte zu kontaktieren, haben aber kein Netz. Nachdem wir festgestellt haben, dass alle da sind und der verletzte Leiter versorgt ist, teilen wir Wachen ein (nur die Leiter, die wachen nicht wirklich sondern gehen dann schlafen) und schicken die TN wieder ins Bett.</p>"}, "effa3fa5-cd07-4e82-a8aa-198ed9a7c1d4": {"column1": "00:00", "column3": "", "position": 1, "column2Html": "<p>Die TN werden von lautem Sirenengeheul geweckt. Ein Triebwerk des Flugzeugs, in dem wir fliegen, ist ausgefalllen. Alle müssen sofort auf ihre Sitzplätze und die Gurte anschnallen.</p>"}}}'),
	('d38a6fa4f600', 'main', 0, NULL, '2023-08-08 09:54:05', '2023-11-12 14:22:56', '544d4ea12726', 'c4e8e55310de', 'cfccaecd4bad', 'storyboard', '{"sections": {"1fba4185-8be3-48e3-ac1b-8f82d0d77e47": {"column1": "", "column3": "", "position": 4, "column2Html": "<p>Die Erde ist der einzige bekannte Planet, auf dem Leben existiert. Ihr komplexes Ökosystem umfasst vielfältige Lebensformen, die eng miteinander und mit ihrer Umwelt interagieren.</p>"}, "4d164baf-0934-4b95-9eda-af75fad7c588": {"column1": "", "column3": "", "position": 5, "column2Html": "<p>Die Erde ist der einzige bekannte Planet, auf dem Leben existiert. Ihr komplexes Ökosystem umfasst vielfältige Lebensformen, die eng miteinander und mit ihrer Umwelt interagieren.</p>"}, "5da0b2f1-aad0-4ebd-9f59-aef454cd41b7": {"column1": "", "column3": "", "position": 3, "column2Html": "<p>Die Erde ist der einzige bekannte Planet, auf dem Leben existiert. Ihr komplexes Ökosystem umfasst vielfältige Lebensformen, die eng miteinander und mit ihrer Umwelt interagieren.</p>"}, "7412b417-389b-4458-b3dc-af3626a34b30": {"column1": "", "column3": "", "position": 1, "column2Html": "<p>Die Erde ist der einzige bekannte Planet, auf dem Leben existiert. Ihr komplexes Ökosystem umfasst vielfältige Lebensformen, die eng miteinander und mit ihrer Umwelt interagieren.</p>"}, "b67d458b-58a8-4c91-b2cb-de6642746683": {"column1": "", "column3": "", "position": 6, "column2Html": "<p>Die Erde ist der einzige bekannte Planet, auf dem Leben existiert. Ihr komplexes Ökosystem umfasst vielfältige Lebensformen, die eng miteinander und mit ihrer Umwelt interagieren.</p>"}, "c81f489b-92d0-4d80-a130-8d0fa3a1fc78": {"column1": "", "column3": "", "position": 2, "column2Html": "<p>Die Erde ist der einzige bekannte Planet, auf dem Leben existiert. Ihr komplexes Ökosystem umfasst vielfältige Lebensformen, die eng miteinander und mit ihrer Umwelt interagieren.</p>"}}}'),
	('7a300334ec97', 'aside-top', 0, NULL, '2023-08-08 09:54:05', '2023-11-12 14:23:00', '544d4ea12726', 'c4e8e55310de', '318e064ea0c9', 'singletext', '{"html": "<p>Die Erde ist der einzige bekannte Planet, auf dem Leben existiert. Ihr komplexes Ökosystem umfasst vielfältige Lebensformen, die eng miteinander und mit ihrer Umwelt interagieren.</p>"}'),
	('a7b4461959b0', 'aside-top', 1, NULL, '2023-08-08 09:54:05', '2023-11-12 14:23:02', '544d4ea12726', 'c4e8e55310de', '44dcc7493c65', 'singletext', '{"html": "<p>Die Erde ist der einzige bekannte Planet, auf dem Leben existiert. Ihr komplexes Ökosystem umfasst vielfältige Lebensformen, die eng miteinander und mit ihrer Umwelt interagieren.</p>"}'),
	('63de332a51ab', '1', 0, NULL, '2023-11-12 14:27:11', '2023-11-12 14:27:11', 'af53f5935834', 'af53f5935834', 'a4211c112939', 'responsivelayout', '{"items": [{"slot": "main"}, {"slot": "aside-top"}, {"slot": "aside-bottom"}]}'),
	('8356838dc0af', '1', 0, NULL, '2023-11-12 14:23:18', '2023-11-12 14:23:18', '2b379e00b5ae', '2b379e00b5ae', 'a4211c112939', 'responsivelayout', '{"items": [{"slot": "main"}, {"slot": "aside-top"}, {"slot": "aside-bottom"}]}'),
	('bcf81f8822a6', 'main', 0, NULL, '2023-08-08 10:20:31', '2023-11-12 14:24:57', 'c49b40c66692', '899a76275665', 'cfccaecd4bad', 'storyboard', '{"sections": {"3c47dcdf-ed7c-42bc-a12a-9d1a223a6d45": {"column1": "", "column3": "", "position": 2, "column2Html": "<p>Die Erde ist der einzige bekannte Planet, auf dem Leben existiert. Ihr komplexes Ökosystem umfasst vielfältige Lebensformen, die eng miteinander und mit ihrer Umwelt interagieren.</p>"}, "52181da4-8dad-4c39-9584-7bef9a368da1": {"column1": "", "column3": "", "position": 6, "column2Html": "<p>Die Erde ist der einzige bekannte Planet, auf dem Leben existiert. Ihr komplexes Ökosystem umfasst vielfältige Lebensformen, die eng miteinander und mit ihrer Umwelt interagieren.</p>"}, "7504fbf1-d126-44f1-bfab-9cbdb420938a": {"column1": "", "column3": "", "position": 3, "column2Html": "<p>Die Erde ist der einzige bekannte Planet, auf dem Leben existiert. Ihr komplexes Ökosystem umfasst vielfältige Lebensformen, die eng miteinander und mit ihrer Umwelt interagieren.</p>"}, "9c7e117b-cfa2-4d13-84f0-d1ca5bb9f639": {"column1": "", "column3": "", "position": 4, "column2Html": "<p>Die Erde ist der einzige bekannte Planet, auf dem Leben existiert. Ihr komplexes Ökosystem umfasst vielfältige Lebensformen, die eng miteinander und mit ihrer Umwelt interagieren.</p>"}, "edf482ed-9f67-4ab7-ab96-4ed337debb00": {"column1": "", "column3": "", "position": 5, "column2Html": "<p>Die Erde ist der einzige bekannte Planet, auf dem Leben existiert. Ihr komplexes Ökosystem umfasst vielfältige Lebensformen, die eng miteinander und mit ihrer Umwelt interagieren.</p>"}, "effa3fa5-cd07-4e82-a8aa-198ed9a7c1d4": {"column1": "", "column3": "", "position": 1, "column2Html": "<p>Die Erde ist der einzige bekannte Planet, auf dem Leben existiert. Ihr komplexes Ökosystem umfasst vielfältige Lebensformen, die eng miteinander und mit ihrer Umwelt interagieren.</p>"}}}'),
	('899a76275665', '1', 0, NULL, '2023-11-12 14:24:46', '2023-11-12 14:24:46', 'c49b40c66692', 'c49b40c66692', 'a4211c112939', 'responsivelayout', '{"items": [{"slot": "main"}, {"slot": "aside-top"}, {"slot": "aside-bottom"}]}'),
	('ca3d6449684f', 'main', 0, NULL, '2023-08-08 09:56:45', '2023-11-12 14:25:29', 'd56e854fde29', '1dab9a412dd4', 'cfccaecd4bad', 'storyboard', '{"sections": {"7412b417-389b-4458-b3dc-af3626a34b30": {"column1": "", "column3": "", "position": 1, "column2Html": "<p><br />In den letzten Jahrzehnten hat sich die Technologie in rasantem Tempo entwickelt und hat nahezu alle Aspekte unseres Lebens beeinflusst. Diese Entwicklung hat zahlreiche positive Auswirkungen, darunter verbesserte Kommunikation, effizientere Arbeitsprozesse und eine Fülle von Informationsquellen. Dennoch bringt sie auch Herausforderungen mit sich, die es zu bewältigen gilt.</p><p>Zu den positiven Aspekten gehören:</p><ol><li><p><strong>Kommunikation</strong>: Technologische Fortschritte haben die Kommunikation revolutioniert. Menschen können weltweit in Echtzeit miteinander in Verbindung treten, sei es über soziale Medien, Videoanrufe oder Nachrichten-Apps.</p></li><li><p><strong>Effizienzsteigerung</strong>: Technologie hat Arbeitsabläufe in vielen Branchen optimiert. Automatisierung, künstliche Intelligenz und maschinelles Lernen tragen dazu bei, Aufgaben schneller und präziser zu erledigen.</p></li><li><p><strong>Zugang zu Informationen</strong>: Das Internet bietet einen beispiellosen Zugang zu Wissen und Informationen. Bildung, Forschung und Lernen sind global zugänglich und erschwinglich geworden.</p></li></ol><p>Allerdings gibt es auch einige Herausforderungen:</p><ol><li><p><strong>Datenschutz</strong>: Die digitale Vernetzung führt zu Bedenken hinsichtlich Datenschutz und Privatsphäre. Persönliche Daten können leicht in die falschen Hände geraten.</p></li><li><p><strong>Abhängigkeit</strong>: Die zunehmende Abhängigkeit von Technologie kann negative Auswirkungen auf soziale Interaktionen und die physische Gesundheit haben.</p></li><li><p><strong>Ungleichheit</strong>: Technologische Fortschritte können zu einer Kluft zwischen Technologie-Nutzern und -Nichtnutzern führen, was soziale Ungleichheit verstärken kann.</p></li></ol><p>Es ist wichtig, die Vorteile der Technologie zu nutzen, während gleichzeitig bewusst mit ihren Herausforderungen umgegangen wird, um eine ausgewogene und nachhaltige Zukunft zu gestalten.</p>"}}}'),
	('1dab9a412dd4', '1', 0, NULL, '2023-11-12 14:25:15', '2023-11-12 14:25:15', 'd56e854fde29', 'd56e854fde29', 'a4211c112939', 'responsivelayout', '{"items": [{"slot": "main"}, {"slot": "aside-top"}, {"slot": "aside-bottom"}]}'),
	('d82c7a45d7df', '1', 0, NULL, '2023-11-12 14:26:30', '2023-11-12 14:26:30', '190375b61413', '190375b61413', 'a4211c112939', 'responsivelayout', '{"items": [{"slot": "main"}, {"slot": "aside-top"}, {"slot": "aside-bottom"}]}'),
	('6cdf77b5c113', 'main', 1, NULL, '2023-08-08 08:19:55', '2023-11-12 17:21:16', '0e0b0bd06918', '17ba22ea1e86', '3ef17bd1df72', 'materialnode', NULL),
	('0253abab905c', 'aside-top', 0, NULL, '2023-08-08 09:22:58', '2023-11-12 14:39:27', '2e7a9509cd7f', 'fd1ff3d85bc6', '318e064ea0c9', 'singletext', '{"html": ""}'),
	('95f018545e1e', '1', 1, NULL, '2024-04-01 18:07:06', '2024-04-01 18:07:06', '6fb71d916699', '6fb71d916699', '3ef17bd1df72', 'materialnode', NULL),
	('a26a7ae09d58', 'aside-top', 0, NULL, '2023-08-08 08:19:55', '2023-11-12 17:21:33', '0e0b0bd06918', '17ba22ea1e86', '318e064ea0c9', 'singletext', '{"html": "<p>Wir stürzen ab. Der Pilot verlässt das Flugzeug früher, weil die Steuerung nicht mehr funktioniert und er der Meinung ist, dass wir in die Insel stürzen würden und er nicht sterben will. oder so ähnlch de Pilot isch denn eifach verscholle</p>"}'),
	('17ba22ea1e86', '1', 0, NULL, '2023-11-12 17:21:12', '2023-11-12 17:21:12', '0e0b0bd06918', '0e0b0bd06918', 'a4211c112939', 'responsivelayout', '{"items": [{"slot": "main"}, {"slot": "aside-top"}, {"slot": "aside-bottom"}]}'),
	('8e8787fea6f2', 'main', 1, NULL, '2023-08-08 10:15:50', '2023-11-12 14:16:11', '40dad30f1f06', 'fdf884fca646', '3ef17bd1df72', 'materialnode', NULL),
	('966d91b9b747', 'main', 0, NULL, '2023-08-08 10:15:50', '2023-12-03 18:59:27', '40dad30f1f06', 'fdf884fca646', 'cfccaecd4bad', 'storyboard', '{"sections": {"067523c1-001c-4792-8fa5-e1156d6b177b": {"column1": "00:30", "column3": "Salamander, Castor", "position": 3, "column2Html": "<p>Die Schatzkarten werden verteilt. Jedes Team erhält eine Karte mit markierten Wegpunkten im Wald, die sie zu verschiedenen Stationen führen. Die Teams müssen den Kompass verwenden, um die Richtung und die Entfernung zu den jeweiligen Stationen zu bestimmen.</p>"}, "0f1cea2e-280e-47f1-a793-9f219aeda0ba": {"column1": "02:00", "column3": "Snoopy", "position": 8, "column2Html": "<p>Ende der Pfadiübung. Die Teilnehmer sind stolz auf ihre Leistungen und haben eine unterhaltsame und lehrreiche Zeit im Wald verbracht.</p>"}, "638e045a-a50c-45c0-aad8-c60357eba601": {"column1": "00:15", "column3": "Salamander, Castor", "position": 2, "column2Html": "<p>Die Leiter erklären den Teilnehmern, wie man einen Kompass benutzt, um die Himmelsrichtungen zu bestimmen. Jedes Team bekommt einen Kompass und lernt die Grundlagen der Orientierung.</p>"}, "7123787d-5a75-4b97-a3fb-d035a57c28f1": {"column1": "01:45", "column3": "Salamander, Castor", "position": 7, "column2Html": "<p>Die Gruppen kehren zum Lager zurück. Gemeinsam besprechen sie die Herausforderungen der Schatzsuche, was sie gelernt haben und wie sie als Team zusammengearbeitet haben.</p>"}, "7412b417-389b-4458-b3dc-af3626a34b30": {"column1": "00:00", "column3": "Salamander, Castor", "position": 1, "column2Html": "<p>Die Teilnehmer versammeln sich am Treffpunkt im Lager. Die Leiter erklären, dass heute eine aufregende Schatzsuche im Wald stattfinden wird. Die Kinder werden in Teams von 4-5 Personen eingeteilt und erhalten jeweils eine Karte des Waldgebiets.</p>"}, "a449795a-8dbb-45a6-a755-ba408dcad03e": {"column1": "01:30", "column3": "Salamander, Castor", "position": 6, "column2Html": "<p>Die Teams erreichen das finale Schatzversteck. Dort entdecken sie eine Schatztruhe, die mit kleinen Belohnungen gefüllt ist, wie zum Beispiel Süßigkeiten, Abzeichen oder kleine Spielzeuge. Die Kinder freuen sich über ihre Errungenschaften und feiern ihren Erfolg.</p>"}, "b2e9ec8b-e7cf-41da-b174-350357bfcb85": {"column1": "01:15", "column3": "Snoopy", "position": 5, "column2Html": "<p>Die Teams haben nun mehrere Stationen durchlaufen und Hinweise gesammelt. Diese Hinweise ergeben zusammen die Koordinaten des finalen Schatzverstecks. Die Kinder sind aufgeregt und motiviert, den Schatz zu finden.</p>"}, "cb243c88-9c08-4bfb-8b9b-9b4afd057699": {"column1": "00:45", "column3": "Salamnder", "position": 4, "column2Html": "<p>Die Teams starten ihre Schatzsuche. An den markierten Stationen finden sie Rätsel oder Aufgaben, die gelöst werden müssen, um Hinweise auf den nächsten Wegpunkt zu erhalten. Die Rätsel sind altersgerecht und fördern die Teamarbeit sowie das logische Denken.</p>"}}}'),
	('9a81920a6e99', 'main', 0, NULL, '2023-08-08 09:53:21', '2023-12-03 18:59:45', '28d1320a12cc', 'e5608f539e2d', 'cfccaecd4bad', 'storyboard', '{"sections": {"7412b417-389b-4458-b3dc-af3626a34b30": {"column1": "", "column3": "", "position": 1, "column2Html": "<p>Bahnhof/Haltestelle Zeit Reise mit Informationen</p><p> Zürich Oerlikon, Bahnhof</p><p>       </p><p>Fussweg</p><p>4'' Fussweg 49 m</p><p>Zürich Oerlikon</p><p> ab 15:43 Gl. 1 S 14 19458 S-Bahn 14<br />Richtung: Affoltern am Albis <br /></p><ul><li></li></ul><p>Zürich Altstetten</p><p> an 15:54 Gl. 2</p><p>       </p><p>Umsteigen</p><p>Umsteigen</p><p>Zürich Altstetten</p><p> ab 15:59 Gl. 7 IR 35 2374 InterRegio 35<br />Richtung: Bern <br /></p><ul><li><p></p></li></ul><p>Aare Linth<br /> Olten</p><p> an 16:28 Gl. 9</p><p>       </p><p>Umsteigen</p><p>Umsteigen</p><p>Olten</p><p> ab 16:35 Gl. 1B-D S 20 7678 S-Bahn 20<br />Richtung: Biel/Bienne <br /></p><ul><li><p></p></li></ul><p>Wangen an der Aare</p><p> an 17:00 Gl. 3</p><p>       </p><p>Fussweg</p><p>10'' Fussweg 580 m</p>"}}}'),
	('9dcf58a2ac05', 'main', 1, NULL, '2023-08-08 10:16:36', '2023-11-12 14:17:13', '9b05b63b109e', '36877ad85360', '3ef17bd1df72', 'materialnode', NULL),
	('48b663e61c72', 'main', 1, NULL, '2023-08-08 09:55:13', '2023-11-12 14:17:47', '055bc74bad55', '5a3ed6353dde', '3ef17bd1df72', 'materialnode', NULL),
	('f574bebf354b', 'main', 0, NULL, '2023-08-08 09:55:13', '2023-12-03 19:00:09', '055bc74bad55', '5a3ed6353dde', 'cfccaecd4bad', 'storyboard', '{"sections": {"125510c4-3fb2-4836-ab84-fecd34662f9c": {"column1": "00:45", "column3": "", "position": 4, "column2Html": "<p>Die Teams starten ihre Schatzsuche. An den markierten Stationen finden sie Rätsel oder Aufgaben, die gelöst werden müssen, um Hinweise auf den nächsten Wegpunkt zu erhalten. Die Rätsel sind altersgerecht und fördern die Teamarbeit sowie das logische Denken.</p>"}, "431f3995-4da8-4902-ada4-8acecce0c4ed": {"column1": "00:30", "column3": "", "position": 3, "column2Html": "<p>Die Schatzkarten werden verteilt. Jedes Team erhält eine Karte mit markierten Wegpunkten im Wald, die sie zu verschiedenen Stationen führen. Die Teams müssen den Kompass verwenden, um die Richtung und die Entfernung zu den jeweiligen Stationen zu bestimmen.</p>"}, "60be378a-d494-48e9-ad8e-4c42563e8a86": {"column1": "00:15", "column3": "", "position": 2, "column2Html": "<p>Die Leiter erklären den Teilnehmern, wie man einen Kompass benutzt, um die Himmelsrichtungen zu bestimmen. Jedes Team bekommt einen Kompass und lernt die Grundlagen der Orientierung.</p>"}, "7412b417-389b-4458-b3dc-af3626a34b30": {"column1": "00:00", "column3": "", "position": 1, "column2Html": "<p>Die Teilnehmer versammeln sich am Treffpunkt im Lager. Die Leiter erklären, dass heute eine aufregende Schatzsuche im Wald stattfinden wird. Die Kinder werden in Teams von 4-5 Personen eingeteilt und erhalten jeweils eine Karte des Waldgebiets.</p>"}, "d4f57a2a-9bf2-438e-8984-64a5354dabd0": {"column1": "01:30", "column3": "", "position": 6, "column2Html": "<p>Die Teams erreichen das finale Schatzversteck. Dort entdecken sie eine Schatztruhe, die mit kleinen Belohnungen gefüllt ist, wie zum Beispiel Süßigkeiten, Abzeichen oder kleine Spielzeuge. Die Kinder freuen sich über ihre Errungenschaften und feiern ihren Erfolg.</p>"}, "f321a314-f4c1-4027-8894-3b758745c90a": {"column1": "01:15", "column3": "", "position": 5, "column2Html": "<p>Die Teams haben nun mehrere Stationen durchlaufen und Hinweise gesammelt. Diese Hinweise ergeben zusammen die Koordinaten des finalen Schatzverstecks. Die Kinder sind aufgeregt und motiviert, den Schatz zu finden.</p>"}}}'),
	('7eddf3aaa560', 'main', 0, NULL, '2023-08-08 09:53:49', '2023-12-03 19:00:49', '9e7cd70bbff1', '3ab7ca5d2e0d', 'cfccaecd4bad', 'storyboard', '{"sections": {"23309bc0-7518-42c9-99a1-9cc35a7d429f": {"column1": "00:30", "column3": "", "position": 3, "column2Html": "<p>Die Schatzkarten werden verteilt. Jedes Team erhält eine Karte mit markierten Wegpunkten im Wald, die sie zu verschiedenen Stationen führen. Die Teams müssen den Kompass verwenden, um die Richtung und die Entfernung zu den jeweiligen Stationen zu bestimmen.</p>"}, "7412b417-389b-4458-b3dc-af3626a34b30": {"column1": "00:00", "column3": "", "position": 1, "column2Html": "<p>Die Teilnehmer versammeln sich am Treffpunkt im Lager. Die Leiter erklären, dass heute eine aufregende Schatzsuche im Wald stattfinden wird. Die Kinder werden in Teams von 4-5 Personen eingeteilt und erhalten jeweils eine Karte des Waldgebiets.</p>"}, "f280f4f8-db1d-4a98-b84a-d9abe7d52e10": {"column1": "00:15", "column3": "", "position": 2, "column2Html": "<p>Die Leiter erklären den Teilnehmern, wie man einen Kompass benutzt, um die Himmelsrichtungen zu bestimmen. Jedes Team bekommt einen Kompass und lernt die Grundlagen der Orientierung.</p>"}}}'),
	('4314f1b9e007', 'main', 0, NULL, '2023-08-08 09:55:35', '2023-12-03 19:01:03', '808938f16fc8', '2fffc2b297dc', 'cfccaecd4bad', 'storyboard', '{"sections": {"1c42c9a8-e968-4a77-add7-ed616824b38b": {"column1": "00:10", "column3": "", "position": 2, "column2Html": "<p>Lorem ipsum dolor sit amet, consectetur adipiscing elit. Quid autem habent admirationis, cum prope accesseris? Aliter autem vobis placet. </p><p>Ne in odium veniam, si amicum destitero tueri. Nondum autem explanatum satis, erat, quid maxime natura vellet. In schola desinis. </p><p>Tu quidem reddes; Sed ad bona praeterita redeamus. Duo Reges: constructio interrete. Tecum optime, deinde etiam cum mediocri amico. </p><p>\tHaeret in salebra.</p><p>\tErgo et avarus erit, sed finite, et adulter, verum habebit modum, et luxuriosus eodem modo.</p><p>\tFacete M.</p><p>\tCerte, nisi voluptatem tanti aestimaretis.</p><p>\tStoicos roga.</p><p>\tItaque his sapiens semper vacabit.</p><p>\tBork</p><p>\tCum autem negant ea quicquam ad beatam vitam pertinere, rursus naturam relinquunt.</p>"}, "7412b417-389b-4458-b3dc-af3626a34b30": {"column1": "00:00", "column3": "", "position": 1, "column2Html": "<p>Lorem ipsum dolor sit amet, consectetur adipiscing elit. At ille pellit, qui permulcet sensum voluptate. Non est igitur voluptas bonum. Quae duo sunt, unum facit. Proclivi currit oratio. Egone quaeris, inquit, quid sentiam? </p><p>\tImmo videri fortasse.</p><p>\tEam si varietatem diceres, intellegerem, ut etiam non dicente te intellego;</p><p>\tProclivi currit oratio.</p><p>\tTu vero, inquam, ducas licet, si sequetur;</p><p>\tCerte non potest.</p><p>\tA primo, ut opinor, animantium ortu petitur origo summi boni.</p><p>\tBork</p><p>\tEst igitur officium eius generis, quod nec in bonis ponatur nec in contrariis.</p><p>Equidem e Cn. Velut ego nunc moveor. Tuo vero id quidem, inquam, arbitratu. Cur deinde Metrodori liberos commendas? Istic sum, inquit. Nemo igitur esse beatus potest. </p><p>Quod cum dixissent, ille contra. Confecta res esset. Sullae consulatum? Inde igitur, inquit, ordiendum est. Huius ego nunc auctoritatem sequens idem faciam. At multis malis affectus. </p><p>Tu vero, inquam, ducas licet, si sequetur; Philosophi autem in suis lectulis plerumque moriuntur. Hoc loco tenere se Triarius non potuit. Eam stabilem appellas. Bestiarum vero nullum iudicium puto. Vide, quantum, inquam, fallare, Torquate. Paria sunt igitur. Videsne quam sit magna dissensio? </p><p>Duo Reges: constructio interrete. De hominibus dici non necesse est. Sed ad bona praeterita redeamus. Eadem nunc mea adversum te oratio est. </p>"}, "a9f5a2cd-bb70-4189-88d2-ee81407e7d13": {"column1": "", "column3": "", "position": 4, "column2Html": ""}, "f6ea31be-f007-4a13-a821-b4e628d32542": {"column1": "", "column3": "", "position": 3, "column2Html": "<p>Lorem ipsum dolor sit amet, consectetur adipiscing elit. Bork Sint ista Graecorum; Duo Reges: constructio interrete. Eam tum adesse, cum dolor omnis absit; </p><p>\tBork</p><p>\tQuod autem ratione actum est, id officium appellamus.</p><p>\tQuae sequuntur igitur?</p><p>\tNon igitur de improbo, sed de callido improbo quaerimus, qualis Q.</p><p>\tStoici scilicet.</p><p>\tFortitudinis quaedam praecepta sunt ac paene leges, quae effeminari virum vetant in dolore.</p><p>\tQui convenit?</p><p>\tQuam illa ardentis amores excitaret sui! Cur tandem?</p><p>\tBork</p><p>\tQuid ei reliquisti, nisi te, quoquo modo loqueretur, intellegere, quid diceret?</p><p>Quod totum contra est. Idem iste, inquam, de voluptate quid sentit? Bork Murenam te accusante defenderem. Duo enim genera quae erant, fecit tria. </p><p>Age, inquies, ista parva sunt. Bonum valitudo: miser morbus. Sumenda potius quam expetenda. Audeo dicere, inquit. Id enim natura desiderat. Non est ista, inquam, Piso, magna dissensio. Quid autem habent admirationis, cum prope accesseris? </p>"}}}'),
	('25074e49b902', 'main', 1, NULL, '2023-08-08 10:17:07', '2023-11-12 14:20:03', 'df1b0979357a', 'dfdf23a86ce6', '3ef17bd1df72', 'materialnode', NULL),
	('d40612537b3c', 'aside-top', 1, NULL, '2023-08-08 09:22:58', '2023-11-12 14:39:21', '2e7a9509cd7f', 'fd1ff3d85bc6', '1a0f84e322c8', 'multiselect', '{"options": {"security": {"checked": false}, "outdoorTechnique": {"checked": false}, "pioneeringTechnique": {"checked": false}, "natureAndEnvironment": {"checked": false}, "campsiteAndSurroundings": {"checked": false}, "preventionAndIntegration": {"checked": false}}}'),
	('8432a18091b8', 'aside-top', 2, NULL, '2023-08-08 09:22:58', '2023-11-12 14:39:29', '2e7a9509cd7f', 'fd1ff3d85bc6', '44dcc7493c65', 'singletext', '{"html": ""}'),
	('e556897a50c1', 'main', 0, NULL, '2023-08-08 09:22:58', '2023-12-03 19:15:47', '2e7a9509cd7f', 'fd1ff3d85bc6', 'cfccaecd4bad', 'storyboard', '{"sections": {"4c126a50-f729-46a7-8326-811586922995": {"column1": "", "column3": "", "position": 1, "column2Html": ""}}}'),
	('862f23815209', 'main', 0, NULL, '2023-08-08 10:19:57', '2023-12-03 19:01:21', '0e6163bf956e', '72c5cdf016ab', 'cfccaecd4bad', 'storyboard', '{"sections": {"5ae40118-e423-4972-bb27-caee2065dbdf": {"column1": "20", "column3": "", "position": 2, "column2Html": "<p>Natürliche Ökosysteme spielen eine entscheidende Rolle im Erhalt der globalen Biodiversität und der Stabilität des Planeten. Diese vielfältigen Lebensräume bieten Lebensraum für eine breite Palette von Pflanzen und Tieren, von mikroskopisch kleinen Organismen bis hin zu majestätischen Raubtieren. Der reibungslose Ablauf dieser Ökosysteme hängt von komplexen Wechselwirkungen zwischen den verschiedenen Arten und den Umweltbedingungen ab. Von Regenwäldern bis hin zu Wüsten, von Ozeanen bis hin zu Flussufern - jedes Ökosystem trägt auf seine eigene Weise zur Aufrechterhaltung des ökologischen Gleichgewichts bei. Es ist von größter Bedeutung, diese Ökosysteme zu schützen und nachhaltige Praktiken zu fördern, um die langfristige Gesundheit unseres Planeten zu gewährleisten.</p>"}, "d8504cbc-993c-465b-a494-94968093ff6d": {"column1": "50", "column3": "", "position": 3, "column2Html": "<p>Natürliche Ökosysteme spielen eine entscheidende Rolle im Erhalt der globalen Biodiversität und der Stabilität des Planeten. Diese vielfältigen Lebensräume bieten Lebensraum für eine breite Palette von Pflanzen und Tieren, von mikroskopisch kleinen Organismen bis hin zu majestätischen Raubtieren. Der reibungslose Ablauf dieser Ökosysteme hängt von komplexen Wechselwirkungen zwischen den verschiedenen Arten und den Umweltbedingungen ab. Von Regenwäldern bis hin zu Wüsten, von Ozeanen bis hin zu Flussufern - jedes Ökosystem trägt auf seine eigene Weise zur Aufrechterhaltung des ökologischen Gleichgewichts bei. Es ist von größter Bedeutung, diese Ökosysteme zu schützen und nachhaltige Praktiken zu fördern, um die langfristige Gesundheit unseres Planeten zu gewährleisten.</p>"}, "effa3fa5-cd07-4e82-a8aa-198ed9a7c1d4": {"column1": "0", "column3": "", "position": 1, "column2Html": "<p>Natürliche Ökosysteme spielen eine entscheidende Rolle im Erhalt der globalen Biodiversität und der Stabilität des Planeten. Diese vielfältigen Lebensräume bieten Lebensraum für eine breite Palette von Pflanzen und Tieren, von mikroskopisch kleinen Organismen bis hin zu majestätischen Raubtieren. Der reibungslose Ablauf dieser Ökosysteme hängt von komplexen Wechselwirkungen zwischen den verschiedenen Arten und den Umweltbedingungen ab. Von Regenwäldern bis hin zu Wüsten, von Ozeanen bis hin zu Flussufern - jedes Ökosystem trägt auf seine eigene Weise zur Aufrechterhaltung des ökologischen Gleichgewichts bei. Es ist von größter Bedeutung, diese Ökosysteme zu schützen und nachhaltige Praktiken zu fördern, um die langfristige Gesundheit unseres Planeten zu gewährleisten.</p>"}}}'),
	('d93641544b9d', 'main', 1, NULL, '2023-08-08 10:21:40', '2023-11-12 14:21:29', '04b830860487', '36e6c9960b05', '3ef17bd1df72', 'materialnode', NULL),
	('90eea5d289f3', 'main', 0, NULL, '2023-08-08 10:21:40', '2023-12-03 19:01:30', '04b830860487', '36e6c9960b05', 'cfccaecd4bad', 'storyboard', '{"sections": {"effa3fa5-cd07-4e82-a8aa-198ed9a7c1d4": {"column1": "", "column3": "", "position": 1, "column2Html": "<p>Fähnliabend für die Fähnli</p>"}}}'),
	('3d27e9f08caa', 'main', 1, NULL, '2023-08-08 09:56:01', '2023-11-12 14:22:02', 'd5c9023c2062', 'a72b9db002de', '3ef17bd1df72', 'materialnode', NULL),
	('eaec47c49919', 'main', 0, NULL, '2023-08-08 09:56:01', '2023-12-03 19:01:38', 'd5c9023c2062', 'a72b9db002de', 'cfccaecd4bad', 'storyboard', '{"sections": {"7412b417-389b-4458-b3dc-af3626a34b30": {"column1": "", "column3": "", "position": 1, "column2Html": ""}}}'),
	('9f1ce8585695', 'aside-bottom', 0, NULL, '2023-08-08 10:31:35', '2023-12-03 19:02:17', 'b3b06ed47e3b', 'e8787777eccc', '4f0c657fecef', 'singletext', '{"html": ""}'),
	('0c01524a1b65', 'main', 0, NULL, '2023-08-08 10:31:35', '2023-12-03 19:02:26', 'b3b06ed47e3b', 'e8787777eccc', 'cfccaecd4bad', 'storyboard', '{"sections": {"56c67b3a-7d90-4f8f-bcff-a67233ce24be": {"column1": "", "column3": "", "position": 2, "column2Html": "<p>Die Erde ist der einzige bekannte Planet, auf dem Leben existiert. Ihr komplexes Ökosystem umfasst vielfältige Lebensformen, die eng miteinander und mit ihrer Umwelt interagieren.</p>"}, "effa3fa5-cd07-4e82-a8aa-198ed9a7c1d4": {"column1": "", "column3": "", "position": 1, "column2Html": "<p>Die Erde ist der einzige bekannte Planet, auf dem Leben existiert. Ihr komplexes Ökosystem umfasst vielfältige Lebensformen, die eng miteinander und mit ihrer Umwelt interagieren.</p>"}}}'),
	('e8787777eccc', '1', 0, NULL, '2023-12-03 19:02:11', '2023-12-03 19:02:11', 'b3b06ed47e3b', 'b3b06ed47e3b', 'a4211c112939', 'responsivelayout', '{"items": [{"slot": "main"}, {"slot": "aside-top"}, {"slot": "aside-bottom"}]}'),
	('cd034af4b2bd', '1', 0, NULL, '2023-11-12 14:25:53', '2023-11-12 14:25:53', '01eee1362ca4', '01eee1362ca4', 'a4211c112939', 'responsivelayout', '{"items": [{"slot": "main"}, {"slot": "aside-top"}, {"slot": "aside-bottom"}]}'),
	('85f501c26503', 'main', 0, NULL, '2023-08-08 10:20:55', '2023-12-03 19:03:20', '01eee1362ca4', 'cd034af4b2bd', 'cfccaecd4bad', 'storyboard', '{"sections": {"247b29f1-59e5-4d59-8111-83fb3305adaa": {"column1": "", "column3": "", "position": 2, "column2Html": "<p><br />In den letzten Jahrzehnten hat sich die Technologie in rasantem Tempo entwickelt und hat nahezu alle Aspekte unseres Lebens beeinflusst. Diese Entwicklung hat zahlreiche positive Auswirkungen, darunter verbesserte Kommunikation, effizientere Arbeitsprozesse und eine Fülle von Informationsquellen. Dennoch bringt sie auch Herausforderungen mit sich, die es zu bewältigen gilt.</p>"}, "2cec518f-fc6a-4820-a195-3b78414a4b9a": {"column1": "", "column3": "", "position": 5, "column2Html": "<p><br />In den letzten Jahrzehnten hat sich die Technologie in rasantem Tempo entwickelt und hat nahezu alle Aspekte unseres Lebens beeinflusst. Diese Entwicklung hat zahlreiche positive Auswirkungen, darunter verbesserte Kommunikation, effizientere Arbeitsprozesse und eine Fülle von Informationsquellen. Dennoch bringt sie auch Herausforderungen mit sich, die es zu bewältigen gilt.</p>"}, "6326c0d6-5d69-4308-b80a-3689ea970871": {"column1": "", "column3": "", "position": 6, "column2Html": "<p><br />In den letzten Jahrzehnten hat sich die Technologie in rasantem Tempo entwickelt und hat nahezu alle Aspekte unseres Lebens beeinflusst. Diese Entwicklung hat zahlreiche positive Auswirkungen, darunter verbesserte Kommunikation, effizientere Arbeitsprozesse und eine Fülle von Informationsquellen. Dennoch bringt sie auch Herausforderungen mit sich, die es zu bewältigen gilt.</p>"}, "69307fe7-c1ad-4291-86c7-60f8ac8758d0": {"column1": "", "column3": "", "position": 3, "column2Html": "<p><br />In den letzten Jahrzehnten hat sich die Technologie in rasantem Tempo entwickelt und hat nahezu alle Aspekte unseres Lebens beeinflusst. Diese Entwicklung hat zahlreiche positive Auswirkungen, darunter verbesserte Kommunikation, effizientere Arbeitsprozesse und eine Fülle von Informationsquellen. Dennoch bringt sie auch Herausforderungen mit sich, die es zu bewältigen gilt.</p>"}, "d3513bdb-061b-4190-86ef-ff03191b4191": {"column1": "", "column3": "", "position": 4, "column2Html": "<p><br />In den letzten Jahrzehnten hat sich die Technologie in rasantem Tempo entwickelt und hat nahezu alle Aspekte unseres Lebens beeinflusst. Diese Entwicklung hat zahlreiche positive Auswirkungen, darunter verbesserte Kommunikation, effizientere Arbeitsprozesse und eine Fülle von Informationsquellen. Dennoch bringt sie auch Herausforderungen mit sich, die es zu bewältigen gilt.</p>"}, "db646a6d-880c-4f56-9238-184d01189a3b": {"column1": "", "column3": "", "position": 7, "column2Html": "<p><br />In den letzten Jahrzehnten hat sich die Technologie in rasantem Tempo entwickelt und hat nahezu alle Aspekte unseres Lebens beeinflusst. Diese Entwicklung hat zahlreiche positive Auswirkungen, darunter verbesserte Kommunikation, effizientere Arbeitsprozesse und eine Fülle von Informationsquellen. Dennoch bringt sie auch Herausforderungen mit sich, die es zu bewältigen gilt.</p>"}, "effa3fa5-cd07-4e82-a8aa-198ed9a7c1d4": {"column1": "", "column3": "", "position": 1, "column2Html": "<p><br />In den letzten Jahrzehnten hat sich die Technologie in rasantem Tempo entwickelt und hat nahezu alle Aspekte unseres Lebens beeinflusst. Diese Entwicklung hat zahlreiche positive Auswirkungen, darunter verbesserte Kommunikation, effizientere Arbeitsprozesse und eine Fülle von Informationsquellen. Dennoch bringt sie auch Herausforderungen mit sich, die es zu bewältigen gilt.</p>"}}}'),
	('ba160a78c312', 'main', 1, NULL, '2023-08-08 10:13:31', '2023-11-12 14:28:57', 'dece09ab0223', '3f2cef9934db', '3ef17bd1df72', 'materialnode', NULL),
	('42ae9b7f3127', 'main', 0, NULL, '2023-08-08 10:13:31', '2023-12-03 19:04:45', 'dece09ab0223', '3f2cef9934db', 'cfccaecd4bad', 'storyboard', '{"sections": {"0f1792d0-1b1f-43f5-af15-77a9cb8e5432": {"column1": "", "column3": "", "position": 3, "column2Html": "<p>In den letzten Jahrzehnten hat sich die Technologie in rasantem Tempo entwickelt und hat nahezu alle Aspekte unseres Lebens beeinflusst. Diese Entwicklung hat zahlreiche positive Auswirkungen, darunter verbesserte Kommunikation, effizientere Arbeitsprozesse und eine Fülle von Informationsquellen. Dennoch bringt sie auch Herausforderungen mit sich, die es zu bewältigen gilt.</p>"}, "6cc41aa5-2fd1-4ad6-ab25-260d737062d2": {"column1": "", "column3": "", "position": 2, "column2Html": "<p>In den letzten Jahrzehnten hat sich die Technologie in rasantem Tempo entwickelt und hat nahezu alle Aspekte unseres Lebens beeinflusst. Diese Entwicklung hat zahlreiche positive Auswirkungen, darunter verbesserte Kommunikation, effizientere Arbeitsprozesse und eine Fülle von Informationsquellen. Dennoch bringt sie auch Herausforderungen mit sich, die es zu bewältigen gilt.</p>"}, "7412b417-389b-4458-b3dc-af3626a34b30": {"column1": "", "column3": "", "position": 1, "column2Html": "<p>In den letzten Jahrzehnten hat sich die Technologie in rasantem Tempo entwickelt und hat nahezu alle Aspekte unseres Lebens beeinflusst. Diese Entwicklung hat zahlreiche positive Auswirkungen, darunter verbesserte Kommunikation, effizientere Arbeitsprozesse und eine Fülle von Informationsquellen. Dennoch bringt sie auch Herausforderungen mit sich, die es zu bewältigen gilt.</p>"}}}'),
	('8eef212ef267', 'aside-bottom', 0, NULL, '2023-08-12 18:38:52', '2023-12-03 19:10:03', '20ed0b8eb618', '49debe3d36db', '4f0c657fecef', 'singletext', '{"html": ""}'),
	('3c4f9b84deef', 'aside-top', 1, NULL, '2023-08-12 18:38:52', '2023-12-03 19:10:24', '20ed0b8eb618', '49debe3d36db', '1a0f84e322c8', 'multiselect', '{"options": {"security": {"checked": false}, "outdoorTechnique": {"checked": false}, "pioneeringTechnique": {"checked": false}, "natureAndEnvironment": {"checked": false}, "campsiteAndSurroundings": {"checked": false}, "preventionAndIntegration": {"checked": false}}}'),
	('e8a86edb00da', 'aside-top', 0, NULL, '2023-08-12 18:38:52', '2023-12-03 19:10:34', '20ed0b8eb618', '49debe3d36db', '318e064ea0c9', 'singletext', '{"html": "<p>Massa ultricies mi quis hendrerit dolor magna eget. Neque volutpat ac tincidunt vitae semper quis. Vel pretium lectus quam id. Varius morbi enim nunc faucibus a pellentesque. Fames ac turpis egestas sed tempus. Non blandit massa enim nec dui nunc mattis. Volutpat consequat mauris nunc congue nisi vitae. Amet consectetur adipiscing elit ut aliquam purus sit amet luctus. Lorem sed risus ultricies tristique. Magna fermentum iaculis eu non diam phasellus vestibulum lorem sed. Eget NULLa facilisi etiam dignissim diam quis enim. Enim eu turpis egestas pretium aenean pharetra magna ac.</p>"}'),
	('49debe3d36db', '1', 0, NULL, '2023-12-03 19:09:58', '2023-12-03 19:09:58', '20ed0b8eb618', '20ed0b8eb618', 'a4211c112939', 'responsivelayout', '{"items": [{"slot": "main"}, {"slot": "aside-top"}, {"slot": "aside-bottom"}]}'),
	('fd1ff3d85bc6', '1', 0, NULL, '2023-11-12 14:38:52', '2023-11-12 14:38:52', '2e7a9509cd7f', '2e7a9509cd7f', 'a4211c112939', 'responsivelayout', '{"items": [{"slot": "main"}, {"slot": "aside-top"}, {"slot": "aside-bottom"}]}'),
	('90407006a8cd', '1', 0, NULL, '2024-04-01 18:07:04', '2024-04-01 18:07:25', '6fb71d916699', '6fb71d916699', '318e064ea0c9', 'singletext', '{"html": "<p>Wir essen in Hogwarts.</p>"}'),
	('42844ffdd580', '1', 1, 'dolores', '2022-01-23 16:19:10', '2022-01-23 16:19:10', '7cc3088e7611', '7cc3088e7611', '3ef17bd1df72', 'materialnode', NULL),
	('75a76d14fce2', '1', 1, NULL, '2022-02-04 19:53:09', '2022-02-04 19:53:09', 'e30e44d80722', '44451e92ca29', '3ef17bd1df72', 'materialnode', NULL),
	('cb4dfdebf798', '1', 1, NULL, '2022-02-04 19:53:15', '2022-02-04 19:53:15', '04cf5070c3fc', '86f5deb498ca', '3ef17bd1df72', 'materialnode', NULL),
	('745b5781ec85', '1', 1, NULL, '2022-02-04 22:10:06', '2022-02-04 22:10:06', 'f6eea06146a3', 'ed4ec4db31b9', '3ef17bd1df72', 'materialnode', NULL),
	('25feb733e4d4', '1', 1, NULL, '2022-02-04 22:28:12', '2022-02-04 22:28:12', '63c226312f4f', 'a44ac12a93c2', '3ef17bd1df72', 'materialnode', NULL),
	('1881ac86a1ec', '2', 2, NULL, '2022-02-04 19:53:09', '2022-02-04 19:53:09', 'e30e44d80722', '44451e92ca29', '4f0c657fecef', 'singletext', '{"html": ""}'),
	('70bb8cdfa6d8', 'aside-bottom', 0, NULL, '2023-08-08 10:13:31', '2023-11-12 14:29:00', '2ebe68599e3f', 'eab512f9576f', '4f0c657fecef', 'singletext', '{"html": ""}'),
	('44451e92ca29', '1', 0, NULL, '2022-02-04 19:53:09', '2022-02-04 19:53:09', 'e30e44d80722', 'e30e44d80722', 'f17470519474', 'columnlayout', '{"columns": [{"slot": "1", "width": 9}, {"slot": "2", "width": 3}]}'),
	('86f5deb498ca', '1', 0, NULL, '2022-02-04 19:53:15', '2022-02-04 19:53:15', '04cf5070c3fc', '04cf5070c3fc', 'f17470519474', 'columnlayout', '{"columns": [{"slot": "1", "width": 9}, {"slot": "2", "width": 3}]}'),
	('2ebe68599e3f', NULL, 0, 'est', '2023-08-08 10:13:31', '2023-08-08 10:13:31', '2ebe68599e3f', NULL, 'f17470519474', 'columnlayout', '{"columns": [{"slot": "1", "width": 12}]}'),
	('ed4ec4db31b9', '1', 0, NULL, '2022-02-04 22:10:06', '2022-02-04 22:10:06', 'f6eea06146a3', 'f6eea06146a3', 'f17470519474', 'columnlayout', '{"columns": [{"slot": "1", "width": 9}, {"slot": "2", "width": 3}]}'),
	('5c4b6fb14fe4', NULL, 0, 'est', '2023-08-08 09:22:58', '2023-08-08 09:22:58', '5c4b6fb14fe4', NULL, 'f17470519474', 'columnlayout', '{"columns": [{"slot": "1", "width": 12}]}'),
	('dd8432af2d6d', NULL, 0, NULL, '2023-08-08 09:22:58', '2023-08-08 09:22:58', 'dd8432af2d6d', NULL, 'f17470519474', 'columnlayout', '{"columns": [{"slot": "1", "width": 12}]}'),
	('248140aa282b', 'aside-top', 0, NULL, '2023-08-08 10:13:31', '2023-11-12 14:29:12', '2ebe68599e3f', 'eab512f9576f', '318e064ea0c9', 'singletext', '{"html": ""}'),
	('a44ac12a93c2', '1', 0, NULL, '2022-02-04 22:28:12', '2022-02-04 22:28:12', '63c226312f4f', '63c226312f4f', 'f17470519474', 'columnlayout', '{"columns": [{"slot": "1", "width": 9}, {"slot": "2", "width": 3}]}'),
	('63c226312f4f', NULL, 0, 'est', '2022-02-04 22:28:12', '2022-02-04 22:28:12', '63c226312f4f', NULL, 'f17470519474', 'columnlayout', '{"columns": [{"slot": "1", "width": 12}]}'),
	('3489f7fb39a0', '1', 3, 'aut', '2022-01-23 16:19:10', '2022-01-23 16:19:10', '7cc3088e7611', '7cc3088e7611', '1a0f84e322c8', 'multiselect', '{"options": {"aut": {"checked": true}}}'),
	('f0a15a85eaf7', '2', 0, NULL, '2022-02-04 19:53:09', '2022-02-04 19:53:09', 'e30e44d80722', '44451e92ca29', '318e064ea0c9', 'singletext', '{"html": ""}'),
	('40d85c3885aa', '1', 0, NULL, '2023-11-12 14:36:31', '2023-11-12 14:36:31', 'aa1fbba3f877', 'aa1fbba3f877', 'a4211c112939', 'responsivelayout', '{"items": [{"slot": "main"}, {"slot": "aside-top"}, {"slot": "aside-bottom"}]}'),
	('1ee9de6c8552', '1', 2, 'velit', '2022-01-23 16:19:10', '2022-01-23 16:19:10', '7cc3088e7611', '7cc3088e7611', '4f0c657fecef', 'singletext', '{"html": "qui"}'),
	('70112a80e4ab', 'aside-bottom', 0, NULL, '2023-08-08 09:22:58', '2023-11-12 14:38:56', 'dd8432af2d6d', '1b061a80c1d3', '4f0c657fecef', 'singletext', '{"html": ""}'),
	('43c6c3098160', 'aside-bottom', 0, NULL, '2023-08-08 09:22:58', '2023-11-12 14:40:00', 'a0447c5659cd', '3a70b5b77b7e', '4f0c657fecef', 'singletext', '{"html": ""}'),
	('04125f6fd287', 'main', 1, NULL, '2023-08-08 09:22:58', '2023-11-12 14:40:02', 'a0447c5659cd', '3a70b5b77b7e', '3ef17bd1df72', 'materialnode', NULL),
	('952d259df44c', 'main', 0, NULL, '2023-08-08 09:22:58', '2023-11-12 14:40:11', 'a0447c5659cd', '3a70b5b77b7e', 'cfccaecd4bad', 'storyboard', '{"sections": {"effa3fa5-cd07-4e82-a8aa-198ed9a7c1d4": {"column1": "", "column3": "", "position": 1, "column2Html": ""}}}'),
	('cc44120f3a4d', 'aside-top', 1, NULL, '2023-08-08 09:22:58', '2023-11-12 14:40:18', 'a0447c5659cd', '3a70b5b77b7e', '44dcc7493c65', 'singletext', '{"html": ""}'),
	('c0a1da4ccfe0', 'aside-top', 0, NULL, '2023-08-08 09:22:58', '2023-11-12 14:40:21', 'a0447c5659cd', '3a70b5b77b7e', '318e064ea0c9', 'singletext', '{"html": ""}'),
	('5c56ff4bdade', '2', 1, NULL, '2022-02-04 19:53:09', '2022-02-04 19:53:09', 'e30e44d80722', '44451e92ca29', '44dcc7493c65', 'singletext', '{"html": "<p>Alle tragen Wanderschuhe</p>"}'),
	('42aafcfc1bb0', '2', 0, NULL, '2022-02-04 19:53:15', '2022-02-04 19:53:15', '04cf5070c3fc', '86f5deb498ca', '318e064ea0c9', 'singletext', '{"html": ""}'),
	('ad8cc4412d95', '2', 2, NULL, '2022-02-04 19:53:15', '2022-02-04 19:53:15', '04cf5070c3fc', '86f5deb498ca', '4f0c657fecef', 'singletext', '{"html": ""}'),
	('013c8831b6cf', '2', 1, NULL, '2022-02-04 19:53:15', '2022-02-04 19:53:15', '04cf5070c3fc', '86f5deb498ca', '44dcc7493c65', 'singletext', '{"html": "<p>Alle tragen Wanderschuhe</p>"}'),
	('6fb489f4cbac', '2', 2, NULL, '2022-02-04 22:10:06', '2022-02-04 22:10:06', 'f6eea06146a3', 'ed4ec4db31b9', '4f0c657fecef', 'singletext', '{"html": ""}'),
	('248d8f3d95f1', '2', 1, NULL, '2022-02-04 22:10:06', '2022-02-04 22:10:06', 'f6eea06146a3', 'ed4ec4db31b9', '44dcc7493c65', 'singletext', '{"html": ""}'),
	('2c3830024da1', NULL, 0, 'est', '2023-08-08 10:13:58', '2023-08-08 10:13:58', '2c3830024da1', NULL, 'f17470519474', 'columnlayout', '{"columns": [{"slot": "1", "width": 12}]}'),
	('56f97d3a00d6', NULL, 0, NULL, '2023-08-08 09:22:58', '2023-08-08 09:22:58', '56f97d3a00d6', NULL, 'f17470519474', 'columnlayout', '{"columns": [{"slot": "1", "width": 12}]}'),
	('09dc148c88c3', NULL, 0, 'est', '2023-08-08 09:56:45', '2023-08-08 09:56:45', '09dc148c88c3', NULL, 'f17470519474', 'columnlayout', '{"columns": [{"slot": "1", "width": 12}]}'),
	('15fca33e5d65', 'main', 1, NULL, '2023-08-08 09:22:58', '2023-11-12 14:38:57', 'dd8432af2d6d', '1b061a80c1d3', '3ef17bd1df72', 'materialnode', NULL),
	('d227f0b77c0d', '1', 0, NULL, '2023-11-12 14:37:04', '2023-11-12 14:37:04', '87c416512162', '87c416512162', 'a4211c112939', 'responsivelayout', '{"items": [{"slot": "main"}, {"slot": "aside-top"}, {"slot": "aside-bottom"}]}'),
	('a0447c5659cd', NULL, 0, NULL, '2023-08-08 09:22:58', '2023-08-08 09:22:58', 'a0447c5659cd', NULL, 'f17470519474', 'columnlayout', '{"columns": [{"slot": "1", "width": 12}]}'),
	('cb52c7d8808f', 'aside-bottom', 0, NULL, '2023-08-08 10:13:58', '2023-11-12 14:30:55', '2c3830024da1', '4f92e986c8a5', '4f0c657fecef', 'singletext', '{"html": ""}'),
	('4e70c2f6c206', NULL, 0, 'est', '2023-08-08 09:54:05', '2023-08-08 09:54:05', '4e70c2f6c206', NULL, 'f17470519474', 'columnlayout', '{"columns": [{"slot": "1", "width": 12}]}'),
	('4c36d884ddcb', 'main', 1, NULL, '2023-08-08 10:13:58', '2023-11-12 14:30:54', '2c3830024da1', '4f92e986c8a5', '3ef17bd1df72', 'materialnode', NULL),
	('796f5ccc0185', '2', 1, NULL, '2022-02-04 22:28:12', '2022-02-04 22:28:12', '63c226312f4f', 'a44ac12a93c2', '44dcc7493c65', 'singletext', '{"html": ""}'),
	('90285e3c34a5', 'main', 1, NULL, '2023-08-08 10:12:15', '2023-11-12 14:27:48', '2df77b3f0723', '5ced2417dbbb', '3ef17bd1df72', 'materialnode', NULL),
	('3564a47eb1cd', 'aside-bottom', 1, NULL, '2023-08-08 09:22:58', '2023-11-12 14:40:34', '5c4b6fb14fe4', 'cff90c9d55ab', '4f0c657fecef', 'singletext', '{"html": ""}'),
	('d6727e97c32b', 'aside-bottom', 0, NULL, '2023-08-08 09:54:05', '2023-11-12 14:22:47', '4e70c2f6c206', 'f9aa943d2183', '4f0c657fecef', 'singletext', '{"html": ""}'),
	('f9039b90d830', 'aside-top', 1, NULL, '2023-08-08 09:54:41', '2023-11-12 14:37:15', '87c416512162', 'd227f0b77c0d', '44dcc7493c65', 'singletext', '{"html": ""}'),
	('5133e0fb2672', '2', 0, NULL, '2022-02-04 22:10:06', '2022-02-04 22:10:06', 'f6eea06146a3', 'ed4ec4db31b9', '318e064ea0c9', 'singletext', '{"html": ""}'),
	('041c1ced3537', 'aside-top', 0, NULL, '2023-08-08 09:54:41', '2023-11-12 14:37:18', '87c416512162', 'd227f0b77c0d', '318e064ea0c9', 'singletext', '{"html": ""}'),
	('87c416512162', NULL, 0, 'est', '2023-08-08 09:54:41', '2023-08-08 09:54:41', '87c416512162', NULL, 'f17470519474', 'columnlayout', '{"columns": [{"slot": "1", "width": 12}]}'),
	('82fc91767762', '1', 0, NULL, '2023-11-12 14:37:31', '2023-11-12 14:37:31', '1e95f99300b6', '1e95f99300b6', 'a4211c112939', 'responsivelayout', '{"items": [{"slot": "main"}, {"slot": "aside-top"}, {"slot": "aside-bottom"}]}'),
	('28b2c881087c', NULL, 0, 'est', '2023-08-08 09:56:01', '2023-08-08 09:56:01', '28b2c881087c', NULL, 'f17470519474', 'columnlayout', '{"columns": [{"slot": "1", "width": 12}]}'),
	('f2fb28b50c98', 'aside-top', 1, NULL, '2023-08-08 10:13:58', '2023-11-12 14:31:03', '2c3830024da1', '4f92e986c8a5', '44dcc7493c65', 'singletext', '{"html": ""}'),
	('24a9075ef9ad', 'aside-bottom', 0, NULL, '2023-08-08 09:54:41', '2023-11-12 14:37:07', '87c416512162', 'd227f0b77c0d', '4f0c657fecef', 'singletext', '{"html": ""}'),
	('1bee9e7a94a9', NULL, 0, 'est', '2023-08-08 10:15:26', '2023-08-08 10:15:26', '1bee9e7a94a9', NULL, 'f17470519474', 'columnlayout', '{"columns": [{"slot": "1", "width": 12}]}'),
	('46859e91c261', '2', 0, NULL, '2022-02-04 22:28:12', '2022-02-04 22:28:12', '63c226312f4f', 'a44ac12a93c2', '318e064ea0c9', 'singletext', '{"html": ""}'),
	('217d8debfcb0', '2', 2, NULL, '2022-02-04 22:28:12', '2022-02-04 22:28:12', '63c226312f4f', 'a44ac12a93c2', '4f0c657fecef', 'singletext', '{"html": ""}'),
	('5d7154688436', '1', 0, NULL, '2022-02-04 22:28:12', '2022-02-04 22:28:12', '63c226312f4f', 'a44ac12a93c2', 'cfccaecd4bad', 'storyboard', '{"sections": {"c93fc66b-5cd2-4953-b414-83ff27a2bc32": {"column1": "", "column3": "", "position": 1, "column2Html": ""}}}'),
	('630cd9f27359', 'aside-top', 1, NULL, '2023-08-08 09:54:27', '2023-11-12 14:28:39', '873190b3bc7d', 'bdef3d4d5adf', '44dcc7493c65', 'singletext', '{"html": ""}'),
	('04cf5070c3fc', NULL, 0, 'totam', '2022-02-04 19:53:15', '2022-02-04 19:53:15', '04cf5070c3fc', NULL, 'f17470519474', 'columnlayout', '{"columns": [{"slot": "1", "width": 12}]}'),
	('f8752e69a851', NULL, 0, NULL, '2023-08-08 09:52:49', '2023-08-08 09:52:49', 'f8752e69a851', NULL, 'f17470519474', 'columnlayout', '{"columns": [{"slot": "1", "width": 12}]}'),
	('d9963a9c5e37', 'aside-bottom', 0, NULL, '2023-08-08 10:15:26', '2023-11-12 14:38:19', '1bee9e7a94a9', 'c1e4546b7d3f', '4f0c657fecef', 'singletext', '{"html": ""}'),
	('1e9d4c52a16e', 'main', 1, NULL, '2023-08-08 09:54:41', '2023-11-12 14:37:08', '87c416512162', 'd227f0b77c0d', '3ef17bd1df72', 'materialnode', NULL),
	('2536db88eaf3', 'main', 0, NULL, '2023-08-08 09:54:41', '2023-11-12 14:37:12', '87c416512162', 'd227f0b77c0d', 'cfccaecd4bad', 'storyboard', '{"sections": {"7412b417-389b-4458-b3dc-af3626a34b30": {"column1": "", "column3": "", "position": 1, "column2Html": ""}}}'),
	('f485d9b05ecf', 'main', 1, NULL, '2023-08-08 10:15:26', '2023-11-12 14:38:17', '1bee9e7a94a9', 'c1e4546b7d3f', '3ef17bd1df72', 'materialnode', NULL),
	('8719c59f1289', 'main', 0, NULL, '2023-08-08 10:15:26', '2023-11-12 14:38:23', '1bee9e7a94a9', 'c1e4546b7d3f', 'cfccaecd4bad', 'storyboard', '{"sections": {"7412b417-389b-4458-b3dc-af3626a34b30": {"column1": "", "column3": "", "position": 1, "column2Html": ""}}}'),
	('f07eeac302cf', 'aside-top', 1, NULL, '2023-08-08 10:15:26', '2023-11-12 14:38:24', '1bee9e7a94a9', 'c1e4546b7d3f', '44dcc7493c65', 'singletext', '{"html": ""}'),
	('c2c4371d7110', 'aside-top', 0, NULL, '2023-08-08 10:15:26', '2023-11-12 14:38:27', '1bee9e7a94a9', 'c1e4546b7d3f', '318e064ea0c9', 'singletext', '{"html": ""}'),
	('3b061abcbdc8', NULL, 0, NULL, '2023-08-08 09:49:23', '2023-08-08 09:49:23', '3b061abcbdc8', NULL, 'f17470519474', 'columnlayout', '{"columns": [{"slot": "1", "width": 12}]}'),
	('09b19f627429', NULL, 0, 'est', '2023-08-08 09:54:22', '2023-08-08 09:54:22', '09b19f627429', NULL, 'f17470519474', 'columnlayout', '{"columns": [{"slot": "1", "width": 12}]}'),
	('c1e4546b7d3f', '1', 0, NULL, '2023-11-12 14:38:14', '2023-11-12 14:38:14', '1bee9e7a94a9', '1bee9e7a94a9', 'a4211c112939', 'responsivelayout', '{"items": [{"slot": "main"}, {"slot": "aside-top"}, {"slot": "aside-bottom"}]}'),
	('c0a6d4cf0ebc', NULL, 0, 'est', '2023-08-08 09:55:13', '2023-08-08 09:55:13', 'c0a6d4cf0ebc', NULL, 'f17470519474', 'columnlayout', '{"columns": [{"slot": "1", "width": 12}]}'),
	('fb5650543802', '1', 0, NULL, '2022-02-04 19:53:09', '2022-02-04 19:53:09', 'e30e44d80722', '44451e92ca29', 'cfccaecd4bad', 'storyboard', '{"sections": {"0b72ad12-1055-480f-b4ca-057a7c8aa00a": {"column1": "", "column3": "", "position": 1, "column2Html": ""}}}'),
	('21400e4af48d', '1', 0, NULL, '2022-02-04 19:53:15', '2022-02-04 19:53:15', '04cf5070c3fc', '86f5deb498ca', 'cfccaecd4bad', 'storyboard', '{"sections": {"1ad8d919-1ba9-4e4e-9f63-301df1ace506": {"column1": "", "column3": "", "position": 1, "column2Html": ""}}}'),
	('60509bce86d3', '1', 0, NULL, '2022-02-04 22:10:06', '2022-02-04 22:10:06', 'f6eea06146a3', 'ed4ec4db31b9', 'cfccaecd4bad', 'storyboard', '{"sections": {"9bdb971b-0fff-42ea-a81c-43971d83b977": {"column1": "", "column3": "", "position": 1, "column2Html": ""}}}'),
	('023ce434a3a1', 'aside-top', 1, NULL, '2023-08-08 09:56:01', '2023-11-12 14:22:18', '28b2c881087c', '39e8c1ffa1f1', '44dcc7493c65', 'singletext', '{"html": ""}'),
	('22a90fa0668a', 'aside-bottom', 0, NULL, '2023-08-08 09:54:22', '2023-11-12 14:26:48', '09b19f627429', '713da7117866', '4f0c657fecef', 'singletext', '{"html": ""}'),
	('48b83082b552', 'main', 1, NULL, '2023-08-08 09:54:22', '2023-11-12 14:26:50', '09b19f627429', '713da7117866', '3ef17bd1df72', 'materialnode', NULL),
	('2c409794b22b', 'aside-top', 1, NULL, '2023-08-08 09:54:22', '2023-11-12 14:26:57', '09b19f627429', '713da7117866', '44dcc7493c65', 'singletext', '{"html": ""}'),
	('bc0c2f20e91e', 'aside-top', 0, NULL, '2023-08-08 09:54:22', '2023-11-12 14:27:00', '09b19f627429', '713da7117866', '318e064ea0c9', 'singletext', '{"html": ""}'),
	('97db2bff4cfc', 'aside-bottom', 0, NULL, '2023-08-08 09:54:27', '2023-11-12 14:28:31', '873190b3bc7d', 'bdef3d4d5adf', '4f0c657fecef', 'singletext', '{"html": ""}'),
	('82a15d418391', NULL, 0, NULL, '2023-08-08 09:51:29', '2023-08-08 09:51:29', '82a15d418391', NULL, 'f17470519474', 'columnlayout', '{"columns": [{"slot": "1", "width": 12}]}'),
	('873190b3bc7d', NULL, 0, 'est', '2023-08-08 09:54:27', '2023-08-08 09:54:27', '873190b3bc7d', NULL, 'f17470519474', 'columnlayout', '{"columns": [{"slot": "1", "width": 12}]}'),
	('7a2508304e3d', 'main', 1, NULL, '2023-08-08 09:54:27', '2023-11-12 14:28:29', '873190b3bc7d', 'bdef3d4d5adf', '3ef17bd1df72', 'materialnode', NULL),
	('f737b29609a6', 'main', 0, NULL, '2023-08-08 09:54:27', '2023-11-12 14:28:37', '873190b3bc7d', 'bdef3d4d5adf', 'cfccaecd4bad', 'storyboard', '{"sections": {"7412b417-389b-4458-b3dc-af3626a34b30": {"column1": "", "column3": "", "position": 1, "column2Html": ""}}}'),
	('e8964f72b1ae', 'aside-top', 0, NULL, '2023-08-08 09:54:27', '2023-11-12 14:28:40', '873190b3bc7d', 'bdef3d4d5adf', '318e064ea0c9', 'singletext', '{"html": ""}'),
	('9e6da5607ba0', NULL, 0, 'est', '2023-08-08 09:56:21', '2023-08-08 09:56:21', '9e6da5607ba0', NULL, 'f17470519474', 'columnlayout', '{"columns": [{"slot": "1", "width": 12}]}'),
	('4bf902d85c36', '1', 2, NULL, '2023-08-08 09:56:21', '2023-08-08 09:56:21', '9e6da5607ba0', '9e6da5607ba0', 'f17470519474', 'columnlayout', '{"columns": [{"slot": "1", "width": 9}, {"slot": "2", "width": 3}]}'),
	('e30e44d80722', NULL, 0, 'totam', '2022-02-04 19:53:09', '2022-02-04 19:53:09', 'e30e44d80722', NULL, 'f17470519474', 'columnlayout', '{"columns": [{"slot": "1", "width": 12}]}'),
	('aea4f0150df7', 'main', 1, NULL, '2024-09-28 21:19:13', '2024-09-28 21:19:13', 'ce3c897f5ac5', 'd0300aee1544', '3ef17bd1df72', 'materialnode', NULL),
	('ef076b227ad2', 'aside-top', 0, NULL, '2023-08-08 09:55:13', '2023-11-12 14:18:28', 'c0a6d4cf0ebc', 'df73c81205c4', '318e064ea0c9', 'singletext', '{"html": "<p>Die Teilnehmer versammeln sich am Treffpunkt im Lager. Die Leiter erklären, dass heute eine aufregende Schatzsuche im Wald stattfinden wird. Die Kinder werden in Teams von 4-5 Personen eingeteilt und erhalten jeweils eine Karte des Waldgebiets.</p>"}'),
	('2242da9aafe6', 'aside-top', 0, NULL, '2023-08-08 10:20:31', '2023-11-12 14:25:03', 'b2140367dd1c', '828b3db50fcd', '318e064ea0c9', 'singletext', '{"html": "<p>Smartphones haben sich zu unverzichtbaren Alltagsbegleitern entwickelt. Sie dienen nicht nur der Kommunikation, sondern bieten Zugang zu einer Fülle von Informationen, Unterhaltung und Dienstleistungen. Von sozialen Medien über mobile Apps bis hin zur Navigation erleichtern Smartphones unser Leben erheblich. Dennoch ist es wichtig, ein gesundes Maß im Umgang mit diesen Geräten zu finden, um eine ausgewogene Nutzung zu gewährleisten und potenzielle Auswirkungen auf unsere physische und psychische Gesundheit zu minimieren.</p>"}'),
	('f6eea06146a3', NULL, 0, 'est', '2022-02-04 22:10:06', '2022-02-04 22:10:06', 'f6eea06146a3', NULL, 'f17470519474', 'columnlayout', '{"columns": [{"slot": "1", "width": 12}]}'),
	('0b1293a027bb', NULL, 0, 'est', '2023-08-08 09:54:32', '2023-08-08 09:54:32', '0b1293a027bb', NULL, 'f17470519474', 'columnlayout', '{"columns": [{"slot": "1", "width": 12}]}'),
	('ad0d42c70368', NULL, 0, 'est', '2023-08-08 10:14:26', '2023-08-08 10:14:26', 'ad0d42c70368', NULL, 'f17470519474', 'columnlayout', '{"columns": [{"slot": "1", "width": 12}]}'),
	('3db42f235694', 'aside-bottom', 0, NULL, '2023-08-08 09:54:32', '2023-11-12 14:30:20', '0b1293a027bb', '6e3a1a0ed96f', '4f0c657fecef', 'singletext', '{"html": ""}'),
	('a03516f0f654', 'main', 1, NULL, '2023-08-08 09:54:32', '2023-11-12 14:30:19', '0b1293a027bb', '6e3a1a0ed96f', '3ef17bd1df72', 'materialnode', NULL),
	('7eb94a710e3c', 'aside-bottom', 0, NULL, '2023-08-08 10:14:26', '2023-11-12 14:33:30', 'ad0d42c70368', '411d9321d09a', '4f0c657fecef', 'singletext', '{"html": ""}'),
	('049e308e2c5b', 'main', 1, NULL, '2023-08-08 10:14:26', '2023-11-12 14:33:28', 'ad0d42c70368', '411d9321d09a', '3ef17bd1df72', 'materialnode', NULL),
	('aa051d56b5ea', '1', 0, NULL, '2023-08-08 09:56:21', '2023-08-08 09:56:21', '9e6da5607ba0', '4bf902d85c36', '3ef17bd1df72', 'materialnode', NULL),
	('964d86225857', '2', 0, NULL, '2023-08-08 09:56:21', '2023-08-08 09:56:21', '9e6da5607ba0', '4bf902d85c36', '4f0c657fecef', 'singletext', '{"html": ""}'),
	('cff90c9d55ab', '1', 0, NULL, '2023-11-12 14:40:32', '2023-11-12 14:40:32', '5c4b6fb14fe4', '5c4b6fb14fe4', 'a4211c112939', 'responsivelayout', '{"items": [{"slot": "main"}, {"slot": "aside-top"}, {"slot": "aside-bottom"}]}'),
	('7331923798fe', 'aside-bottom', 0, NULL, '2023-08-08 09:54:37', '2023-11-12 14:34:04', 'd19401fcb194', '21f466229a77', '4f0c657fecef', 'singletext', '{"html": ""}'),
	('801a718813bc', NULL, 0, 'est', '2023-08-08 09:53:21', '2023-08-08 09:53:21', '801a718813bc', NULL, 'f17470519474', 'columnlayout', '{"columns": [{"slot": "1", "width": 12}]}'),
	('08236b944919', 'main', 1, NULL, '2023-08-08 09:54:37', '2023-11-12 14:34:05', 'd19401fcb194', '21f466229a77', '3ef17bd1df72', 'materialnode', NULL),
	('5ee10f41ccef', 'aside-bottom', 0, NULL, '2023-08-08 10:14:57', '2023-11-12 14:36:33', 'aa1fbba3f877', '40d85c3885aa', '4f0c657fecef', 'singletext', '{"html": ""}'),
	('4509fb5ca22b', 'main', 0, NULL, '2023-08-08 09:54:37', '2023-11-12 14:34:17', 'd19401fcb194', '21f466229a77', 'cfccaecd4bad', 'storyboard', '{"sections": {"7412b417-389b-4458-b3dc-af3626a34b30": {"column1": "", "column3": "", "position": 1, "column2Html": ""}}}'),
	('3a70b5b77b7e', '1', 0, NULL, '2023-11-12 14:39:58', '2023-11-12 14:39:58', 'a0447c5659cd', 'a0447c5659cd', 'a4211c112939', 'responsivelayout', '{"items": [{"slot": "main"}, {"slot": "aside-top"}, {"slot": "aside-bottom"}]}'),
	('d19401fcb194', NULL, 0, 'est', '2023-08-08 09:54:37', '2023-08-08 09:54:37', 'd19401fcb194', NULL, 'f17470519474', 'columnlayout', '{"columns": [{"slot": "1", "width": 12}]}'),
	('d95a38cdcc42', 'aside-top', 0, NULL, '2023-08-08 09:54:37', '2023-11-12 14:34:19', 'd19401fcb194', '21f466229a77', '318e064ea0c9', 'singletext', '{"html": ""}'),
	('48d1d2015058', 'aside-top', 1, NULL, '2023-08-08 09:54:37', '2023-11-12 14:34:23', 'd19401fcb194', '21f466229a77', '44dcc7493c65', 'singletext', '{"html": ""}'),
	('894fb1deeae4', NULL, 0, 'est', '2023-08-08 09:55:35', '2023-08-08 09:55:35', '894fb1deeae4', NULL, 'f17470519474', 'columnlayout', '{"columns": [{"slot": "1", "width": 12}]}'),
	('798b70a5034a', 'aside-bottom', 0, NULL, '2023-08-08 09:53:21', '2023-11-12 14:15:32', '801a718813bc', '1af6ffaca01f', '4f0c657fecef', 'singletext', '{"html": ""}'),
	('8a7e84bc01a0', 'aside-bottom', 0, NULL, '2023-08-08 09:55:35', '2023-11-12 14:19:23', '894fb1deeae4', '7199bc9a9992', '4f0c657fecef', 'singletext', '{"html": ""}'),
	('5da0571fac41', 'aside-top', 1, NULL, '2023-08-08 10:21:16', '2023-11-12 14:29:54', '605686add6db', '4b914c305170', '44dcc7493c65', 'singletext', '{"html": ""}'),
	('8371c12ee053', NULL, 0, 'est', '2023-08-08 09:53:49', '2023-08-08 09:53:49', '8371c12ee053', NULL, 'f17470519474', 'columnlayout', '{"columns": [{"slot": "1", "width": 12}]}'),
	('8ef40082bbe6', 'aside-top', 0, NULL, '2023-08-08 09:54:32', '2023-11-12 14:30:28', '0b1293a027bb', '6e3a1a0ed96f', '318e064ea0c9', 'singletext', '{"html": ""}'),
	('187d8fb812a0', '1', 0, NULL, '2023-08-08 09:56:21', '2023-08-08 09:56:21', '9e6da5607ba0', '9e6da5607ba0', 'f17470519474', 'columnlayout', '{"columns": [{"slot": "1", "width": 5}, {"slot": "2", "width": 7}]}'),
	('27df0bda503f', 'main', 1, NULL, '2023-08-08 10:11:42', '2023-11-12 14:27:16', '40dd3e9457d6', '28011dca853c', '3ef17bd1df72', 'materialnode', NULL),
	('b013653d4e8e', 'main', 1, NULL, '2023-08-08 09:55:35', '2023-11-12 14:19:26', '894fb1deeae4', '7199bc9a9992', '3ef17bd1df72', 'materialnode', NULL),
	('e79958ca067d', 'aside-bottom', 0, NULL, '2023-08-08 09:56:45', '2023-11-12 14:25:22', '09dc148c88c3', 'fb1eb84a9008', '4f0c657fecef', 'singletext', '{"html": ""}'),
	('d72f6892e71e', '1', 4, 'et', '2022-01-23 16:19:10', '2022-01-23 16:19:10', '7cc3088e7611', '7cc3088e7611', 'cfccaecd4bad', 'storyboard', '{"sections": {"3bdc90b4-3b4c-4c76-b1bc-2e376afbb5aa": {"column1": "culpa", "column3": "consequatur", "position": 0, "column2Html": "natus"}}}'),
	('b951885e4875', NULL, 0, 'laborum', '2022-01-23 16:19:10', '2022-01-23 16:19:10', 'b951885e4875', NULL, 'f17470519474', 'columnlayout', '{"columns": [{"slot": "1", "width": 12}]}'),
	('7cc3088e7611', NULL, 0, 'libero', '2022-01-23 16:19:10', '2022-01-23 16:19:10', '7cc3088e7611', NULL, 'f17470519474', 'columnlayout', '{"columns": [{"slot": "1", "width": 12}]}'),
	('04690e448ac8', NULL, 0, 'fuga', '2022-01-23 16:19:10', '2022-01-23 16:19:10', '04690e448ac8', NULL, 'f17470519474', 'columnlayout', '{"columns": [{"slot": "1", "width": 12}]}'),
	('ae876b33f169', 'aside-top', 1, NULL, '2023-08-08 09:53:49', '2023-11-12 14:19:08', '8371c12ee053', '1b04e9260129', '44dcc7493c65', 'singletext', '{"html": "<p>Apotheke dabei</p>"}'),
	('8e410cebb44f', 'aside-bottom', 0, NULL, '2023-08-08 10:11:42', '2023-11-12 14:27:14', '40dd3e9457d6', '28011dca853c', '4f0c657fecef', 'singletext', '{"html": ""}'),
	('d9aeaa2425ea', 'aside-top', 0, NULL, '2023-08-08 10:21:16', '2023-11-12 14:29:56', '605686add6db', '4b914c305170', '318e064ea0c9', 'singletext', '{"html": ""}'),
	('08a319ff9aad', 'aside-bottom', 0, NULL, '2023-08-08 10:12:15', '2023-11-12 14:27:51', '2df77b3f0723', '5ced2417dbbb', '4f0c657fecef', 'singletext', '{"html": ""}'),
	('40dd3e9457d6', NULL, 0, 'est', '2023-08-08 10:11:42', '2023-08-08 10:11:42', '40dd3e9457d6', NULL, 'f17470519474', 'columnlayout', '{"columns": [{"slot": "1", "width": 12}]}'),
	('aa1fbba3f877', NULL, 0, 'est', '2023-08-08 10:14:57', '2023-08-08 10:14:57', 'aa1fbba3f877', NULL, 'f17470519474', 'columnlayout', '{"columns": [{"slot": "1", "width": 12}]}'),
	('2df77b3f0723', NULL, 0, 'est', '2023-08-08 10:12:15', '2023-08-08 10:12:15', '2df77b3f0723', NULL, 'f17470519474', 'columnlayout', '{"columns": [{"slot": "1", "width": 12}]}'),
	('f814604d5cc4', 'aside-bottom', 0, NULL, '2023-08-08 09:53:49', '2023-11-12 14:18:52', '8371c12ee053', '1b04e9260129', '4f0c657fecef', 'singletext', '{"html": ""}'),
	('5dde5ccdbbbe', 'aside-top', 0, NULL, '2023-08-08 09:53:49', '2023-11-12 14:19:04', '8371c12ee053', '1b04e9260129', '318e064ea0c9', 'singletext', '{"html": ""}'),
	('943f3caf8ed8', 'main', 1, NULL, '2023-08-08 09:56:45', '2023-11-12 14:25:19', '09dc148c88c3', 'fb1eb84a9008', '3ef17bd1df72', 'materialnode', NULL),
	('245f2480960f', 'main', 1, NULL, '2023-08-08 10:14:57', '2023-11-12 14:36:34', 'aa1fbba3f877', '40d85c3885aa', '3ef17bd1df72', 'materialnode', NULL),
	('2a48d96e9d31', 'main', 0, NULL, '2023-08-08 10:14:57', '2023-11-12 14:36:39', 'aa1fbba3f877', '40d85c3885aa', 'cfccaecd4bad', 'storyboard', '{"sections": {"7412b417-389b-4458-b3dc-af3626a34b30": {"column1": "", "column3": "", "position": 1, "column2Html": ""}}}'),
	('e697afffa4ab', 'aside-top', 1, NULL, '2023-08-08 10:14:57', '2023-11-12 14:36:41', 'aa1fbba3f877', '40d85c3885aa', '44dcc7493c65', 'singletext', '{"html": ""}'),
	('4f1b284cf530', 'aside-top', 0, NULL, '2023-08-08 10:14:57', '2023-11-12 14:36:44', 'aa1fbba3f877', '40d85c3885aa', '318e064ea0c9', 'singletext', '{"html": ""}'),
	('d1aef4f6acc0', '1', 0, NULL, '2023-08-08 09:56:21', '2023-08-08 13:24:14', '9e6da5607ba0', '187d8fb812a0', '318e064ea0c9', 'singletext', '{"html": "<p>Die rasante Entwicklung von künstlicher Intelligenz (KI) hat tiefgreifende Auswirkungen auf verschiedene Bereiche unseres Lebens. Von automatisierten </p>"}'),
	('af89d7109360', '2', 0, NULL, '2023-08-08 09:56:21', '2023-08-08 13:24:16', '9e6da5607ba0', '187d8fb812a0', '44dcc7493c65', 'singletext', '{"html": "<p>Die rasante Entwicklung von künstlicher Intelligenz (KI) hat tiefgreifende Auswirkungen auf verschiedene Bereiche unseres Lebens. Von automatisierten Kundenbetreuungssystemen bis hin zu fortschrittlichen medizinischen Diagnosewerkzeugen verändert KI die Art und Weise, wie wir arbeiten, kommunizieren und Entscheidungen treffen.</p>"}'),
	('c7a7558a5120', NULL, 0, 'est', '2023-08-08 10:15:50', '2023-08-08 10:15:50', 'c7a7558a5120', NULL, 'f17470519474', 'columnlayout', '{"columns": [{"slot": "1", "width": 12}]}'),
	('f5e1a436a1f8', 'aside-top', 1, NULL, '2023-08-08 10:11:42', '2023-11-12 14:27:30', '40dd3e9457d6', '28011dca853c', '44dcc7493c65', 'singletext', '{"html": "<p>Die Erde ist der einzige bekannte Planet, auf dem Leben existiert. Ihr komplexes Ökosystem umfasst vielfältige Lebensformen, die eng miteinander und mit ihrer Umwelt interagieren.</p>"}'),
	('e5c1d6082dfb', NULL, 0, 'est', '2023-08-08 10:16:36', '2023-08-08 10:16:36', 'e5c1d6082dfb', NULL, 'f17470519474', 'columnlayout', '{"columns": [{"slot": "1", "width": 12}]}'),
	('a4775aec3e03', 'aside-top', 0, NULL, '2023-08-08 10:11:42', '2023-11-12 14:27:32', '40dd3e9457d6', '28011dca853c', '318e064ea0c9', 'singletext', '{"html": "<p>Die Erde ist der einzige bekannte Planet, auf dem Leben existiert. Ihr komplexes Ökosystem umfasst vielfältige Lebensformen, die eng miteinander und mit ihrer Umwelt interagieren.</p>"}'),
	('6bab443ef52d', NULL, 0, NULL, '2023-08-08 10:19:57', '2023-08-08 10:19:57', '6bab443ef52d', NULL, 'f17470519474', 'columnlayout', '{"columns": [{"slot": "1", "width": 12}]}'),
	('7d3f7f26e515', 'aside-top', 0, NULL, '2023-08-08 10:25:47', '2023-11-12 14:32:55', '598946669198', 'c30e6271b10f', '318e064ea0c9', 'singletext', '{"html": ""}'),
	('3329e0cb15d6', 'aside-top', 0, NULL, '2023-08-08 10:12:15', '2023-11-12 14:28:04', '2df77b3f0723', '5ced2417dbbb', '318e064ea0c9', 'singletext', '{"html": "<p>In den letzten Jahrzehnten hat sich die Technologie in rasantem Tempo entwickelt und hat nahezu alle Aspekte unseres Lebens beeinflusst. Diese Entwicklung hat zahlreiche positive Auswirkungen, darunter verbesserte Kommunikation, effizientere Arbeitsprozesse und eine Fülle von Informationsquellen. Dennoch bringt sie auch Herausforderungen mit sich, die es zu bewältigen gilt.</p>"}'),
	('cabedaa743f3', 'aside-top', 1, NULL, '2023-08-08 09:54:32', '2023-11-12 14:30:30', '0b1293a027bb', '6e3a1a0ed96f', '44dcc7493c65', 'singletext', '{"html": ""}'),
	('f1584e2a0e4c', 'aside-top', 0, NULL, '2023-08-08 10:14:26', '2023-11-12 14:33:39', 'ad0d42c70368', '411d9321d09a', '318e064ea0c9', 'singletext', '{"html": "<p><br />Smartphones haben sich zu unverzichtbaren Alltagsbegleitern entwickelt. Sie dienen nicht nur der Kommunikation, sondern bieten Zugang zu einer Fülle von Informationen, Unterhaltung und Dienstleistungen. Von sozialen Medien über mobile Apps bis hin zur Navigation erleichtern Smartphones unser Leben erheblich. Dennoch ist es wichtig, ein gesundes Maß im Umgang mit diesen Geräten zu finden, um eine ausgewogene Nutzung zu gewährleisten und potenzielle Auswirkungen auf unsere physische und psychische Gesundheit zu minimieren.</p>"}'),
	('d3e71bb6b49d', 'main', 1, NULL, '2023-08-08 10:18:16', '2023-11-12 14:35:04', 'd84535201db8', 'd1c26b9a788b', '3ef17bd1df72', 'materialnode', NULL),
	('4bd0b0f3f3a6', NULL, 0, 'est', '2023-08-08 10:17:07', '2023-08-08 10:17:07', '4bd0b0f3f3a6', NULL, 'f17470519474', 'columnlayout', '{"columns": [{"slot": "1", "width": 12}]}'),
	('96975939e170', 'aside-bottom', 0, NULL, '2023-08-08 10:18:16', '2023-11-12 14:35:03', 'd84535201db8', 'd1c26b9a788b', '4f0c657fecef', 'singletext', '{"html": ""}'),
	('38109ff0777c', 'aside-top', 0, NULL, '2023-08-08 10:18:16', '2023-11-12 14:35:33', 'd84535201db8', 'd1c26b9a788b', '318e064ea0c9', 'singletext', '{"html": ""}'),
	('b87ef76bcb88', NULL, 0, NULL, '2023-08-08 10:17:52', '2023-08-08 10:17:52', 'b87ef76bcb88', NULL, 'f17470519474', 'columnlayout', '{"columns": [{"slot": "1", "width": 12}]}'),
	('60e9b1b0a2b4', 'aside-top', 1, NULL, '2023-08-08 10:18:16', '2023-11-12 14:35:40', 'd84535201db8', 'd1c26b9a788b', '44dcc7493c65', 'singletext', '{"html": ""}'),
	('7bbf67615903', 'aside-top', 1, NULL, '2023-08-08 10:16:36', '2023-11-12 14:17:26', 'e5c1d6082dfb', '32d931d9309f', '44dcc7493c65', 'singletext', '{"html": ""}'),
	('1feebf2b0022', 'aside-bottom', 0, NULL, '2023-08-08 10:17:07', '2023-11-12 14:20:04', '4bd0b0f3f3a6', 'af2aeebdc575', '4f0c657fecef', 'singletext', '{"html": ""}'),
	('f0e9b1475213', 'aside-top', 0, NULL, '2023-08-08 10:17:07', '2023-11-12 14:20:15', '4bd0b0f3f3a6', 'af2aeebdc575', '318e064ea0c9', 'singletext', '{"html": ""}'),
	('92a9bb176ab1', 'aside-top', 1, NULL, '2023-08-08 10:17:07', '2023-11-12 14:20:18', '4bd0b0f3f3a6', 'af2aeebdc575', '44dcc7493c65', 'singletext', '{"html": ""}'),
	('8cd3ef049436', 'aside-bottom', 0, NULL, '2023-08-08 10:17:52', '2023-11-12 14:23:26', 'b87ef76bcb88', '4e2489db9ac0', '4f0c657fecef', 'singletext', '{"html": ""}'),
	('7378fdc1b281', 'main', 1, NULL, '2023-08-08 10:17:52', '2023-11-12 14:23:24', 'b87ef76bcb88', '4e2489db9ac0', '3ef17bd1df72', 'materialnode', NULL),
	('a78514380bc2', 'aside-top', 0, NULL, '2023-08-08 10:17:52', '2023-11-12 14:23:47', 'b87ef76bcb88', '4e2489db9ac0', '318e064ea0c9', 'singletext', '{"html": ""}'),
	('1c00be30b8f0', 'aside-top', 2, NULL, '2023-08-08 10:17:52', '2023-11-12 14:23:55', 'b87ef76bcb88', '4e2489db9ac0', '1a0f84e322c8', 'multiselect', '{"options": {"security": {"checked": false}, "outdoorTechnique": {"checked": true}, "pioneeringTechnique": {"checked": false}, "natureAndEnvironment": {"checked": true}, "campsiteAndSurroundings": {"checked": false}, "preventionAndIntegration": {"checked": false}}}'),
	('43de3cf4dce8', 'aside-top', 1, NULL, '2023-08-08 10:17:52', '2023-11-12 14:23:57', 'b87ef76bcb88', '4e2489db9ac0', '44dcc7493c65', 'singletext', '{"html": ""}'),
	('c19c659470fa', 'aside-top', 0, NULL, '2023-08-08 10:22:12', '2023-11-12 14:36:21', 'fcb048b79244', 'f763c4c69ff4', '318e064ea0c9', 'singletext', '{"html": ""}'),
	('4c2e9ebb70d3', 'aside-top', 0, NULL, '2023-08-08 09:56:45', '2023-11-12 14:25:38', '09dc148c88c3', 'fb1eb84a9008', '318e064ea0c9', 'singletext', '{"html": "<p>Die Erde ist der einzige bekannte Planet, auf dem Leben existiert. Ihr komplexes Ökosystem umfasst vielfältige Lebensformen, die eng miteinander und mit ihrer Umwelt interagieren.</p>"}'),
	('d84535201db8', NULL, 0, NULL, '2023-08-08 10:18:16', '2023-08-08 10:18:16', 'd84535201db8', NULL, 'f17470519474', 'columnlayout', '{"columns": [{"slot": "1", "width": 12}]}'),
	('7da9fbd50ba5', 'aside-bottom', 0, NULL, '2023-08-08 10:18:24', '2023-11-12 14:37:36', '1e95f99300b6', '82fc91767762', '4f0c657fecef', 'singletext', '{"html": ""}'),
	('316b3610bf24', 'main', 1, NULL, '2023-08-08 10:18:24', '2023-11-12 14:37:34', '1e95f99300b6', '82fc91767762', '3ef17bd1df72', 'materialnode', NULL),
	('83131fdbef98', 'main', 0, NULL, '2023-08-08 10:18:24', '2023-11-12 14:37:41', '1e95f99300b6', '82fc91767762', 'cfccaecd4bad', 'storyboard', '{"sections": {"4c126a50-f729-46a7-8326-811586922995": {"column1": "", "column3": "", "position": 1, "column2Html": ""}}}'),
	('b99257b01202', 'main', 1, NULL, '2023-08-08 10:21:16', '2023-11-12 14:29:46', '605686add6db', '4b914c305170', '3ef17bd1df72', 'materialnode', NULL),
	('1e95f99300b6', NULL, 0, NULL, '2023-08-08 10:18:24', '2023-08-08 10:18:24', '1e95f99300b6', NULL, 'f17470519474', 'columnlayout', '{"columns": [{"slot": "1", "width": 12}]}'),
	('d0e9f6ba2bf1', 'aside-top', 1, NULL, '2023-08-08 10:18:24', '2023-11-12 14:37:57', '1e95f99300b6', '82fc91767762', '44dcc7493c65', 'singletext', '{"html": ""}'),
	('eea245f1073a', 'main', 0, NULL, '2023-08-08 10:18:16', '2023-11-12 14:35:08', 'd84535201db8', 'd1c26b9a788b', 'cfccaecd4bad', 'storyboard', '{"sections": {"4c126a50-f729-46a7-8326-811586922995": {"column1": "", "column3": "", "position": 1, "column2Html": ""}}}'),
	('64d11bb77f89', 'aside-top', 2, NULL, '2023-08-08 10:18:24', '2023-11-12 14:37:52', '1e95f99300b6', '82fc91767762', '1a0f84e322c8', 'multiselect', '{"options": {"security": {"checked": false}, "outdoorTechnique": {"checked": false}, "pioneeringTechnique": {"checked": false}, "natureAndEnvironment": {"checked": false}, "campsiteAndSurroundings": {"checked": false}, "preventionAndIntegration": {"checked": false}}}'),
	('d0e95cd6cc79', 'aside-bottom', 0, NULL, '2023-08-08 10:19:57', '2023-11-12 14:20:44', '6bab443ef52d', '8d21cf90ee34', '4f0c657fecef', 'singletext', '{"html": ""}'),
	('df805dfd5817', 'aside-top', 0, NULL, '2023-08-08 10:18:24', '2023-11-12 14:38:03', '1e95f99300b6', '82fc91767762', '318e064ea0c9', 'singletext', '{"html": ""}'),
	('b0d5b4a57199', 'aside-top', 1, NULL, '2023-08-08 10:20:31', '2023-11-12 14:25:00', 'b2140367dd1c', '828b3db50fcd', '44dcc7493c65', 'singletext', '{"html": "<p>Die Erde ist der einzige bekannte Planet, auf dem Leben existiert. Ihr komplexes Ökosystem umfasst vielfältige Lebensformen, die eng miteinander und mit ihrer Umwelt interagieren.</p>"}'),
	('76b43733c8d2', 'main', 1, NULL, '2023-08-08 10:19:57', '2023-11-12 14:20:43', '6bab443ef52d', '8d21cf90ee34', '3ef17bd1df72', 'materialnode', NULL),
	('884a49a5f928', 'main', 1, NULL, '2023-08-08 10:20:55', '2023-11-12 14:25:57', '680095ff1e78', 'eb9a3ff7cb89', '3ef17bd1df72', 'materialnode', NULL),
	('9c22a72d4666', 'aside-top', 1, NULL, '2023-08-08 10:20:55', '2023-11-12 14:26:10', '680095ff1e78', 'eb9a3ff7cb89', '44dcc7493c65', 'singletext', '{"html": "<p>Die Erde ist der einzige bekannte Planet, auf dem Leben existiert. Ihr komplexes Ökosystem umfasst vielfältige Lebensformen, die eng miteinander und mit ihrer Umwelt interagieren.</p>"}'),
	('dc3f25ff5d2a', 'aside-top', 2, NULL, '2023-08-08 10:18:16', '2023-11-12 14:35:45', 'd84535201db8', 'd1c26b9a788b', '1a0f84e322c8', 'multiselect', '{"options": {"security": {"checked": false}, "outdoorTechnique": {"checked": false}, "pioneeringTechnique": {"checked": false}, "natureAndEnvironment": {"checked": false}, "campsiteAndSurroundings": {"checked": false}, "preventionAndIntegration": {"checked": false}}}'),
	('b2140367dd1c', NULL, 0, NULL, '2023-08-08 10:20:31', '2023-08-08 10:20:31', 'b2140367dd1c', NULL, 'f17470519474', 'columnlayout', '{"columns": [{"slot": "1", "width": 12}]}'),
	('4b914c305170', '1', 0, NULL, '2023-11-12 14:29:41', '2023-11-12 14:29:41', '605686add6db', '605686add6db', 'a4211c112939', 'responsivelayout', '{"items": [{"slot": "main"}, {"slot": "aside-top"}, {"slot": "aside-bottom"}]}'),
	('593512fcabd5', 'aside-bottom', 0, NULL, '2023-08-08 10:24:56', '2023-11-12 14:31:20', '5a6917af2f55', 'fd30504d4da9', '4f0c657fecef', 'singletext', '{"html": ""}'),
	('680095ff1e78', NULL, 0, NULL, '2023-08-08 10:20:55', '2023-08-08 10:20:55', '680095ff1e78', NULL, 'f17470519474', 'columnlayout', '{"columns": [{"slot": "1", "width": 12}]}'),
	('8b9fb26d51d7', 'main', 1, NULL, '2023-08-08 10:24:56', '2023-11-12 14:31:22', '5a6917af2f55', 'fd30504d4da9', '3ef17bd1df72', 'materialnode', NULL),
	('605686add6db', NULL, 0, NULL, '2023-08-08 10:21:16', '2023-08-08 10:21:16', '605686add6db', NULL, 'f17470519474', 'columnlayout', '{"columns": [{"slot": "1", "width": 12}]}'),
	('c34e7e852229', 'aside-top', 1, NULL, '2023-08-08 10:24:56', '2023-11-12 14:31:31', '5a6917af2f55', 'fd30504d4da9', '44dcc7493c65', 'singletext', '{"html": ""}'),
	('4e920d5a3186', 'aside-top', 0, NULL, '2023-08-08 10:24:56', '2023-11-12 14:31:32', '5a6917af2f55', 'fd30504d4da9', '318e064ea0c9', 'singletext', '{"html": ""}'),
	('199fac4c1b37', 'aside-top', 1, NULL, '2023-08-08 10:30:47', '2023-11-12 14:34:45', '4488a8669ebf', '5ebcdb64fdb5', '44dcc7493c65', 'singletext', '{"html": ""}'),
	('80f56c759496', NULL, 0, NULL, '2023-08-08 10:21:40', '2023-08-08 10:21:40', '80f56c759496', NULL, 'f17470519474', 'columnlayout', '{"columns": [{"slot": "1", "width": 12}]}'),
	('69e2974bd21f', 'aside-bottom', 0, NULL, '2023-08-08 10:25:47', '2023-11-12 14:32:38', '598946669198', 'c30e6271b10f', '4f0c657fecef', 'singletext', '{"html": ""}'),
	('fcb048b79244', NULL, 0, NULL, '2023-08-08 10:22:12', '2023-08-08 10:22:12', 'fcb048b79244', NULL, 'f17470519474', 'columnlayout', '{"columns": [{"slot": "1", "width": 12}]}'),
	('5a6917af2f55', NULL, 0, NULL, '2023-08-08 10:24:56', '2023-08-08 10:24:56', '5a6917af2f55', NULL, 'f17470519474', 'columnlayout', '{"columns": [{"slot": "1", "width": 12}]}'),
	('0c9da6f3a3a9', 'main', 1, NULL, '2023-08-08 10:25:47', '2023-11-12 14:32:41', '598946669198', 'c30e6271b10f', '3ef17bd1df72', 'materialnode', NULL),
	('598946669198', NULL, 0, NULL, '2023-08-08 10:25:47', '2023-08-08 10:25:47', '598946669198', NULL, 'f17470519474', 'columnlayout', '{"columns": [{"slot": "1", "width": 12}]}'),
	('50402861f667', 'aside-top', 1, NULL, '2023-08-08 10:21:40', '2023-11-12 14:21:35', '80f56c759496', 'bcb9dfd0ce33', '44dcc7493c65', 'singletext', '{"html": ""}'),
	('69fac3422851', 'aside-top', 1, NULL, '2023-08-08 10:25:47', '2023-11-12 14:32:53', '598946669198', 'c30e6271b10f', '44dcc7493c65', 'singletext', '{"html": ""}'),
	('6380d907cc0f', 'aside-bottom', 0, NULL, '2023-08-08 10:20:31', '2023-11-12 14:24:51', 'b2140367dd1c', '828b3db50fcd', '4f0c657fecef', 'singletext', '{"html": ""}'),
	('192c488ea1a3', 'main', 1, NULL, '2023-08-08 10:20:31', '2023-11-12 14:24:50', 'b2140367dd1c', '828b3db50fcd', '3ef17bd1df72', 'materialnode', NULL),
	('58c1550af9f7', 'aside-bottom', 0, NULL, '2023-08-08 10:20:55', '2023-11-12 14:26:00', '680095ff1e78', 'eb9a3ff7cb89', '4f0c657fecef', 'singletext', '{"html": ""}'),
	('afb7af7fc173', 'aside-bottom', 0, NULL, '2023-08-08 10:22:12', '2023-11-12 14:36:11', 'fcb048b79244', 'f763c4c69ff4', '4f0c657fecef', 'singletext', '{"html": ""}'),
	('fba7bde6b6a5', 'main', 1, NULL, '2023-08-08 10:22:12', '2023-11-12 14:36:13', 'fcb048b79244', 'f763c4c69ff4', '3ef17bd1df72', 'materialnode', NULL),
	('508870d0da97', 'main', 0, NULL, '2023-08-08 10:22:12', '2023-11-12 14:36:17', 'fcb048b79244', 'f763c4c69ff4', 'cfccaecd4bad', 'storyboard', '{"sections": {"effa3fa5-cd07-4e82-a8aa-198ed9a7c1d4": {"column1": "", "column3": "", "position": 1, "column2Html": ""}}}'),
	('74b4dd9d188f', 'aside-top', 1, NULL, '2023-08-08 10:22:12', '2023-11-12 14:36:19', 'fcb048b79244', 'f763c4c69ff4', '44dcc7493c65', 'singletext', '{"html": ""}'),
	('b50ba356f76b', 'aside-top', 0, NULL, '2023-08-08 10:31:35', '2023-12-03 19:02:31', 'e09a8713b583', '7d95cf35c936', '318e064ea0c9', 'singletext', '{"html": "<p>Die Erde ist der einzige bekannte Planet, auf dem Leben existiert. Ihr komplexes Ökosystem umfasst vielfältige Lebensformen, die eng miteinander und mit ihrer Umwelt interagieren.</p>"}'),
	('4488a8669ebf', NULL, 0, NULL, '2023-08-08 10:30:47', '2023-08-08 10:30:47', '4488a8669ebf', NULL, 'f17470519474', 'columnlayout', '{"columns": [{"slot": "1", "width": 12}]}'),
	('e09a8713b583', NULL, 0, NULL, '2023-08-08 10:31:35', '2023-08-08 10:31:35', 'e09a8713b583', NULL, 'f17470519474', 'columnlayout', '{"columns": [{"slot": "1", "width": 12}]}'),
	('ffeadee13be3', 'aside-bottom', 0, NULL, '2023-08-08 10:21:16', '2023-11-12 14:29:44', '605686add6db', '4b914c305170', '4f0c657fecef', 'singletext', '{"html": ""}'),
	('aa040c45acde', 'main', 0, NULL, '2023-08-08 10:24:56', '2023-11-12 14:31:26', '5a6917af2f55', 'fd30504d4da9', 'cfccaecd4bad', 'storyboard', '{"sections": {"834806f6-9cd3-4102-acd8-fd4a5c88590e": {"column1": "", "column3": "", "position": 2, "column2Html": "<p><br />Smartphones haben sich zu unverzichtbaren Alltagsbegleitern entwickelt. Sie dienen nicht nur der Kommunikation, sondern bieten Zugang zu einer Fülle von Informationen, Unterhaltung und Dienstleistungen. Von sozialen Medien über mobile Apps bis hin zur Navigation erleichtern Smartphones unser Leben erheblich. Dennoch ist es wichtig, ein gesundes Maß im Umgang mit diesen Geräten zu finden, um eine ausgewogene Nutzung zu gewährleisten und potenzielle Auswirkungen auf unsere physische und psychische Gesundheit zu minimieren.</p>"}, "effa3fa5-cd07-4e82-a8aa-198ed9a7c1d4": {"column1": "", "column3": "", "position": 1, "column2Html": "<p>Smartphones haben sich zu unverzichtbaren Alltagsbegleitern entwickelt. Sie dienen nicht nur der Kommunikation, sondern bieten Zugang zu einer Fülle von Informationen, Unterhaltung und Dienstleistungen. Von sozialen Medien über mobile Apps bis hin zur Navigation erleichtern Smartphones unser Leben erheblich. Dennoch ist es wichtig, ein gesundes Maß im Umgang mit diesen Geräten zu finden, um eine ausgewogene Nutzung zu gewährleisten und potenzielle Auswirkungen auf unsere physische und psychische Gesundheit zu minimieren.</p>"}}}'),
	('35ca55460da3', 'aside-top', 2, NULL, '2023-08-08 10:25:47', '2023-11-12 14:32:49', '598946669198', 'c30e6271b10f', '1a0f84e322c8', 'multiselect', '{"options": {"security": {"checked": false}, "outdoorTechnique": {"checked": false}, "pioneeringTechnique": {"checked": false}, "natureAndEnvironment": {"checked": false}, "campsiteAndSurroundings": {"checked": true}, "preventionAndIntegration": {"checked": true}}}'),
	('d77eebe66c73', 'aside-top', 1, NULL, '2023-08-08 09:53:21', '2023-11-12 14:15:44', '801a718813bc', '1af6ffaca01f', '44dcc7493c65', 'singletext', '{"html": "<p>Apotheke ist Dabei</p>"}'),
	('d8ff638bc079', 'aside-top', 0, NULL, '2023-08-08 10:20:55', '2023-11-12 14:26:12', '680095ff1e78', 'eb9a3ff7cb89', '318e064ea0c9', 'singletext', '{"html": "<p>Smartphones haben sich zu unverzichtbaren Alltagsbegleitern entwickelt. Sie dienen nicht nur der Kommunikation, sondern bieten Zugang zu einer Fülle von Informationen, Unterhaltung und Dienstleistungen. Von sozialen Medien über mobile Apps bis hin zur Navigation erleichtern Smartphones unser Leben erheblich. Dennoch ist es wichtig, ein gesundes Maß im Umgang mit diesen Geräten zu finden, um eine ausgewogene Nutzung zu gewährleisten und potenzielle Auswirkungen auf unsere physische und psychische Gesundheit zu minimieren.</p>"}'),
	('a0eff3e27b5b', 'aside-bottom', 0, NULL, '2023-08-08 10:30:47', '2023-11-12 14:34:38', '4488a8669ebf', '5ebcdb64fdb5', '4f0c657fecef', 'singletext', '{"html": ""}'),
	('b688b7d91691', 'main', 1, NULL, '2023-08-08 10:30:47', '2023-11-12 14:34:37', '4488a8669ebf', '5ebcdb64fdb5', '3ef17bd1df72', 'materialnode', NULL),
	('3a833908338d', 'main', 0, NULL, '2023-08-08 10:30:47', '2023-11-12 14:34:43', '4488a8669ebf', '5ebcdb64fdb5', 'cfccaecd4bad', 'storyboard', '{"sections": {"effa3fa5-cd07-4e82-a8aa-198ed9a7c1d4": {"column1": "", "column3": "", "position": 1, "column2Html": ""}}}'),
	('49092518acf4', 'aside-top', 0, NULL, '2023-08-08 10:30:47', '2023-11-12 14:34:47', '4488a8669ebf', '5ebcdb64fdb5', '318e064ea0c9', 'singletext', '{"html": ""}'),
	('16b4b12c48a0', 'aside-top', 1, NULL, '2023-08-08 10:13:31', '2023-11-12 14:29:08', '2ebe68599e3f', 'eab512f9576f', '44dcc7493c65', 'singletext', '{"html": "<ol><li><p><strong>Kommunikation</strong>: Technologische Fortschritte haben die Kommunikation revolutioniert. Menschen können weltweit in Echtzeit miteinander in Verbindung treten, sei es über soziale Medien, Videoanrufe oder Nachrichten-Apps.</p></li><li><p><strong>Effizienzsteigerung</strong>: Technologie hat Arbeitsabläufe in vielen Branchen optimiert. Automatisierung, künstliche Intelligenz und maschinelles Lernen tragen dazu bei, Aufgaben schneller und präziser zu erledigen.</p></li><li><p><strong>Zugang zu Informationen</strong>: Das Internet bietet einen beispiellosen Zugang zu Wissen und Informationen. Bildung, Forschung und Lernen sind global zugänglich und erschwinglich geworden.</p></li></ol>"}'),
	('5ced2417dbbb', '1', 0, NULL, '2023-11-12 14:27:44', '2023-11-12 14:27:44', '2df77b3f0723', '2df77b3f0723', 'a4211c112939', 'responsivelayout', '{"items": [{"slot": "main"}, {"slot": "aside-top"}, {"slot": "aside-bottom"}]}'),
	('c87507c3f2b6', 'main', 1, NULL, '2023-08-08 10:31:35', '2023-12-03 19:02:19', 'e09a8713b583', '7d95cf35c936', '3ef17bd1df72', 'materialnode', NULL),
	('4726e6c0fee2', 'aside-top', 1, NULL, '2023-08-08 10:31:35', '2023-12-03 19:02:30', 'e09a8713b583', '7d95cf35c936', '44dcc7493c65', 'singletext', '{"html": ""}'),
	('8b7928871e5e', 'main', 0, NULL, '2023-08-08 09:54:32', '2023-11-12 14:30:25', '0b1293a027bb', '6e3a1a0ed96f', 'cfccaecd4bad', 'storyboard', '{"sections": {"7412b417-389b-4458-b3dc-af3626a34b30": {"column1": "", "column3": "", "position": 1, "column2Html": "<p>Die Erde ist der einzige bekannte Planet, auf dem Leben existiert. Ihr komplexes Ökosystem umfasst vielfältige Lebensformen, die eng miteinander und mit ihrer Umwelt interagieren.</p>"}, "c8bd5470-764e-4e73-a586-bdef8a6df9ac": {"column1": "", "column3": "", "position": 2, "column2Html": "<p>Die Erde ist der einzige bekannte Planet, auf dem Leben existiert. Ihr komplexes Ökosystem umfasst vielfältige Lebensformen, die eng miteinander und mit ihrer Umwelt interagieren.</p>"}, "e7e88f7a-3368-419c-b3a9-126e9f4511fe": {"column1": "", "column3": "", "position": 3, "column2Html": "<p>Die Erde ist der einzige bekannte Planet, auf dem Leben existiert. Ihr komplexes Ökosystem umfasst vielfältige Lebensformen, die eng miteinander und mit ihrer Umwelt interagieren.</p>"}}}'),
	('5b60b27e3a46', 'aside-top', 0, NULL, '2023-08-08 10:15:50', '2023-11-12 14:16:48', 'c7a7558a5120', '2f6f68d62636', '318e064ea0c9', 'singletext', '{"html": "<p>Die Teilnehmer versammeln sich am Treffpunkt im Lager. Die Leiter erklären, dass heute eine aufregende Schatzsuche im Wald stattfinden wird. Die Kinder werden in Teams von 4-5 Personen eingeteilt und erhalten jeweils eine Karte des Waldgebiets.</p>"}'),
	('d7fd95658683', '1', 2, NULL, '2024-09-28 17:00:56', '2024-09-28 17:02:11', '9e6da5607ba0', '187d8fb812a0', '5e2028c55ee4', 'singletext', '{"html": "<ul><li><p>Zeitraffer Ganzjahresbetreuung einer Abteilung als Coach</p></li><li><p>Übernahme Coachämtli</p></li><li><p>Jahresbeginn &amp; Jahresauswertung</p></li><li><p>Danke &amp; Anerkennung</p></li><li><p>Health Check</p></li><li><p>3+4-Modell</p></li><li><p>Krisen aus Coach-Sicht</p></li><li><p>Können Abteilung beraten zu Möglichkeiten &amp; Grenzen Leitungsteam in Krisenfällen</p></li></ul>"}'),
	('6b08091371a4', 'aside-top', 4, NULL, '2024-09-28 17:03:17', '2024-09-28 17:04:28', 'b87ef76bcb88', '4e2489db9ac0', '5e2028c55ee4', 'singletext', '{"html": "<ul><li><p>An konkreten Beispielen förderliche Tätigkeiten für spezifische TN erarbeiten</p></li><li><p>Aufgrund von Beobachtungen entscheiden, wo Stärken/Förderpunkte der TN liegen</p></li><li><p>Beobachtungen zwecks RM selektieren</p></li><li><p>Rückmeldung zu einem TN-Produkt vorbereiten</p></li><li><p>Unterschied zwischen Beobachten und Interpretieren</p></li></ul>"}'),
	('ba4d91f6e475', 'main', 0, NULL, '2023-08-08 09:54:22', '2023-11-12 14:26:55', '09b19f627429', '713da7117866', 'cfccaecd4bad', 'storyboard', '{"sections": {"5a61fcd6-0285-4b2e-826b-6410caf096c5": {"column1": "", "column3": "", "position": 3, "column2Html": "<p>Die Erde ist der einzige bekannte Planet, auf dem Leben existiert. Ihr komplexes Ökosystem umfasst vielfältige Lebensformen, die eng miteinander und mit ihrer Umwelt interagieren.</p>"}, "7412b417-389b-4458-b3dc-af3626a34b30": {"column1": "", "column3": "", "position": 1, "column2Html": "<p>Die Erde ist der einzige bekannte Planet, auf dem Leben existiert. Ihr komplexes Ökosystem umfasst vielfältige Lebensformen, die eng miteinander und mit ihrer Umwelt interagieren.</p>"}, "9504b43d-20c9-4de1-8403-bb9cf083878c": {"column1": "", "column3": "", "position": 2, "column2Html": "<p>Die Erde ist der einzige bekannte Planet, auf dem Leben existiert. Ihr komplexes Ökosystem umfasst vielfältige Lebensformen, die eng miteinander und mit ihrer Umwelt interagieren.</p>"}}}'),
	('c30e6271b10f', '1', 0, NULL, '2023-11-12 14:32:36', '2023-11-12 14:32:36', '598946669198', '598946669198', 'a4211c112939', 'responsivelayout', '{"items": [{"slot": "main"}, {"slot": "aside-top"}, {"slot": "aside-bottom"}]}'),
	('754b7187d819', 'main', 0, NULL, '2023-08-08 10:11:42', '2023-11-12 14:27:23', '40dd3e9457d6', '28011dca853c', 'cfccaecd4bad', 'storyboard', '{"sections": {"26a120c8-7391-44aa-bf7a-3fdfc2c39f26": {"column1": "", "column3": "", "position": 6, "column2Html": "<p>Die Erde ist der einzige bekannte Planet, auf dem Leben existiert. Ihr komplexes Ökosystem umfasst vielfältige Lebensformen, die eng miteinander und mit ihrer Umwelt interagieren.</p>"}, "7412b417-389b-4458-b3dc-af3626a34b30": {"column1": "", "column3": "", "position": 1, "column2Html": "<p>Die Erde ist der einzige bekannte Planet, auf dem Leben existiert. Ihr komplexes Ökosystem umfasst vielfältige Lebensformen, die eng miteinander und mit ihrer Umwelt interagieren.</p>"}, "74bee006-5513-4a2d-80fa-d253abcbbfe3": {"column1": "", "column3": "", "position": 5, "column2Html": "<p>Die Erde ist der einzige bekannte Planet, auf dem Leben existiert. Ihr komplexes Ökosystem umfasst vielfältige Lebensformen, die eng miteinander und mit ihrer Umwelt interagieren.</p>"}, "ca756169-d097-4619-bd6d-b13060bea190": {"column1": "", "column3": "", "position": 4, "column2Html": "<p>Die Erde ist der einzige bekannte Planet, auf dem Leben existiert. Ihr komplexes Ökosystem umfasst vielfältige Lebensformen, die eng miteinander und mit ihrer Umwelt interagieren.</p>"}, "d50c32e8-3bb0-4d52-8d9e-8c26756a14b9": {"column1": "", "column3": "", "position": 2, "column2Html": "<p>Die Erde ist der einzige bekannte Planet, auf dem Leben existiert. Ihr komplexes Ökosystem umfasst vielfältige Lebensformen, die eng miteinander und mit ihrer Umwelt interagieren.</p>"}, "de1fe977-b2d4-4c71-85c8-b8916a4e7881": {"column1": "", "column3": "", "position": 3, "column2Html": "<p>Die Erde ist der einzige bekannte Planet, auf dem Leben existiert. Ihr komplexes Ökosystem umfasst vielfältige Lebensformen, die eng miteinander und mit ihrer Umwelt interagieren.</p>"}}}'),
	('38f008ed3383', 'main', 0, NULL, '2023-08-08 10:21:16', '2023-11-12 14:29:51', '605686add6db', '4b914c305170', 'cfccaecd4bad', 'storyboard', '{"sections": {"558bd532-989e-4032-8199-606d6de488ec": {"column1": "", "column3": "", "position": 3, "column2Html": "<p>In den letzten Jahrzehnten hat sich die Technologie in rasantem Tempo entwickelt und hat nahezu alle Aspekte unseres Lebens beeinflusst. Diese Entwicklung hat zahlreiche positive Auswirkungen, darunter verbesserte Kommunikation, effizientere Arbeitsprozesse und eine Fülle von Informationsquellen. Dennoch bringt sie auch Herausforderungen mit sich, die es zu bewältigen gilt.</p>"}, "92ff4f49-555e-4189-a524-9e85c0bb785f": {"column1": "", "column3": "", "position": 2, "column2Html": "<p>In den letzten Jahrzehnten hat sich die Technologie in rasantem Tempo entwickelt und hat nahezu alle Aspekte unseres Lebens beeinflusst. Diese Entwicklung hat zahlreiche positive Auswirkungen, darunter verbesserte Kommunikation, effizientere Arbeitsprozesse und eine Fülle von Informationsquellen. Dennoch bringt sie auch Herausforderungen mit sich, die es zu bewältigen gilt.</p>"}, "effa3fa5-cd07-4e82-a8aa-198ed9a7c1d4": {"column1": "", "column3": "", "position": 1, "column2Html": "<p>In den letzten Jahrzehnten hat sich die Technologie in rasantem Tempo entwickelt und hat nahezu alle Aspekte unseres Lebens beeinflusst. Diese Entwicklung hat zahlreiche positive Auswirkungen, darunter verbesserte Kommunikation, effizientere Arbeitsprozesse und eine Fülle von Informationsquellen. Dennoch bringt sie auch Herausforderungen mit sich, die es zu bewältigen gilt.</p>"}}}'),
	('c31e416244ea', 'main', 0, NULL, '2023-08-08 10:25:47', '2023-11-12 14:32:47', '598946669198', 'c30e6271b10f', 'cfccaecd4bad', 'storyboard', '{"sections": {"215fda4f-d90d-4ff0-abaf-f71ce5188f8d": {"column1": "", "column3": "", "position": 2, "column2Html": "<p><br />Smartphones haben sich zu unverzichtbaren Alltagsbegleitern entwickelt. Sie dienen nicht nur der Kommunikation, sondern bieten Zugang zu einer Fülle von Informationen, Unterhaltung und Dienstleistungen. Von sozialen Medien über mobile Apps bis hin zur Navigation erleichtern Smartphones unser Leben erheblich. Dennoch ist es wichtig, ein gesundes Maß im Umgang mit diesen Geräten zu finden, um eine ausgewogene Nutzung zu gewährleisten und potenzielle Auswirkungen auf unsere physische und psychische Gesundheit zu minimieren.</p>"}, "4c126a50-f729-46a7-8326-811586922995": {"column1": "", "column3": "", "position": 1, "column2Html": "<p><br />Smartphones haben sich zu unverzichtbaren Alltagsbegleitern entwickelt. Sie dienen nicht nur der Kommunikation, sondern bieten Zugang zu einer Fülle von Informationen, Unterhaltung und Dienstleistungen. Von sozialen Medien über mobile Apps bis hin zur Navigation erleichtern Smartphones unser Leben erheblich. Dennoch ist es wichtig, ein gesundes Maß im Umgang mit diesen Geräten zu finden, um eine ausgewogene Nutzung zu gewährleisten und potenzielle Auswirkungen auf unsere physische und psychische Gesundheit zu minimieren.</p>"}, "886988cf-d419-4ac6-be21-286e2de7fe5c": {"column1": "", "column3": "", "position": 3, "column2Html": "<p><br />Smartphones haben sich zu unverzichtbaren Alltagsbegleitern entwickelt. Sie dienen nicht nur der Kommunikation, sondern bieten Zugang zu einer Fülle von Informationen, Unterhaltung und Dienstleistungen. Von sozialen Medien über mobile Apps bis hin zur Navigation erleichtern Smartphones unser Leben erheblich. Dennoch ist es wichtig, ein gesundes Maß im Umgang mit diesen Geräten zu finden, um eine ausgewogene Nutzung zu gewährleisten und potenzielle Auswirkungen auf unsere physische und psychische Gesundheit zu minimieren.</p>"}}}'),
	('1733597b0c44', 'aside-top', 1, NULL, '2023-08-08 10:19:57', '2023-11-12 14:20:55', '6bab443ef52d', '8d21cf90ee34', '44dcc7493c65', 'singletext', '{"html": "<p>Natürliche Ökosysteme spielen eine entscheidende Rolle im Erhalt der globalen Biodiversität und der Stabilität des Planeten. Diese vielfältigen Lebensräume bieten Lebensraum für eine breite Palette von Pflanzen und Tieren, von mikroskopisch kleinen Organismen bis hin zu majestätischen Raubtieren. Der reibungslose Ablauf dieser Ökosysteme hängt von komplexen Wechselwirkungen zwischen den verschiedenen Arten und den Umweltbedingungen ab. Von Regenwäldern bis hin zu Wüsten, von Ozeanen bis hin zu Flussufern - jedes Ökosystem trägt auf seine eigene Weise zur Aufrechterhaltung des ökologischen Gleichgewichts bei. Es ist von größter Bedeutung, diese Ökosysteme zu schützen und nachhaltige Praktiken zu fördern, um die langfristige Gesundheit unseres Planeten zu gewährleisten.</p>"}'),
	('411d9321d09a', '1', 0, NULL, '2023-11-12 14:33:26', '2023-11-12 14:33:26', 'ad0d42c70368', 'ad0d42c70368', 'a4211c112939', 'responsivelayout', '{"items": [{"slot": "main"}, {"slot": "aside-top"}, {"slot": "aside-bottom"}]}'),
	('6e3a1a0ed96f', '1', 0, NULL, '2023-11-12 14:30:16', '2023-11-12 14:30:16', '0b1293a027bb', '0b1293a027bb', 'a4211c112939', 'responsivelayout', '{"items": [{"slot": "main"}, {"slot": "aside-top"}, {"slot": "aside-bottom"}]}'),
	('1c80bc6e37f0', 'aside-top', 0, NULL, '2023-08-08 09:55:35', '2023-11-12 14:19:42', '894fb1deeae4', '7199bc9a9992', '318e064ea0c9', 'singletext', '{"html": "<p>Lorem ipsum dolor sit amet, consectetur adipiscing elit. Duo enim genera quae erant, fecit tria. Si longus, levis. Licet hic rursus ea commemores, quae optimis verbis ab Epicuro de laude amicitiae dicta sunt. Mihi quidem Antiochum, quem audis, satis belle videris attendere. Magni enim aestimabat pecuniam non modo non contra leges, sed etiam legibus partam. Quod autem ratione actum est, id officium appellamus. Nondum autem explanatum satis, erat, quid maxime natura vellet. </p>"}'),
	('71503dce4007', 'main', 0, NULL, '2023-08-08 10:14:26', '2023-11-12 14:33:34', 'ad0d42c70368', '411d9321d09a', 'cfccaecd4bad', 'storyboard', '{"sections": {"7412b417-389b-4458-b3dc-af3626a34b30": {"column1": "", "column3": "", "position": 1, "column2Html": "<p><br />Smartphones haben sich zu unverzichtbaren Alltagsbegleitern entwickelt. Sie dienen nicht nur der Kommunikation, sondern bieten Zugang zu einer Fülle von Informationen, Unterhaltung und Dienstleistungen. Von sozialen Medien über mobile Apps bis hin zur Navigation erleichtern Smartphones unser Leben erheblich. Dennoch ist es wichtig, ein gesundes Maß im Umgang mit diesen Geräten zu finden, um eine ausgewogene Nutzung zu gewährleisten und potenzielle Auswirkungen auf unsere physische und psychische Gesundheit zu minimieren.</p>"}, "7e0d92a7-bf83-4f14-8253-0d7515d0b4ba": {"column1": "", "column3": "", "position": 4, "column2Html": "<p><br />Smartphones haben sich zu unverzichtbaren Alltagsbegleitern entwickelt. Sie dienen nicht nur der Kommunikation, sondern bieten Zugang zu einer Fülle von Informationen, Unterhaltung und Dienstleistungen. Von sozialen Medien über mobile Apps bis hin zur Navigation erleichtern Smartphones unser Leben erheblich. Dennoch ist es wichtig, ein gesundes Maß im Umgang mit diesen Geräten zu finden, um eine ausgewogene Nutzung zu gewährleisten und potenzielle Auswirkungen auf unsere physische und psychische Gesundheit zu minimieren.</p>"}, "a33a2d2d-cfae-4cfa-9f23-57d390304bd2": {"column1": "", "column3": "", "position": 3, "column2Html": "<p><br />Smartphones haben sich zu unverzichtbaren Alltagsbegleitern entwickelt. Sie dienen nicht nur der Kommunikation, sondern bieten Zugang zu einer Fülle von Informationen, Unterhaltung und Dienstleistungen. Von sozialen Medien über mobile Apps bis hin zur Navigation erleichtern Smartphones unser Leben erheblich. Dennoch ist es wichtig, ein gesundes Maß im Umgang mit diesen Geräten zu finden, um eine ausgewogene Nutzung zu gewährleisten und potenzielle Auswirkungen auf unsere physische und psychische Gesundheit zu minimieren.</p>"}, "a5838e3c-a926-48a3-b060-e3d9756abf98": {"column1": "", "column3": "", "position": 2, "column2Html": "<p><br />Smartphones haben sich zu unverzichtbaren Alltagsbegleitern entwickelt. Sie dienen nicht nur der Kommunikation, sondern bieten Zugang zu einer Fülle von Informationen, Unterhaltung und Dienstleistungen. Von sozialen Medien über mobile Apps bis hin zur Navigation erleichtern Smartphones unser Leben erheblich. Dennoch ist es wichtig, ein gesundes Maß im Umgang mit diesen Geräten zu finden, um eine ausgewogene Nutzung zu gewährleisten und potenzielle Auswirkungen auf unsere physische und psychische Gesundheit zu minimieren.</p>"}}}'),
	('a291cdda200f', 'aside-top', 1, NULL, '2023-08-08 10:14:26', '2023-11-12 14:33:37', 'ad0d42c70368', '411d9321d09a', '44dcc7493c65', 'singletext', '{"html": "<p><br />Smartphones haben sich zu unverzichtbaren Alltagsbegleitern entwickelt. Sie dienen nicht nur der Kommunikation, sondern bieten Zugang zu einer Fülle von Informationen, Unterhaltung und Dienstleistungen. Von sozialen Medien über mobile Apps bis hin zur Navigation erleichtern Smartphones unser Leben erheblich. Dennoch ist es wichtig, ein gesundes Maß im Umgang mit diesen Geräten zu finden, um eine ausgewogene Nutzung zu gewährleisten und potenzielle Auswirkungen auf unsere physische und psychische Gesundheit zu minimieren.</p>"}'),
	('c52405220ced', 'main', 0, NULL, '2023-08-08 10:12:15', '2023-11-12 14:27:57', '2df77b3f0723', '5ced2417dbbb', 'cfccaecd4bad', 'storyboard', '{"sections": {"70e81723-60c9-41c9-9181-9bd788b6dbb6": {"column1": "", "column3": "", "position": 3, "column2Html": "<p>In den letzten Jahrzehnten hat sich die Technologie in rasantem Tempo entwickelt und hat nahezu alle Aspekte unseres Lebens beeinflusst. Diese Entwicklung hat zahlreiche positive Auswirkungen, darunter verbesserte Kommunikation, effizientere Arbeitsprozesse und eine Fülle von Informationsquellen. Dennoch bringt sie auch Herausforderungen mit sich, die es zu bewältigen gilt.</p><p>Zu den positiven Aspekten gehören:</p><ol><li><p><strong>Kommunikation</strong>: Technologische Fortschritte haben die Kommunikation revolutioniert. Menschen können weltweit in Echtzeit miteinander in Verbindung treten, sei es über soziale Medien, Videoanrufe oder Nachrichten-Apps.</p></li><li><p><strong>Effizienzsteigerung</strong>: Technologie hat Arbeitsabläufe in vielen Branchen optimiert. Automatisierung, künstliche Intelligenz und maschinelles Lernen tragen dazu bei, Aufgaben schneller und präziser zu erledigen.</p></li><li><p><strong>Zugang zu Informationen</strong>: Das Internet bietet einen beispiellosen Zugang zu Wissen und Informationen. Bildung, Forschung und Lernen sind global zugänglich und erschwinglich geworden.</p></li></ol><p>Allerdings gibt es auch einige Herausforderungen:</p><ol><li><p><strong>Datenschutz</strong>: Die digitale Vernetzung führt zu Bedenken hinsichtlich Datenschutz und Privatsphäre. Persönliche Daten können leicht in die falschen Hände geraten.</p></li><li><p><strong>Abhängigkeit</strong>: Die zunehmende Abhängigkeit von Technologie kann negative Auswirkungen auf soziale Interaktionen und die physische Gesundheit haben.</p></li><li><p><strong>Ungleichheit</strong>: Technologische Fortschritte können zu einer Kluft zwischen Technologie-Nutzern und -Nichtnutzern führen, was soziale Ungleichheit verstärken kann.</p></li></ol><p>Es ist wichtig, die Vorteile der Technologie zu nutzen, während gleichzeitig bewusst mit ihren Herausforderungen umgegangen wird, um eine ausgewogene und nachhaltige Zukunft zu gestalten.</p>"}, "7412b417-389b-4458-b3dc-af3626a34b30": {"column1": "", "column3": "", "position": 1, "column2Html": "<p>In den letzten Jahrzehnten hat sich die Technologie in rasantem Tempo entwickelt und hat nahezu alle Aspekte unseres Lebens beeinflusst. Diese Entwicklung hat zahlreiche positive Auswirkungen, darunter verbesserte Kommunikation, effizientere Arbeitsprozesse und eine Fülle von Informationsquellen. Dennoch bringt sie auch Herausforderungen mit sich, die es zu bewältigen gilt.</p><p>Zu den positiven Aspekten gehören:</p><ol><li><p><strong>Kommunikation</strong>: Technologische Fortschritte haben die Kommunikation revolutioniert. Menschen können weltweit in Echtzeit miteinander in Verbindung treten, sei es über soziale Medien, Videoanrufe oder Nachrichten-Apps.</p></li><li><p><strong>Effizienzsteigerung</strong>: Technologie hat Arbeitsabläufe in vielen Branchen optimiert. Automatisierung, künstliche Intelligenz und maschinelles Lernen tragen dazu bei, Aufgaben schneller und präziser zu erledigen.</p></li><li><p><strong>Zugang zu Informationen</strong>: Das Internet bietet einen beispiellosen Zugang zu Wissen und Informationen. Bildung, Forschung und Lernen sind global zugänglich und erschwinglich geworden.</p></li></ol><p>Allerdings gibt es auch einige Herausforderungen:</p><ol><li><p><strong>Datenschutz</strong>: Die digitale Vernetzung führt zu Bedenken hinsichtlich Datenschutz und Privatsphäre. Persönliche Daten können leicht in die falschen Hände geraten.</p></li><li><p><strong>Abhängigkeit</strong>: Die zunehmende Abhängigkeit von Technologie kann negative Auswirkungen auf soziale Interaktionen und die physische Gesundheit haben.</p></li><li><p><strong>Ungleichheit</strong>: Technologische Fortschritte können zu einer Kluft zwischen Technologie-Nutzern und -Nichtnutzern führen, was soziale Ungleichheit verstärken kann.</p></li></ol><p>Es ist wichtig, die Vorteile der Technologie zu nutzen, während gleichzeitig bewusst mit ihren Herausforderungen umgegangen wird, um eine ausgewogene und nachhaltige Zukunft zu gestalten.</p>"}, "c1cd8ed3-3b98-4dcc-a9f6-c9069bb179e2": {"column1": "", "column3": "", "position": 2, "column2Html": "<p>In den letzten Jahrzehnten hat sich die Technologie in rasantem Tempo entwickelt und hat nahezu alle Aspekte unseres Lebens beeinflusst. Diese Entwicklung hat zahlreiche positive Auswirkungen, darunter verbesserte Kommunikation, effizientere Arbeitsprozesse und eine Fülle von Informationsquellen. Dennoch bringt sie auch Herausforderungen mit sich, die es zu bewältigen gilt.</p><p>Zu den positiven Aspekten gehören:</p><ol><li><p><strong>Kommunikation</strong>: Technologische Fortschritte haben die Kommunikation revolutioniert. Menschen können weltweit in Echtzeit miteinander in Verbindung treten, sei es über soziale Medien, Videoanrufe oder Nachrichten-Apps.</p></li><li><p><strong>Effizienzsteigerung</strong>: Technologie hat Arbeitsabläufe in vielen Branchen optimiert. Automatisierung, künstliche Intelligenz und maschinelles Lernen tragen dazu bei, Aufgaben schneller und präziser zu erledigen.</p></li><li><p><strong>Zugang zu Informationen</strong>: Das Internet bietet einen beispiellosen Zugang zu Wissen und Informationen. Bildung, Forschung und Lernen sind global zugänglich und erschwinglich geworden.</p></li></ol><p>Allerdings gibt es auch einige Herausforderungen:</p><ol><li><p><strong>Datenschutz</strong>: Die digitale Vernetzung führt zu Bedenken hinsichtlich Datenschutz und Privatsphäre. Persönliche Daten können leicht in die falschen Hände geraten.</p></li><li><p><strong>Abhängigkeit</strong>: Die zunehmende Abhängigkeit von Technologie kann negative Auswirkungen auf soziale Interaktionen und die physische Gesundheit haben.</p></li><li><p><strong>Ungleichheit</strong>: Technologische Fortschritte können zu einer Kluft zwischen Technologie-Nutzern und -Nichtnutzern führen, was soziale Ungleichheit verstärken kann.</p></li></ol><p>Es ist wichtig, die Vorteile der Technologie zu nutzen, während gleichzeitig bewusst mit ihren Herausforderungen umgegangen wird, um eine ausgewogene und nachhaltige Zukunft zu gestalten.</p>"}, "d3ea45e2-8838-4887-aaf7-2902fca12baf": {"column1": "", "column3": "", "position": 4, "column2Html": ""}}}'),
	('412184bb7fcc', 'aside-top', 1, NULL, '2023-08-08 10:12:15', '2023-11-12 14:28:02', '2df77b3f0723', '5ced2417dbbb', '44dcc7493c65', 'singletext', '{"html": "<ol><li><p><strong>Kommunikation</strong>: Technologische Fortschritte haben die Kommunikation revolutioniert. Menschen können weltweit in Echtzeit miteinander in Verbindung treten, sei es über soziale Medien, Videoanrufe oder Nachrichten-Apps.</p></li><li><p><strong>Effizienzsteigerung</strong>: Technologie hat Arbeitsabläufe in vielen Branchen optimiert. Automatisierung, künstliche Intelligenz und maschinelles Lernen tragen dazu bei, Aufgaben schneller und präziser zu erledigen.</p></li><li><p><strong>Zugang zu Informationen</strong>: Das Internet bietet einen beispiellosen Zugang zu Wissen und Informationen. Bildung, Forschung und Lernen sind global zugänglich und erschwinglich geworden.</p></li></ol><p>Allerdings gibt es auch einige Herausforderungen:</p><ol><li><p><strong>Datenschutz</strong>: Die digitale Vernetzung führt zu Bedenken hinsichtlich Datenschutz und Privatsphäre. Persönliche Daten können leicht in die falschen Hände geraten.</p></li><li><p><strong>Abhängigkeit</strong>: Die zunehmende Abhängigkeit von Technologie kann negative Auswirkungen auf soziale Interaktionen und die physische Gesundheit haben.</p></li><li><p><strong>Ungleichheit</strong>: Technologische Fortschritte können zu einer Kluft zwischen Technologie-Nutzern und -Nichtnutzern führen, was soziale Ungleichheit verstärken kann.</p></li></ol>"}'),
	('ea6d00a9b637', '1', 1, NULL, '2023-08-08 09:56:21', '2023-08-08 13:24:38', '9e6da5607ba0', '9e6da5607ba0', 'cfccaecd4bad', 'storyboard', '{"sections": {"2ad67a5c-6de1-43a2-a8e4-c633794725c9": {"column1": "", "column3": "", "position": 3, "column2Html": "<p>Die rasante Entwicklung von künstlicher Intelligenz (KI) hat tiefgreifende Auswirkungen auf verschiedene Bereiche unseres Lebens. Von automatisierten Kundenbetreuungssystemen bis hin zu fortschrittlichen medizinischen Diagnosewerkzeugen verändert KI die Art und Weise, wie wir arbeiten, kommunizieren und Entscheidungen treffen.</p>"}, "7412b417-389b-4458-b3dc-af3626a34b30": {"column1": "", "column3": "", "position": 1, "column2Html": "<p>Die rasante Entwicklung von künstlicher Intelligenz (KI) hat tiefgreifende Auswirkungen auf verschiedene Bereiche unseres Lebens. Von automatisierten Kundenbetreuungssystemen bis hin zu fortschrittlichen medizinischen Diagnosewerkzeugen verändert KI die Art und Weise, wie wir arbeiten, kommunizieren und Entscheidungen treffen.</p>"}, "790469e9-b890-4624-8afa-7d87f56d822d": {"column1": "", "column3": "", "position": 4, "column2Html": "<p>Die rasante Entwicklung von künstlicher Intelligenz (KI) hat tiefgreifende Auswirkungen auf verschiedene Bereiche unseres Lebens. Von automatisierten Kundenbetreuungssystemen bis hin zu fortschrittlichen medizinischen Diagnosewerkzeugen verändert KI die Art und Weise, wie wir arbeiten, kommunizieren und Entscheidungen treffen.</p>"}, "874cbafd-8fe4-49ed-9fb1-0bd8e519b994": {"column1": "", "column3": "", "position": 5, "column2Html": "<p>Die rasante Entwicklung von künstlicher Intelligenz (KI) hat tiefgreifende Auswirkungen auf verschiedene Bereiche unseres Lebens. Von automatisierten Kundenbetreuungssystemen bis hin zu fortschrittlichen medizinischen Diagnosewerkzeugen verändert KI die Art und Weise, wie wir arbeiten, kommunizieren und Entscheidungen treffen.</p>"}, "ce0889d8-2609-4e41-aa89-23caf43a0407": {"column1": "", "column3": "", "position": 2, "column2Html": "<p>Die rasante Entwicklung von künstlicher Intelligenz (KI) hat tiefgreifende Auswirkungen auf verschiedene Bereiche unseres Lebens. Von automatisierten Kundenbetreuungssystemen bis hin zu fortschrittlichen medizinischen Diagnosewerkzeugen verändert KI die Art und Weise, wie wir arbeiten, kommunizieren und Entscheidungen treffen.</p>"}}}'),
	('9217300a2e42', 'main', 0, NULL, '2023-08-08 10:17:52', '2023-11-12 14:23:32', 'b87ef76bcb88', '4e2489db9ac0', 'cfccaecd4bad', 'storyboard', '{"sections": {"1650b848-66ce-4481-a89a-6fc3b43da9f2": {"column1": "", "column3": "", "position": 4, "column2Html": "<p>Die Erde ist der einzige bekannte Planet, auf dem Leben existiert. Ihr komplexes Ökosystem umfasst vielfältige Lebensformen, die eng miteinander und mit ihrer Umwelt interagieren.</p>"}, "45ae22cc-8458-4495-b7ce-58f67d5ba6d6": {"column1": "", "column3": "", "position": 2, "column2Html": "<p>Die Erde ist der einzige bekannte Planet, auf dem Leben existiert. Ihr komplexes Ökosystem umfasst vielfältige Lebensformen, die eng miteinander und mit ihrer Umwelt interagieren.</p>"}, "4c126a50-f729-46a7-8326-811586922995": {"column1": "", "column3": "", "position": 1, "column2Html": "<p>Die Erde ist der einzige bekannte Planet, auf dem Leben existiert. Ihr komplexes Ökosystem umfasst vielfältige Lebensformen, die eng miteinander und mit ihrer Umwelt interagieren.</p>"}, "65360004-c48b-4e78-87da-fe7f0b921014": {"column1": "", "column3": "", "position": 7, "column2Html": ""}, "6aecc2fc-b14d-4650-99a0-26020c8d049f": {"column1": "", "column3": "", "position": 3, "column2Html": "<p>Die Erde ist der einzige bekannte Planet, auf dem Leben existiert. Ihr komplexes Ökosystem umfasst vielfältige Lebensformen, die eng miteinander und mit ihrer Umwelt interagieren.</p>"}, "bc975626-3e34-4db7-8f1f-f243106ef19a": {"column1": "", "column3": "", "position": 6, "column2Html": "<p>Die Erde ist der einzige bekannte Planet, auf dem Leben existiert. Ihr komplexes Ökosystem umfasst vielfältige Lebensformen, die eng miteinander und mit ihrer Umwelt interagieren.</p>"}, "eb5555ce-254f-4c65-8d0b-d29349ae1776": {"column1": "", "column3": "", "position": 5, "column2Html": "<p>In den letzten Jahrzehnten hat sich die Technologie in rasantem Tempo entwickelt und hat nahezu alle Aspekte unseres Lebens beeinflusst. Diese Entwicklung hat zahlreiche positive Auswirkungen, darunter verbesserte Kommunikation, effizientere Arbeitsprozesse und eine Fülle von Informationsquellen. Dennoch bringt sie auch Herausforderungen mit sich, die es zu bewältigen gilt.</p><p>Zu den positiven Aspekten gehören:</p><ol><li><p><strong>Kommunikation</strong>: Technologische Fortschritte haben die Kommunikation revolutioniert. Menschen können weltweit in Echtzeit miteinander in Verbindung treten, sei es über soziale Medien, Videoanrufe oder Nachrichten-Apps.</p></li><li><p><strong>Effizienzsteigerung</strong>: Technologie hat Arbeitsabläufe in vielen Branchen optimiert. Automatisierung, künstliche Intelligenz und maschinelles Lernen tragen dazu bei, Aufgaben schneller und präziser zu erledigen.</p></li><li><p><strong>Zugang zu Informationen</strong>: Das Internet bietet einen beispiellosen Zugang zu Wissen und Informationen. Bildung, Forschung und Lernen sind global zugänglich und erschwinglich geworden.</p></li></ol><p>Allerdings gibt es auch einige Herausforderungen:</p><ol><li><p><strong>Datenschutz</strong>: Die digitale Vernetzung führt zu Bedenken hinsichtlich Datenschutz und Privatsphäre. Persönliche Daten können leicht in die falschen Hände geraten.</p></li><li><p><strong>Abhängigkeit</strong>: Die zunehmende Abhängigkeit von Technologie kann negative Auswirkungen auf soziale Interaktionen und die physische Gesundheit haben.</p></li><li><p><strong>Ungleichheit</strong>: Technologische Fortschritte können zu einer Kluft zwischen Technologie-Nutzern und -Nichtnutzern führen, was soziale Ungleichheit verstärken kann.</p></li></ol><p>Es ist wichtig, die Vorteile der Technologie zu nutzen, während gleichzeitig bewusst mit ihren Herausforderungen umgegangen wird, um eine ausgewogene und nachhaltige Zukunft zu gestalten.</p>"}, "f940e27b-695c-4e5a-ae52-1b45bac4a520": {"column1": "", "column3": "", "position": 8, "column2Html": ""}}}'),
	('4f92e986c8a5', '1', 0, NULL, '2023-11-12 14:30:51', '2023-11-12 14:30:51', '2c3830024da1', '2c3830024da1', 'a4211c112939', 'responsivelayout', '{"items": [{"slot": "main"}, {"slot": "aside-top"}, {"slot": "aside-bottom"}]}'),
	('651e709cb8cf', 'aside-top', 1, NULL, '2023-08-08 09:56:45', '2023-11-12 14:25:37', '09dc148c88c3', 'fb1eb84a9008', '44dcc7493c65', 'singletext', '{"html": "<p>Smartphones haben sich zu unverzichtbaren Alltagsbegleitern entwickelt. Sie dienen nicht nur der Kommunikation, sondern bieten Zugang zu einer Fülle von Informationen, Unterhaltung und Dienstleistungen. Von sozialen Medien über mobile Apps bis hin zur Navigation erleichtern Smartphones unser Leben erheblich. Dennoch ist es wichtig, ein gesundes Maß im Umgang mit diesen Geräten zu finden, um eine ausgewogene Nutzung zu gewährleisten und potenzielle Auswirkungen auf unsere physische und psychische Gesundheit zu minimieren.</p>"}'),
	('21f466229a77', '1', 0, NULL, '2023-11-12 14:34:02', '2023-11-12 14:34:02', 'd19401fcb194', 'd19401fcb194', 'a4211c112939', 'responsivelayout', '{"items": [{"slot": "main"}, {"slot": "aside-top"}, {"slot": "aside-bottom"}]}'),
	('f763c4c69ff4', '1', 0, NULL, '2023-11-12 14:36:09', '2023-11-12 14:36:09', 'fcb048b79244', 'fcb048b79244', 'a4211c112939', 'responsivelayout', '{"items": [{"slot": "main"}, {"slot": "aside-top"}, {"slot": "aside-bottom"}]}'),
	('115001dac1ec', 'aside-top', 2, NULL, '2024-09-28 16:57:33', '2024-09-28 16:58:47', '4bd0b0f3f3a6', 'af2aeebdc575', 'c462edd869f3', 'singletext', '{"html": "<ul><li><p>Gesprächslenkungstechniken ausprobieren und bewusst anwenden</p></li><li><p>Spickzettel über zentrale Gesprächslenkungstechniken erstellen</p></li><li><p>Reflektieren Haltungen an ein Rückmeldegespräch und können begründen, welchen Einfluss eine bestimmte Haltung auf den Gesprächsverlauf hat</p></li><li><p>Können bewusst schweigen und zuhören</p></li></ul>"}'),
	('3f48816bccae', 'aside-top', 5, NULL, '2024-09-28 17:03:22', '2024-09-28 17:04:52', 'b87ef76bcb88', '4e2489db9ac0', 'a4211c11211c', 'checklistnode', NULL),
	('a6148f4ff614', 'main', 0, NULL, '2023-08-08 10:13:58', '2023-11-12 14:31:00', '2c3830024da1', '4f92e986c8a5', 'cfccaecd4bad', 'storyboard', '{"sections": {"101a9918-312b-49b3-a5e5-0a5f886014a6": {"column1": "", "column3": "", "position": 2, "column2Html": "<p>Die Erde ist der einzige bekannte Planet, auf dem Leben existiert. Ihr komplexes Ökosystem umfasst vielfältige Lebensformen, die eng miteinander und mit ihrer Umwelt interagieren.</p>"}, "59c0d77f-7c65-4996-8de1-d44b9665e946": {"column1": "", "column3": "", "position": 4, "column2Html": "<p>Die Erde ist der einzige bekannte Planet, auf dem Leben existiert. Ihr komplexes Ökosystem umfasst vielfältige Lebensformen, die eng miteinander und mit ihrer Umwelt interagieren.</p>"}, "7412b417-389b-4458-b3dc-af3626a34b30": {"column1": "", "column3": "", "position": 1, "column2Html": "<p>Die Erde ist der einzige bekannte Planet, auf dem Leben existiert. Ihr komplexes Ökosystem umfasst vielfältige Lebensformen, die eng miteinander und mit ihrer Umwelt interagieren.</p>"}, "cce00fc2-3ce5-4845-ac8a-c4e434059aef": {"column1": "", "column3": "", "position": 3, "column2Html": "<p>Die Erde ist der einzige bekannte Planet, auf dem Leben existiert. Ihr komplexes Ökosystem umfasst vielfältige Lebensformen, die eng miteinander und mit ihrer Umwelt interagieren.</p>"}}}'),
	('bdef3d4d5adf', '1', 0, NULL, '2023-11-12 14:28:26', '2023-11-12 14:28:26', '873190b3bc7d', '873190b3bc7d', 'a4211c112939', 'responsivelayout', '{"items": [{"slot": "main"}, {"slot": "aside-top"}, {"slot": "aside-bottom"}]}'),
	('5ec5d6ef73e1', 'aside-top', 0, NULL, '2023-08-08 10:13:58', '2023-11-12 14:31:05', '2c3830024da1', '4f92e986c8a5', '318e064ea0c9', 'singletext', '{"html": "<p>Die Erde ist der einzige bekannte Planet, auf dem Leben existiert. Ihr komplexes Ökosystem umfasst vielfältige Lebensformen, die eng miteinander und mit ihrer Umwelt interagieren.</p>"}'),
	('0f869c953b6b', 'main', 1, NULL, '2023-08-08 09:53:49', '2023-11-12 14:18:50', '8371c12ee053', '1b04e9260129', '3ef17bd1df72', 'materialnode', NULL),
	('6a277f8c8eb1', 'aside-top', 0, NULL, '2023-08-08 09:53:21', '2023-11-12 14:15:41', '801a718813bc', '1af6ffaca01f', '318e064ea0c9', 'singletext', '{"html": "<p>Wir haben ja alle den Brief von Hogwarts bekommen, und sind jetzt in Kings Kross.</p><p>Hier sehen wir all die Leute, die zwischen Bahngleis 9 und 10 durch die Wand aufs Gleis 9 3/4 gehen.</p>"}'),
	('4aa1846e670b', 'aside-bottom', 0, NULL, '2023-08-08 10:15:50', '2023-11-12 14:16:09', 'c7a7558a5120', '2f6f68d62636', '4f0c657fecef', 'singletext', '{"html": ""}'),
	('5ebcdb64fdb5', '1', 0, NULL, '2023-11-12 14:34:34', '2023-11-12 14:34:34', '4488a8669ebf', '4488a8669ebf', 'a4211c112939', 'responsivelayout', '{"items": [{"slot": "main"}, {"slot": "aside-top"}, {"slot": "aside-bottom"}]}'),
	('0e28f76880ac', 'aside-top', 1, NULL, '2023-08-08 10:15:50', '2023-11-12 14:16:43', 'c7a7558a5120', '2f6f68d62636', '44dcc7493c65', 'singletext', '{"html": "<p>Die Leiter erklären den Teilnehmern, wie man einen Kompass benutzt, um die Himmelsrichtungen zu bestimmen. Jedes Team bekommt einen Kompass und lernt die Grundlagen der Orientierung.</p><ul><li><p>Apotheke</p></li><li><p>Handy</p></li><li><p>Siko</p></li></ul>"}'),
	('2f6f68d62636', '1', 0, NULL, '2023-11-12 14:16:04', '2023-11-12 14:16:04', 'c7a7558a5120', 'c7a7558a5120', 'a4211c112939', 'responsivelayout', '{"items": [{"slot": "main"}, {"slot": "aside-top"}, {"slot": "aside-bottom"}]}'),
	('1af6ffaca01f', '1', 0, NULL, '2023-11-12 14:15:25', '2023-11-12 14:15:25', '801a718813bc', '801a718813bc', 'a4211c112939', 'responsivelayout', '{"items": [{"slot": "main"}, {"slot": "aside-top"}, {"slot": "aside-bottom"}]}'),
	('7e7a75da005b', 'main', 1, NULL, '2023-08-08 09:53:21', '2023-11-12 14:15:30', '801a718813bc', '1af6ffaca01f', '3ef17bd1df72', 'materialnode', NULL),
	('e076af6ebb70', 'aside-bottom', 0, NULL, '2023-08-08 10:16:36', '2023-11-12 14:17:11', 'e5c1d6082dfb', '32d931d9309f', '4f0c657fecef', 'singletext', '{"html": ""}'),
	('2ee68d4dc61f', 'aside-top', 0, NULL, '2023-08-08 10:16:36', '2023-11-12 14:17:28', 'e5c1d6082dfb', '32d931d9309f', '318e064ea0c9', 'singletext', '{"html": "<p>Die Teilnehmer versammeln sich am Treffpunkt im Lager. Die Leiter erklären, dass heute eine aufregende Schatzsuche im Wald stattfinden wird. Die Kinder werden in Teams von 4-5 Personen eingeteilt und erhalten jeweils eine Karte des Waldgebiets.</p>"}'),
	('f5030fa1fd76', 'aside-bottom', 0, NULL, '2023-08-08 09:55:13', '2023-11-12 14:17:46', 'c0a6d4cf0ebc', 'df73c81205c4', '4f0c657fecef', 'singletext', '{"html": ""}'),
	('fd30504d4da9', '1', 0, NULL, '2023-11-12 14:31:17', '2023-11-12 14:31:17', '5a6917af2f55', '5a6917af2f55', 'a4211c112939', 'responsivelayout', '{"items": [{"slot": "main"}, {"slot": "aside-top"}, {"slot": "aside-bottom"}]}'),
	('c89a5a617bcb', 'aside-top', 1, NULL, '2023-08-08 09:55:13', '2023-11-12 14:18:02', 'c0a6d4cf0ebc', 'df73c81205c4', '44dcc7493c65', 'singletext', '{"html": ""}'),
	('d1c26b9a788b', '1', 0, NULL, '2023-11-12 14:34:59', '2023-11-12 14:34:59', 'd84535201db8', 'd84535201db8', 'a4211c112939', 'responsivelayout', '{"items": [{"slot": "main"}, {"slot": "aside-top"}, {"slot": "aside-bottom"}]}'),
	('32d931d9309f', '1', 0, NULL, '2023-11-12 14:17:07', '2023-11-12 14:17:07', 'e5c1d6082dfb', 'e5c1d6082dfb', 'a4211c112939', 'responsivelayout', '{"items": [{"slot": "main"}, {"slot": "aside-top"}, {"slot": "aside-bottom"}]}'),
	('e9a23adaadaa', 'main', 0, NULL, '2023-08-08 10:16:36', '2023-12-03 18:59:59', 'e5c1d6082dfb', '32d931d9309f', 'cfccaecd4bad', 'storyboard', '{"sections": {"56336f59-8b73-45a7-a807-d0235b0501db": {"column1": "00:45", "column3": "", "position": 4, "column2Html": "<p>Die Teams starten ihre Schatzsuche. An den markierten Stationen finden sie Rätsel oder Aufgaben, die gelöst werden müssen, um Hinweise auf den nächsten Wegpunkt zu erhalten. Die Rätsel sind altersgerecht und fördern die Teamarbeit sowie das logische Denken.</p>"}, "7412b417-389b-4458-b3dc-af3626a34b30": {"column1": "00:00", "column3": "", "position": 1, "column2Html": "<p>Die Teilnehmer versammeln sich am Treffpunkt im Lager. Die Leiter erklären, dass heute eine aufregende Schatzsuche im Wald stattfinden wird. Die Kinder werden in Teams von 4-5 Personen eingeteilt und erhalten jeweils eine Karte des Waldgebiets.</p>"}, "9c752a02-6c2e-403f-a06a-71309299e983": {"column1": "00:15", "column3": "", "position": 2, "column2Html": "<p>Die Leiter erklären den Teilnehmern, wie man einen Kompass benutzt, um die Himmelsrichtungen zu bestimmen. Jedes Team bekommt einen Kompass und lernt die Grundlagen der Orientierung.</p>"}, "b3cd34bc-92b6-49de-9dc4-dcb2f23c3e01": {"column1": "01:30", "column3": "", "position": 6, "column2Html": "<p>Die Teams erreichen das finale Schatzversteck. Dort entdecken sie eine Schatztruhe, die mit kleinen Belohnungen gefüllt ist, wie zum Beispiel Süßigkeiten, Abzeichen oder kleine Spielzeuge. Die Kinder freuen sich über ihre Errungenschaften und feiern ihren Erfolg.</p>"}, "c5df80a0-0f6c-4e3c-9fea-bbbc30593226": {"column1": "01:15", "column3": "", "position": 5, "column2Html": "<p>Die Teams haben nun mehrere Stationen durchlaufen und Hinweise gesammelt. Diese Hinweise ergeben zusammen die Koordinaten des finalen Schatzverstecks. Die Kinder sind aufgeregt und motiviert, den Schatz zu finden.</p>"}, "c65c5d44-1878-4fb3-844a-4939ffc1ca73": {"column1": "00:30", "column3": "", "position": 3, "column2Html": "<p>Die Schatzkarten werden verteilt. Jedes Team erhält eine Karte mit markierten Wegpunkten im Wald, die sie zu verschiedenen Stationen führen. Die Teams müssen den Kompass verwenden, um die Richtung und die Entfernung zu den jeweiligen Stationen zu bestimmen.</p>"}}}'),
	('df73c81205c4', '1', 0, NULL, '2023-11-12 14:17:42', '2023-11-12 14:17:42', 'c0a6d4cf0ebc', 'c0a6d4cf0ebc', 'a4211c112939', 'responsivelayout', '{"items": [{"slot": "main"}, {"slot": "aside-top"}, {"slot": "aside-bottom"}]}'),
	('1b04e9260129', '1', 0, NULL, '2023-11-12 14:18:47', '2023-11-12 14:18:47', '8371c12ee053', '8371c12ee053', 'a4211c112939', 'responsivelayout', '{"items": [{"slot": "main"}, {"slot": "aside-top"}, {"slot": "aside-bottom"}]}'),
	('64282928c1c1', 'aside-top', 1, NULL, '2023-08-08 09:55:35', '2023-11-12 14:19:38', '894fb1deeae4', '7199bc9a9992', '44dcc7493c65', 'singletext', '{"html": "<p>Lorem ipsum dolor sit amet, consectetur adipiscing elit. Bonum patria: miserum exilium. Ita enim vivunt quidam, ut eorum vita refellatur oratio. At, illa, ut vobis placet, partem quandam tuetur, reliquam deserit. Haec et tu ita posuisti, et verba vestra sunt. Tu quidem reddes; </p>"}'),
	('5c9c0e7a2379', 'aside-top', 0, NULL, '2023-08-08 10:19:57', '2023-11-12 14:20:58', '6bab443ef52d', '8d21cf90ee34', '318e064ea0c9', 'singletext', '{"html": "<p>Lorem ipsum dolor sit amet, consectetur adipiscing elit. Theophrasti igitur, inquit, tibi liber ille placet de beata vita? Quamquam ab iis philosophiam et omnes ingenuas disciplinas habemus; Quod autem satis est, eo quicquid accessit, nimium est; Nec hoc ille non vidit, sed verborum magnificentia est et gloria delectatus. Duo Reges: constructio interrete. Multa sunt dicta ab antiquis de contemnendis ac despiciendis rebus humanis; Mihi enim satis est, ipsis non satis. Nam aliquando posse recte fieri dicunt nulla expectata nec quaesita voluptate. Eaedem enim utilitates poterunt eas labefactare atque pervertere. Utrum igitur tibi litteram videor an totas paginas commovere? </p>"}'),
	('2cb25e6c28e8', 'aside-bottom', 0, NULL, '2023-08-08 10:21:40', '2023-11-12 14:21:28', '80f56c759496', 'bcb9dfd0ce33', '4f0c657fecef', 'singletext', '{"html": ""}'),
	('6b63b9e34680', 'aside-top', 0, NULL, '2023-08-08 10:21:40', '2023-11-12 14:21:37', '80f56c759496', 'bcb9dfd0ce33', '318e064ea0c9', 'singletext', '{"html": ""}'),
	('3c48f2d9fec7', 'aside-bottom', 0, NULL, '2023-08-08 09:56:01', '2023-11-12 14:22:01', '28b2c881087c', '39e8c1ffa1f1', '4f0c657fecef', 'singletext', '{"html": ""}'),
	('ae54aad20823', 'aside-top', 0, NULL, '2023-08-08 09:56:01', '2023-11-12 14:22:23', '28b2c881087c', '39e8c1ffa1f1', '318e064ea0c9', 'singletext', '{"html": ""}'),
	('e23863466f6a', 'main', 1, NULL, '2023-08-08 09:54:05', '2023-11-12 14:22:49', '4e70c2f6c206', 'f9aa943d2183', '3ef17bd1df72', 'materialnode', NULL),
	('f9aa943d2183', '1', 0, NULL, '2023-11-12 14:22:44', '2023-11-12 14:22:44', '4e70c2f6c206', '4e70c2f6c206', 'a4211c112939', 'responsivelayout', '{"items": [{"slot": "main"}, {"slot": "aside-top"}, {"slot": "aside-bottom"}]}'),
	('7199bc9a9992', '1', 0, NULL, '2023-11-12 14:19:20', '2023-11-12 14:19:20', '894fb1deeae4', '894fb1deeae4', 'a4211c112939', 'responsivelayout', '{"items": [{"slot": "main"}, {"slot": "aside-top"}, {"slot": "aside-bottom"}]}'),
	('af2aeebdc575', '1', 0, NULL, '2023-11-12 14:19:58', '2023-11-12 14:19:58', '4bd0b0f3f3a6', '4bd0b0f3f3a6', 'a4211c112939', 'responsivelayout', '{"items": [{"slot": "main"}, {"slot": "aside-top"}, {"slot": "aside-bottom"}]}'),
	('16a2d11897eb', 'main', 0, NULL, '2023-08-08 10:17:07', '2023-12-03 19:01:13', '4bd0b0f3f3a6', 'af2aeebdc575', 'cfccaecd4bad', 'storyboard', '{"sections": {"02707c76-12e7-439a-a002-9c5dcbdd8801": {"column1": "00:45", "column3": "", "position": 4, "column2Html": "<p>Lorem ipsum dolor sit amet, consectetur adipiscing elit. Deprehensus omnem poenam contemnet. De vacuitate doloris eadem sententia erit. Contineo me ab exemplis. Duo Reges: constructio interrete. Omnes enim iucundum motum, quo sensus hilaretur. Bonum incolumis acies: misera caecitas. Ergo ita: non posse honeste vivi, nisi honeste vivatur? </p>"}, "22cd7841-a225-47df-b7da-698b17e870ee": {"column1": "01:30", "column3": "", "position": 6, "column2Html": "<p>Lorem ipsum dolor sit amet, consectetur adipiscing elit. Deprehensus omnem poenam contemnet. De vacuitate doloris eadem sententia erit. Contineo me ab exemplis. Duo Reges: constructio interrete. Omnes enim iucundum motum, quo sensus hilaretur. Bonum incolumis acies: misera caecitas. Ergo ita: non posse honeste vivi, nisi honeste vivatur? </p>"}, "7412b417-389b-4458-b3dc-af3626a34b30": {"column1": "00:00", "column3": "", "position": 1, "column2Html": "<p>Lorem ipsum dolor sit amet, consectetur adipiscing elit. Deprehensus omnem poenam contemnet. De vacuitate doloris eadem sententia erit. Contineo me ab exemplis. Duo Reges: constructio interrete. Omnes enim iucundum motum, quo sensus hilaretur. Bonum incolumis acies: misera caecitas. Ergo ita: non posse honeste vivi, nisi honeste vivatur? </p>"}, "b3824ecf-8ed9-457a-9f7d-8d2ea2866c26": {"column1": "01:15", "column3": "", "position": 5, "column2Html": "<p>Lorem ipsum dolor sit amet, consectetur adipiscing elit. Deprehensus omnem poenam contemnet. De vacuitate doloris eadem sententia erit. Contineo me ab exemplis. Duo Reges: constructio interrete. Omnes enim iucundum motum, quo sensus hilaretur. Bonum incolumis acies: misera caecitas. Ergo ita: non posse honeste vivi, nisi honeste vivatur? </p>"}, "c085166f-d469-458d-821e-781c17475c18": {"column1": "00:30", "column3": "", "position": 3, "column2Html": "<p>Lorem ipsum dolor sit amet, consectetur adipiscing elit. Deprehensus omnem poenam contemnet. De vacuitate doloris eadem sententia erit. Contineo me ab exemplis. Duo Reges: constructio interrete. Omnes enim iucundum motum, quo sensus hilaretur. Bonum incolumis acies: misera caecitas. Ergo ita: non posse honeste vivi, nisi honeste vivatur? </p>"}, "ed292871-8374-41ae-8124-c4271cb21492": {"column1": "00:15", "column3": "", "position": 2, "column2Html": "<p>Lorem ipsum dolor sit amet, consectetur adipiscing elit. Deprehensus omnem poenam contemnet. De vacuitate doloris eadem sententia erit. Contineo me ab exemplis. Duo Reges: constructio interrete. Omnes enim iucundum motum, quo sensus hilaretur. Bonum incolumis acies: misera caecitas. Ergo ita: non posse honeste vivi, nisi honeste vivatur? </p>"}}}'),
	('8d21cf90ee34', '1', 0, NULL, '2023-11-12 14:20:38', '2023-11-12 14:20:38', '6bab443ef52d', '6bab443ef52d', 'a4211c112939', 'responsivelayout', '{"items": [{"slot": "main"}, {"slot": "aside-top"}, {"slot": "aside-bottom"}]}'),
	('bcb9dfd0ce33', '1', 0, NULL, '2023-11-12 14:21:25', '2023-11-12 14:21:25', '80f56c759496', '80f56c759496', 'a4211c112939', 'responsivelayout', '{"items": [{"slot": "main"}, {"slot": "aside-top"}, {"slot": "aside-bottom"}]}'),
	('39e8c1ffa1f1', '1', 0, NULL, '2023-11-12 14:21:57', '2023-11-12 14:21:57', '28b2c881087c', '28b2c881087c', 'a4211c112939', 'responsivelayout', '{"items": [{"slot": "main"}, {"slot": "aside-top"}, {"slot": "aside-bottom"}]}'),
	('eab512f9576f', '1', 0, NULL, '2023-11-12 14:28:54', '2023-11-12 14:28:54', '2ebe68599e3f', '2ebe68599e3f', 'a4211c112939', 'responsivelayout', '{"items": [{"slot": "main"}, {"slot": "aside-top"}, {"slot": "aside-bottom"}]}'),
	('0c94476f8e49', 'main', 0, NULL, '2023-08-08 09:54:05', '2023-11-12 14:22:56', '4e70c2f6c206', 'f9aa943d2183', 'cfccaecd4bad', 'storyboard', '{"sections": {"1fba4185-8be3-48e3-ac1b-8f82d0d77e47": {"column1": "", "column3": "", "position": 4, "column2Html": "<p>Die Erde ist der einzige bekannte Planet, auf dem Leben existiert. Ihr komplexes Ökosystem umfasst vielfältige Lebensformen, die eng miteinander und mit ihrer Umwelt interagieren.</p>"}, "4d164baf-0934-4b95-9eda-af75fad7c588": {"column1": "", "column3": "", "position": 5, "column2Html": "<p>Die Erde ist der einzige bekannte Planet, auf dem Leben existiert. Ihr komplexes Ökosystem umfasst vielfältige Lebensformen, die eng miteinander und mit ihrer Umwelt interagieren.</p>"}, "5da0b2f1-aad0-4ebd-9f59-aef454cd41b7": {"column1": "", "column3": "", "position": 3, "column2Html": "<p>Die Erde ist der einzige bekannte Planet, auf dem Leben existiert. Ihr komplexes Ökosystem umfasst vielfältige Lebensformen, die eng miteinander und mit ihrer Umwelt interagieren.</p>"}, "7412b417-389b-4458-b3dc-af3626a34b30": {"column1": "", "column3": "", "position": 1, "column2Html": "<p>Die Erde ist der einzige bekannte Planet, auf dem Leben existiert. Ihr komplexes Ökosystem umfasst vielfältige Lebensformen, die eng miteinander und mit ihrer Umwelt interagieren.</p>"}, "b67d458b-58a8-4c91-b2cb-de6642746683": {"column1": "", "column3": "", "position": 6, "column2Html": "<p>Die Erde ist der einzige bekannte Planet, auf dem Leben existiert. Ihr komplexes Ökosystem umfasst vielfältige Lebensformen, die eng miteinander und mit ihrer Umwelt interagieren.</p>"}, "c81f489b-92d0-4d80-a130-8d0fa3a1fc78": {"column1": "", "column3": "", "position": 2, "column2Html": "<p>Die Erde ist der einzige bekannte Planet, auf dem Leben existiert. Ihr komplexes Ökosystem umfasst vielfältige Lebensformen, die eng miteinander und mit ihrer Umwelt interagieren.</p>"}}}'),
	('fc992e3cf8be', 'aside-top', 0, NULL, '2023-08-08 09:54:05', '2023-11-12 14:23:00', '4e70c2f6c206', 'f9aa943d2183', '318e064ea0c9', 'singletext', '{"html": "<p>Die Erde ist der einzige bekannte Planet, auf dem Leben existiert. Ihr komplexes Ökosystem umfasst vielfältige Lebensformen, die eng miteinander und mit ihrer Umwelt interagieren.</p>"}'),
	('84b8ff722471', 'aside-top', 1, NULL, '2023-08-08 09:54:05', '2023-11-12 14:23:02', '4e70c2f6c206', 'f9aa943d2183', '44dcc7493c65', 'singletext', '{"html": "<p>Die Erde ist der einzige bekannte Planet, auf dem Leben existiert. Ihr komplexes Ökosystem umfasst vielfältige Lebensformen, die eng miteinander und mit ihrer Umwelt interagieren.</p>"}'),
	('28011dca853c', '1', 0, NULL, '2023-11-12 14:27:11', '2023-11-12 14:27:11', '40dd3e9457d6', '40dd3e9457d6', 'a4211c112939', 'responsivelayout', '{"items": [{"slot": "main"}, {"slot": "aside-top"}, {"slot": "aside-bottom"}]}'),
	('4e2489db9ac0', '1', 0, NULL, '2023-11-12 14:23:18', '2023-11-12 14:23:18', 'b87ef76bcb88', 'b87ef76bcb88', 'a4211c112939', 'responsivelayout', '{"items": [{"slot": "main"}, {"slot": "aside-top"}, {"slot": "aside-bottom"}]}'),
	('f7ad89a7ad94', 'aside-top', 2, NULL, '2024-09-28 16:54:38', '2024-09-28 16:55:39', '894fb1deeae4', '7199bc9a9992', 'c462edd869f3', 'singletext', '{"html": "<ul><li><p>Die TN setzen sich mit dem Modell von Tuckmann auseinander.</p></li><li><p>Die TN sammeln für jede Phase des Modells von Tuckmann Aufgaben, welche sie als Teamleitung ausführen können oder müssen.</p></li></ul>"}'),
	('81f4e528f1fc', 'aside-top', 4, NULL, '2024-09-28 17:07:36', '2024-09-28 17:07:36', 'b2140367dd1c', '828b3db50fcd', 'a4211c11211c', 'checklistnode', NULL),
	('93049f7f3088', 'main', 0, NULL, '2023-08-08 10:20:31', '2023-11-12 14:24:57', 'b2140367dd1c', '828b3db50fcd', 'cfccaecd4bad', 'storyboard', '{"sections": {"3c47dcdf-ed7c-42bc-a12a-9d1a223a6d45": {"column1": "", "column3": "", "position": 2, "column2Html": "<p>Die Erde ist der einzige bekannte Planet, auf dem Leben existiert. Ihr komplexes Ökosystem umfasst vielfältige Lebensformen, die eng miteinander und mit ihrer Umwelt interagieren.</p>"}, "52181da4-8dad-4c39-9584-7bef9a368da1": {"column1": "", "column3": "", "position": 6, "column2Html": "<p>Die Erde ist der einzige bekannte Planet, auf dem Leben existiert. Ihr komplexes Ökosystem umfasst vielfältige Lebensformen, die eng miteinander und mit ihrer Umwelt interagieren.</p>"}, "7504fbf1-d126-44f1-bfab-9cbdb420938a": {"column1": "", "column3": "", "position": 3, "column2Html": "<p>Die Erde ist der einzige bekannte Planet, auf dem Leben existiert. Ihr komplexes Ökosystem umfasst vielfältige Lebensformen, die eng miteinander und mit ihrer Umwelt interagieren.</p>"}, "9c7e117b-cfa2-4d13-84f0-d1ca5bb9f639": {"column1": "", "column3": "", "position": 4, "column2Html": "<p>Die Erde ist der einzige bekannte Planet, auf dem Leben existiert. Ihr komplexes Ökosystem umfasst vielfältige Lebensformen, die eng miteinander und mit ihrer Umwelt interagieren.</p>"}, "edf482ed-9f67-4ab7-ab96-4ed337debb00": {"column1": "", "column3": "", "position": 5, "column2Html": "<p>Die Erde ist der einzige bekannte Planet, auf dem Leben existiert. Ihr komplexes Ökosystem umfasst vielfältige Lebensformen, die eng miteinander und mit ihrer Umwelt interagieren.</p>"}, "effa3fa5-cd07-4e82-a8aa-198ed9a7c1d4": {"column1": "", "column3": "", "position": 1, "column2Html": "<p>Die Erde ist der einzige bekannte Planet, auf dem Leben existiert. Ihr komplexes Ökosystem umfasst vielfältige Lebensformen, die eng miteinander und mit ihrer Umwelt interagieren.</p>"}}}'),
	('828b3db50fcd', '1', 0, NULL, '2023-11-12 14:24:46', '2023-11-12 14:24:46', 'b2140367dd1c', 'b2140367dd1c', 'a4211c112939', 'responsivelayout', '{"items": [{"slot": "main"}, {"slot": "aside-top"}, {"slot": "aside-bottom"}]}'),
	('3cb279d6b1e5', 'main', 0, NULL, '2023-08-08 09:56:45', '2023-11-12 14:25:29', '09dc148c88c3', 'fb1eb84a9008', 'cfccaecd4bad', 'storyboard', '{"sections": {"7412b417-389b-4458-b3dc-af3626a34b30": {"column1": "", "column3": "", "position": 1, "column2Html": "<p><br />In den letzten Jahrzehnten hat sich die Technologie in rasantem Tempo entwickelt und hat nahezu alle Aspekte unseres Lebens beeinflusst. Diese Entwicklung hat zahlreiche positive Auswirkungen, darunter verbesserte Kommunikation, effizientere Arbeitsprozesse und eine Fülle von Informationsquellen. Dennoch bringt sie auch Herausforderungen mit sich, die es zu bewältigen gilt.</p><p>Zu den positiven Aspekten gehören:</p><ol><li><p><strong>Kommunikation</strong>: Technologische Fortschritte haben die Kommunikation revolutioniert. Menschen können weltweit in Echtzeit miteinander in Verbindung treten, sei es über soziale Medien, Videoanrufe oder Nachrichten-Apps.</p></li><li><p><strong>Effizienzsteigerung</strong>: Technologie hat Arbeitsabläufe in vielen Branchen optimiert. Automatisierung, künstliche Intelligenz und maschinelles Lernen tragen dazu bei, Aufgaben schneller und präziser zu erledigen.</p></li><li><p><strong>Zugang zu Informationen</strong>: Das Internet bietet einen beispiellosen Zugang zu Wissen und Informationen. Bildung, Forschung und Lernen sind global zugänglich und erschwinglich geworden.</p></li></ol><p>Allerdings gibt es auch einige Herausforderungen:</p><ol><li><p><strong>Datenschutz</strong>: Die digitale Vernetzung führt zu Bedenken hinsichtlich Datenschutz und Privatsphäre. Persönliche Daten können leicht in die falschen Hände geraten.</p></li><li><p><strong>Abhängigkeit</strong>: Die zunehmende Abhängigkeit von Technologie kann negative Auswirkungen auf soziale Interaktionen und die physische Gesundheit haben.</p></li><li><p><strong>Ungleichheit</strong>: Technologische Fortschritte können zu einer Kluft zwischen Technologie-Nutzern und -Nichtnutzern führen, was soziale Ungleichheit verstärken kann.</p></li></ol><p>Es ist wichtig, die Vorteile der Technologie zu nutzen, während gleichzeitig bewusst mit ihren Herausforderungen umgegangen wird, um eine ausgewogene und nachhaltige Zukunft zu gestalten.</p>"}}}'),
	('fb1eb84a9008', '1', 0, NULL, '2023-11-12 14:25:15', '2023-11-12 14:25:15', '09dc148c88c3', '09dc148c88c3', 'a4211c112939', 'responsivelayout', '{"items": [{"slot": "main"}, {"slot": "aside-top"}, {"slot": "aside-bottom"}]}'),
	('713da7117866', '1', 0, NULL, '2023-11-12 14:26:30', '2023-11-12 14:26:30', '09b19f627429', '09b19f627429', 'a4211c112939', 'responsivelayout', '{"items": [{"slot": "main"}, {"slot": "aside-top"}, {"slot": "aside-bottom"}]}'),
	('ddd8acd04b95', 'aside-top', 0, NULL, '2023-08-08 09:22:58', '2023-11-12 14:39:27', 'dd8432af2d6d', '1b061a80c1d3', '318e064ea0c9', 'singletext', '{"html": ""}'),
	('c66f2f897116', '1', 1, NULL, '2024-04-01 18:07:06', '2024-04-01 18:07:06', '82a15d418391', '82a15d418391', '3ef17bd1df72', 'materialnode', NULL),
	('c210b29eb641', 'main', 1, NULL, '2023-08-08 10:15:50', '2023-11-12 14:16:11', 'c7a7558a5120', '2f6f68d62636', '3ef17bd1df72', 'materialnode', NULL),
	('b45a8d24dca0', 'main', 0, NULL, '2023-08-08 10:15:50', '2023-12-03 18:59:27', 'c7a7558a5120', '2f6f68d62636', 'cfccaecd4bad', 'storyboard', '{"sections": {"067523c1-001c-4792-8fa5-e1156d6b177b": {"column1": "00:30", "column3": "Salamander, Castor", "position": 3, "column2Html": "<p>Die Schatzkarten werden verteilt. Jedes Team erhält eine Karte mit markierten Wegpunkten im Wald, die sie zu verschiedenen Stationen führen. Die Teams müssen den Kompass verwenden, um die Richtung und die Entfernung zu den jeweiligen Stationen zu bestimmen.</p>"}, "0f1cea2e-280e-47f1-a793-9f219aeda0ba": {"column1": "02:00", "column3": "Snoopy", "position": 8, "column2Html": "<p>Ende der Pfadiübung. Die Teilnehmer sind stolz auf ihre Leistungen und haben eine unterhaltsame und lehrreiche Zeit im Wald verbracht.</p>"}, "638e045a-a50c-45c0-aad8-c60357eba601": {"column1": "00:15", "column3": "Salamander, Castor", "position": 2, "column2Html": "<p>Die Leiter erklären den Teilnehmern, wie man einen Kompass benutzt, um die Himmelsrichtungen zu bestimmen. Jedes Team bekommt einen Kompass und lernt die Grundlagen der Orientierung.</p>"}, "7123787d-5a75-4b97-a3fb-d035a57c28f1": {"column1": "01:45", "column3": "Salamander, Castor", "position": 7, "column2Html": "<p>Die Gruppen kehren zum Lager zurück. Gemeinsam besprechen sie die Herausforderungen der Schatzsuche, was sie gelernt haben und wie sie als Team zusammengearbeitet haben.</p>"}, "7412b417-389b-4458-b3dc-af3626a34b30": {"column1": "00:00", "column3": "Salamander, Castor", "position": 1, "column2Html": "<p>Die Teilnehmer versammeln sich am Treffpunkt im Lager. Die Leiter erklären, dass heute eine aufregende Schatzsuche im Wald stattfinden wird. Die Kinder werden in Teams von 4-5 Personen eingeteilt und erhalten jeweils eine Karte des Waldgebiets.</p>"}, "a449795a-8dbb-45a6-a755-ba408dcad03e": {"column1": "01:30", "column3": "Salamander, Castor", "position": 6, "column2Html": "<p>Die Teams erreichen das finale Schatzversteck. Dort entdecken sie eine Schatztruhe, die mit kleinen Belohnungen gefüllt ist, wie zum Beispiel Süßigkeiten, Abzeichen oder kleine Spielzeuge. Die Kinder freuen sich über ihre Errungenschaften und feiern ihren Erfolg.</p>"}, "b2e9ec8b-e7cf-41da-b174-350357bfcb85": {"column1": "01:15", "column3": "Snoopy", "position": 5, "column2Html": "<p>Die Teams haben nun mehrere Stationen durchlaufen und Hinweise gesammelt. Diese Hinweise ergeben zusammen die Koordinaten des finalen Schatzverstecks. Die Kinder sind aufgeregt und motiviert, den Schatz zu finden.</p>"}, "cb243c88-9c08-4bfb-8b9b-9b4afd057699": {"column1": "00:45", "column3": "Salamnder", "position": 4, "column2Html": "<p>Die Teams starten ihre Schatzsuche. An den markierten Stationen finden sie Rätsel oder Aufgaben, die gelöst werden müssen, um Hinweise auf den nächsten Wegpunkt zu erhalten. Die Rätsel sind altersgerecht und fördern die Teamarbeit sowie das logische Denken.</p>"}}}'),
	('14f0a0f1749d', 'main', 0, NULL, '2023-08-08 09:53:21', '2023-12-03 18:59:45', '801a718813bc', '1af6ffaca01f', 'cfccaecd4bad', 'storyboard', '{"sections": {"7412b417-389b-4458-b3dc-af3626a34b30": {"column1": "", "column3": "", "position": 1, "column2Html": "<p>Bahnhof/Haltestelle Zeit Reise mit Informationen</p><p> Zürich Oerlikon, Bahnhof</p><p>       </p><p>Fussweg</p><p>4'' Fussweg 49 m</p><p>Zürich Oerlikon</p><p> ab 15:43 Gl. 1 S 14 19458 S-Bahn 14<br />Richtung: Affoltern am Albis <br /></p><ul><li></li></ul><p>Zürich Altstetten</p><p> an 15:54 Gl. 2</p><p>       </p><p>Umsteigen</p><p>Umsteigen</p><p>Zürich Altstetten</p><p> ab 15:59 Gl. 7 IR 35 2374 InterRegio 35<br />Richtung: Bern <br /></p><ul><li><p></p></li></ul><p>Aare Linth<br /> Olten</p><p> an 16:28 Gl. 9</p><p>       </p><p>Umsteigen</p><p>Umsteigen</p><p>Olten</p><p> ab 16:35 Gl. 1B-D S 20 7678 S-Bahn 20<br />Richtung: Biel/Bienne <br /></p><ul><li><p></p></li></ul><p>Wangen an der Aare</p><p> an 17:00 Gl. 3</p><p>       </p><p>Fussweg</p><p>10'' Fussweg 580 m</p>"}}}'),
	('18b67e3c98b3', 'main', 1, NULL, '2023-08-08 10:16:36', '2023-11-12 14:17:13', 'e5c1d6082dfb', '32d931d9309f', '3ef17bd1df72', 'materialnode', NULL),
	('9bb32189efb5', 'main', 1, NULL, '2023-08-08 09:55:13', '2023-11-12 14:17:47', 'c0a6d4cf0ebc', 'df73c81205c4', '3ef17bd1df72', 'materialnode', NULL),
	('8facbb6bf77f', 'main', 0, NULL, '2023-08-08 09:55:13', '2023-12-03 19:00:09', 'c0a6d4cf0ebc', 'df73c81205c4', 'cfccaecd4bad', 'storyboard', '{"sections": {"125510c4-3fb2-4836-ab84-fecd34662f9c": {"column1": "00:45", "column3": "", "position": 4, "column2Html": "<p>Die Teams starten ihre Schatzsuche. An den markierten Stationen finden sie Rätsel oder Aufgaben, die gelöst werden müssen, um Hinweise auf den nächsten Wegpunkt zu erhalten. Die Rätsel sind altersgerecht und fördern die Teamarbeit sowie das logische Denken.</p>"}, "431f3995-4da8-4902-ada4-8acecce0c4ed": {"column1": "00:30", "column3": "", "position": 3, "column2Html": "<p>Die Schatzkarten werden verteilt. Jedes Team erhält eine Karte mit markierten Wegpunkten im Wald, die sie zu verschiedenen Stationen führen. Die Teams müssen den Kompass verwenden, um die Richtung und die Entfernung zu den jeweiligen Stationen zu bestimmen.</p>"}, "60be378a-d494-48e9-ad8e-4c42563e8a86": {"column1": "00:15", "column3": "", "position": 2, "column2Html": "<p>Die Leiter erklären den Teilnehmern, wie man einen Kompass benutzt, um die Himmelsrichtungen zu bestimmen. Jedes Team bekommt einen Kompass und lernt die Grundlagen der Orientierung.</p>"}, "7412b417-389b-4458-b3dc-af3626a34b30": {"column1": "00:00", "column3": "", "position": 1, "column2Html": "<p>Die Teilnehmer versammeln sich am Treffpunkt im Lager. Die Leiter erklären, dass heute eine aufregende Schatzsuche im Wald stattfinden wird. Die Kinder werden in Teams von 4-5 Personen eingeteilt und erhalten jeweils eine Karte des Waldgebiets.</p>"}, "d4f57a2a-9bf2-438e-8984-64a5354dabd0": {"column1": "01:30", "column3": "", "position": 6, "column2Html": "<p>Die Teams erreichen das finale Schatzversteck. Dort entdecken sie eine Schatztruhe, die mit kleinen Belohnungen gefüllt ist, wie zum Beispiel Süßigkeiten, Abzeichen oder kleine Spielzeuge. Die Kinder freuen sich über ihre Errungenschaften und feiern ihren Erfolg.</p>"}, "f321a314-f4c1-4027-8894-3b758745c90a": {"column1": "01:15", "column3": "", "position": 5, "column2Html": "<p>Die Teams haben nun mehrere Stationen durchlaufen und Hinweise gesammelt. Diese Hinweise ergeben zusammen die Koordinaten des finalen Schatzverstecks. Die Kinder sind aufgeregt und motiviert, den Schatz zu finden.</p>"}}}'),
	('61d6e5fffcd0', 'main', 0, NULL, '2023-08-08 09:53:49', '2023-12-03 19:00:49', '8371c12ee053', '1b04e9260129', 'cfccaecd4bad', 'storyboard', '{"sections": {"23309bc0-7518-42c9-99a1-9cc35a7d429f": {"column1": "00:30", "column3": "", "position": 3, "column2Html": "<p>Die Schatzkarten werden verteilt. Jedes Team erhält eine Karte mit markierten Wegpunkten im Wald, die sie zu verschiedenen Stationen führen. Die Teams müssen den Kompass verwenden, um die Richtung und die Entfernung zu den jeweiligen Stationen zu bestimmen.</p>"}, "7412b417-389b-4458-b3dc-af3626a34b30": {"column1": "00:00", "column3": "", "position": 1, "column2Html": "<p>Die Teilnehmer versammeln sich am Treffpunkt im Lager. Die Leiter erklären, dass heute eine aufregende Schatzsuche im Wald stattfinden wird. Die Kinder werden in Teams von 4-5 Personen eingeteilt und erhalten jeweils eine Karte des Waldgebiets.</p>"}, "f280f4f8-db1d-4a98-b84a-d9abe7d52e10": {"column1": "00:15", "column3": "", "position": 2, "column2Html": "<p>Die Leiter erklären den Teilnehmern, wie man einen Kompass benutzt, um die Himmelsrichtungen zu bestimmen. Jedes Team bekommt einen Kompass und lernt die Grundlagen der Orientierung.</p>"}}}'),
	('42db3e3a34d2', 'main', 0, NULL, '2023-08-08 09:55:35', '2023-12-03 19:01:03', '894fb1deeae4', '7199bc9a9992', 'cfccaecd4bad', 'storyboard', '{"sections": {"1c42c9a8-e968-4a77-add7-ed616824b38b": {"column1": "00:10", "column3": "", "position": 2, "column2Html": "<p>Lorem ipsum dolor sit amet, consectetur adipiscing elit. Quid autem habent admirationis, cum prope accesseris? Aliter autem vobis placet. </p><p>Ne in odium veniam, si amicum destitero tueri. Nondum autem explanatum satis, erat, quid maxime natura vellet. In schola desinis. </p><p>Tu quidem reddes; Sed ad bona praeterita redeamus. Duo Reges: constructio interrete. Tecum optime, deinde etiam cum mediocri amico. </p><p>\tHaeret in salebra.</p><p>\tErgo et avarus erit, sed finite, et adulter, verum habebit modum, et luxuriosus eodem modo.</p><p>\tFacete M.</p><p>\tCerte, nisi voluptatem tanti aestimaretis.</p><p>\tStoicos roga.</p><p>\tItaque his sapiens semper vacabit.</p><p>\tBork</p><p>\tCum autem negant ea quicquam ad beatam vitam pertinere, rursus naturam relinquunt.</p>"}, "7412b417-389b-4458-b3dc-af3626a34b30": {"column1": "00:00", "column3": "", "position": 1, "column2Html": "<p>Lorem ipsum dolor sit amet, consectetur adipiscing elit. At ille pellit, qui permulcet sensum voluptate. Non est igitur voluptas bonum. Quae duo sunt, unum facit. Proclivi currit oratio. Egone quaeris, inquit, quid sentiam? </p><p>\tImmo videri fortasse.</p><p>\tEam si varietatem diceres, intellegerem, ut etiam non dicente te intellego;</p><p>\tProclivi currit oratio.</p><p>\tTu vero, inquam, ducas licet, si sequetur;</p><p>\tCerte non potest.</p><p>\tA primo, ut opinor, animantium ortu petitur origo summi boni.</p><p>\tBork</p><p>\tEst igitur officium eius generis, quod nec in bonis ponatur nec in contrariis.</p><p>Equidem e Cn. Velut ego nunc moveor. Tuo vero id quidem, inquam, arbitratu. Cur deinde Metrodori liberos commendas? Istic sum, inquit. Nemo igitur esse beatus potest. </p><p>Quod cum dixissent, ille contra. Confecta res esset. Sullae consulatum? Inde igitur, inquit, ordiendum est. Huius ego nunc auctoritatem sequens idem faciam. At multis malis affectus. </p><p>Tu vero, inquam, ducas licet, si sequetur; Philosophi autem in suis lectulis plerumque moriuntur. Hoc loco tenere se Triarius non potuit. Eam stabilem appellas. Bestiarum vero nullum iudicium puto. Vide, quantum, inquam, fallare, Torquate. Paria sunt igitur. Videsne quam sit magna dissensio? </p><p>Duo Reges: constructio interrete. De hominibus dici non necesse est. Sed ad bona praeterita redeamus. Eadem nunc mea adversum te oratio est. </p>"}, "a9f5a2cd-bb70-4189-88d2-ee81407e7d13": {"column1": "", "column3": "", "position": 4, "column2Html": ""}, "f6ea31be-f007-4a13-a821-b4e628d32542": {"column1": "", "column3": "", "position": 3, "column2Html": "<p>Lorem ipsum dolor sit amet, consectetur adipiscing elit. Bork Sint ista Graecorum; Duo Reges: constructio interrete. Eam tum adesse, cum dolor omnis absit; </p><p>\tBork</p><p>\tQuod autem ratione actum est, id officium appellamus.</p><p>\tQuae sequuntur igitur?</p><p>\tNon igitur de improbo, sed de callido improbo quaerimus, qualis Q.</p><p>\tStoici scilicet.</p><p>\tFortitudinis quaedam praecepta sunt ac paene leges, quae effeminari virum vetant in dolore.</p><p>\tQui convenit?</p><p>\tQuam illa ardentis amores excitaret sui! Cur tandem?</p><p>\tBork</p><p>\tQuid ei reliquisti, nisi te, quoquo modo loqueretur, intellegere, quid diceret?</p><p>Quod totum contra est. Idem iste, inquam, de voluptate quid sentit? Bork Murenam te accusante defenderem. Duo enim genera quae erant, fecit tria. </p><p>Age, inquies, ista parva sunt. Bonum valitudo: miser morbus. Sumenda potius quam expetenda. Audeo dicere, inquit. Id enim natura desiderat. Non est ista, inquam, Piso, magna dissensio. Quid autem habent admirationis, cum prope accesseris? </p>"}}}'),
	('28e74ee962e9', 'main', 1, NULL, '2023-08-08 10:17:07', '2023-11-12 14:20:03', '4bd0b0f3f3a6', 'af2aeebdc575', '3ef17bd1df72', 'materialnode', NULL),
	('a97ce033955a', 'main', 0, NULL, '2023-08-08 09:22:58', '2023-12-03 19:15:47', 'dd8432af2d6d', '1b061a80c1d3', 'cfccaecd4bad', 'storyboard', '{"sections": {"4c126a50-f729-46a7-8326-811586922995": {"column1": "", "column3": "", "position": 1, "column2Html": ""}}}'),
	('ba8c16422297', 'main', 0, NULL, '2023-08-08 10:19:57', '2023-12-03 19:01:21', '6bab443ef52d', '8d21cf90ee34', 'cfccaecd4bad', 'storyboard', '{"sections": {"5ae40118-e423-4972-bb27-caee2065dbdf": {"column1": "20", "column3": "", "position": 2, "column2Html": "<p>Natürliche Ökosysteme spielen eine entscheidende Rolle im Erhalt der globalen Biodiversität und der Stabilität des Planeten. Diese vielfältigen Lebensräume bieten Lebensraum für eine breite Palette von Pflanzen und Tieren, von mikroskopisch kleinen Organismen bis hin zu majestätischen Raubtieren. Der reibungslose Ablauf dieser Ökosysteme hängt von komplexen Wechselwirkungen zwischen den verschiedenen Arten und den Umweltbedingungen ab. Von Regenwäldern bis hin zu Wüsten, von Ozeanen bis hin zu Flussufern - jedes Ökosystem trägt auf seine eigene Weise zur Aufrechterhaltung des ökologischen Gleichgewichts bei. Es ist von größter Bedeutung, diese Ökosysteme zu schützen und nachhaltige Praktiken zu fördern, um die langfristige Gesundheit unseres Planeten zu gewährleisten.</p>"}, "d8504cbc-993c-465b-a494-94968093ff6d": {"column1": "50", "column3": "", "position": 3, "column2Html": "<p>Natürliche Ökosysteme spielen eine entscheidende Rolle im Erhalt der globalen Biodiversität und der Stabilität des Planeten. Diese vielfältigen Lebensräume bieten Lebensraum für eine breite Palette von Pflanzen und Tieren, von mikroskopisch kleinen Organismen bis hin zu majestätischen Raubtieren. Der reibungslose Ablauf dieser Ökosysteme hängt von komplexen Wechselwirkungen zwischen den verschiedenen Arten und den Umweltbedingungen ab. Von Regenwäldern bis hin zu Wüsten, von Ozeanen bis hin zu Flussufern - jedes Ökosystem trägt auf seine eigene Weise zur Aufrechterhaltung des ökologischen Gleichgewichts bei. Es ist von größter Bedeutung, diese Ökosysteme zu schützen und nachhaltige Praktiken zu fördern, um die langfristige Gesundheit unseres Planeten zu gewährleisten.</p>"}, "effa3fa5-cd07-4e82-a8aa-198ed9a7c1d4": {"column1": "0", "column3": "", "position": 1, "column2Html": "<p>Natürliche Ökosysteme spielen eine entscheidende Rolle im Erhalt der globalen Biodiversität und der Stabilität des Planeten. Diese vielfältigen Lebensräume bieten Lebensraum für eine breite Palette von Pflanzen und Tieren, von mikroskopisch kleinen Organismen bis hin zu majestätischen Raubtieren. Der reibungslose Ablauf dieser Ökosysteme hängt von komplexen Wechselwirkungen zwischen den verschiedenen Arten und den Umweltbedingungen ab. Von Regenwäldern bis hin zu Wüsten, von Ozeanen bis hin zu Flussufern - jedes Ökosystem trägt auf seine eigene Weise zur Aufrechterhaltung des ökologischen Gleichgewichts bei. Es ist von größter Bedeutung, diese Ökosysteme zu schützen und nachhaltige Praktiken zu fördern, um die langfristige Gesundheit unseres Planeten zu gewährleisten.</p>"}}}'),
	('adcf54c67bc5', 'main', 1, NULL, '2023-08-08 10:21:40', '2023-11-12 14:21:29', '80f56c759496', 'bcb9dfd0ce33', '3ef17bd1df72', 'materialnode', NULL),
	('85e2edf0aa31', 'main', 0, NULL, '2023-08-08 10:21:40', '2023-12-03 19:01:30', '80f56c759496', 'bcb9dfd0ce33', 'cfccaecd4bad', 'storyboard', '{"sections": {"effa3fa5-cd07-4e82-a8aa-198ed9a7c1d4": {"column1": "", "column3": "", "position": 1, "column2Html": "<p>Fähnliabend für die Fähnli</p>"}}}'),
	('6eb006af2085', 'main', 1, NULL, '2023-08-08 09:56:01', '2023-11-12 14:22:02', '28b2c881087c', '39e8c1ffa1f1', '3ef17bd1df72', 'materialnode', NULL),
	('0c877b31405c', 'main', 0, NULL, '2023-08-08 09:56:01', '2023-12-03 19:01:38', '28b2c881087c', '39e8c1ffa1f1', 'cfccaecd4bad', 'storyboard', '{"sections": {"7412b417-389b-4458-b3dc-af3626a34b30": {"column1": "", "column3": "", "position": 1, "column2Html": ""}}}'),
	('d4d501d04b31', 'aside-bottom', 0, NULL, '2023-08-08 10:31:35', '2023-12-03 19:02:17', 'e09a8713b583', '7d95cf35c936', '4f0c657fecef', 'singletext', '{"html": ""}'),
	('2366430e91ad', 'main', 0, NULL, '2023-08-08 10:31:35', '2023-12-03 19:02:26', 'e09a8713b583', '7d95cf35c936', 'cfccaecd4bad', 'storyboard', '{"sections": {"56c67b3a-7d90-4f8f-bcff-a67233ce24be": {"column1": "", "column3": "", "position": 2, "column2Html": "<p>Die Erde ist der einzige bekannte Planet, auf dem Leben existiert. Ihr komplexes Ökosystem umfasst vielfältige Lebensformen, die eng miteinander und mit ihrer Umwelt interagieren.</p>"}, "effa3fa5-cd07-4e82-a8aa-198ed9a7c1d4": {"column1": "", "column3": "", "position": 1, "column2Html": "<p>Die Erde ist der einzige bekannte Planet, auf dem Leben existiert. Ihr komplexes Ökosystem umfasst vielfältige Lebensformen, die eng miteinander und mit ihrer Umwelt interagieren.</p>"}}}'),
	('7d95cf35c936', '1', 0, NULL, '2023-12-03 19:02:11', '2023-12-03 19:02:11', 'e09a8713b583', 'e09a8713b583', 'a4211c112939', 'responsivelayout', '{"items": [{"slot": "main"}, {"slot": "aside-top"}, {"slot": "aside-bottom"}]}'),
	('eb9a3ff7cb89', '1', 0, NULL, '2023-11-12 14:25:53', '2023-11-12 14:25:53', '680095ff1e78', '680095ff1e78', 'a4211c112939', 'responsivelayout', '{"items": [{"slot": "main"}, {"slot": "aside-top"}, {"slot": "aside-bottom"}]}'),
	('a052888033a0', 'aside-top', 3, NULL, '2024-09-28 16:54:49', '2024-09-28 16:56:58', '894fb1deeae4', '7199bc9a9992', '5e2028c55ee4', 'singletext', '{"html": "<ul><li><p>Setzen sich mit dem Leiten und Betreuen eines Teams auseinander (Was sind meine Aufgaben?)</p></li><li><p>Kennen ihre Aufgaben und Rechte als Expert*innen / HKL</p></li><li><p>Führen Aufgaben von Expert*innen aus (solche, die innerhalb des Lagers Settings umsetzbar sind)</p></li><li><p>Tuckmannmodell</p></li><li><p>Zwischenfazit der Gruppendynamik ziehen nach Tuckmann</p></li></ul>"}'),
	('84f99f42d58a', 'aside-top', 3, NULL, '2024-09-28 16:57:29', '2024-09-28 16:59:17', '4bd0b0f3f3a6', 'af2aeebdc575', '5e2028c55ee4', 'singletext', '{"html": "<ul><li><p>Einstieg ins Gefäss</p></li><li><p>Theorie / Grundlagen / Richtlinien / Hilfsmittel zur Gesprächsführung vermittelt bekommen</p></li><li><p>Rückmeldung geben</p></li><li><p>Rückmeldung zu TN-Produkt geben</p></li><li><p>Gesprächslenkungstechniken anwenden</p></li></ul>"}'),
	('b6e2cf23a86e', 'aside-top', 2, NULL, '2024-09-28 16:20:49', '2024-09-28 21:06:31', '5c4b6fb14fe4', 'cff90c9d55ab', 'a4211c11211c', 'checklistnode', NULL),
	('458e6ab9fbc7', NULL, 0, NULL, '2024-09-28 21:19:13', '2024-09-28 21:19:13', '458e6ab9fbc7', NULL, 'f17470519474', 'columnlayout', '{"columns": [{"slot": "1", "width": 12}]}'),
	('14f5cd5cc155', 'main', 0, NULL, '2023-08-08 10:20:55', '2023-12-03 19:03:20', '680095ff1e78', 'eb9a3ff7cb89', 'cfccaecd4bad', 'storyboard', '{"sections": {"247b29f1-59e5-4d59-8111-83fb3305adaa": {"column1": "", "column3": "", "position": 2, "column2Html": "<p><br />In den letzten Jahrzehnten hat sich die Technologie in rasantem Tempo entwickelt und hat nahezu alle Aspekte unseres Lebens beeinflusst. Diese Entwicklung hat zahlreiche positive Auswirkungen, darunter verbesserte Kommunikation, effizientere Arbeitsprozesse und eine Fülle von Informationsquellen. Dennoch bringt sie auch Herausforderungen mit sich, die es zu bewältigen gilt.</p>"}, "2cec518f-fc6a-4820-a195-3b78414a4b9a": {"column1": "", "column3": "", "position": 5, "column2Html": "<p><br />In den letzten Jahrzehnten hat sich die Technologie in rasantem Tempo entwickelt und hat nahezu alle Aspekte unseres Lebens beeinflusst. Diese Entwicklung hat zahlreiche positive Auswirkungen, darunter verbesserte Kommunikation, effizientere Arbeitsprozesse und eine Fülle von Informationsquellen. Dennoch bringt sie auch Herausforderungen mit sich, die es zu bewältigen gilt.</p>"}, "6326c0d6-5d69-4308-b80a-3689ea970871": {"column1": "", "column3": "", "position": 6, "column2Html": "<p><br />In den letzten Jahrzehnten hat sich die Technologie in rasantem Tempo entwickelt und hat nahezu alle Aspekte unseres Lebens beeinflusst. Diese Entwicklung hat zahlreiche positive Auswirkungen, darunter verbesserte Kommunikation, effizientere Arbeitsprozesse und eine Fülle von Informationsquellen. Dennoch bringt sie auch Herausforderungen mit sich, die es zu bewältigen gilt.</p>"}, "69307fe7-c1ad-4291-86c7-60f8ac8758d0": {"column1": "", "column3": "", "position": 3, "column2Html": "<p><br />In den letzten Jahrzehnten hat sich die Technologie in rasantem Tempo entwickelt und hat nahezu alle Aspekte unseres Lebens beeinflusst. Diese Entwicklung hat zahlreiche positive Auswirkungen, darunter verbesserte Kommunikation, effizientere Arbeitsprozesse und eine Fülle von Informationsquellen. Dennoch bringt sie auch Herausforderungen mit sich, die es zu bewältigen gilt.</p>"}, "d3513bdb-061b-4190-86ef-ff03191b4191": {"column1": "", "column3": "", "position": 4, "column2Html": "<p><br />In den letzten Jahrzehnten hat sich die Technologie in rasantem Tempo entwickelt und hat nahezu alle Aspekte unseres Lebens beeinflusst. Diese Entwicklung hat zahlreiche positive Auswirkungen, darunter verbesserte Kommunikation, effizientere Arbeitsprozesse und eine Fülle von Informationsquellen. Dennoch bringt sie auch Herausforderungen mit sich, die es zu bewältigen gilt.</p>"}, "db646a6d-880c-4f56-9238-184d01189a3b": {"column1": "", "column3": "", "position": 7, "column2Html": "<p><br />In den letzten Jahrzehnten hat sich die Technologie in rasantem Tempo entwickelt und hat nahezu alle Aspekte unseres Lebens beeinflusst. Diese Entwicklung hat zahlreiche positive Auswirkungen, darunter verbesserte Kommunikation, effizientere Arbeitsprozesse und eine Fülle von Informationsquellen. Dennoch bringt sie auch Herausforderungen mit sich, die es zu bewältigen gilt.</p>"}, "effa3fa5-cd07-4e82-a8aa-198ed9a7c1d4": {"column1": "", "column3": "", "position": 1, "column2Html": "<p><br />In den letzten Jahrzehnten hat sich die Technologie in rasantem Tempo entwickelt und hat nahezu alle Aspekte unseres Lebens beeinflusst. Diese Entwicklung hat zahlreiche positive Auswirkungen, darunter verbesserte Kommunikation, effizientere Arbeitsprozesse und eine Fülle von Informationsquellen. Dennoch bringt sie auch Herausforderungen mit sich, die es zu bewältigen gilt.</p>"}}}'),
	('008c2a82f9f4', 'main', 1, NULL, '2023-08-08 10:13:31', '2023-11-12 14:28:57', '2ebe68599e3f', 'eab512f9576f', '3ef17bd1df72', 'materialnode', NULL),
	('44a06145038a', 'main', 0, NULL, '2023-08-08 10:13:31', '2023-12-03 19:04:45', '2ebe68599e3f', 'eab512f9576f', 'cfccaecd4bad', 'storyboard', '{"sections": {"0f1792d0-1b1f-43f5-af15-77a9cb8e5432": {"column1": "", "column3": "", "position": 3, "column2Html": "<p>In den letzten Jahrzehnten hat sich die Technologie in rasantem Tempo entwickelt und hat nahezu alle Aspekte unseres Lebens beeinflusst. Diese Entwicklung hat zahlreiche positive Auswirkungen, darunter verbesserte Kommunikation, effizientere Arbeitsprozesse und eine Fülle von Informationsquellen. Dennoch bringt sie auch Herausforderungen mit sich, die es zu bewältigen gilt.</p>"}, "6cc41aa5-2fd1-4ad6-ab25-260d737062d2": {"column1": "", "column3": "", "position": 2, "column2Html": "<p>In den letzten Jahrzehnten hat sich die Technologie in rasantem Tempo entwickelt und hat nahezu alle Aspekte unseres Lebens beeinflusst. Diese Entwicklung hat zahlreiche positive Auswirkungen, darunter verbesserte Kommunikation, effizientere Arbeitsprozesse und eine Fülle von Informationsquellen. Dennoch bringt sie auch Herausforderungen mit sich, die es zu bewältigen gilt.</p>"}, "7412b417-389b-4458-b3dc-af3626a34b30": {"column1": "", "column3": "", "position": 1, "column2Html": "<p>In den letzten Jahrzehnten hat sich die Technologie in rasantem Tempo entwickelt und hat nahezu alle Aspekte unseres Lebens beeinflusst. Diese Entwicklung hat zahlreiche positive Auswirkungen, darunter verbesserte Kommunikation, effizientere Arbeitsprozesse und eine Fülle von Informationsquellen. Dennoch bringt sie auch Herausforderungen mit sich, die es zu bewältigen gilt.</p>"}}}'),
	('1b061a80c1d3', '1', 0, NULL, '2023-11-12 14:38:52', '2023-11-12 14:38:52', 'dd8432af2d6d', 'dd8432af2d6d', 'a4211c112939', 'responsivelayout', '{"items": [{"slot": "main"}, {"slot": "aside-top"}, {"slot": "aside-bottom"}]}'),
	('aeb09d91ec3a', '1', 0, NULL, '2024-04-01 18:07:04', '2024-04-01 18:07:25', '82a15d418391', '82a15d418391', '318e064ea0c9', 'singletext', '{"html": "<p>Wir essen in Hogwarts.</p>"}'),
	('a178e31ac072', 'aside-top', 1, NULL, '2024-09-28 16:16:55', '2024-09-28 16:16:55', 'dd8432af2d6d', '1b061a80c1d3', 'c462edd869f3', 'singletext', '{"html": ""}'),
	('b5731aa6ab3d', 'aside-top', 2, NULL, '2024-09-28 16:17:00', '2024-09-28 16:17:00', 'dd8432af2d6d', '1b061a80c1d3', '5e2028c55ee4', 'singletext', '{"html": ""}'),
	('ba6a631b7183', 'aside-top', 3, NULL, '2024-09-28 16:17:32', '2024-09-28 16:17:32', 'dd8432af2d6d', '1b061a80c1d3', 'a4211c11211c', 'checklistnode', NULL),
	('d38496aa4792', 'main', 1, NULL, '2023-08-08 09:22:58', '2023-11-12 14:40:36', '5c4b6fb14fe4', 'cff90c9d55ab', '3ef17bd1df72', 'materialnode', NULL),
	('bf4fc1e44a0b', 'aside-top', 2, 'Ausbildungsziele', '2024-09-28 16:43:01', '2024-09-28 16:44:26', 'c7a7558a5120', '2f6f68d62636', 'a4211c11211c', 'checklistnode', NULL),
	('de7f7a8282e3', 'aside-top', 3, NULL, '2024-09-28 16:43:14', '2024-09-28 16:45:19', 'c7a7558a5120', '2f6f68d62636', 'c462edd869f3', 'singletext', '{"html": "<ul><li><p>Die Tn erstellen aus Beobachtungen eine angemessene, förderungsorientierte Rückmeldung.</p></li><li><p>Die TN wenden die grundlegenden Gesprächstechniken bei einem TN-Gespräch an.</p></li></ul>"}'),
	('7207e69fa2de', 'aside-top', 4, NULL, '2024-09-28 16:43:22', '2024-09-28 16:46:20', 'c7a7558a5120', '2f6f68d62636', '5e2028c55ee4', 'singletext', '{"html": "<ul><li><p>An konkreten Beispielen förderliche Tätigkeiten für spezifische TN erarbeiten</p></li><li><p>Aufgrund von Beobachtungen entscheiden, wo Stärken/Förderpunkte der TN liegen</p></li><li><p>Beobachtungen zwecks RM selektieren</p></li><li><p>Rückmeldung zu einem TN-Produkt vorbereiten</p></li><li><p>Unterschied zwischen Beobachten und Interpretieren</p></li></ul>"}'),
	('fc302facf468', 'aside-top', 2, NULL, '2024-09-28 16:46:49', '2024-09-28 16:47:50', 'e5c1d6082dfb', '32d931d9309f', 'c462edd869f3', 'singletext', '{"html": "<ul><li><p>Die TN üben und reflektieren ein förderndes Rückmeldegespräch.</p></li></ul>"}'),
	('fb257d2a09c9', 'aside-top', 3, NULL, '2024-09-28 16:46:53', '2024-09-28 16:48:15', 'e5c1d6082dfb', '32d931d9309f', '5e2028c55ee4', 'singletext', '{"html": "<ul><li><p>Anspruchsvolles oder förderndes Rückmeldegespräch üben</p></li><li><p>Gegebene / erhaltene Rückmeldung analysieren</p></li></ul>"}'),
	('503cf893fa56', 'aside-top', 4, NULL, '2024-09-28 16:46:57', '2024-09-28 16:48:38', 'e5c1d6082dfb', '32d931d9309f', 'a4211c11211c', 'checklistnode', NULL),
	('6177394117a5', 'aside-top', 2, NULL, '2024-09-28 16:48:54', '2024-09-28 16:50:02', 'c0a6d4cf0ebc', 'df73c81205c4', 'c462edd869f3', 'singletext', '{"html": "<ul><li><p>Die TN reflektieren Rollen und Aufgaben in einem Kursteam.</p></li><li><p>Die TN spielen ein lustiges Spiel.</p></li></ul>"}'),
	('2c6a78222e28', 'aside-top', 3, NULL, '2024-09-28 16:48:57', '2024-09-28 16:50:21', 'c0a6d4cf0ebc', 'df73c81205c4', '5e2028c55ee4', 'singletext', '{"html": "<ul><li><p>Sammlung von Methoden, um die Bedürfnisse des Teams zu bestimmen</p></li><li><p>Repetieren, welche Rollen es in einem Team gibt und welche Chancen/Herausforderungen sich daraus ergeben</p></li><li><p>Bewusst Aufgaben im Team delegieren</p></li><li><p>Mögliche Aufgaben im Kursteam sammeln</p></li></ul>"}'),
	('946afc306e3b', 'aside-top', 4, NULL, '2024-09-28 16:49:01', '2024-09-28 16:50:42', 'c0a6d4cf0ebc', 'df73c81205c4', 'a4211c11211c', 'checklistnode', NULL),
	('d8e5da1e3d52', 'aside-top', 4, NULL, '2024-09-28 16:55:01', '2024-09-28 16:57:57', '894fb1deeae4', '7199bc9a9992', 'a4211c11211c', 'checklistnode', NULL),
	('9e95b10e3cb0', 'aside-top', 4, 'Ausbildungsziele', '2024-09-28 16:57:38', '2024-09-28 16:59:43', '4bd0b0f3f3a6', 'af2aeebdc575', 'a4211c11211c', 'checklistnode', NULL),
	('42a32ff460d3', '2', 1, NULL, '2024-09-28 17:01:01', '2024-09-28 17:02:21', '9e6da5607ba0', '187d8fb812a0', 'a4211c11211c', 'checklistnode', NULL),
	('ff1facaeb2e1', '1', 1, NULL, '2024-09-28 17:00:53', '2024-09-28 17:01:48', '9e6da5607ba0', '187d8fb812a0', 'c462edd869f3', 'singletext', '{"html": "<ul><li><p>Die TN können weitere Aufgaben nennen, die Coaches ausser Lagerbetreuung machen.</p></li><li><p>TN erleben einen Beispiel-Jahresplanungshöck aus Coach-Sicht.</p></li><li><p>TN erleben einen Beispiel-Auswertungshöck aus Coach-Sicht.</p></li><li><p>TN analysieren eine Krisensituation mit Hilfe der vier Schritte im 3+4-Modell.</p></li></ul>"}'),
	('14349285da7d', 'aside-top', 3, NULL, '2024-09-28 17:03:14', '2024-09-28 17:04:02', 'b87ef76bcb88', '4e2489db9ac0', 'c462edd869f3', 'singletext', '{"html": "<ul><li><p>Die TN erstellen aus Beobachtungen eine angemessene, förderungsorientierte Rückmeldung.</p></li><li><p>Die TN wenden die grundlegenden Gesprächstechniken bei einem TN-Gespräch an.</p></li></ul>"}'),
	('d0300aee1544', '1', 0, NULL, '2024-09-28 21:19:13', '2024-09-28 21:19:13', 'ce3c897f5ac5', 'ce3c897f5ac5', 'a4211c112939', 'responsivelayout', '{"items": [{"slot": "main"}, {"slot": "aside-top"}, {"slot": "aside-bottom"}]}'),
	('d6527b73a31e', 'aside-bottom', 1, NULL, '2024-09-28 21:19:13', '2024-09-28 21:19:13', 'ce3c897f5ac5', 'd0300aee1544', '4f0c657fecef', 'singletext', '{"html": ""}'),
	('4b8bcd43de1d', 'aside-top', 3, NULL, '2024-09-28 17:07:32', '2024-09-28 17:08:20', 'b2140367dd1c', '828b3db50fcd', '5e2028c55ee4', 'singletext', '{"html": "<ul><li><p>Diskutieren, inwiefern Siko-Verantwortung - HLL - Coach geteilt wird, Siko als Versicherung?</p></li><li><p>Quellen für Sicherheitsfragen- und Vorgaben kennen</p></li><li><p>Sicherheitsrelevante Aktivitäten beurteilen</p></li><li><p>Grenzfälle für Coaches (in Bezug auf Beurteilung Sicherheit) bearbeiten + diskutieren</p></li><li><p>Kennen Merkblatt LS/T / refreshen Abgrenzung Sibe und sirel</p></li><li><p>Wissen, wo sie Expert*innen für Betreuung Sicherheitsbereich finden</p></li><li><p>Lesen ein Lagersiko gegen + Rückmeldung</p></li><li><p>Den TN soll vermittelt werden, dass sie gewissermaßen das Sicherheitsnetz/Backup ihrer Leitenden sind - Verantwortung bewusst machen</p></li></ul>"}'),
	('6441aeccb22f', 'aside-top', 2, NULL, '2024-09-28 17:07:29', '2024-09-28 17:09:06', 'b2140367dd1c', '828b3db50fcd', 'c462edd869f3', 'singletext', '{"html": "<ul><li><p>Die TN können weitere Aufgaben nennen, die Coaches ausser Lagerbetreuung machen.</p></li><li><p>TN erleben einen Beispiel-Jahresplanungshöck aus Coach-Sicht.</p></li><li><p>TN erleben einen Beispiel-Auswertungshöck aus Coach-Sicht.</p></li><li><p>TN analysieren eine Krisensituation mit Hilfe der vier Schritte im 3+4-Modell.</p></li><li><p>Die TN erstellen aus Beobachtungen eine angemessene, förderungsorientierte Rückmeldung.</p></li><li><p>Die TN wenden die grundlegenden Gesprächstechniken bei einem TN-Gespräch an.</p></li><li><p>An konkreten Beispielen förderliche Tätigkeiten für spezifische TN erarbeiten.</p></li></ul>"}'),
	('988c216bd9bd', 'aside-top', 4, NULL, '2024-09-28 17:10:09', '2024-09-28 17:10:09', '09dc148c88c3', 'fb1eb84a9008', 'a4211c11211c', 'checklistnode', NULL),
	('9f6c51297b41', 'aside-top', 2, NULL, '2024-09-28 17:09:59', '2024-09-28 17:10:38', '09dc148c88c3', 'fb1eb84a9008', 'c462edd869f3', 'singletext', '{"html": "<p>Die TN erleben eine lässige Unternehmung, die ihnen Abwechslung und Pause zum kopflastigen Topkurs-Alltag bietet.</p>"}'),
	('b2291894eb45', 'aside-top', 3, NULL, '2024-09-28 17:10:06', '2024-09-28 17:10:50', '09dc148c88c3', 'fb1eb84a9008', '5e2028c55ee4', 'singletext', '{"html": "<p>Unternehmungen in Gruppen, geplant von Kursteam</p>"}'),
	('df5dc810cf3c', 'aside-top', 2, NULL, '2024-09-28 17:11:21', '2024-09-28 17:12:51', '40dd3e9457d6', '28011dca853c', 'c462edd869f3', 'singletext', '{"html": "<ul><li><p>V2 Was ist Ausbildung unterwegs?</p></li><li><p>V2 Umsetzungsmöglichkeiten</p></li><li><p>V2 Chancen / Herausforderungen AU</p></li><li><p>V3 mögliche AS-Themen für spez. Orte</p></li></ul>"}'),
	('4a0f878a99fc', 'aside-top', 3, NULL, '2024-09-28 17:11:25', '2024-09-28 17:13:09', '40dd3e9457d6', '28011dca853c', '5e2028c55ee4', 'singletext', '{"html": "<ul><li><p>Ausbildungsstopp erleben</p></li><li><p>Ausbildungsstopp analysieren / reflektieren</p></li><li><p>Definition Ausbildungsstopp</p></li><li><p>Was für Ausbildungsstopps könnte man an diesem Ort hier machen?</p></li><li><p>Herausforderungen Ausbilden unterwegs</p></li><li><p>Weitere Formen Ausbilden unterwegs</p></li><li><p>Was macht einen gelungenen Ausbildungsstopp aus?</p></li></ul>"}'),
	('1a2905b61cff', 'aside-top', 4, NULL, '2024-09-28 17:11:28', '2024-09-28 17:13:20', '40dd3e9457d6', '28011dca853c', 'a4211c11211c', 'checklistnode', NULL),
	('d49edd33fb35', 'aside-top', 3, NULL, '2024-09-28 17:13:46', '2024-09-28 17:13:46', '2df77b3f0723', '5ced2417dbbb', '5e2028c55ee4', 'singletext', '{"html": ""}'),
	('be6972476965', 'aside-top', 4, NULL, '2024-09-28 17:13:50', '2024-09-28 17:13:50', '2df77b3f0723', '5ced2417dbbb', 'a4211c11211c', 'checklistnode', NULL),
	('c1046246e7dd', 'aside-top', 2, NULL, '2024-09-28 17:13:42', '2024-09-28 17:14:34', '2df77b3f0723', '5ced2417dbbb', 'c462edd869f3', 'singletext', '{"html": "<ul><li><p>Die TN wissen, was sie in der KuPla beachten und mitbedenken müssen.</p></li><li><p>Die TN wissen, was in der KuPla von ihnen erwartet wird.</p></li></ul>"}'),
	('3f8e51330bc2', 'aside-top', 2, NULL, '2024-09-28 17:15:01', '2024-09-28 17:16:26', '2ebe68599e3f', 'eab512f9576f', 'c462edd869f3', 'singletext', '{"html": ""}'),
	('3157182811bb', 'aside-top', 4, NULL, '2024-09-28 17:15:09', '2024-09-28 17:17:10', '2ebe68599e3f', 'eab512f9576f', 'a4211c11211c', 'checklistnode', NULL),
	('c3b9a8b89618', 'aside-top', 3, NULL, '2024-09-28 17:15:05', '2024-09-28 17:16:37', '2ebe68599e3f', 'eab512f9576f', '5e2028c55ee4', 'singletext', '{"html": "<ul><li><p>Was sind produktive Mindestanforderungen?</p></li><li><p>Qualifizieren als Mittel zur Förderung diskutieren</p></li><li><p>Trennung Lernmomente &amp; Überprüfungsmomente</p></li><li><p>Qualifizieren als Ermessensentscheidung (Bewusstsein entwickeln)</p></li><li><p>Häufige Beurteilungsfehler</p></li><li><p>Beurteilungsraster als Hilfsmittel - nur anschneiden falls notwendig, vollwertig in einem Wahlblock behandeln</p></li><li><p>Wie formuliere ich überprüfbare Mindestanforderungen?</p></li><li><p>Mindestanforderungen formulieren</p></li><li><p>Wissen, wie &amp; dass sie die Ethik-Charta als Grundlage für Kurspakt (&amp; nach Hause schicken) verwenden können anstelle von Mindestanforderungen zu \"respektvollem / verantwortungsbewussten Verhalten\" Umgang mit den Mindestanforderungen während dem Kurs (Flexibilität, wie bindend sind Mindestanforderungen im Kurs?)</p></li><li><p>Mindestanforderungen aufs Minimum reduzieren</p></li><li><p>Zusammenhang Mindestanforderungen mit den Zielen des Kurses</p></li></ul>"}'),
	('821e27e167b4', 'aside-top', 0, NULL, '2024-09-28 16:20:40', '2024-09-28 16:20:44', '5c4b6fb14fe4', 'cff90c9d55ab', 'c462edd869f3', 'singletext', '{"html": ""}'),
	('4d0ea702530d', 'aside-top', 1, NULL, '2024-09-28 16:20:36', '2024-09-28 16:20:36', '5c4b6fb14fe4', 'cff90c9d55ab', '5e2028c55ee4', 'singletext', '{"html": ""}'),
	('dcfde271f502', 'aside-bottom', 0, NULL, '2023-08-08 09:22:58', '2024-09-28 21:07:21', '5c4b6fb14fe4', 'cff90c9d55ab', '44dcc7493c65', 'singletext', '{"html": ""}'),
	('5e930387e2be', 'main', 0, NULL, '2023-08-08 09:22:58', '2024-09-28 21:08:46', '5c4b6fb14fe4', 'cff90c9d55ab', 'cfccaecd4bad', 'storyboard', '{"sections": {"3a26393c-0a81-4fb3-976b-798a1e35dabe": {"column1": "", "column3": "", "position": 2, "column2Html": ""}, "5b136180-6bb3-4e44-89df-717243710bfd": {"column1": "", "column3": "", "position": 3, "column2Html": ""}, "7412b417-389b-4458-b3dc-af3626a34b30": {"column1": "", "column3": "", "position": 1, "column2Html": ""}}}'),
	('8356cff9d454', NULL, 0, NULL, '2024-09-28 21:19:13', '2024-09-28 21:19:13', '8356cff9d454', NULL, 'f17470519474', 'columnlayout', '{"columns": [{"slot": "1", "width": 12}]}'),
	('8c01647fafca', '1', 0, NULL, '2024-09-28 21:19:13', '2024-09-28 21:19:13', '8356cff9d454', '8356cff9d454', 'a4211c112939', 'responsivelayout', '{"items": [{"slot": "main"}, {"slot": "aside-top"}, {"slot": "aside-bottom"}]}'),
	('2c7e97b88e5f', 'main', 1, NULL, '2024-09-28 21:19:13', '2024-09-28 21:19:13', '8356cff9d454', '8c01647fafca', '3ef17bd1df72', 'materialnode', NULL),
	('ee83c64ccddd', 'main', 0, NULL, '2024-09-28 21:19:13', '2024-09-28 21:19:13', '8356cff9d454', '8c01647fafca', 'cfccaecd4bad', 'storyboard', '{"sections": {"effa3fa5-cd07-4e82-a8aa-198ed9a7c1d4": {"column1": "", "column3": "", "position": 1, "column2Html": ""}}}'),
	('207cb62b0111', 'aside-top', 0, NULL, '2024-09-28 21:19:13', '2024-09-28 21:19:13', '8356cff9d454', '8c01647fafca', '318e064ea0c9', 'singletext', '{"html": ""}'),
	('ce3c897f5ac5', NULL, 0, 'est', '2024-09-28 21:19:13', '2024-09-28 21:19:13', 'ce3c897f5ac5', NULL, 'f17470519474', 'columnlayout', '{"columns": [{"slot": "1", "width": 12}]}'),
	('8129ac50b075', 'aside-top', 2, NULL, '2024-09-28 21:19:13', '2024-09-28 21:19:13', 'ce3c897f5ac5', 'd0300aee1544', 'a4211c11211c', 'checklistnode', NULL),
	('76f396f9a987', 'aside-bottom', 1, NULL, '2024-09-28 21:19:13', '2024-09-28 21:19:13', '8356cff9d454', '8c01647fafca', '4f0c657fecef', 'singletext', '{"html": ""}'),
	('5d0067a25bc7', 'aside-top', 0, NULL, '2024-09-28 21:19:13', '2024-09-28 21:19:13', 'ce3c897f5ac5', 'd0300aee1544', 'c462edd869f3', 'singletext', '{"html": ""}'),
	('40a45af4bb80', 'aside-top', 1, NULL, '2024-09-28 21:19:13', '2024-09-28 21:19:13', 'ce3c897f5ac5', 'd0300aee1544', '5e2028c55ee4', 'singletext', '{"html": ""}'),
	('bcb9ea57bc16', 'aside-bottom', 0, NULL, '2024-09-28 21:19:13', '2024-09-28 21:19:13', 'ce3c897f5ac5', 'd0300aee1544', '44dcc7493c65', 'singletext', '{"html": ""}'),
	('5581103f6eb4', NULL, 0, 'est', '2024-09-28 21:31:59', '2024-09-28 21:31:59', '5581103f6eb4', NULL, 'f17470519474', 'columnlayout', '{"columns": [{"slot": "1", "width": 12}]}'),
	('1ac7afb2271f', '1', 0, NULL, '2024-09-28 21:31:59', '2024-09-28 21:31:59', '5581103f6eb4', '5581103f6eb4', 'a4211c112939', 'responsivelayout', '{"items": [{"slot": "main"}, {"slot": "aside-top"}, {"slot": "aside-bottom"}]}'),
	('d83de2546c0a', 'aside-bottom', 1, NULL, '2024-09-28 21:31:59', '2024-09-28 21:31:59', '5581103f6eb4', '1ac7afb2271f', '4f0c657fecef', 'singletext', '{"html": ""}'),
	('abebb8933271', 'aside-top', 2, NULL, '2024-09-28 21:31:59', '2024-09-28 21:31:59', '5581103f6eb4', '1ac7afb2271f', 'a4211c11211c', 'checklistnode', NULL),
	('4f8729e83eea', 'main', 1, NULL, '2024-09-28 21:31:59', '2024-09-28 21:31:59', '5581103f6eb4', '1ac7afb2271f', '3ef17bd1df72', 'materialnode', NULL),
	('8b432d472be5', 'aside-top', 0, NULL, '2024-09-28 21:31:59', '2024-09-28 21:31:59', '5581103f6eb4', '1ac7afb2271f', 'c462edd869f3', 'singletext', '{"html": ""}'),
	('60e3f2d364e1', 'aside-top', 1, NULL, '2024-09-28 21:31:59', '2024-09-28 21:31:59', '5581103f6eb4', '1ac7afb2271f', '5e2028c55ee4', 'singletext', '{"html": ""}'),
	('385664ce804b', 'aside-bottom', 0, NULL, '2024-09-28 21:31:59', '2024-09-28 21:31:59', '5581103f6eb4', '1ac7afb2271f', '44dcc7493c65', 'singletext', '{"html": ""}'),
	('82ea1252f06c', NULL, 0, 'est', '2024-09-28 21:36:15', '2024-09-28 21:36:15', '82ea1252f06c', NULL, 'f17470519474', 'columnlayout', '{"columns": [{"slot": "1", "width": 12}]}'),
	('3b3ff00aa0b7', '1', 0, NULL, '2024-09-28 21:36:15', '2024-09-28 21:36:15', '82ea1252f06c', '82ea1252f06c', 'a4211c112939', 'responsivelayout', '{"items": [{"slot": "main"}, {"slot": "aside-top"}, {"slot": "aside-bottom"}]}'),
	('3c2fa2f285b1', 'aside-bottom', 1, NULL, '2024-09-28 21:36:15', '2024-09-28 21:36:15', '82ea1252f06c', '3b3ff00aa0b7', '4f0c657fecef', 'singletext', '{"html": ""}'),
	('8dc04def7f36', 'aside-top', 2, NULL, '2024-09-28 21:36:15', '2024-09-28 21:36:15', '82ea1252f06c', '3b3ff00aa0b7', 'a4211c11211c', 'checklistnode', NULL),
	('c50fa9460b5c', 'main', 1, NULL, '2024-09-28 21:36:15', '2024-09-28 21:36:15', '82ea1252f06c', '3b3ff00aa0b7', '3ef17bd1df72', 'materialnode', NULL),
	('0f57b1fc3e8b', 'aside-top', 0, NULL, '2024-09-28 21:36:15', '2024-09-28 21:36:15', '82ea1252f06c', '3b3ff00aa0b7', 'c462edd869f3', 'singletext', '{"html": ""}'),
	('0815b6d72a40', 'aside-top', 1, NULL, '2024-09-28 21:36:15', '2024-09-28 21:36:15', '82ea1252f06c', '3b3ff00aa0b7', '5e2028c55ee4', 'singletext', '{"html": ""}'),
	('5b5f2e7e4a06', 'aside-bottom', 0, NULL, '2024-09-28 21:36:15', '2024-09-28 21:36:15', '82ea1252f06c', '3b3ff00aa0b7', '44dcc7493c65', 'singletext', '{"html": ""}'),
	('a575cf53e25d', NULL, 0, NULL, '2024-09-28 21:37:36', '2024-09-28 21:37:36', 'a575cf53e25d', NULL, 'f17470519474', 'columnlayout', '{"columns": [{"slot": "1", "width": 12}]}'),
	('63213ec437cf', 'main', 1, NULL, '2024-09-28 21:37:36', '2024-09-28 21:37:36', 'a575cf53e25d', 'aae69aa125f4', '3ef17bd1df72', 'materialnode', NULL),
	('81f7f98c1024', 'main', 0, NULL, '2024-09-28 21:37:36', '2024-09-28 21:37:36', 'a575cf53e25d', 'aae69aa125f4', 'cfccaecd4bad', 'storyboard', '{"sections": {"effa3fa5-cd07-4e82-a8aa-198ed9a7c1d4": {"column1": "", "column3": "", "position": 1, "column2Html": ""}}}'),
	('f1288753e6a1', 'aside-top', 0, NULL, '2024-09-28 21:37:36', '2024-09-28 21:37:36', 'a575cf53e25d', 'aae69aa125f4', '318e064ea0c9', 'singletext', '{"html": ""}'),
	('aae69aa125f4', '1', 0, NULL, '2024-09-28 21:37:36', '2024-09-28 21:37:36', 'a575cf53e25d', 'a575cf53e25d', 'a4211c112939', 'responsivelayout', '{"items": [{"slot": "main"}, {"slot": "aside-top"}, {"slot": "aside-bottom"}]}'),
	('fa4d5414add8', 'aside-bottom', 1, NULL, '2024-09-28 21:37:36', '2024-09-28 23:50:36', 'a575cf53e25d', 'aae69aa125f4', '4f0c657fecef', 'singletext', '{"html": ""}'),
	('1aa7209a3b0c', 'aside-bottom', 0, NULL, '2024-09-28 23:50:48', '2024-09-28 23:50:51', 'a575cf53e25d', 'aae69aa125f4', '44dcc7493c65', 'singletext', '{"html": ""}'),
	('7c64fdc31327', 'aside-bottom', 0, NULL, '2024-09-28 23:51:50', '2024-09-28 23:51:53', '8356cff9d454', '8c01647fafca', '44dcc7493c65', 'singletext', '{"html": ""}'),
	('13c9e6a75a40', 'main', 0, NULL, '2024-09-28 21:19:13', '2024-09-28 23:52:15', 'ce3c897f5ac5', 'd0300aee1544', 'cfccaecd4bad', 'storyboard', '{"sections": {"7412b417-389b-4458-b3dc-af3626a34b30": {"column1": "", "column3": "", "position": 1, "column2Html": ""}}}'),
	('eaa6eb6502a1', 'main', 0, NULL, '2024-09-28 21:36:15', '2024-09-28 23:52:25', '82ea1252f06c', '3b3ff00aa0b7', 'cfccaecd4bad', 'storyboard', '{"sections": {"7412b417-389b-4458-b3dc-af3626a34b30": {"column1": "", "column3": "", "position": 1, "column2Html": ""}}}'),
	('c07a17be77ce', 'main', 0, NULL, '2024-09-28 21:31:59', '2024-09-28 23:52:37', '5581103f6eb4', '1ac7afb2271f', 'cfccaecd4bad', 'storyboard', '{"sections": {"7412b417-389b-4458-b3dc-af3626a34b30": {"column1": "", "column3": "", "position": 1, "column2Html": ""}}}');



INSERT INTO public.category (id, categoryprototypeid, short, name, color, numberingstyle, campid, rootcontentnodeid, createtime, updatetime) VALUES
	('cf2586caa87c', NULL, 'LS', 'Lagersport', '#4DBB52', '1', '6430aecc5422', '0b8894aba174', '2022-01-23 16:19:10', '2022-01-23 16:19:10'),
	('dbc3fbcc684c', NULL, 'LS', 'Lagersport', '#4DBB52', '1', 'e5027d852487', 'fb21b1c912fd', '2022-01-23 16:19:10', '2022-02-04 21:43:57'),
	('84b0ebdf5dc0', NULL, 'LA', 'Lageraktivität', '#FF9800', 'A', 'e5027d852487', '8fa1c8e597c3', '2022-02-04 21:41:51', '2022-02-04 21:41:51'),
	('9b3a5138cbcf', NULL, 'ES', 'Essen', '#BBBBBB', '1', 'e5027d852487', '697312a460a8', '2022-02-04 23:10:41', '2022-02-04 23:10:41'),
	('c8a56ebb4d2a', NULL, 'LP', 'Lagerprogramm', '#90B7E4', '1', 'e5027d852487', '9b0e779f3238', '2022-02-04 23:11:03', '2022-02-04 23:11:34'),
	('a023e85227ac', 'dbc3fbcc684c', 'LS', 'Lagersport', '#4DBB52', '1', '3c79b99ab424', '2cce9e17a368', '2023-08-08 07:53:12', '2023-08-08 07:53:12'),
	('1a869b162875', '84b0ebdf5dc0', 'LA', 'Lageraktivität', '#FF9800', 'A', '3c79b99ab424', 'be9b6b7f23f6', '2023-08-08 07:53:12', '2023-08-08 07:53:12'),
	('dfa531302823', 'c8a56ebb4d2a', 'LP', 'Lagerprogramm', '#90B7E4', '1', '3c79b99ab424', '63cbc734fa04', '2023-08-08 07:53:12', '2023-08-08 07:53:12'),
	('d7dfd3fdc611', 'dbc3fbcc684c', 'LS', 'Lagersport', '#4DBB52', '1', '6973c230d6b1', '8f995143ca71', '2023-08-08 09:22:58', '2023-08-08 09:22:58'),
	('e7559fc16388', '84b0ebdf5dc0', 'LA', 'Lageraktivität', '#FF9800', 'A', '6973c230d6b1', '2e7a9509cd7f', '2023-08-08 09:22:58', '2023-08-08 09:22:58'),
	('8f18191a3125', 'c8a56ebb4d2a', 'LP', 'Lagerprogramm', '#90B7E4', '1', '6973c230d6b1', '221db1cd28fb', '2023-08-08 09:22:58', '2023-08-08 09:22:58'),
	('bfc355d9a35c', NULL, 'VL', 'Voilà', '#F01766', '1', '6973c230d6b1', '83565ae49d61', '2023-08-08 09:24:47', '2023-08-08 09:24:47'),
	('b7721601a682', 'dbc3fbcc684c', 'LS', 'Lagersport', '#4DBB52', '1', '9c2447aefe38', 'c2b6dff860e5', '2023-08-12 17:41:55', '2023-08-12 17:41:55'),
	('2d384fe45589', '84b0ebdf5dc0', 'LA', 'Lageraktivität', '#FF9800', 'A', '9c2447aefe38', '27e64b35f155', '2023-08-12 17:41:55', '2023-08-12 17:41:55'),
	('08d980d19c77', 'c8a56ebb4d2a', 'LP', 'Lagerprogramm', '#90B7E4', '1', '9c2447aefe38', 'd7c126cfce5e', '2023-08-12 17:41:55', '2023-08-12 17:41:55'),
	('0e68ebf6246b', NULL, 'Glf', 'Golf', '#77FFFB', '1', '9c2447aefe38', '217775d82f59', '2023-08-12 17:47:13', '2023-08-12 17:47:13'),
	('87fe2eb3d112', NULL, 'HG', 'Hiking', '#79773B', 'a', '9c2447aefe38', 'c5d2741d93ca', '2023-08-12 17:48:47', '2023-08-12 17:48:47'),
	('a60ef56a554b', NULL, 'YG', 'Yoga', '#7C0D80', 'A', '9c2447aefe38', '0f50c26e1edb', '2023-08-12 17:49:49', '2023-08-12 17:49:49'),
	('664685d4f70d', NULL, 'RUN', 'Running', '#FF0F00', 'i', '9c2447aefe38', '9d6f2f561e47', '2023-08-12 17:51:26', '2023-08-12 17:51:26'),
	('25500127b3c7', NULL, 'Msc', 'Music', '#1763B8', 'I', '9c2447aefe38', '23a037c64e04', '2023-08-12 17:52:11', '2023-08-12 17:52:11'),
	('296b503f509a', NULL, 'G', 'Gardening', '#077E0E', 'A', '9c2447aefe38', 'e04bc7243067', '2023-08-12 17:53:02', '2023-08-12 17:53:02'),
	('c5e1bc565094', NULL, 'DNC', 'Dance', '#FF75EB', 'I', '9c2447aefe38', 'a7f30ddb4934', '2023-08-12 17:54:05', '2023-08-12 17:54:05'),
	('96fa203f2b9b', NULL, 'SRT', 'Rather long activity name', '#228D48', 'I', '9c2447aefe38', 'a5f0e0e3b8bc', '2023-08-12 19:20:17', '2023-08-12 19:20:17'),
	('2fe542abe052', 'dbc3fbcc684c', 'LS', 'Lagersport', '#4DBB52', '1', '0969e3c95dfc', 'efa17bbc2bc1', '2023-08-13 06:32:29', '2023-08-13 06:32:29'),
	('088f1c8929cf', '84b0ebdf5dc0', 'LA', 'Lageraktivität', '#FF9800', 'A', '0969e3c95dfc', '72f2b40a149b', '2023-08-13 06:32:29', '2023-08-13 06:32:29'),
	('a3563e14e9f6', 'c8a56ebb4d2a', 'LP', 'Lagerprogramm', '#90B7E4', '1', '0969e3c95dfc', '8f6a099e06ba', '2023-08-13 06:32:29', '2023-08-13 06:32:29'),
	('32644f28fa96', NULL, 'Fly', 'Weltraumreisen', '#366AA5', 'I', '0969e3c95dfc', '7b2572e7f40a', '2023-08-13 06:33:19', '2023-08-13 06:33:19'),
	('658e4be85031', NULL, '💤', 'Nachtruhe', '#941188', 'A', '0969e3c95dfc', 'a2e9c958f4e3', '2023-08-13 06:38:15', '2023-08-13 06:38:15'),
	('3707ce73ad51', NULL, 'AT', 'Ämtli', '#040096', 'a', '0969e3c95dfc', '72955311ccf8', '2023-08-13 09:53:25', '2023-08-13 09:53:25'),
	('23ffea68cd6d', NULL, 'LH', 'Leitungssitzung', '#92AD8F', '1', '0969e3c95dfc', 'f6bed365c121', '2023-08-13 09:54:20', '2023-08-13 09:54:20'),
	('6e82ac118767', NULL, 'S', 'Story', '#5C4033', '1', '0969e3c95dfc', '815b12c44335', '2023-08-13 10:05:58', '2023-08-13 10:06:29'),
	('89a2e0ad0ab5', NULL, 'Ski', 'Ski', '#3720A5', '1', '70ca971c992f', 'dbfb37fe3536', '2023-09-29 23:50:20', '2023-09-29 23:50:20'),
	('eddb2cd8cee0', NULL, 'Snwb', 'Snowboard', '#248DB3', 'A', '70ca971c992f', '3d0e24f5a2c7', '2023-09-29 23:52:39', '2023-09-29 23:52:39'),
	('0aa473d50266', '9b3a5138cbcf', 'ES', 'Essen', '#BBBBBB', '-', '6973c230d6b1', '76e71a025f85', '2023-08-08 09:22:58', '2024-04-01 18:06:35'),
	('ebfd46a1c181', '9b3a5138cbcf', 'ES', 'Essen', '#BBBBBB', '-', '3c79b99ab424', '9d7b3a220fb4', '2023-08-08 07:53:12', '2024-04-01 18:08:49'),
	('c121fd9a2f37', '9b3a5138cbcf', 'ES', 'Essen', '#BBBBBB', '-', '0969e3c95dfc', '6bdb64691d98', '2023-08-13 06:32:29', '2024-04-01 18:12:07'),
	('1573d6aa833b', '9b3a5138cbcf', 'ES', 'Essen', '#BBBBBB', '-', '9c2447aefe38', 'dc75baaba771', '2023-08-12 17:41:55', '2024-04-01 18:12:39'),
	('98f686a32238', '9b3a5138cbcf', 'ES', 'Essen', '#BBBBBB', '-', '5d28f99890bc', '56f97d3a00d6', '2023-08-08 09:22:58', '2024-04-01 18:06:35'),
	('33287493d1c1', '84b0ebdf5dc0', 'LL', 'Lernen und lehren', '#4DBB52', 'A', '5d28f99890bc', 'dd8432af2d6d', '2023-08-08 09:22:58', '2024-09-28 16:16:18'),
	('518df7ff2cfb', 'c8a56ebb4d2a', 'WP', 'Wahlprogramm', '#90B7E4', '1', '5d28f99890bc', 'a0447c5659cd', '2023-08-08 09:22:58', '2024-09-28 16:18:11'),
	('fd476c982866', 'dbc3fbcc684c', 'A', 'Ausbildung', '#FD7A7A', '1', '5d28f99890bc', '5c4b6fb14fe4', '2023-08-08 09:22:58', '2024-09-28 21:05:05'),
	('15c03e114110', '98f686a32238', 'ES', 'Essen', '#BBBBBB', '-', '25a82475e0b7', '458e6ab9fbc7', '2024-09-28 21:19:13', '2024-09-28 21:19:13'),
	('c53dd7917e63', NULL, 'S', 'Sonstiges', '#ECECEC', '1', '25a82475e0b7', 'a575cf53e25d', '2024-09-28 21:37:36', '2024-09-28 21:38:28'),
	('e2462425ce4e', '518df7ff2cfb', 'RF', 'Roter Faden', '#FD7A7A', '1', '25a82475e0b7', '8356cff9d454', '2024-09-28 21:19:13', '2024-09-28 22:05:50'),
	('6403591fa3a6', 'fd476c982866', 'A', 'Ausbildung', '#90B7E4', '1', '25a82475e0b7', 'ce3c897f5ac5', '2024-09-28 21:19:13', '2024-09-28 22:06:49'),
	('d361e4692d5a', NULL, 'GS', 'Gruppenstunde', '#4DBB52', '1', '25a82475e0b7', '82ea1252f06c', '2024-09-28 21:36:15', '2024-09-28 22:08:31'),
	('c345f18d457c', NULL, 'E', 'LS+T erleben', '#FF9800', '1', '25a82475e0b7', '5581103f6eb4', '2024-09-28 21:31:59', '2024-09-28 23:53:43');



INSERT INTO public.activity (id, title, location, campid, categoryid, rootcontentnodeid, createtime, updatetime, progresslabelid) VALUES
	('c13b91f0e465', 'nisi', 'Quidem ut sunt et quidem est accusamus aut nemo.', '6430aecc5422', 'cf2586caa87c', '63ad36c59b9e', '2022-01-23 16:19:10', '2022-01-23 16:19:10', NULL),
	('d3cfa12d19f2', 'iure', 'Cum culpa rem aut rerum.', 'e5027d852487', 'dbc3fbcc684c', 'c9ebda9090f5', '2022-01-23 16:19:10', '2022-01-23 16:19:10', NULL),
	('f99efc21a720', 'Abschluss geländegame', '', '3c79b99ab424', 'a023e85227ac', 'c853362152a3', '2023-08-08 08:18:57', '2023-08-08 08:18:57', NULL),
	('e7d3c4243a60', 'Lagerbau', '', '3c79b99ab424', 'dfa531302823', '1fb9a0ad40f3', '2023-08-08 08:21:21', '2023-08-08 08:21:21', NULL),
	('19bad783376d', 'Essen zurückerobern', '', '3c79b99ab424', 'dfa531302823', 'b0c8b778a768', '2023-08-08 08:21:54', '2023-08-08 08:21:54', NULL),
	('cb40dd913e07', 'Bi-Pi Feuer', '', '3c79b99ab424', 'dfa531302823', 'b7d17f628d0f', '2023-08-08 08:22:41', '2023-08-08 08:22:41', NULL),
	('c16fcb5fc83b', 'Heimreise', '', '3c79b99ab424', 'dfa531302823', '5603229c4bbc', '2023-08-08 08:22:57', '2023-08-08 08:22:57', NULL),
	('23e7e54de04c', 'Pfadiversprechen', '', '3c79b99ab424', '1a869b162875', '6546d644c3fc', '2023-08-08 08:23:23', '2023-08-08 08:23:23', NULL),
	('ffd08c52288c', 'Stadtgame', 'Oerlikon', '3c79b99ab424', 'a023e85227ac', 'b255329fab68', '2023-08-08 08:17:36', '2023-08-08 08:24:32', '0dfbeb246ea8'),
	('f72cf8aaed17', 'Anreise', '', '3c79b99ab424', 'dfa531302823', '8152b8296000', '2023-08-08 08:19:25', '2023-08-08 08:25:31', '332e0c387141'),
	('727afdc7407a', 'Lagerbau', '', '3c79b99ab424', '1a869b162875', 'eb47e1360222', '2023-08-08 08:23:10', '2023-08-08 08:29:22', '0dfbeb246ea8'),
	('1d8bff7d2f86', 'Takeoff', '', '3c79b99ab424', 'dfa531302823', '8bb664e5b7fe', '2023-08-08 08:19:40', '2023-08-08 08:34:39', '82547049ea38'),
	('136454f62f6c', 'Flugzeugabsturz', '', '3c79b99ab424', 'dfa531302823', '0e0b0bd06918', '2023-08-08 08:19:55', '2023-08-08 08:35:20', '332e0c387141'),
	('63ad6efc7613', 'Morgenturnen', '', '3c79b99ab424', 'a023e85227ac', '5d44c3fc49b9', '2023-08-08 08:16:48', '2023-08-08 08:39:31', '0dfbeb246ea8'),
	('a1f1a250174e', 'Angriff der Aborigines', '', '3c79b99ab424', 'a023e85227ac', '781de880638a', '2023-08-08 08:18:24', '2023-08-08 08:43:31', '82547049ea38'),
	('bb9111fcab18', 'Pfadiversprechen', '', '3c79b99ab424', 'dfa531302823', 'cf560e560929', '2023-08-08 08:21:34', '2023-08-08 08:49:03', '332e0c387141'),
	('fc2a7692d8ee', 'Atelier', '', '3c79b99ab424', 'dfa531302823', 'e69bd9f304b5', '2023-08-08 08:22:11', '2023-08-08 08:55:36', '6760badb685b'),
	('12616670c53f', 'Vorbereitung Bi-Pi Feuer', '', '3c79b99ab424', 'dfa531302823', 'e45eff01e7c1', '2023-08-08 08:22:29', '2023-08-08 09:05:22', '82547049ea38'),
	('130f9a87373b', 'Lagerabbau', '', '3c79b99ab424', '1a869b162875', '0cc124cdd9f6', '2023-08-08 08:23:36', '2023-08-08 09:10:42', '82547049ea38'),
	('67c5baafae86', 'Zmittag', '', '6973c230d6b1', '0aa473d50266', 'f25f4bc3d7bd', '2023-08-08 09:49:23', '2023-08-08 09:49:23', NULL),
	('b583c998b8cd', 'Zmorge', '', '6973c230d6b1', '0aa473d50266', '6fb71d916699', '2023-08-08 09:51:29', '2023-08-08 09:51:29', NULL),
	('01edc626adcd', 'Znacht', '', '6973c230d6b1', '0aa473d50266', '9ca2281b0cb1', '2023-08-08 09:52:49', '2023-08-08 09:52:49', NULL),
	('3761a6f8a5f6', 'Morgefit', '', '6973c230d6b1', 'd7dfd3fdc611', '4539b072a292', '2023-08-08 09:54:27', '2023-08-08 09:54:27', NULL),
	('b4136aea47a6', 'Morgefit', '', '6973c230d6b1', 'd7dfd3fdc611', '9801114692ff', '2023-08-08 09:54:32', '2023-08-08 09:54:32', NULL),
	('6b7301ee3a6f', 'Morgefit', '', '6973c230d6b1', 'd7dfd3fdc611', '94d14ec8e943', '2023-08-08 09:54:37', '2023-08-08 09:54:37', NULL),
	('bdbac7fdeced', 'Morgefit', '', '6973c230d6b1', 'd7dfd3fdc611', '94b4567ba226', '2023-08-08 09:54:41', '2023-08-08 09:54:41', NULL),
	('5b0623bc5bca', 'Horkrux', '', '6973c230d6b1', 'd7dfd3fdc611', 'd5c9023c2062', '2023-08-08 09:56:01', '2023-08-08 09:56:01', NULL),
	('bea0f3494e6f', 'SpoBlo', '', '6973c230d6b1', 'd7dfd3fdc611', 'd56e854fde29', '2023-08-08 09:56:45', '2023-08-08 09:56:45', NULL),
	('eb5e6909b469', 'Trolle bekämpfen', '', '6973c230d6b1', 'd7dfd3fdc611', 'af53f5935834', '2023-08-08 10:11:42', '2023-08-08 10:11:42', NULL),
	('1cdca8c3c7f4', 'Quidditch finale', '', '6973c230d6b1', 'd7dfd3fdc611', '95bc7e0ad749', '2023-08-08 10:13:58', '2023-08-08 10:13:58', NULL),
	('962c11ecba16', 'Endgame Kampf gegen Voldemort', '', '6973c230d6b1', 'd7dfd3fdc611', 'e10d7ebf7f78', '2023-08-08 10:14:26', '2023-08-08 10:14:26', NULL),
	('fcb508f1ed22', 'Newgames', '', '6973c230d6b1', 'd7dfd3fdc611', '893281692013', '2023-08-08 10:14:57', '2023-08-08 10:14:57', NULL),
	('570e2b1facd0', 'Essen', '', '3c79b99ab424', 'ebfd46a1c181', 'd031de84c3a2', '2023-08-08 08:14:46', '2023-08-08 08:14:46', NULL),
	('77f803f195b7', 'Essen', '', '3c79b99ab424', 'ebfd46a1c181', 'a5ba4c9a7765', '2023-08-08 08:15:06', '2023-08-08 08:15:06', NULL),
	('86fc828f15e4', 'Essen', '', '3c79b99ab424', 'ebfd46a1c181', 'f4cf9e6a1e2c', '2023-08-08 08:15:24', '2023-08-08 08:15:24', NULL),
	('a70891fae871', 'Essen', '', '3c79b99ab424', 'ebfd46a1c181', '36b24a3cca6c', '2023-08-08 08:15:37', '2023-08-08 08:15:37', NULL),
	('71fe21d68351', 'Essen', '', '3c79b99ab424', 'ebfd46a1c181', '418fcc3f761b', '2023-08-08 08:15:52', '2023-08-08 08:15:52', NULL),
	('f20f80f0a2b5', 'Essen', '', '3c79b99ab424', 'ebfd46a1c181', 'a3ddc9c226b0', '2023-08-08 08:16:01', '2023-08-08 08:16:01', NULL),
	('b51c768b1965', 'Essen', '', '3c79b99ab424', 'ebfd46a1c181', '3cf6219fd376', '2023-08-08 08:16:10', '2023-08-08 08:16:10', NULL),
	('5d1f5c1be758', 'Essen', '', '3c79b99ab424', 'ebfd46a1c181', '935894d423cf', '2023-08-08 08:16:22', '2023-08-08 08:16:22', NULL),
	('74755eca6018', 'Essen', '', '3c79b99ab424', 'ebfd46a1c181', '0976d3f311ac', '2023-08-08 08:16:29', '2023-08-08 08:16:29', NULL),
	('f0daf363451d', 'Morgenturnen', '', '3c79b99ab424', 'a023e85227ac', '8d31960310f3', '2023-08-08 08:16:54', '2023-08-08 08:16:54', NULL),
	('d0f1af66fb94', 'Morgenturnen', '', '3c79b99ab424', 'a023e85227ac', '9cef02bbc62f', '2023-08-08 08:17:01', '2023-08-08 08:17:01', NULL),
	('fac85f8a8628', 'Totto Lotto', '', '6973c230d6b1', '8f18191a3125', 'a76b06c3bb55', '2023-08-08 10:15:26', '2023-08-08 10:15:37', NULL),
	('9a67ce62283b', 'Atelier', '', '6973c230d6b1', 'e7559fc16388', 'df1b0979357a', '2023-08-08 10:17:07', '2023-08-08 10:17:13', NULL),
	('9b82ba852386', 'Lagerabbau', '', '6973c230d6b1', 'e7559fc16388', '3b2c006e285c', '2023-08-08 10:18:16', '2023-08-08 10:18:16', NULL),
	('97cc0fcc1f95', 'Lagerabbau', '', '6973c230d6b1', 'e7559fc16388', '04f8d9ac0e54', '2023-08-08 10:18:24', '2023-08-08 10:18:24', NULL),
	('192e9584e2da', 'Fähnliabend Pfadis', '', '6973c230d6b1', '8f18191a3125', '04b830860487', '2023-08-08 10:21:40', '2023-08-08 10:21:40', NULL),
	('f5cb06b8144a', 'LA Lagerbau', 'Lagerplatz', '6973c230d6b1', 'e7559fc16388', '40dad30f1f06', '2023-08-08 10:15:50', '2023-08-08 12:53:57', '91b4aac8f356'),
	('61e2184bb989', 'Sportblock', '', '6973c230d6b1', 'd7dfd3fdc611', '055bc74bad55', '2023-08-08 09:55:13', '2023-08-08 13:05:46', '91b4aac8f356'),
	('74a794949abe', 'Morgefit', '', '6973c230d6b1', 'd7dfd3fdc611', '9e7cd70bbff1', '2023-08-08 09:53:49', '2023-08-08 13:07:59', '91b4aac8f356'),
	('8b6d14842399', 'Quidditch', '', '6973c230d6b1', 'd7dfd3fdc611', '808938f16fc8', '2023-08-08 09:55:35', '2023-08-08 13:18:02', 'ec11662e0149'),
	('dad3a644bdfa', 'Grundlagen Zaubertränke', '', '6973c230d6b1', '8f18191a3125', '0e6163bf956e', '2023-08-08 10:19:57', '2023-08-08 13:20:17', '5878366bd748'),
	('87152d51627b', 'Silent Disco', '', '6973c230d6b1', 'd7dfd3fdc611', '7095586488d0', '2023-08-08 09:56:21', '2023-08-08 13:24:25', 'ec11662e0149'),
	('e0f6fead1630', 'Morgefit', '', '6973c230d6b1', 'd7dfd3fdc611', '544d4ea12726', '2023-08-08 09:54:05', '2023-08-08 13:26:56', '91b4aac8f356'),
	('d9df1b13ec15', 'SpezEx Erste Hilfe', '', '6973c230d6b1', 'e7559fc16388', '2b379e00b5ae', '2023-08-08 10:17:52', '2023-08-08 13:29:53', 'c5fc44b40e80'),
	('9888ec1f74c3', 'Besuch bei Hagrid', '', '6973c230d6b1', '8f18191a3125', 'c49b40c66692', '2023-08-08 10:20:31', '2023-08-08 13:29:58', '5878366bd748'),
	('40564010a85d', 'Spieleabend im Gemeinschaftsraum', '', '6973c230d6b1', '8f18191a3125', '01eee1362ca4', '2023-08-08 10:20:55', '2023-08-08 13:34:29', '5878366bd748'),
	('57cabdd735e4', 'Morgefit', '', '6973c230d6b1', 'd7dfd3fdc611', '190375b61413', '2023-08-08 09:54:22', '2023-08-08 13:35:10', 'c5fc44b40e80'),
	('0d3a28d71926', 'Hajk Flucht vor den Dementoren', '', '6973c230d6b1', 'd7dfd3fdc611', '1f8a891c1ad8', '2023-08-08 10:12:15', '2023-08-08 13:36:55', '91b4aac8f356'),
	('032b6437545d', 'Fühlsch mi Gspürsch mi', '', '6973c230d6b1', '8f18191a3125', 'ac4d1c2c2e1d', '2023-08-08 10:21:16', '2023-08-08 13:39:54', 'ec11662e0149'),
	('c1ca9cec785c', 'Vorbereitung Abschlussabend', '', '6973c230d6b1', '8f18191a3125', 'cbaf83653715', '2023-08-08 10:22:12', '2023-08-08 10:22:12', NULL),
	('e573fd958e04', 'Spieleturnier', '', '6973c230d6b1', 'd7dfd3fdc611', 'bcc4998d2eae', '2023-08-08 10:24:56', '2023-11-12 14:32:22', NULL),
	('1b7646db8f73', 'Nachsitzen bei Snape', '', '6973c230d6b1', '8f18191a3125', '2040a886a0fe', '2023-08-08 10:30:47', '2023-08-08 10:30:47', NULL),
	('103f7456a1c9', 'Einbruch Verbotene Abteilung', '', '6973c230d6b1', '8f18191a3125', 'b3b06ed47e3b', '2023-08-08 10:31:35', '2023-08-08 10:31:35', NULL),
	('0a55eff07825', 'Beginn & Anreise', '', '6973c230d6b1', '8f18191a3125', '28d1320a12cc', '2023-08-08 09:53:21', '2023-08-08 12:50:27', 'ec11662e0149'),
	('0df7353512a1', 'Newgames neben Lagerbau', 'Spielwiese', '6973c230d6b1', 'd7dfd3fdc611', '9b05b63b109e', '2023-08-08 10:16:36', '2023-08-08 13:03:20', '5878366bd748'),
	('ee42816874f4', 'Wasserspiele in Badi', '', '6973c230d6b1', 'd7dfd3fdc611', 'dece09ab0223', '2023-08-08 10:13:31', '2023-08-08 13:39:05', '5878366bd748'),
	('3d1e5c91ceb2', 'Frühstück', 'Baumhaus', '9c2447aefe38', '1573d6aa833b', '9ee138de38d1', '2023-08-12 18:00:14', '2023-08-12 18:00:26', '82facb33f552'),
	('eec64642ee9e', 'Mittagessen', 'Atomschutzbunker', '9c2447aefe38', '1573d6aa833b', '9846c16a51f8', '2023-08-12 18:01:46', '2023-08-12 18:01:46', NULL),
	('a7908cf472c6', 'Midnight Snack', 'Moon', '9c2447aefe38', '1573d6aa833b', '154666c4f0d3', '2023-08-12 18:09:07', '2023-08-12 18:09:07', NULL),
	('7fdc3e341b71', 'Golf mit Kevin (Optional)', 'Golfplatz 3', '9c2447aefe38', '0e68ebf6246b', '6df3f26910df', '2023-08-12 18:14:03', '2023-08-12 19:15:43', '82facb33f552'),
	('83c3327183f3', 'Johns casual Run', 'Pilatus', '9c2447aefe38', '664685d4f70d', '7aa7ced7211f', '2023-08-12 18:16:40', '2023-08-12 19:16:14', '82facb33f552'),
	('bba8f7342631', 'Flower Things', 'Garden', '9c2447aefe38', '296b503f509a', 'f8af96f04bc8', '2023-08-12 18:19:11', '2023-08-12 18:19:11', NULL),
	('35274d110bf2', 'Very Sport', 'Sportplatz', '9c2447aefe38', 'b7721601a682', '88bb1d142aca', '2023-08-12 18:27:22', '2023-08-12 18:27:22', NULL),
	('8e48cffd2054', 'Band Practice', 'Studio', '9c2447aefe38', '25500127b3c7', 'e9ec0da89d2c', '2023-08-12 18:28:16', '2023-08-12 18:28:16', NULL),
	('87374bd06bcf', 'Do the Thing', 'Here', '9c2447aefe38', '08d980d19c77', '4b5f5f327ef3', '2023-08-12 18:31:47', '2023-08-12 18:31:47', NULL),
	('eeac01201e14', 'Macarena', 'Anywhere', '9c2447aefe38', 'c5e1bc565094', 'b288dfb4f786', '2023-08-12 18:33:21', '2023-08-12 18:33:21', NULL),
	('4b4cc65d0cb9', 'Blachen zerreissen', 'Sarasani', '9c2447aefe38', '2d384fe45589', 'e3344c9ca3cf', '2023-08-12 18:36:20', '2023-08-12 18:36:20', NULL),
	('6bc8ce942cab', 'Blachen zerreissen', 'Sarasani', '9c2447aefe38', '2d384fe45589', '20ed0b8eb618', '2023-08-12 18:38:52', '2023-08-12 18:38:52', NULL),
	('c20c7cae83c0', 'Monday Walk', 'Trail', '9c2447aefe38', '87fe2eb3d112', 'c8540c7cff9a', '2023-08-12 18:22:36', '2023-08-12 19:15:23', '12ba04938d96'),
	('3d1127906db5', 'Dancing on the Moon', 'Moon (Obviously)', '9c2447aefe38', 'c5e1bc565094', '4d667e2f8fb9', '2023-08-12 18:30:00', '2023-08-12 19:16:29', '6985410bf1c2'),
	('5afa0c149a17', 'Abendessen', 'International Space Station', '9c2447aefe38', '1573d6aa833b', 'c4cc88ebf403', '2023-08-12 18:06:35', '2023-08-12 19:16:46', '82facb33f552'),
	('a9ffcb68206e', 'Nachtruhe', 'Bett', '0969e3c95dfc', '658e4be85031', 'fff09d43aa3b', '2023-08-13 06:39:31', '2023-08-13 06:39:31', NULL),
	('5131e8aace13', 'Spielturnier', '', '0969e3c95dfc', '32644f28fa96', '0639e34b166c', '2023-08-13 06:40:43', '2023-08-13 06:40:43', NULL),
	('cb805d8058aa', 'Leitersitzung', '', '0969e3c95dfc', '23ffea68cd6d', 'd70aab3f5cdf', '2023-08-13 10:02:36', '2023-08-13 10:02:36', NULL),
	('d1ddde42bbfe', 'Die geheimnisvolle Kristallhöhle', '', '0969e3c95dfc', '6e82ac118767', 'e0159ce20e90', '2023-08-13 10:08:27', '2023-08-13 10:08:27', NULL),
	('de32567f1707', 'Jedi-Weisheit', '', '0969e3c95dfc', '088f1c8929cf', '5e79056873f5', '2023-08-13 10:10:33', '2023-08-13 10:10:33', NULL),
	('54bfe888a3f5', 'Der Angriff auf den Todesstern', '', '0969e3c95dfc', '6e82ac118767', '898048276b16', '2023-08-13 10:13:55', '2023-08-13 10:13:55', NULL),
	('8b78d418b5ca', 'Frühstück', '', '0969e3c95dfc', 'c121fd9a2f37', '584a86a56d3f', '2023-08-13 06:35:22', '2023-08-13 10:31:58', '113cb45f8e9d'),
	('4267794b0d75', 'Mittagessen', '', '0969e3c95dfc', 'c121fd9a2f37', 'bb7cd2c2b085', '2023-08-13 06:36:26', '2023-08-13 10:32:06', '113cb45f8e9d'),
	('f7edd89794b7', 'Abendessen', '', '0969e3c95dfc', 'c121fd9a2f37', '4f8a50e501de', '2023-08-13 06:37:10', '2023-08-13 10:32:11', '113cb45f8e9d'),
	('877b3aaf398e', 'Lichtschwert-Training', '', '0969e3c95dfc', '2fe542abe052', 'f34d737a15b1', '2023-08-13 10:04:35', '2023-08-13 10:32:37', 'baf7c6d4baa7'),
	('2bfcbc675dd0', 'Ämtli', '', '0969e3c95dfc', '3707ce73ad51', 'eb8b64a48a56', '2023-08-13 09:57:08', '2023-08-13 10:32:46', '6e0aa870a845'),
	('ff671ed8258e', 'Allianz der Rebellen', '', '0969e3c95dfc', '088f1c8929cf', '09ead4386a10', '2023-08-13 10:14:43', '2023-08-13 10:33:36', 'd7755da593b5'),
	('4ceef9835dfa', 'Raumschiff-Flugsimulation', '', '0969e3c95dfc', '2fe542abe052', '89e223873470', '2023-08-13 10:12:36', '2023-08-13 10:33:48', 'baf7c6d4baa7'),
	('07d5a46c4293', 'Macht und Verantwortung', '', '0969e3c95dfc', '088f1c8929cf', '2fbbddf153bc', '2023-08-13 10:22:08', '2023-08-13 10:33:59', '113cb45f8e9d'),
	('933b2256174d', 'Sith-Kräfte und Macht-Training', '', '0969e3c95dfc', '2fe542abe052', '1922799a90f6', '2023-08-13 10:20:55', '2023-08-13 10:34:09', '6e0aa870a845'),
	('2651acf4611a', 'Die Verlockung der Dunklen Seite', '', '0969e3c95dfc', '6e82ac118767', '20dee4b1d1ce', '2023-08-13 10:19:17', '2023-08-13 10:34:18', '113cb45f8e9d'),
	('4021468211dd', 'Lagerfeuer', '', '0969e3c95dfc', '32644f28fa96', 'beba1a1f93fe', '2023-08-13 07:03:10', '2023-08-13 10:34:31', '113cb45f8e9d'),
	('82512e393d2d', 'Galactic Celebration', '', '0969e3c95dfc', '32644f28fa96', '62678544ab73', '2023-08-13 07:05:51', '2023-08-13 10:34:41', '6e0aa870a845'),
	('b29d387cc403', 'Skifahren auf dem Berg', 'Auf dem Berg', '70ca971c992f', '89a2e0ad0ab5', '335448226d2a', '2023-09-29 23:59:20', '2023-09-29 23:59:39', 'af92782262d7'),
	('a13fadc97610', 'Snowboardfahren', 'Auf dem Anderen Berg', '70ca971c992f', 'eddb2cd8cee0', '160f007bd04f', '2023-09-30 01:03:41', '2023-09-30 01:04:24', 'af92782262d7'),
	('05c36faf1dd7', 'SpezEx Erste Hilfe', '', '6973c230d6b1', 'e7559fc16388', '1288c093ea45', '2023-08-08 10:25:47', '2023-11-12 14:32:03', 'ec11662e0149'),
	('fdbb59fec14e', 'Insel erkunden', '', '3c79b99ab424', 'a023e85227ac', 'ab0b4ad408ed', '2023-11-12 14:49:59', '2023-11-12 14:49:59', NULL),
	('96285541cd32', 'Zmittag', '', '5d28f99890bc', '98f686a32238', '3b061abcbdc8', '2023-08-08 09:49:23', '2023-08-08 09:49:23', NULL),
	('1c0ba134ee6b', 'Zmorge', '', '5d28f99890bc', '98f686a32238', '82a15d418391', '2023-08-08 09:51:29', '2023-08-08 09:51:29', NULL),
	('c7d2923bfefb', 'Znacht', '', '5d28f99890bc', '98f686a32238', 'f8752e69a851', '2023-08-08 09:52:49', '2023-08-08 09:52:49', NULL),
	('b16f518b9c59', 'Morgefit', '', '5d28f99890bc', 'fd476c982866', '873190b3bc7d', '2023-08-08 09:54:27', '2023-08-08 09:54:27', NULL),
	('d0532df1021e', 'Morgefit', '', '5d28f99890bc', 'fd476c982866', '0b1293a027bb', '2023-08-08 09:54:32', '2023-08-08 09:54:32', NULL),
	('2e9c7bdba0e9', 'Morgefit', '', '5d28f99890bc', 'fd476c982866', 'd19401fcb194', '2023-08-08 09:54:37', '2023-08-08 09:54:37', NULL),
	('e918bb1287b1', 'Morgefit', '', '5d28f99890bc', 'fd476c982866', '87c416512162', '2023-08-08 09:54:41', '2023-08-08 09:54:41', NULL),
	('d7c4dc4e8245', 'Horkrux', '', '5d28f99890bc', 'fd476c982866', '28b2c881087c', '2023-08-08 09:56:01', '2023-08-08 09:56:01', NULL),
	('c173b29dad32', 'SpoBlo', '', '5d28f99890bc', 'fd476c982866', '09dc148c88c3', '2023-08-08 09:56:45', '2023-08-08 09:56:45', NULL),
	('a540bbed36ab', 'Trolle bekämpfen', '', '5d28f99890bc', 'fd476c982866', '40dd3e9457d6', '2023-08-08 10:11:42', '2023-08-08 10:11:42', NULL),
	('3da0fef3326e', 'Quidditch finale', '', '5d28f99890bc', 'fd476c982866', '2c3830024da1', '2023-08-08 10:13:58', '2023-08-08 10:13:58', NULL),
	('8b18d2d4d436', 'Endgame Kampf gegen Voldemort', '', '5d28f99890bc', 'fd476c982866', 'ad0d42c70368', '2023-08-08 10:14:26', '2023-08-08 10:14:26', NULL),
	('dfb91a4d9b18', 'Newgames', '', '5d28f99890bc', 'fd476c982866', 'aa1fbba3f877', '2023-08-08 10:14:57', '2023-08-08 10:14:57', NULL),
	('81b993600c3f', 'Totto Lotto', '', '5d28f99890bc', '518df7ff2cfb', '1bee9e7a94a9', '2023-08-08 10:15:26', '2023-08-08 10:15:37', NULL),
	('75b400aec63c', 'Atelier', '', '5d28f99890bc', '33287493d1c1', '4bd0b0f3f3a6', '2023-08-08 10:17:07', '2023-08-08 10:17:13', NULL),
	('fe6c1a3c12a1', 'Lagerabbau', '', '5d28f99890bc', '33287493d1c1', 'd84535201db8', '2023-08-08 10:18:16', '2023-08-08 10:18:16', NULL),
	('7c8bbb9a5946', 'Lagerabbau', '', '5d28f99890bc', '33287493d1c1', '1e95f99300b6', '2023-08-08 10:18:24', '2023-08-08 10:18:24', NULL),
	('ad2ec31ae7a5', 'Fähnliabend Pfadis', '', '5d28f99890bc', '518df7ff2cfb', '80f56c759496', '2023-08-08 10:21:40', '2023-08-08 10:21:40', NULL),
	('8bd29263d33a', 'LA Lagerbau', 'Lagerplatz', '5d28f99890bc', '33287493d1c1', 'c7a7558a5120', '2023-08-08 10:15:50', '2023-08-08 12:53:57', 'de866d6696aa'),
	('df771fa5f4aa', 'Sportblock', '', '5d28f99890bc', 'fd476c982866', 'c0a6d4cf0ebc', '2023-08-08 09:55:13', '2023-08-08 13:05:46', 'de866d6696aa'),
	('85bb1677e32f', 'Morgefit', '', '5d28f99890bc', 'fd476c982866', '8371c12ee053', '2023-08-08 09:53:49', '2023-08-08 13:07:59', 'de866d6696aa'),
	('ad4da17161d9', 'Quidditch', '', '5d28f99890bc', 'fd476c982866', '894fb1deeae4', '2023-08-08 09:55:35', '2023-08-08 13:18:02', 'e78a915b0771'),
	('7ba5ae8ddf20', 'Grundlagen Zaubertränke', '', '5d28f99890bc', '518df7ff2cfb', '6bab443ef52d', '2023-08-08 10:19:57', '2023-08-08 13:20:17', 'da4d05db108e'),
	('d74b28de5f70', 'Silent Disco', '', '5d28f99890bc', 'fd476c982866', '9e6da5607ba0', '2023-08-08 09:56:21', '2023-08-08 13:24:25', 'e78a915b0771'),
	('100dc5175796', 'Morgefit', '', '5d28f99890bc', 'fd476c982866', '4e70c2f6c206', '2023-08-08 09:54:05', '2023-08-08 13:26:56', 'de866d6696aa'),
	('7814aa132fce', 'SpezEx Erste Hilfe', '', '5d28f99890bc', '33287493d1c1', 'b87ef76bcb88', '2023-08-08 10:17:52', '2023-08-08 13:29:53', '016d7278966a'),
	('9c2464d15868', 'Besuch bei Hagrid', '', '5d28f99890bc', '518df7ff2cfb', 'b2140367dd1c', '2023-08-08 10:20:31', '2023-08-08 13:29:58', 'da4d05db108e'),
	('decbda3ce0fa', 'Spieleabend im Gemeinschaftsraum', '', '5d28f99890bc', '518df7ff2cfb', '680095ff1e78', '2023-08-08 10:20:55', '2023-08-08 13:34:29', 'da4d05db108e'),
	('5331a674042e', 'Morgefit', '', '5d28f99890bc', 'fd476c982866', '09b19f627429', '2023-08-08 09:54:22', '2023-08-08 13:35:10', '016d7278966a'),
	('e781c2558f5f', 'Hajk Flucht vor den Dementoren', '', '5d28f99890bc', 'fd476c982866', '2df77b3f0723', '2023-08-08 10:12:15', '2023-08-08 13:36:55', 'de866d6696aa'),
	('820cf7c77c1f', 'Fühlsch mi Gspürsch mi', '', '5d28f99890bc', '518df7ff2cfb', '605686add6db', '2023-08-08 10:21:16', '2023-08-08 13:39:54', 'e78a915b0771'),
	('66243b51db3b', 'Vorbereitung Abschlussabend', '', '5d28f99890bc', '518df7ff2cfb', 'fcb048b79244', '2023-08-08 10:22:12', '2023-08-08 10:22:12', NULL),
	('70cf53233d11', 'Spieleturnier', '', '5d28f99890bc', 'fd476c982866', '5a6917af2f55', '2023-08-08 10:24:56', '2023-11-12 14:32:22', NULL),
	('5b592f4f4da8', 'Nachsitzen bei Snape', '', '5d28f99890bc', '518df7ff2cfb', '4488a8669ebf', '2023-08-08 10:30:47', '2023-08-08 10:30:47', NULL),
	('8c1c703d901d', 'Einbruch Verbotene Abteilung', '', '5d28f99890bc', '518df7ff2cfb', 'e09a8713b583', '2023-08-08 10:31:35', '2023-08-08 10:31:35', NULL),
	('633f1d93c6f7', 'Beginn & Anreise', '', '5d28f99890bc', '518df7ff2cfb', '801a718813bc', '2023-08-08 09:53:21', '2023-08-08 12:50:27', 'e78a915b0771'),
	('38d1a410480e', 'Newgames neben Lagerbau', 'Spielwiese', '5d28f99890bc', 'fd476c982866', 'e5c1d6082dfb', '2023-08-08 10:16:36', '2023-08-08 13:03:20', 'da4d05db108e'),
	('1d1fd1b415b5', 'Wasserspiele in Badi', '', '5d28f99890bc', 'fd476c982866', '2ebe68599e3f', '2023-08-08 10:13:31', '2023-08-08 13:39:05', 'da4d05db108e'),
	('8f90766d94d1', 'SpezEx Erste Hilfe', '', '5d28f99890bc', '33287493d1c1', '598946669198', '2023-08-08 10:25:47', '2023-11-12 14:32:03', 'e78a915b0771');



INSERT INTO public.camp_collaboration (id, inviteemail, invitekeyhash, status, role, createtime, updatetime, userid, campid, color, abbreviation) VALUES
	('237abf0bd057', 'e.mail2@test.com', 'myInviteKey2', 'invited', 'member', '2022-01-23 16:19:10', '2022-01-23 16:19:10', NULL, '6430aecc5422', NULL, NULL),
	('0e524d43e799', NULL, NULL, 'established', 'manager', '2022-01-23 16:19:10', '2022-01-23 16:19:10', 'e7b00084dabf', '6430aecc5422', NULL, NULL),
	('2c313fa367b3', NULL, NULL, 'established', 'manager', '2022-01-23 16:19:10', '2022-01-23 16:19:10', '3b41dca5c568', 'e5027d852487', NULL, NULL),
	('2b3cf1ce6341', 'x@z.com', 'd12ntPWBK0qmPxfMGg/QRWh98XE=', 'invited', 'member', '2023-08-08 08:03:06', '2023-08-08 08:03:06', NULL, '3c79b99ab424', NULL, NULL),
	('dba39edd9910', NULL, NULL, 'established', 'member', '2023-08-08 07:59:24', '2023-08-08 08:11:28', 'bee7cf5b3871', '3c79b99ab424', NULL, NULL),
	('c88fd78c90ea', NULL, NULL, 'established', 'manager', '2023-08-08 07:58:53', '2023-08-08 08:12:12', 'caeba9f7e728', '3c79b99ab424', NULL, NULL),
	('5111b2972441', 'inactive@test.com', 'Vazgl+0DsuUKrcTezKxA+KmBgOA=', 'inactive', 'member', '2023-08-08 07:59:53', '2023-08-08 09:18:22', NULL, '3c79b99ab424', NULL, NULL),
	('68694999fa8d', NULL, NULL, 'established', 'manager', '2023-08-08 09:22:58', '2023-08-08 09:22:58', '9145944210a7', '6973c230d6b1', NULL, NULL),
	('3229d273decd', NULL, '5eO+mQd6F+AQwCITx5mV8dX9/6U=', 'invited', 'manager', '2023-08-08 09:38:27', '2023-08-08 09:43:11', '130684395770', '6973c230d6b1', NULL, NULL),
	('7cae64a7800c', 'e.mail@test.com', '7FUv2lrEcRjMbW/Nb1mTkBaAPOs=', 'invited', 'member', '2023-08-08 09:37:38', '2023-08-08 09:43:21', NULL, '6973c230d6b1', NULL, NULL),
	('878426563205', NULL, NULL, 'established', 'guest', '2023-08-08 09:36:41', '2023-08-08 09:43:52', '48f00685a292', '6973c230d6b1', NULL, NULL),
	('d27ca1d0e6e4', NULL, NULL, 'established', 'member', '2023-08-08 09:36:01', '2023-08-08 09:44:19', 'bae69a1c9fcc', '6973c230d6b1', '#ff0080', '🐈‍⬛'),
	('c463d2a19847', NULL, NULL, 'established', 'member', '2023-08-08 09:38:01', '2023-08-08 09:44:50', 'caeba9f7e728', '6973c230d6b1', NULL, 'Ca'),
	('763c0d181b63', NULL, NULL, 'established', 'manager', '2023-08-08 09:37:16', '2023-08-08 09:45:21', 'bee7cf5b3871', '6973c230d6b1', NULL, NULL),
	('b7d93b2fa1be', NULL, 'mLdsTtaGGptPYSZLUDgX8sAFO54=', 'established', 'member', '2023-08-12 19:10:49', '2023-08-12 19:10:49', 'a2f4f3879c85', '9c2447aefe38', NULL, NULL),
	('ac1cd0bcbd69', NULL, 'V30YTcBqBqs5xS7HrFM4ODRrzbw=', 'established', 'member', '2023-08-12 19:10:28', '2023-08-12 19:10:28', 'a3d9d86dc23b', '9c2447aefe38', NULL, NULL),
	('8be6d2f6f7dc', NULL, 'ru6jsdD9fODk8+p8wmI909rJPkQ=', 'established', 'manager', '2023-08-12 19:11:03', '2023-08-12 19:11:03', '566aea2c2759', '9c2447aefe38', NULL, NULL),
	('0e26982c9895', NULL, 'ao9OQRgXWBpCVaD4lGQaUFzvKwI=', 'established', 'member', '2023-08-12 19:10:14', '2023-08-12 19:10:14', 'dac7116e02ed', '9c2447aefe38', NULL, NULL),
	('b2f127cb410f', NULL, NULL, 'established', 'manager', '2023-08-13 06:32:29', '2023-08-13 06:32:29', 'dac7116e02ed', '0969e3c95dfc', NULL, NULL),
	('d806a59915f8', NULL, 'SuP47raE2s/2hGLsdBiO/icIU0E=', 'established', 'member', '2023-08-13 10:29:25', '2023-08-13 10:29:25', 'a3d9d86dc23b', '0969e3c95dfc', NULL, NULL),
	('7db6a9ffc210', NULL, 'yyXTSd6kGh7kNENlcGDeYtq4ftQ=', 'established', 'guest', '2023-08-13 10:29:47', '2023-08-13 10:29:47', 'a2f4f3879c85', '0969e3c95dfc', NULL, NULL),
	('60a470e1aff6', NULL, 'uGXywHjal9lK+rcdtRBcXh8y5qA=', 'established', 'manager', '2023-08-13 10:29:55', '2023-08-13 10:29:55', '566aea2c2759', '0969e3c95dfc', NULL, NULL),
	('d1c0a4522283', NULL, NULL, 'established', 'manager', '2023-09-29 23:24:38', '2023-09-29 23:24:38', 'dac7116e02ed', '70ca971c992f', NULL, NULL),
	('5b24ce470d9f', NULL, 'XisYzAgXUozfJA1M/y39ow8t5Vw=', 'established', 'member', '2023-09-29 23:27:54', '2023-09-29 23:27:54', 'a3d9d86dc23b', '70ca971c992f', NULL, NULL),
	('46d14f7c072c', NULL, '4KCuIMWvkGVAjSBtAnG5QcesOrI=', 'established', 'manager', '2023-09-29 23:41:30', '2023-09-29 23:41:30', 'a2f4f3879c85', '70ca971c992f', NULL, NULL),
	('b0bdb7202a9d', NULL, NULL, 'established', 'manager', '2023-08-08 07:53:12', '2023-08-08 07:53:12', '9145944210a7', '3c79b99ab424', NULL, NULL),
	('b00054c3c03e', NULL, 'XC/b4erYO0iZZTBEXOi3n/4AH9w=', 'established', 'guest', '2023-08-13 10:29:08', '2023-08-13 10:29:08', '9145944210a7', '0969e3c95dfc', NULL, NULL),
	('10d8f02ce5b4', NULL, 'n1MKxMj1RWkrcSmNfHdjUxKV3QY=', 'established', 'guest', '2023-09-29 23:25:49', '2023-09-29 23:25:49', '9145944210a7', '70ca971c992f', NULL, NULL),
	('b32db30637c8', NULL, 'AC/b4erYO0iZZTBEXOi3n/4AH9w=', 'invited', 'manager', '2023-08-12 17:41:55', '2023-08-12 17:41:55', '9145944210a7', '9c2447aefe38', NULL, NULL),
	('146c0608237f', NULL, NULL, 'established', 'manager', '2023-08-08 09:22:58', '2023-08-08 09:22:58', '9145944210a7', '5d28f99890bc', NULL, NULL),
	('4b0f654bf743', NULL, NULL, 'established', 'manager', '2023-08-08 09:38:27', '2023-08-08 09:43:11', '130684395770', '5d28f99890bc', NULL, NULL),
	('af9f868f0a48', NULL, NULL, 'established', 'guest', '2023-08-08 09:36:41', '2023-08-08 09:43:52', '48f00685a292', '5d28f99890bc', NULL, NULL),
	('83cdbbe00f85', NULL, NULL, 'established', 'member', '2023-08-08 09:36:01', '2023-08-08 09:44:19', 'bae69a1c9fcc', '5d28f99890bc', '#ff0080', '🐈‍⬛'),
	('d03003838720', NULL, NULL, 'established', 'member', '2023-08-08 09:38:01', '2023-08-08 09:44:50', 'caeba9f7e728', '5d28f99890bc', NULL, 'Ca'),
	('e64284adf2f2', NULL, NULL, 'established', 'manager', '2023-08-08 09:37:16', '2023-08-08 09:45:21', 'bee7cf5b3871', '5d28f99890bc', NULL, NULL),
	('d80ac2c1baff', NULL, NULL, 'established', 'manager', '2024-09-28 21:19:13', '2024-09-28 21:19:13', '3b41dca5c568', '25a82475e0b7', NULL, NULL);



INSERT INTO public.activity_responsible (id, createtime, updatetime, activityid, campcollaborationid) VALUES
	('c2e84a852a64', '2022-01-23 16:19:10', '2022-01-23 16:19:10', 'c13b91f0e465', '0e524d43e799'),
	('4df913eee4de', '2022-01-23 16:19:10', '2022-01-23 16:19:10', 'd3cfa12d19f2', '2c313fa367b3'),
	('8ee63b02217a', '2023-08-08 08:24:28', '2023-08-08 08:24:28', 'ffd08c52288c', '5111b2972441'),
	('dec09c47b522', '2023-08-08 08:25:38', '2023-08-08 08:25:38', 'f72cf8aaed17', 'b0bdb7202a9d'),
	('ff9af3229301', '2023-08-08 08:33:53', '2023-08-08 08:33:53', '1d8bff7d2f86', 'dba39edd9910'),
	('3cad6d83632f', '2023-08-08 08:34:47', '2023-08-08 08:34:47', '727afdc7407a', 'b0bdb7202a9d'),
	('bdbd61c4dfd9', '2023-08-08 08:36:18', '2023-08-08 08:36:18', '136454f62f6c', 'c88fd78c90ea'),
	('7c7b846117d2', '2023-08-08 08:38:25', '2023-08-08 08:38:25', '63ad6efc7613', '2b3cf1ce6341'),
	('d469feb88d27', '2023-08-08 08:39:56', '2023-08-08 08:39:56', 'e7d3c4243a60', 'b0bdb7202a9d'),
	('ea4fe9fa382a', '2023-08-08 08:43:27', '2023-08-08 08:43:27', 'a1f1a250174e', 'c88fd78c90ea'),
	('f82346f0186b', '2023-08-08 08:48:56', '2023-08-08 08:48:56', 'bb9111fcab18', '5111b2972441'),
	('04deb037a118', '2023-08-08 08:49:37', '2023-08-08 08:49:37', '19bad783376d', 'b0bdb7202a9d'),
	('dc24ee79adba', '2023-08-08 08:53:02', '2023-08-08 08:53:02', 'f0daf363451d', 'dba39edd9910'),
	('bcffba7472e1', '2023-08-08 08:54:12', '2023-08-08 08:54:12', 'fc2a7692d8ee', 'c88fd78c90ea'),
	('9cb5504b815f', '2023-08-08 08:57:17', '2023-08-08 08:57:17', '23e7e54de04c', 'b0bdb7202a9d'),
	('3cf81243a9a4', '2023-08-08 09:04:49', '2023-08-08 09:04:49', 'f99efc21a720', 'dba39edd9910'),
	('0e5ce3f315e6', '2023-08-08 09:05:18', '2023-08-08 09:05:18', '12616670c53f', 'b0bdb7202a9d'),
	('0b92ab04ea99', '2023-08-08 09:07:11', '2023-08-08 09:07:11', 'cb40dd913e07', 'b0bdb7202a9d'),
	('92aac8164d64', '2023-08-08 09:08:56', '2023-08-08 09:08:56', 'd0f1af66fb94', 'b0bdb7202a9d'),
	('fabc8238b4c3', '2023-08-08 09:10:03', '2023-08-08 09:10:03', '130f9a87373b', 'dba39edd9910'),
	('9d4c074167d0', '2023-08-08 09:11:01', '2023-08-08 09:11:01', 'c16fcb5fc83b', 'b0bdb7202a9d'),
	('6bfda88bc803', '2023-08-08 12:44:20', '2023-08-08 12:44:20', '0a55eff07825', '68694999fa8d'),
	('205bf2a76e2c', '2023-08-08 12:53:47', '2023-08-08 12:53:47', 'f5cb06b8144a', '3229d273decd'),
	('02ef4170b409', '2023-08-08 13:02:51', '2023-08-08 13:02:51', '0df7353512a1', '878426563205'),
	('4e9cef0bd421', '2023-08-08 13:05:42', '2023-08-08 13:05:42', '61e2184bb989', 'c463d2a19847'),
	('6beea6ab3095', '2023-08-08 13:07:57', '2023-08-08 13:07:57', '74a794949abe', '763c0d181b63'),
	('d246caf1686c', '2023-08-08 13:18:04', '2023-08-08 13:18:04', '8b6d14842399', '68694999fa8d'),
	('b792610d292c', '2023-08-08 13:20:15', '2023-08-08 13:20:15', 'dad3a644bdfa', 'd27ca1d0e6e4'),
	('28abde87b2bf', '2023-08-08 13:24:23', '2023-08-08 13:24:23', '87152d51627b', '68694999fa8d'),
	('d91e5889953b', '2023-08-08 13:25:39', '2023-08-08 13:25:39', '192e9584e2da', '7cae64a7800c'),
	('8508b9a8083e', '2023-08-08 13:26:53', '2023-08-08 13:26:53', 'e0f6fead1630', '763c0d181b63'),
	('cdde50dd1de6', '2023-08-08 13:27:16', '2023-08-08 13:27:16', '103f7456a1c9', 'd27ca1d0e6e4'),
	('5dcf02bf2099', '2023-08-08 13:29:37', '2023-08-08 13:29:37', '9888ec1f74c3', '878426563205'),
	('ba495af5f89f', '2023-08-08 13:29:46', '2023-08-08 13:29:46', 'd9df1b13ec15', 'c463d2a19847'),
	('9f90ab2d842c', '2023-08-08 13:33:33', '2023-08-08 13:33:33', 'bea0f3494e6f', '763c0d181b63'),
	('d1bb0a613c5f', '2023-08-08 13:34:26', '2023-08-08 13:34:26', '40564010a85d', '763c0d181b63'),
	('49dbce62c713', '2023-08-08 13:35:06', '2023-08-08 13:35:06', '57cabdd735e4', '68694999fa8d'),
	('8ef5deee3f8e', '2023-08-08 13:35:48', '2023-08-08 13:35:48', 'eb5e6909b469', '3229d273decd'),
	('fa2c85e62a83', '2023-08-08 13:36:51', '2023-08-08 13:36:51', '0d3a28d71926', 'd27ca1d0e6e4'),
	('62663793488b', '2023-08-08 13:39:01', '2023-08-08 13:39:01', 'ee42816874f4', '3229d273decd'),
	('e4f841d56600', '2023-08-08 13:39:51', '2023-08-08 13:39:51', '032b6437545d', '3229d273decd'),
	('23bd83a2fd7c', '2023-08-08 13:40:23', '2023-08-08 13:40:23', 'b4136aea47a6', 'd27ca1d0e6e4'),
	('46ef36a0037a', '2023-08-08 13:41:36', '2023-08-08 13:41:36', '1cdca8c3c7f4', '763c0d181b63'),
	('b9e71c9789a3', '2023-08-08 13:42:32', '2023-08-08 13:42:32', 'e573fd958e04', 'd27ca1d0e6e4'),
	('1bbe8d41a7e6', '2023-08-08 13:42:59', '2023-08-08 13:42:59', '05c36faf1dd7', '3229d273decd'),
	('3441a0559253', '2023-08-08 13:43:28', '2023-08-08 13:43:28', '962c11ecba16', 'c463d2a19847'),
	('39c9d4b8d860', '2023-08-12 19:15:08', '2023-08-12 19:15:08', 'bba8f7342631', 'ac1cd0bcbd69'),
	('3e7575f0af0c', '2023-08-12 19:15:09', '2023-08-12 19:15:09', 'bba8f7342631', '0e26982c9895'),
	('d7d1384417c6', '2023-08-12 19:15:13', '2023-08-12 19:15:13', '3d1e5c91ceb2', '8be6d2f6f7dc'),
	('06fc232ac5e6', '2023-08-12 19:15:16', '2023-08-12 19:15:16', 'c20c7cae83c0', 'b32db30637c8'),
	('15e72ca4b16f', '2023-08-12 19:15:20', '2023-08-12 19:15:20', 'eec64642ee9e', 'ac1cd0bcbd69'),
	('1b8e2da0c29f', '2023-08-12 19:15:44', '2023-08-12 19:15:44', '7fdc3e341b71', 'ac1cd0bcbd69'),
	('f05512115fd5', '2023-08-12 19:15:46', '2023-08-12 19:15:46', '7fdc3e341b71', '0e26982c9895'),
	('e69d6e700364', '2023-08-12 19:15:52', '2023-08-12 19:15:52', '35274d110bf2', 'b32db30637c8'),
	('88d9514b1465', '2023-08-12 19:15:53', '2023-08-12 19:15:53', '35274d110bf2', 'b7d93b2fa1be'),
	('9f81a2f9885d', '2023-08-12 19:15:59', '2023-08-12 19:15:59', 'a7908cf472c6', '0e26982c9895'),
	('3b40b6b848aa', '2023-08-12 19:16:11', '2023-08-12 19:16:11', '83c3327183f3', 'ac1cd0bcbd69'),
	('ba7dd5edb6c5', '2023-08-12 19:16:26', '2023-08-12 19:16:26', '3d1127906db5', 'ac1cd0bcbd69'),
	('9d2439dbd3d9', '2023-08-12 19:16:41', '2023-08-12 19:16:41', '5afa0c149a17', '0e26982c9895'),
	('49a0960fac63', '2023-08-12 19:16:41', '2023-08-12 19:16:41', '5afa0c149a17', '8be6d2f6f7dc'),
	('b41dd8a5ace9', '2023-08-12 19:16:41', '2023-08-12 19:16:41', '5afa0c149a17', 'ac1cd0bcbd69'),
	('78409371a75e', '2023-08-12 19:16:43', '2023-08-12 19:16:43', '5afa0c149a17', 'b7d93b2fa1be'),
	('e33d90f31bfe', '2023-08-12 19:16:44', '2023-08-12 19:16:44', '5afa0c149a17', 'b32db30637c8'),
	('5d1dc4786843', '2023-08-13 10:31:55', '2023-08-13 10:31:55', '8b78d418b5ca', '7db6a9ffc210'),
	('e1af2d41bc31', '2023-08-13 10:31:56', '2023-08-13 10:31:56', '8b78d418b5ca', 'd806a59915f8'),
	('b1d2eb254bda', '2023-08-13 10:32:14', '2023-08-13 10:32:14', 'f7edd89794b7', 'b00054c3c03e'),
	('4c003165674f', '2023-08-13 10:32:20', '2023-08-13 10:32:20', '5131e8aace13', '7db6a9ffc210'),
	('f3a565afbff3', '2023-08-13 10:32:20', '2023-08-13 10:32:20', '5131e8aace13', 'b2f127cb410f'),
	('780b5d0a1cbe', '2023-08-13 10:32:20', '2023-08-13 10:32:20', '5131e8aace13', 'b00054c3c03e'),
	('a678c79384be', '2023-08-13 10:32:29', '2023-08-13 10:32:29', '877b3aaf398e', 'b2f127cb410f'),
	('1325935678fb', '2023-08-13 10:32:32', '2023-08-13 10:32:32', '877b3aaf398e', '60a470e1aff6'),
	('b148dd194cbf', '2023-08-13 10:32:41', '2023-08-13 10:32:41', '2bfcbc675dd0', 'd806a59915f8'),
	('3131696d020b', '2023-08-13 10:32:51', '2023-08-13 10:32:51', 'de32567f1707', '7db6a9ffc210'),
	('264fee971215', '2023-08-13 10:32:52', '2023-08-13 10:32:52', 'de32567f1707', 'b00054c3c03e'),
	('713bd1a40a4b', '2023-08-13 10:33:04', '2023-08-13 10:33:04', 'a9ffcb68206e', '7db6a9ffc210'),
	('243de98c6469', '2023-08-13 10:33:05', '2023-08-13 10:33:05', 'a9ffcb68206e', 'b00054c3c03e'),
	('27ea4d4d794e', '2023-08-13 10:33:06', '2023-08-13 10:33:06', 'a9ffcb68206e', 'd806a59915f8'),
	('c4d2b38d02ed', '2023-08-13 10:33:33', '2023-08-13 10:33:33', 'ff671ed8258e', 'b2f127cb410f'),
	('642e57b0edad', '2023-08-13 10:33:44', '2023-08-13 10:33:44', '4ceef9835dfa', 'b2f127cb410f'),
	('c27271a5ec1e', '2023-08-13 10:33:46', '2023-08-13 10:33:46', '4ceef9835dfa', '60a470e1aff6'),
	('8fc1595dc6c5', '2023-08-13 10:34:01', '2023-08-13 10:34:01', '07d5a46c4293', '60a470e1aff6'),
	('538b6773077b', '2023-08-13 10:34:11', '2023-08-13 10:34:11', '933b2256174d', '7db6a9ffc210'),
	('357689b7b642', '2023-08-13 10:34:12', '2023-08-13 10:34:12', '933b2256174d', '60a470e1aff6'),
	('31dcb8c7068f', '2023-08-13 10:34:16', '2023-08-13 10:34:16', '2651acf4611a', '7db6a9ffc210'),
	('20da93fa86c2', '2023-08-13 10:34:17', '2023-08-13 10:34:17', '2651acf4611a', 'b00054c3c03e'),
	('ae25af2ceafc', '2023-08-13 10:34:29', '2023-08-13 10:34:29', '4021468211dd', 'b00054c3c03e'),
	('7902fe1e84e4', '2023-08-13 10:34:39', '2023-08-13 10:34:39', '82512e393d2d', '7db6a9ffc210'),
	('9d945848d94e', '2023-08-13 10:34:40', '2023-08-13 10:34:40', '82512e393d2d', 'b00054c3c03e'),
	('a9a760e36fd8', '2023-09-29 23:59:43', '2023-09-29 23:59:43', 'b29d387cc403', '46d14f7c072c'),
	('06743ccfeedd', '2023-09-30 01:04:16', '2023-09-30 01:04:16', 'a13fadc97610', '10d8f02ce5b4'),
	('21bc6661c569', '2023-09-30 01:04:17', '2023-09-30 01:04:17', 'a13fadc97610', '5b24ce470d9f'),
	('78b3e204ed3a', '2023-11-12 14:50:12', '2023-11-12 14:50:12', 'fdbb59fec14e', 'dba39edd9910'),
	('0086e7bc6978', '2023-08-08 12:44:20', '2023-08-08 12:44:20', '633f1d93c6f7', '146c0608237f'),
	('d2f4f04bcd29', '2023-08-08 12:53:47', '2023-08-08 12:53:47', '8bd29263d33a', '4b0f654bf743'),
	('6ad22dfe6d0b', '2023-08-08 13:02:51', '2023-08-08 13:02:51', '38d1a410480e', 'af9f868f0a48'),
	('42b1b6841def', '2023-08-08 13:05:42', '2023-08-08 13:05:42', 'df771fa5f4aa', 'd03003838720'),
	('8b1a1b9422ec', '2023-08-08 13:07:57', '2023-08-08 13:07:57', '85bb1677e32f', 'e64284adf2f2'),
	('f3fe61e30205', '2023-08-08 13:18:04', '2023-08-08 13:18:04', 'ad4da17161d9', '146c0608237f'),
	('a35b7eb5de52', '2023-08-08 13:20:15', '2023-08-08 13:20:15', '7ba5ae8ddf20', '83cdbbe00f85'),
	('fbf0cbcc987f', '2023-08-08 13:24:23', '2023-08-08 13:24:23', 'd74b28de5f70', '146c0608237f'),
	('f4dcab509e05', '2023-08-08 13:26:53', '2023-08-08 13:26:53', '100dc5175796', 'e64284adf2f2'),
	('77db0aafd3f2', '2023-08-08 13:27:16', '2023-08-08 13:27:16', '8c1c703d901d', '83cdbbe00f85'),
	('794cf800ee67', '2023-08-08 13:29:37', '2023-08-08 13:29:37', '9c2464d15868', 'af9f868f0a48'),
	('9c9b30245328', '2023-08-08 13:29:46', '2023-08-08 13:29:46', '7814aa132fce', 'd03003838720'),
	('126b45b2c272', '2023-08-08 13:33:33', '2023-08-08 13:33:33', 'c173b29dad32', 'e64284adf2f2'),
	('88a8b6956096', '2023-08-08 13:34:26', '2023-08-08 13:34:26', 'decbda3ce0fa', 'e64284adf2f2'),
	('c7dceb3e550d', '2023-08-08 13:35:06', '2023-08-08 13:35:06', '5331a674042e', '146c0608237f'),
	('3d194905101b', '2023-08-08 13:35:48', '2023-08-08 13:35:48', 'a540bbed36ab', '4b0f654bf743'),
	('5f73cc13b3f6', '2023-08-08 13:36:51', '2023-08-08 13:36:51', 'e781c2558f5f', '83cdbbe00f85'),
	('1d826261ee4b', '2023-08-08 13:39:01', '2023-08-08 13:39:01', '1d1fd1b415b5', '4b0f654bf743'),
	('e1ff09d531cc', '2023-08-08 13:39:51', '2023-08-08 13:39:51', '820cf7c77c1f', '4b0f654bf743'),
	('3c32beade044', '2023-08-08 13:40:23', '2023-08-08 13:40:23', 'd0532df1021e', '83cdbbe00f85'),
	('009114d5f5e9', '2023-08-08 13:41:36', '2023-08-08 13:41:36', '3da0fef3326e', 'e64284adf2f2'),
	('48347f331db2', '2023-08-08 13:42:32', '2023-08-08 13:42:32', '70cf53233d11', '83cdbbe00f85'),
	('d2d258cb4793', '2023-08-08 13:42:59', '2023-08-08 13:42:59', '8f90766d94d1', '4b0f654bf743'),
	('767eacd392e7', '2023-08-08 13:43:28', '2023-08-08 13:43:28', '8b18d2d4d436', 'd03003838720');



INSERT INTO public.category_contenttype (category_id, contenttype_id) VALUES
	('84b0ebdf5dc0', '44dcc7493c65'),
	('84b0ebdf5dc0', '318e064ea0c9'),
	('84b0ebdf5dc0', '4f0c657fecef'),
	('84b0ebdf5dc0', 'f17470519474'),
	('84b0ebdf5dc0', 'cfccaecd4bad'),
	('84b0ebdf5dc0', '3ef17bd1df72'),
	('84b0ebdf5dc0', '1a0f84e322c8'),
	('dbc3fbcc684c', '44dcc7493c65'),
	('dbc3fbcc684c', '318e064ea0c9'),
	('dbc3fbcc684c', '4f0c657fecef'),
	('dbc3fbcc684c', 'f17470519474'),
	('dbc3fbcc684c', 'cfccaecd4bad'),
	('dbc3fbcc684c', '3ef17bd1df72'),
	('c8a56ebb4d2a', '44dcc7493c65'),
	('c8a56ebb4d2a', '318e064ea0c9'),
	('c8a56ebb4d2a', '4f0c657fecef'),
	('c8a56ebb4d2a', 'f17470519474'),
	('c8a56ebb4d2a', 'cfccaecd4bad'),
	('c8a56ebb4d2a', '3ef17bd1df72'),
	('a023e85227ac', 'f17470519474'),
	('a023e85227ac', '3ef17bd1df72'),
	('a023e85227ac', '4f0c657fecef'),
	('a023e85227ac', '44dcc7493c65'),
	('a023e85227ac', 'cfccaecd4bad'),
	('a023e85227ac', '318e064ea0c9'),
	('1a869b162875', 'f17470519474'),
	('1a869b162875', '1a0f84e322c8'),
	('1a869b162875', '3ef17bd1df72'),
	('1a869b162875', '4f0c657fecef'),
	('1a869b162875', '44dcc7493c65'),
	('1a869b162875', 'cfccaecd4bad'),
	('1a869b162875', '318e064ea0c9'),
	('dfa531302823', 'f17470519474'),
	('dfa531302823', '3ef17bd1df72'),
	('dfa531302823', '4f0c657fecef'),
	('dfa531302823', '44dcc7493c65'),
	('dfa531302823', 'cfccaecd4bad'),
	('dfa531302823', '318e064ea0c9'),
	('d7dfd3fdc611', 'f17470519474'),
	('d7dfd3fdc611', '3ef17bd1df72'),
	('d7dfd3fdc611', '4f0c657fecef'),
	('d7dfd3fdc611', '44dcc7493c65'),
	('d7dfd3fdc611', 'cfccaecd4bad'),
	('d7dfd3fdc611', '318e064ea0c9'),
	('e7559fc16388', 'f17470519474'),
	('e7559fc16388', '1a0f84e322c8'),
	('e7559fc16388', '3ef17bd1df72'),
	('e7559fc16388', '4f0c657fecef'),
	('e7559fc16388', '44dcc7493c65'),
	('e7559fc16388', 'cfccaecd4bad'),
	('e7559fc16388', '318e064ea0c9'),
	('8f18191a3125', 'f17470519474'),
	('8f18191a3125', '3ef17bd1df72'),
	('8f18191a3125', '4f0c657fecef'),
	('8f18191a3125', '44dcc7493c65'),
	('8f18191a3125', 'cfccaecd4bad'),
	('8f18191a3125', '318e064ea0c9'),
	('b7721601a682', 'f17470519474'),
	('b7721601a682', '3ef17bd1df72'),
	('b7721601a682', '4f0c657fecef'),
	('b7721601a682', '44dcc7493c65'),
	('b7721601a682', 'cfccaecd4bad'),
	('b7721601a682', '318e064ea0c9'),
	('2d384fe45589', 'f17470519474'),
	('2d384fe45589', '1a0f84e322c8'),
	('2d384fe45589', '3ef17bd1df72'),
	('2d384fe45589', '4f0c657fecef'),
	('2d384fe45589', '44dcc7493c65'),
	('2d384fe45589', 'cfccaecd4bad'),
	('2d384fe45589', '318e064ea0c9'),
	('08d980d19c77', 'f17470519474'),
	('08d980d19c77', '3ef17bd1df72'),
	('08d980d19c77', '4f0c657fecef'),
	('08d980d19c77', '44dcc7493c65'),
	('08d980d19c77', 'cfccaecd4bad'),
	('08d980d19c77', '318e064ea0c9'),
	('2fe542abe052', 'f17470519474'),
	('2fe542abe052', '3ef17bd1df72'),
	('2fe542abe052', '4f0c657fecef'),
	('2fe542abe052', '44dcc7493c65'),
	('2fe542abe052', 'cfccaecd4bad'),
	('2fe542abe052', '318e064ea0c9'),
	('088f1c8929cf', 'f17470519474'),
	('088f1c8929cf', '1a0f84e322c8'),
	('088f1c8929cf', '3ef17bd1df72'),
	('088f1c8929cf', '4f0c657fecef'),
	('088f1c8929cf', '44dcc7493c65'),
	('088f1c8929cf', 'cfccaecd4bad'),
	('088f1c8929cf', '318e064ea0c9'),
	('a3563e14e9f6', 'f17470519474'),
	('a3563e14e9f6', '3ef17bd1df72'),
	('a3563e14e9f6', '4f0c657fecef'),
	('a3563e14e9f6', '44dcc7493c65'),
	('a3563e14e9f6', 'cfccaecd4bad'),
	('a3563e14e9f6', '318e064ea0c9'),
	('1a869b162875', 'a4211c112939'),
	('dfa531302823', 'a4211c112939'),
	('a023e85227ac', 'a4211c112939'),
	('d7dfd3fdc611', 'a4211c112939'),
	('8f18191a3125', 'a4211c112939'),
	('e7559fc16388', 'a4211c112939'),
	('fd476c982866', 'f17470519474'),
	('fd476c982866', '3ef17bd1df72'),
	('fd476c982866', '4f0c657fecef'),
	('fd476c982866', '44dcc7493c65'),
	('fd476c982866', 'cfccaecd4bad'),
	('fd476c982866', '318e064ea0c9'),
	('33287493d1c1', 'f17470519474'),
	('33287493d1c1', '1a0f84e322c8'),
	('33287493d1c1', '3ef17bd1df72'),
	('33287493d1c1', '4f0c657fecef'),
	('33287493d1c1', '44dcc7493c65'),
	('33287493d1c1', 'cfccaecd4bad'),
	('33287493d1c1', '318e064ea0c9'),
	('518df7ff2cfb', 'f17470519474'),
	('518df7ff2cfb', '3ef17bd1df72'),
	('518df7ff2cfb', '4f0c657fecef'),
	('518df7ff2cfb', '44dcc7493c65'),
	('518df7ff2cfb', 'cfccaecd4bad'),
	('518df7ff2cfb', '318e064ea0c9'),
	('fd476c982866', 'a4211c112939'),
	('518df7ff2cfb', 'a4211c112939'),
	('33287493d1c1', 'a4211c112939'),
	('e2462425ce4e', 'f17470519474'),
	('e2462425ce4e', '3ef17bd1df72'),
	('e2462425ce4e', '4f0c657fecef'),
	('e2462425ce4e', 'a4211c112939'),
	('e2462425ce4e', '44dcc7493c65'),
	('e2462425ce4e', 'cfccaecd4bad'),
	('e2462425ce4e', '318e064ea0c9'),
	('6403591fa3a6', 'f17470519474'),
	('6403591fa3a6', '3ef17bd1df72'),
	('6403591fa3a6', '4f0c657fecef'),
	('6403591fa3a6', 'a4211c112939'),
	('6403591fa3a6', '44dcc7493c65'),
	('6403591fa3a6', 'cfccaecd4bad'),
	('6403591fa3a6', '318e064ea0c9');



INSERT INTO public.checklist (id, createtime, updatetime, name, campid, isprototype) VALUES
	('000100000000', '2024-09-28 10:00:00', '2024-09-28 10:00:00', 'PBS Basiskurs Wolfsstufe', NULL, true),
	('000200000000', '2024-09-28 10:00:00', '2024-09-28 10:00:00', 'PBS Basiskurs Pfadistufe', NULL, true),
	('000300000000', '2024-09-28 10:00:00', '2024-09-28 10:00:00', 'PBS Aufbaukurs Wolfsstufe', NULL, true),
	('000400000000', '2024-09-28 10:00:00', '2024-09-28 10:00:00', 'PBS Aufbaukurs Pfadistufe', NULL, true),
	('ebbd0c61eb85', '2024-09-28 16:41:19', '2024-09-28 16:41:19', 'Ausbildungsziele', '5d28f99890bc', false);



INSERT INTO public.checklist_item (id, createtime, updatetime, text, "position", checklistid, parentid) VALUES
	('18db4adbe9b1', '2024-09-28 16:41:19', '2024-09-28 16:41:19', 'Der Kurs vermittelt den TN die Pfadigrundlagen.', 0, 'ebbd0c61eb85', NULL),
	('000100010000', '2024-09-28 10:00:00', '2024-09-28 10:00:00', 'Der Kurs vermittelt den TN die Pfadigrundlagen.', 0, '000100000000', NULL),
	('000100010001', '2024-09-28 10:00:00', '2024-09-28 10:00:00', 'Entwicklungsstand und Bedürfnisse der Kinder der Wolfsstufe', 0, '000100000000', '000100010000'),
	('000100010002', '2024-09-28 10:00:00', '2024-09-28 10:00:00', 'Wolfsstufensymbolik', 1, '000100000000', '000100010000'),
	('000100010003', '2024-09-28 10:00:00', '2024-09-28 10:00:00', 'Persönliche Auseinandersetzung mit Gesetz und Versprechen der Roverstufe', 2, '000100000000', '000100010000'),
	('000100010004', '2024-09-28 10:00:00', '2024-09-28 10:00:00', 'Bezug der Pfadigrundlagen zum Pfadialltag', 3, '000100000000', '000100010000'),
	('000100010005', '2024-09-28 10:00:00', '2024-09-28 10:00:00', 'Stufenmodell und Abgrenzung zw. Biber-, Wolfs- und Pfadistufe', 4, '000100000000', '000100010000'),
	('000100010006', '2024-09-28 10:00:00', '2024-09-28 10:00:00', 'Ausgestaltung der sieben Pfadimethoden und fünf Pfadibeziehungen auf der Wolfsstufe', 5, '000100000000', '000100010000'),
	('000100020000', '2024-09-28 10:00:00', '2024-09-28 10:00:00', 'Der Kurs bildet die TN aus, ein Programm für die Wolfsstufe zu planen, durchzuführen und auszuwerten.', 1, '000100000000', NULL),
	('000100020001', '2024-09-28 10:00:00', '2024-09-28 10:00:00', 'Einkleidung von Aktivitäten und Quartalsprogrammen', 0, '000100000000', '000100020000'),
	('000100020002', '2024-09-28 10:00:00', '2024-09-28 10:00:00', 'Methoden zur Planung, Durchführung und Auswertung von Programmen', 1, '000100000000', '000100020000'),
	('000100020003', '2024-09-28 10:00:00', '2024-09-28 10:00:00', 'Quartalsprogramm planen', 2, '000100000000', '000100020000'),
	('000100020004', '2024-09-28 10:00:00', '2024-09-28 10:00:00', 'Abenteuer als Alternative zum Quartalsprogramm und als Form der Mitbestimmung auf der Wolfsstufe', 3, '000100000000', '000100020000'),
	('000100020005', '2024-09-28 10:00:00', '2024-09-28 10:00:00', 'wesentliche Punkte beim Organisieren von Weekends', 4, '000100000000', '000100020000'),
	('000100020006', '2024-09-28 10:00:00', '2024-09-28 10:00:00', 'Planen, Durchführen und Auswerten von J+S Aktivitäten für die Wolfsstufe', 5, '000100000000', '000100020000'),
	('000100020007', '2024-09-28 10:00:00', '2024-09-28 10:00:00', 'Planen, Durchführen und Auswerten von Wanderungen für die Wolfsstufe', 6, '000100000000', '000100020000'),
	('000100020008', '2024-09-28 10:00:00', '2024-09-28 10:00:00', 'Inklusive Gestaltung des Programms, damit sich alle Wölfe wohlfühlen und ihre Persönlichkeiten individuell entwickeln können', 7, '000100000000', '000100020000'),
	('000100030000', '2024-09-28 10:00:00', '2024-09-28 10:00:00', 'Der Kurs bildet die TN zu verantwortungsbewussten Mitgliedern eines Leitungsteams aus.', 2, '000100000000', NULL),
	('000100030001', '2024-09-28 10:00:00', '2024-09-28 10:00:00', 'Funktion sowie Rechte und Pflichten als Mitglied eines Leitungsteams der Wolfsstufe', 0, '000100000000', '000100030000'),
	('000100030002', '2024-09-28 10:00:00', '2024-09-28 10:00:00', 'Leitwölfe betreuen', 1, '000100000000', '000100030000'),
	('000100030003', '2024-09-28 10:00:00', '2024-09-28 10:00:00', 'Umgang mit Wölfen mit herausforderndem Verhalten', 2, '000100000000', '000100030000'),
	('000100030004', '2024-09-28 10:00:00', '2024-09-28 10:00:00', 'Sicherheitskonzepte für sicherheitsrelevante Aktivitäten planen und umsetzen', 3, '000100000000', '000100030000'),
	('000100030005', '2024-09-28 10:00:00', '2024-09-28 10:00:00', 'Angebote und Anlaufstellen des Kantonalverbands / der Region sowie Krisenkonzept', 4, '000100000000', '000100030000'),
	('000100030006', '2024-09-28 10:00:00', '2024-09-28 10:00:00', 'eigene Leiterpersönlichkeit und Rolle im Team', 5, '000100000000', '000100030000'),
	('000100030007', '2024-09-28 10:00:00', '2024-09-28 10:00:00', 'Regeln für konstruktive Gespräche im Leitungsteam', 6, '000100000000', '000100030000'),
	('000100030008', '2024-09-28 10:00:00', '2024-09-28 10:00:00', 'Möglichkeiten der Aus- und Weiterbildung', 7, '000100000000', '000100030000'),
	('000100030009', '2024-09-28 10:00:00', '2024-09-28 10:00:00', 'Sexuelle Ausbeutung und Grenzverletzungen, mögliche heikle Situationen in Aktivitäten und vorbeugende Massnahmen', 8, '000100000000', '000100030000'),
	('000100040000', '2024-09-28 10:00:00', '2024-09-28 10:00:00', 'Der Kurs befähigt die TN, Aktivitäten wolfsstufengerecht zu gestalten.', 3, '000100000000', NULL),
	('000100040001', '2024-09-28 10:00:00', '2024-09-28 10:00:00', 'Pfadimethode „Persönlicher Fortschritt fördern": Inhalte der Etappen und Spezialitäten in Aktivitäten der Wolfsstufe einbauen', 0, '000100000000', '000100040000'),
	('000100040002', '2024-09-28 10:00:00', '2024-09-28 10:00:00', 'Arbeiten mit Gesetz und Versprechen auf der Wolfsstufe', 1, '000100000000', '000100040000'),
	('000100040003', '2024-09-28 10:00:00', '2024-09-28 10:00:00', 'Gestaltung von Lagerfeuern auf der Wolfsstufe', 2, '000100000000', '000100040000'),
	('000100040004', '2024-09-28 10:00:00', '2024-09-28 10:00:00', 'Vertiefen der Kenntnisse und stufengerechtes Vermitteln der Wolfsstufentechnik', 3, '000100000000', '000100040000'),
	('000200010000', '2024-09-28 10:00:00', '2024-09-28 10:00:00', 'Der Kurs vermittelt den TN die Pfadigrundlagen.', 0, '000200000000', NULL),
	('000200010001', '2024-09-28 10:00:00', '2024-09-28 10:00:00', 'Entwicklungsstand und Bedürfnisse der Kinder und Jugendlichen der Pfadistufe', 0, '000200000000', '000200010000'),
	('000200010002', '2024-09-28 10:00:00', '2024-09-28 10:00:00', 'Persönliche Auseinandersetzung mit Gesetz und Versprechen der Roverstufe', 1, '000200000000', '000200010000'),
	('000200010003', '2024-09-28 10:00:00', '2024-09-28 10:00:00', 'Bezug der Pfadigrundlagen zum Pfadialltag', 2, '000200000000', '000200010000'),
	('000200010004', '2024-09-28 10:00:00', '2024-09-28 10:00:00', 'Stufenmodell und Abgrenzung zw. Wolfs-, Pfadi- und Piostufe', 3, '000200000000', '000200010000'),
	('000200010005', '2024-09-28 10:00:00', '2024-09-28 10:00:00', 'Ausgestaltung der sieben Pfadimethoden und fünf Pfadibeziehungen auf der Pfadistufe', 4, '000200000000', '000200010000'),
	('000200020000', '2024-09-28 10:00:00', '2024-09-28 10:00:00', 'Der Kurs bildet die TN aus, ein Programm für die Pfadistufe zu planen, durchzuführen und auszuwerten.', 1, '000200000000', NULL),
	('000200020001', '2024-09-28 10:00:00', '2024-09-28 10:00:00', 'Einkleidung von Aktivitäten und Quartalsprogrammen', 0, '000200000000', '000200020000'),
	('000200020002', '2024-09-28 10:00:00', '2024-09-28 10:00:00', 'Methoden zur Planung, Durchführung und Auswertung von Programmen', 1, '000200000000', '000200020000'),
	('000200020003', '2024-09-28 10:00:00', '2024-09-28 10:00:00', 'Quartalsprogramm planen (inkl. Integration von Fähnliaktivitäten in geeigneter Weise)', 2, '000200000000', '000200020000'),
	('000200020004', '2024-09-28 10:00:00', '2024-09-28 10:00:00', 'Projekt als Alternative zum Quartalsprogramm und als Form der Mitbestimmung auf der Pfadistufe', 3, '000200000000', '000200020000'),
	('000200020005', '2024-09-28 10:00:00', '2024-09-28 10:00:00', 'wesentliche Punkte beim Organisieren von Weekends', 4, '000200000000', '000200020000'),
	('000200020006', '2024-09-28 10:00:00', '2024-09-28 10:00:00', 'Planen, Durchführen und Auswerten von J+S Aktivitäten für die Pfadistufe', 5, '000200000000', '000200020000'),
	('000200020007', '2024-09-28 10:00:00', '2024-09-28 10:00:00', 'Planen, Durchführen und Auswerten von Wanderungen für die Pfadistufe', 6, '000200000000', '000200020000'),
	('000200020008', '2024-09-28 10:00:00', '2024-09-28 10:00:00', 'Inklusive Gestaltung des Programms, damit sich alle Pfadis wohlfühlen und ihre Persönlichkeiten individuell entwickeln können', 7, '000200000000', '000200020000'),
	('000200030000', '2024-09-28 10:00:00', '2024-09-28 10:00:00', 'Der Kurs bildet die TN zu verantwortungsbewussten Mitgliedern eines Leitungsteams und zu Betreuenden von Leitpfadis aus.', 2, '000200000000', NULL),
	('000200030001', '2024-09-28 10:00:00', '2024-09-28 10:00:00', 'Funktion sowie Rechte und Pflichten als Mitglied eines Leitungsteams der Pfadistufe', 0, '000200000000', '000200030000'),
	('000200030002', '2024-09-28 10:00:00', '2024-09-28 10:00:00', 'Rolle der Leitpfadis und ihre Betreuung, insbesondere bei Fähnliaktivitäten', 1, '000200000000', '000200030000'),
	('000200030003', '2024-09-28 10:00:00', '2024-09-28 10:00:00', 'Umgang mit Pfadis mit herausforderndem Verhalten', 2, '000200000000', '000200030000'),
	('000200030004', '2024-09-28 10:00:00', '2024-09-28 10:00:00', 'Sicherheitskonzepte für sicherheitsrelevante Aktivitäten (inkl. herausfordernde Fähnliaktivitäten) planen und umsetzen', 3, '000200000000', '000200030000'),
	('000200030005', '2024-09-28 10:00:00', '2024-09-28 10:00:00', 'Angebote und Anlaufstellen des Kantonalverbands / der Region inkl. Krisenkonzept', 4, '000200000000', '000200030000'),
	('000200030006', '2024-09-28 10:00:00', '2024-09-28 10:00:00', 'eigene Leiterpersönlichkeit und Rolle im Team', 5, '000200000000', '000200030000'),
	('000200030007', '2024-09-28 10:00:00', '2024-09-28 10:00:00', 'Regeln für konstruktive Gespräche im Leitungsteam', 6, '000200000000', '000200030000'),
	('000200030008', '2024-09-28 10:00:00', '2024-09-28 10:00:00', 'Möglichkeiten der Aus- und Weiterbildung', 7, '000200000000', '000200030000'),
	('000200030009', '2024-09-28 10:00:00', '2024-09-28 10:00:00', 'Sexuelle Ausbeutung, Grenzverletzungen, mögliche heikle Situationen in Aktivitäten und vorbeugende Massnahmen', 8, '000200000000', '000200030000'),
	('000200040000', '2024-09-28 10:00:00', '2024-09-28 10:00:00', 'Der Kurs befähigt die TN, Aktivitäten pfadistufengerecht zu gestalten.', 3, '000200000000', NULL),
	('000200040001', '2024-09-28 10:00:00', '2024-09-28 10:00:00', 'Pfadimethode „Persönlicher Fortschritt fördern": Inhalte der Etappen und Spezialitäten in Aktivitäten der Pfadistufen einbauen', 0, '000200000000', '000200040000'),
	('000200040002', '2024-09-28 10:00:00', '2024-09-28 10:00:00', 'Arbeiten mit Gesetz und Versprechen auf der Pfadistufe', 1, '000200000000', '000200040000'),
	('000200040003', '2024-09-28 10:00:00', '2024-09-28 10:00:00', 'Gestaltung von Lagerfeuern auf der Pfadistufe', 2, '000200000000', '000200040000'),
	('000200040004', '2024-09-28 10:00:00', '2024-09-28 10:00:00', 'Vertiefen der Kenntnisse und stufengerechtes Vermitteln der Pfadistufentechnik', 3, '000200000000', '000200040000'),
	('000300010000', '2024-09-28 10:00:00', '2024-09-28 10:00:00', 'Der Kurs ermöglicht den TN die Auseinandersetzung mit den Pfadigrundlagen.', 0, '000300000000', NULL),
	('000300010001', '2024-09-28 10:00:00', '2024-09-28 10:00:00', 'Vertiefung über die Bedürfnisse der Kinder der Wolfsstufe', 0, '000300000000', '000300010000'),
	('000300010002', '2024-09-28 10:00:00', '2024-09-28 10:00:00', 'Wolfsstufensymbolik, ihr Bezug zu den Pfadigrundlagen und ihre Einbindung im Programm', 1, '000300000000', '000300010000'),
	('000300010003', '2024-09-28 10:00:00', '2024-09-28 10:00:00', 'Pfadigrundlagen als Hilfsmittel zum Sicherstellen der Ausgewogenheit des Programms', 2, '000300000000', '000300010000'),
	('000300010004', '2024-09-28 10:00:00', '2024-09-28 10:00:00', 'Einbindung der sieben Methoden und fünf Beziehungen in das Programm. als Mittel zur Erreichung der Ziele der Wolfsstufe', 3, '000300000000', '000300010000'),
	('000300010005', '2024-09-28 10:00:00', '2024-09-28 10:00:00', 'Stille Momente / Förderung der Beziehung zum Spirituellen auf der Wolfsstufe', 4, '000300000000', '000300010000'),
	('000300010006', '2024-09-28 10:00:00', '2024-09-28 10:00:00', 'Pfadimethode "Persönlichen Fortschritt fördern": Längerfristige Einbindung ins Programm', 5, '000300000000', '000300010000'),
	('000300020000', '2024-09-28 10:00:00', '2024-09-28 10:00:00', 'Der Kurs bildet die TN zu verantwortlichen Einheitsleitenden oder Stufenleitenden aus.', 1, '000300000000', NULL),
	('000300020001', '2024-09-28 10:00:00', '2024-09-28 10:00:00', 'Funktion sowie Rechte und Pflichten als Einheitsleitende oder Stufenleitende', 0, '000300000000', '000300020000'),
	('000300020002', '2024-09-28 10:00:00', '2024-09-28 10:00:00', 'Organisation der Einheit / Stufe und längerfristige Planung', 1, '000300000000', '000300020000'),
	('000300020003', '2024-09-28 10:00:00', '2024-09-28 10:00:00', 'Pflege von Elternkontakten und Öffenzlichkeitsarbeit', 2, '000300000000', '000300020000'),
	('000300020004', '2024-09-28 10:00:00', '2024-09-28 10:00:00', 'Leiterpersönlichkeit: Auftreten und Vertreten von Anliegen', 3, '000300000000', '000300020000'),
	('000300020005', '2024-09-28 10:00:00', '2024-09-28 10:00:00', 'Rolle im kantonalen Krisenkonzept', 4, '000300000000', '000300020000'),
	('000300020006', '2024-09-28 10:00:00', '2024-09-28 10:00:00', 'Umgang mit Kindern mit herausforderndem Verhalten', 5, '000300000000', '000300020000'),
	('000300020007', '2024-09-28 10:00:00', '2024-09-28 10:00:00', 'Gesundheitsförderung: psychisches, physisches und soziales Wohlbefinden positiv beeinflussen', 6, '000300000000', '000300020000'),
	('000300020008', '2024-09-28 10:00:00', '2024-09-28 10:00:00', 'Suchtthematik: Prävention im Programm der Wolfsstufe und Regeln im Leitungsteam', 7, '000300000000', '000300020000'),
	('000300020009', '2024-09-28 10:00:00', '2024-09-28 10:00:00', 'Sexuelle Ausbeutung und Grenzverletzungen: Verantwortung als Stufenleitende und vorbeugende Massnahmen', 8, '000300000000', '000300020000'),
	('000300020010', '2024-09-28 10:00:00', '2024-09-28 10:00:00', 'Gewalt: verschiedene Formen von Gewalt (u.a. psychische, physische und strukturelle) und Möglichkeiten, diesen vorzubeugen', 9, '000300000000', '000300020000'),
	('000300030000', '2024-09-28 10:00:00', '2024-09-28 10:00:00', 'Der Kurs bildet die TN zu verantwortlichen Lagerleitenden aus.', 2, '000300000000', NULL),
	('000300030001', '2024-09-28 10:00:00', '2024-09-28 10:00:00', 'Funktion, Rechte und Pflichten als Lagerleiter*in', 0, '000300000000', '000300030000'),
	('000300030002', '2024-09-28 10:00:00', '2024-09-28 10:00:00', 'Funktionen und Aufgaben von Coach und AL, insbesondere bei der Lagerbetreuung', 1, '000300000000', '000300030000'),
	('000300030003', '2024-09-28 10:00:00', '2024-09-28 10:00:00', 'Einsetzung des Lagerreglements gezielt für die Planung', 2, '000300000000', '000300030000'),
	('000300030004', '2024-09-28 10:00:00', '2024-09-28 10:00:00', 'Ablauf der Lagerplanung und -administration', 3, '000300000000', '000300030000'),
	('000300030005', '2024-09-28 10:00:00', '2024-09-28 10:00:00', 'Gestaltung des Lagerprogramms', 4, '000300000000', '000300030000'),
	('000300030006', '2024-09-28 10:00:00', '2024-09-28 10:00:00', 'Gesundheit im Lager, Umgang mit Krankheiten', 5, '000300000000', '000300030000'),
	('000300030007', '2024-09-28 10:00:00', '2024-09-28 10:00:00', 'Sicherheitskonzepte für Lager', 6, '000300000000', '000300030000'),
	('000300030008', '2024-09-28 10:00:00', '2024-09-28 10:00:00', 'sicherheitsrelevante Aktivitäten planen und analysieren, Durchführungsentscheid, Anpassungen während Aktivitäten', 7, '000300000000', '000300030000'),
	('000300030009', '2024-09-28 10:00:00', '2024-09-28 10:00:00', 'Anspruchsvolle J+S-Aktivitäten für die Wolfstufe planen, durchführen und auswerten', 8, '000300000000', '000300030000'),
	('000300030010', '2024-09-28 10:00:00', '2024-09-28 10:00:00', 'Wanderungen auf der Wolfsstufe kritisch beurteilen', 9, '000300000000', '000300030000'),
	('000300040000', '2024-09-28 10:00:00', '2024-09-28 10:00:00', 'Der Kurs befähigt die TN, junge Leitende anzuleiten und zu betreuen.', 3, '000300000000', NULL),
	('000300040001', '2024-09-28 10:00:00', '2024-09-28 10:00:00', 'Teamleiter*in sein und Zusammenarbeit im Team', 0, '000300000000', '000300040000'),
	('000300040002', '2024-09-28 10:00:00', '2024-09-28 10:00:00', 'inklusive Atmosphäre schaffen in einem Leitungsteam', 1, '000300000000', '000300040000'),
	('000300040003', '2024-09-28 10:00:00', '2024-09-28 10:00:00', 'Sitzungen vorbereiten und leiten', 2, '000300000000', '000300040000'),
	('000300040004', '2024-09-28 10:00:00', '2024-09-28 10:00:00', 'relevante und konstruktive Rückmeldung zu einem Programmteil für die Wolfstufe geben', 3, '000300000000', '000300040000'),
	('000300040005', '2024-09-28 10:00:00', '2024-09-28 10:00:00', 'Betreuung und Förderung einzelner Teammitglieder', 4, '000300000000', '000300040000'),
	('000400010000', '2024-09-28 10:00:00', '2024-09-28 10:00:00', 'Der Kurs ermöglicht den TN die Auseinandersetzung mit den Pfadigrundlagen.', 0, '000400000000', NULL),
	('000400010001', '2024-09-28 10:00:00', '2024-09-28 10:00:00', 'Vertiefung über die Bedürfnisse der Kinder und Jugendlichen der Pfadistufe', 0, '000400000000', '000400010000'),
	('000400010002', '2024-09-28 10:00:00', '2024-09-28 10:00:00', 'Pfadigrundlagen als Hilfsmittel zum Sicherstellen der Ausgewogenheit des Programms', 1, '000400000000', '000400010000'),
	('000400010003', '2024-09-28 10:00:00', '2024-09-28 10:00:00', '…Einbindung der sieben Methoden und fünf Pfadfinderbeziehungen in das Programm. als Mittel zur Erreichung der Ziele der Wolfsstufe', 2, '000400000000', '000400010000'),
	('000400010004', '2024-09-28 10:00:00', '2024-09-28 10:00:00', 'Stille Momente / Förderung der Beziehung zum Spirituellen auf der Pfadistufe', 3, '000400000000', '000400010000'),
	('000400010005', '2024-09-28 10:00:00', '2024-09-28 10:00:00', 'Pfadimethode „Persönlichen Fortschritt fördern": Längerfristige Einbindung ins Programm', 4, '000400000000', '000400010000'),
	('000400020000', '2024-09-28 10:00:00', '2024-09-28 10:00:00', 'Der Kurs bildet die TN zu verantwortlichen Einheitsleitenden oder Stufenleitenden aus.', 1, '000400000000', NULL),
	('000400020001', '2024-09-28 10:00:00', '2024-09-28 10:00:00', 'Funktion sowie Rechte und Pflichten als Einheitsleitende oder Stufenleitende', 0, '000400000000', '000400020000'),
	('000400020002', '2024-09-28 10:00:00', '2024-09-28 10:00:00', 'Organisation der Einheit / Stufe, insbesondere Betreuung der Leitpfadis, und längerfristige Planung', 1, '000400000000', '000400020000'),
	('000400020003', '2024-09-28 10:00:00', '2024-09-28 10:00:00', 'Pflege von Elternkontakten', 2, '000400000000', '000400020000'),
	('000400020004', '2024-09-28 10:00:00', '2024-09-28 10:00:00', 'Leiterpersönlichkeit: Auftreten und Vertreten von Anliegen', 3, '000400000000', '000400020000'),
	('000400020005', '2024-09-28 10:00:00', '2024-09-28 10:00:00', 'Rolle im kantonalen Krisenkonzept', 4, '000400000000', '000400020000'),
	('000400020006', '2024-09-28 10:00:00', '2024-09-28 10:00:00', 'Gesundheitsförderung: psychisches, physisches und soziales Wohlbefinden positiv beeinflussen', 5, '000400000000', '000400020000'),
	('000400020007', '2024-09-28 10:00:00', '2024-09-28 10:00:00', 'Umgang mit Kinder mit herausforderndem Verhalten', 6, '000400000000', '000400020000'),
	('000400020008', '2024-09-28 10:00:00', '2024-09-28 10:00:00', 'Suchtthematik: Prävention im Programm der Pfadistufe und Regeln im Leitungsteam', 7, '000400000000', '000400020000'),
	('000400020009', '2024-09-28 10:00:00', '2024-09-28 10:00:00', 'Sexuelle Ausbeutung und Grenzverletzungen: Verantwortung als Stufenleitende und vorbeugende Massnahmen', 8, '000400000000', '000400020000'),
	('000400020010', '2024-09-28 10:00:00', '2024-09-28 10:00:00', 'Gewalt: verschiedene Formen von Gewalt (u.a. psychische, physische und strukturelle) und Möglichkeiten, diesen vorzubeugen', 9, '000400000000', '000400020000'),
	('000400030000', '2024-09-28 10:00:00', '2024-09-28 10:00:00', 'Der Kurs bildet die TN zu verantwortlichen Lagerleitenden aus.', 2, '000400000000', NULL),
	('000400030001', '2024-09-28 10:00:00', '2024-09-28 10:00:00', 'Funktion, Rechte und Pflichten als Lagerleiter*in', 0, '000400000000', '000400030000'),
	('000400030002', '2024-09-28 10:00:00', '2024-09-28 10:00:00', 'Funktionen und Aufgaben von Coach und AL, insbesondere bei der Lagerbetreuung', 1, '000400000000', '000400030000'),
	('000400030003', '2024-09-28 10:00:00', '2024-09-28 10:00:00', 'Einsetzung des Lagerreglements gezielt für die Planung', 2, '000400000000', '000400030000'),
	('000400030004', '2024-09-28 10:00:00', '2024-09-28 10:00:00', 'Ablauf der Lagerplanung und -administration', 3, '000400000000', '000400030000'),
	('000400030005', '2024-09-28 10:00:00', '2024-09-28 10:00:00', 'Fähnliaktivitäten im Lagerprogramm und deren Betreuung', 4, '000400000000', '000400030000'),
	('000400030006', '2024-09-28 10:00:00', '2024-09-28 10:00:00', 'Gestaltung des Lagerprogramms', 5, '000400000000', '000400030000'),
	('000400030007', '2024-09-28 10:00:00', '2024-09-28 10:00:00', 'Gesundheit im Lager, Umgang mit Krankheiten', 6, '000400000000', '000400030000'),
	('000400030008', '2024-09-28 10:00:00', '2024-09-28 10:00:00', 'Sicherheitskonzepte für Lager', 7, '000400000000', '000400030000'),
	('000400030009', '2024-09-28 10:00:00', '2024-09-28 10:00:00', 'sicherheitsrelevante Aktivitäten, Durchführungsentscheid, Anpassungen während Aktivitäten', 8, '000400000000', '000400030000'),
	('000400030010', '2024-09-28 10:00:00', '2024-09-28 10:00:00', 'Spiele abändern und grössere sportliche Aktivitäten organisieren', 9, '000400000000', '000400030000'),
	('000400030011', '2024-09-28 10:00:00', '2024-09-28 10:00:00', 'Wanderungen auf der Pfadistufe', 10, '000400000000', '000400030000'),
	('000400040000', '2024-09-28 10:00:00', '2024-09-28 10:00:00', 'Der Kurs befähigt die TN, junge Leitende anzuleiten und zu betreuen.', 3, '000400000000', NULL),
	('000400040001', '2024-09-28 10:00:00', '2024-09-28 10:00:00', 'Teamleiter*in sein und Zusammenarbeit im Team', 0, '000400000000', '000400040000'),
	('000400040002', '2024-09-28 10:00:00', '2024-09-28 10:00:00', 'inklusive Atmosphäre schaffen in einem Leitungsteam', 1, '000400000000', '000400040000'),
	('000400040003', '2024-09-28 10:00:00', '2024-09-28 10:00:00', 'relevante und konstruktive Rückmeldung zu einem Programmteilgeben', 2, '000400000000', '000400040000'),
	('000400040004', '2024-09-28 10:00:00', '2024-09-28 10:00:00', 'Sitzungen vorbereiten und leiten', 3, '000400000000', '000400040000'),
	('000400040005', '2024-09-28 10:00:00', '2024-09-28 10:00:00', 'Betreuung und Förderung einzelner Teammitglieder', 4, '000400000000', '000400040000'),
	('d89bc5e145fc', '2024-09-28 16:41:19', '2024-09-28 16:41:19', 'Entwicklungsstand und Bedürfnisse der Kinder der Wolfsstufe', 0, 'ebbd0c61eb85', '18db4adbe9b1'),
	('4f5f857dd79c', '2024-09-28 16:41:19', '2024-09-28 16:41:19', 'Wolfsstufensymbolik', 1, 'ebbd0c61eb85', '18db4adbe9b1'),
	('2526365b41bd', '2024-09-28 16:41:19', '2024-09-28 16:41:19', 'Persönliche Auseinandersetzung mit Gesetz und Versprechen der Roverstufe', 2, 'ebbd0c61eb85', '18db4adbe9b1'),
	('b603b7455075', '2024-09-28 16:41:19', '2024-09-28 16:41:19', 'Bezug der Pfadigrundlagen zum Pfadialltag', 3, 'ebbd0c61eb85', '18db4adbe9b1'),
	('e36bf8ea1eaa', '2024-09-28 16:41:19', '2024-09-28 16:41:19', 'Stufenmodell und Abgrenzung zw. Biber-, Wolfs- und Pfadistufe', 4, 'ebbd0c61eb85', '18db4adbe9b1'),
	('9603344533d2', '2024-09-28 16:41:19', '2024-09-28 16:41:19', 'Ausgestaltung der sieben Pfadimethoden und fünf Pfadibeziehungen auf der Wolfsstufe', 5, 'ebbd0c61eb85', '18db4adbe9b1'),
	('d8becc2dbd1d', '2024-09-28 16:41:19', '2024-09-28 16:41:19', 'Der Kurs bildet die TN aus, ein Programm für die Wolfsstufe zu planen, durchzuführen und auszuwerten.', 1, 'ebbd0c61eb85', NULL),
	('9c9f75e6354a', '2024-09-28 16:41:19', '2024-09-28 16:41:19', 'Einkleidung von Aktivitäten und Quartalsprogrammen', 0, 'ebbd0c61eb85', 'd8becc2dbd1d'),
	('bc505beba987', '2024-09-28 16:41:19', '2024-09-28 16:41:19', 'Methoden zur Planung, Durchführung und Auswertung von Programmen', 1, 'ebbd0c61eb85', 'd8becc2dbd1d'),
	('2d852f508228', '2024-09-28 16:41:19', '2024-09-28 16:41:19', 'Quartalsprogramm planen', 2, 'ebbd0c61eb85', 'd8becc2dbd1d'),
	('a7a0b22553eb', '2024-09-28 16:41:19', '2024-09-28 16:41:19', 'Abenteuer als Alternative zum Quartalsprogramm und als Form der Mitbestimmung auf der Wolfsstufe', 3, 'ebbd0c61eb85', 'd8becc2dbd1d'),
	('a343d952c7b3', '2024-09-28 16:41:19', '2024-09-28 16:41:19', 'wesentliche Punkte beim Organisieren von Weekends', 4, 'ebbd0c61eb85', 'd8becc2dbd1d'),
	('e6fcf0036360', '2024-09-28 16:41:19', '2024-09-28 16:41:19', 'Planen, Durchführen und Auswerten von J+S Aktivitäten für die Wolfsstufe', 5, 'ebbd0c61eb85', 'd8becc2dbd1d'),
	('7adeeaf021e1', '2024-09-28 16:41:19', '2024-09-28 16:41:19', 'Planen, Durchführen und Auswerten von Wanderungen für die Wolfsstufe', 6, 'ebbd0c61eb85', 'd8becc2dbd1d'),
	('5a636c05a4ea', '2024-09-28 16:41:19', '2024-09-28 16:41:19', 'Inklusive Gestaltung des Programms, damit sich alle Wölfe wohlfühlen und ihre Persönlichkeiten individuell entwickeln können', 7, 'ebbd0c61eb85', 'd8becc2dbd1d'),
	('b451128bb144', '2024-09-28 16:41:19', '2024-09-28 16:41:19', 'Der Kurs bildet die TN zu verantwortungsbewussten Mitgliedern eines Leitungsteams aus.', 2, 'ebbd0c61eb85', NULL),
	('0c52c9e3d76e', '2024-09-28 16:41:19', '2024-09-28 16:41:19', 'Funktion sowie Rechte und Pflichten als Mitglied eines Leitungsteams der Wolfsstufe', 0, 'ebbd0c61eb85', 'b451128bb144'),
	('e04ccc274611', '2024-09-28 16:41:19', '2024-09-28 16:41:19', 'Leitwölfe betreuen', 1, 'ebbd0c61eb85', 'b451128bb144'),
	('c3821307f292', '2024-09-28 16:41:19', '2024-09-28 16:41:19', 'Umgang mit Wölfen mit herausforderndem Verhalten', 2, 'ebbd0c61eb85', 'b451128bb144'),
	('9c7f2bef2b46', '2024-09-28 16:41:19', '2024-09-28 16:41:19', 'Sicherheitskonzepte für sicherheitsrelevante Aktivitäten planen und umsetzen', 3, 'ebbd0c61eb85', 'b451128bb144'),
	('103e45908cf8', '2024-09-28 16:41:19', '2024-09-28 16:41:19', 'Angebote und Anlaufstellen des Kantonalverbands / der Region sowie Krisenkonzept', 4, 'ebbd0c61eb85', 'b451128bb144'),
	('c1ae205f695c', '2024-09-28 16:41:19', '2024-09-28 16:41:19', 'eigene Leiterpersönlichkeit und Rolle im Team', 5, 'ebbd0c61eb85', 'b451128bb144'),
	('220e86221558', '2024-09-28 16:41:19', '2024-09-28 16:41:19', 'Regeln für konstruktive Gespräche im Leitungsteam', 6, 'ebbd0c61eb85', 'b451128bb144'),
	('facdd937ab38', '2024-09-28 16:41:19', '2024-09-28 16:41:19', 'Möglichkeiten der Aus- und Weiterbildung', 7, 'ebbd0c61eb85', 'b451128bb144'),
	('b4e7fb5a8ccb', '2024-09-28 16:41:19', '2024-09-28 16:41:19', 'Sexuelle Ausbeutung und Grenzverletzungen, mögliche heikle Situationen in Aktivitäten und vorbeugende Massnahmen', 8, 'ebbd0c61eb85', 'b451128bb144'),
	('b64e29d134ab', '2024-09-28 16:41:19', '2024-09-28 16:41:19', 'Der Kurs befähigt die TN, Aktivitäten wolfsstufengerecht zu gestalten.', 3, 'ebbd0c61eb85', NULL),
	('69b897a3a88a', '2024-09-28 16:41:19', '2024-09-28 16:41:19', 'Pfadimethode „Persönlicher Fortschritt fördern": Inhalte der Etappen und Spezialitäten in Aktivitäten der Wolfsstufe einbauen', 0, 'ebbd0c61eb85', 'b64e29d134ab'),
	('2466b1775468', '2024-09-28 16:41:19', '2024-09-28 16:41:19', 'Arbeiten mit Gesetz und Versprechen auf der Wolfsstufe', 1, 'ebbd0c61eb85', 'b64e29d134ab'),
	('8df77c33eb17', '2024-09-28 16:41:19', '2024-09-28 16:41:19', 'Gestaltung von Lagerfeuern auf der Wolfsstufe', 2, 'ebbd0c61eb85', 'b64e29d134ab'),
	('892d52359de7', '2024-09-28 16:41:19', '2024-09-28 16:41:19', 'Vertiefen der Kenntnisse und stufengerechtes Vermitteln der Wolfsstufentechnik', 3, 'ebbd0c61eb85', 'b64e29d134ab');



INSERT INTO public.checklistnode_checklistitem (checklistnode_id, checklistitem_id) VALUES
	('bf4fc1e44a0b', 'bc505beba987'),
	('bf4fc1e44a0b', 'e6fcf0036360'),
	('bf4fc1e44a0b', '892d52359de7'),
	('503cf893fa56', '0c52c9e3d76e'),
	('503cf893fa56', 'c3821307f292'),
	('503cf893fa56', '220e86221558'),
	('946afc306e3b', 'b451128bb144'),
	('946afc306e3b', '8df77c33eb17'),
	('946afc306e3b', '892d52359de7'),
	('946afc306e3b', '2466b1775468'),
	('946afc306e3b', '69b897a3a88a'),
	('d8e5da1e3d52', 'b603b7455075'),
	('d8e5da1e3d52', 'e36bf8ea1eaa'),
	('d8e5da1e3d52', '9603344533d2'),
	('d8e5da1e3d52', '9c9f75e6354a'),
	('d8e5da1e3d52', 'bc505beba987'),
	('d8e5da1e3d52', '2d852f508228'),
	('d8e5da1e3d52', 'a7a0b22553eb'),
	('9e95b10e3cb0', 'facdd937ab38'),
	('42a32ff460d3', '0c52c9e3d76e'),
	('42a32ff460d3', 'e04ccc274611'),
	('42a32ff460d3', 'c3821307f292'),
	('42a32ff460d3', '9c7f2bef2b46'),
	('3f48816bccae', '9603344533d2'),
	('3f48816bccae', 'e6fcf0036360'),
	('3f48816bccae', 'facdd937ab38'),
	('3f48816bccae', '8df77c33eb17'),
	('1a2905b61cff', '0c52c9e3d76e'),
	('1a2905b61cff', 'c3821307f292'),
	('1a2905b61cff', '103e45908cf8'),
	('1a2905b61cff', '220e86221558'),
	('1a2905b61cff', 'b4e7fb5a8ccb'),
	('3157182811bb', 'b603b7455075'),
	('3157182811bb', '9603344533d2'),
	('3157182811bb', '2d852f508228'),
	('3157182811bb', 'e6fcf0036360'),
	('3157182811bb', '0c52c9e3d76e'),
	('3157182811bb', 'e04ccc274611'),
	('3157182811bb', 'c3821307f292');



INSERT INTO public.period (id, description, start, "end", createtime, updatetime, campid) VALUES
	('ff755e56fe79', 'Hauptlager', '2025-02-20', '2025-02-20', '2022-01-23 16:19:10', '2022-01-23 16:19:10', '6430aecc5422'),
	('a12a9154b43b', 'Hauptlager', '2022-01-01', '2022-01-01', '2022-01-23 16:19:10', '2022-01-23 16:19:10', 'e5027d852487'),
	('76be24bce434', 'Hauptlager', '2025-05-10', '2025-05-13', '2023-08-08 07:53:12', '2023-08-08 07:53:12', '3c79b99ab424'),
	('fe47dfd2b541', 'Hauptlager', '2025-07-13', '2025-07-20', '2023-08-08 09:22:58', '2023-08-08 09:48:01', '6973c230d6b1'),
	('7c39a8ebf82f', 'Main', '2029-01-03', '2029-01-09', '2023-08-12 17:41:55', '2023-08-13 06:23:45', '9c2447aefe38'),
	('c085d1d5ddfa', 'Die Jedi-Akademie', '2026-07-14', '2026-07-16', '2023-08-13 06:32:29', '2023-08-13 06:32:29', '0969e3c95dfc'),
	('7fa4564a5d5d', 'Main', '2031-01-24', '2031-01-30', '2023-09-29 23:24:38', '2023-09-29 23:24:38', '70ca971c992f'),
	('88f1f55a69d7', 'Hauptlager', '2025-07-13', '2025-07-20', '2023-08-08 09:22:58', '2023-08-08 09:48:01', '5d28f99890bc'),
	('05938f2a5372', 'Hauptlager', '2022-01-02', '2022-01-02', '2024-09-28 21:19:13', '2024-09-28 21:22:24', '25a82475e0b7');



INSERT INTO public.day (id, dayoffset, createtime, updatetime, periodid) VALUES
	('9a23375e49ba', 0, '2022-01-23 16:19:10', '2022-01-23 16:19:10', 'ff755e56fe79'),
	('c163dc9c0862', 0, '2022-01-23 16:19:10', '2022-01-23 16:19:10', 'a12a9154b43b'),
	('4b90ff5b42c0', 0, '2023-08-08 07:53:12', '2023-08-08 07:53:12', '76be24bce434'),
	('ac92acd57c49', 1, '2023-08-08 07:53:12', '2023-08-08 07:53:12', '76be24bce434'),
	('1447f15f1e12', 2, '2023-08-08 07:53:12', '2023-08-08 07:53:12', '76be24bce434'),
	('963c3c0639dd', 3, '2023-08-08 07:53:12', '2023-08-08 07:53:12', '76be24bce434'),
	('390b85b68340', 0, '2023-08-08 09:22:58', '2023-08-08 09:22:58', 'fe47dfd2b541'),
	('3bc45b20bb94', 1, '2023-08-08 09:22:58', '2023-08-08 09:22:58', 'fe47dfd2b541'),
	('5fe1d8e68fa3', 2, '2023-08-08 09:22:58', '2023-08-08 09:22:58', 'fe47dfd2b541'),
	('8f451abb73aa', 3, '2023-08-08 09:22:58', '2023-08-08 09:22:58', 'fe47dfd2b541'),
	('732d6fe38183', 4, '2023-08-08 09:22:58', '2023-08-08 09:22:58', 'fe47dfd2b541'),
	('0f892112d036', 5, '2023-08-08 09:22:58', '2023-08-08 09:22:58', 'fe47dfd2b541'),
	('c2dbb672d9b0', 6, '2023-08-08 09:22:58', '2023-08-08 09:22:58', 'fe47dfd2b541'),
	('ff8ee1e8dde3', 7, '2023-08-08 09:22:58', '2023-08-08 09:22:58', 'fe47dfd2b541'),
	('c962506a6d5e', 0, '2023-08-12 17:41:55', '2023-08-12 17:41:55', '7c39a8ebf82f'),
	('2ed2f56da136', 1, '2023-08-12 17:41:55', '2023-08-12 17:41:55', '7c39a8ebf82f'),
	('6f5871d18151', 2, '2023-08-12 17:41:55', '2023-08-12 17:41:55', '7c39a8ebf82f'),
	('b19f400fe01e', 3, '2023-08-12 17:41:55', '2023-08-12 17:41:55', '7c39a8ebf82f'),
	('e72047019f67', 4, '2023-08-12 17:41:55', '2023-08-12 17:41:55', '7c39a8ebf82f'),
	('7c398a57782f', 5, '2023-08-12 17:41:55', '2023-08-12 17:41:55', '7c39a8ebf82f'),
	('522e2f6bd334', 6, '2023-08-12 17:41:55', '2023-08-12 17:41:55', '7c39a8ebf82f'),
	('848e197ba34a', 0, '2023-08-13 06:32:29', '2023-08-13 06:32:29', 'c085d1d5ddfa'),
	('edbe4c4e1591', 1, '2023-08-13 06:32:29', '2023-08-13 06:32:29', 'c085d1d5ddfa'),
	('d03a57ed49a0', 2, '2023-08-13 06:32:29', '2023-08-13 06:32:29', 'c085d1d5ddfa'),
	('27ad4212466a', 0, '2023-09-29 23:24:38', '2023-09-29 23:24:38', '7fa4564a5d5d'),
	('69426b72ce46', 1, '2023-09-29 23:24:38', '2023-09-29 23:24:38', '7fa4564a5d5d'),
	('5dc6586312e0', 2, '2023-09-29 23:24:38', '2023-09-29 23:24:38', '7fa4564a5d5d'),
	('839d27065403', 3, '2023-09-29 23:24:38', '2023-09-29 23:24:38', '7fa4564a5d5d'),
	('755cbc1d9852', 4, '2023-09-29 23:24:38', '2023-09-29 23:24:38', '7fa4564a5d5d'),
	('3a84cfaf795c', 5, '2023-09-29 23:24:38', '2023-09-29 23:24:38', '7fa4564a5d5d'),
	('5e0c146f4a75', 6, '2023-09-29 23:24:38', '2023-09-29 23:24:38', '7fa4564a5d5d'),
	('63163861c828', 0, '2023-08-08 09:22:58', '2023-08-08 09:22:58', '88f1f55a69d7'),
	('1b6e5995c138', 1, '2023-08-08 09:22:58', '2023-08-08 09:22:58', '88f1f55a69d7'),
	('c118aa688d8e', 2, '2023-08-08 09:22:58', '2023-08-08 09:22:58', '88f1f55a69d7'),
	('a6a17ccae877', 3, '2023-08-08 09:22:58', '2023-08-08 09:22:58', '88f1f55a69d7'),
	('9411ee803eb4', 4, '2023-08-08 09:22:58', '2023-08-08 09:22:58', '88f1f55a69d7'),
	('273358ce9d70', 5, '2023-08-08 09:22:58', '2023-08-08 09:22:58', '88f1f55a69d7'),
	('40e3a286dc08', 6, '2023-08-08 09:22:58', '2023-08-08 09:22:58', '88f1f55a69d7'),
	('485e190f4852', 7, '2023-08-08 09:22:58', '2023-08-08 09:22:58', '88f1f55a69d7'),
	('fb406d22f8b9', 0, '2024-09-28 21:19:13', '2024-09-28 21:19:13', '05938f2a5372');



INSERT INTO public.day_responsible (id, createtime, updatetime, dayid, campcollaborationid) VALUES
	('78d5d2ec7036', '2022-01-23 16:19:10', '2022-01-23 16:19:10', '9a23375e49ba', '0e524d43e799'),
	('f3a25527bb83', '2022-01-23 16:19:10', '2022-01-23 16:19:10', 'c163dc9c0862', '2c313fa367b3'),
	('cf442e7381e9', '2023-08-08 08:23:45', '2023-08-08 08:23:45', '4b90ff5b42c0', 'b0bdb7202a9d'),
	('c58a08b98726', '2023-08-08 08:23:53', '2023-08-08 08:23:53', 'ac92acd57c49', '5111b2972441'),
	('db401ffc07e6', '2023-08-08 08:23:56', '2023-08-08 08:23:56', '1447f15f1e12', 'dba39edd9910'),
	('981300f9ef5c', '2023-08-08 08:23:58', '2023-08-08 08:23:58', '963c3c0639dd', 'c88fd78c90ea'),
	('84a122c54c27', '2023-08-08 10:31:48', '2023-08-08 10:31:48', '390b85b68340', '68694999fa8d'),
	('b850348d480d', '2023-08-08 10:31:50', '2023-08-08 10:31:50', 'ff8ee1e8dde3', '68694999fa8d'),
	('e15d656bb3f9', '2023-08-08 10:31:53', '2023-08-08 10:31:53', '3bc45b20bb94', '3229d273decd'),
	('d4da3db759f8', '2023-08-08 10:31:56', '2023-08-08 10:31:56', '5fe1d8e68fa3', '878426563205'),
	('265761090527', '2023-08-08 10:31:59', '2023-08-08 10:31:59', '8f451abb73aa', 'd27ca1d0e6e4'),
	('09384b7ee552', '2023-08-08 10:32:04', '2023-08-08 10:32:04', '732d6fe38183', 'd27ca1d0e6e4'),
	('111018295a65', '2023-08-08 10:32:07', '2023-08-08 10:32:07', '0f892112d036', '878426563205'),
	('59f66d299c82', '2023-08-08 10:32:11', '2023-08-08 10:32:11', 'c2dbb672d9b0', 'c463d2a19847'),
	('64e2e18cfc12', '2023-08-13 06:21:21', '2023-08-13 06:21:21', 'c962506a6d5e', 'b32db30637c8'),
	('630fe3dcb6fd', '2023-08-13 06:21:25', '2023-08-13 06:21:25', '2ed2f56da136', '8be6d2f6f7dc'),
	('881257596626', '2023-08-13 06:21:29', '2023-08-13 06:21:29', '6f5871d18151', '0e26982c9895'),
	('3dd69a5511a8', '2023-08-13 06:21:34', '2023-08-13 06:21:34', '7c398a57782f', 'b7d93b2fa1be'),
	('3237e7c271c5', '2023-09-30 01:22:28', '2023-09-30 01:22:28', '27ad4212466a', '5b24ce470d9f'),
	('0c0674ee1f9b', '2023-09-30 01:22:32', '2023-09-30 01:22:32', '69426b72ce46', '46d14f7c072c'),
	('1d19f71ffd00', '2023-09-30 01:22:39', '2023-09-30 01:22:39', '755cbc1d9852', '10d8f02ce5b4'),
	('068c64c8a494', '2023-08-08 10:31:48', '2023-08-08 10:31:48', '63163861c828', '146c0608237f'),
	('a6462d35b185', '2023-08-08 10:31:50', '2023-08-08 10:31:50', '485e190f4852', '146c0608237f'),
	('c60d37e48966', '2023-08-08 10:31:53', '2023-08-08 10:31:53', '1b6e5995c138', '4b0f654bf743'),
	('a1b2a402ed98', '2023-08-08 10:31:56', '2023-08-08 10:31:56', 'c118aa688d8e', 'af9f868f0a48'),
	('d42c79cf45d1', '2023-08-08 10:31:59', '2023-08-08 10:31:59', 'a6a17ccae877', '83cdbbe00f85'),
	('207ea1926f27', '2023-08-08 10:32:04', '2023-08-08 10:32:04', '9411ee803eb4', '83cdbbe00f85'),
	('cb5726304025', '2023-08-08 10:32:07', '2023-08-08 10:32:07', '273358ce9d70', 'af9f868f0a48'),
	('5b8a43dced14', '2023-08-08 10:32:11', '2023-08-08 10:32:11', '40e3a286dc08', 'd03003838720');



INSERT INTO public.material_list (id, materiallistprototypeid, name, createtime, updatetime, campid, campcollaborationid) VALUES
	('9869949f344f', NULL, 'Einkaufsliste', '2022-01-23 16:19:10', '2022-01-23 16:19:10', '6430aecc5422', NULL),
	('d26923cc560d', NULL, 'Lebensmittel', '2022-01-23 16:19:10', '2022-02-04 21:44:16', 'e5027d852487', NULL),
	('a69b2d247be3', NULL, 'Baumarkt', '2022-02-04 21:44:22', '2022-02-04 21:44:22', 'e5027d852487', NULL),
	('387e6dbe2cbb', NULL, 'Pfadiheim', '2022-02-04 21:44:32', '2022-02-04 21:44:32', 'e5027d852487', NULL),
	('58723b211d16', NULL, 'J+S', '2022-02-04 21:44:38', '2022-02-04 21:44:38', 'e5027d852487', NULL),
	('b0d92afc0fc0', 'd26923cc560d', 'Lebensmittel', '2023-08-08 07:53:12', '2023-08-08 07:53:12', '3c79b99ab424', NULL),
	('b1c0b6289684', 'a69b2d247be3', 'Baumarkt', '2023-08-08 07:53:12', '2023-08-08 07:53:12', '3c79b99ab424', NULL),
	('6e57f36875d4', '387e6dbe2cbb', 'Pfadiheim', '2023-08-08 07:53:12', '2023-08-08 07:53:12', '3c79b99ab424', NULL),
	('c58be99bbd24', '58723b211d16', 'J+S', '2023-08-08 07:53:12', '2023-08-08 07:53:12', '3c79b99ab424', NULL),
	('981eb1c8e221', NULL, NULL, '2023-08-08 07:53:12', '2023-08-08 07:53:12', '3c79b99ab424', 'b0bdb7202a9d'),
	('dcb9a30e81d2', NULL, NULL, '2023-08-08 07:58:53', '2023-08-08 07:58:53', '3c79b99ab424', 'c88fd78c90ea'),
	('036d75aa9457', NULL, NULL, '2023-08-08 07:59:24', '2023-08-08 07:59:24', '3c79b99ab424', 'dba39edd9910'),
	('eca56a59f79a', NULL, NULL, '2023-08-08 07:59:53', '2023-08-08 07:59:53', '3c79b99ab424', '5111b2972441'),
	('9b5794e7cb5b', NULL, NULL, '2023-08-08 08:03:06', '2023-08-08 08:03:06', '3c79b99ab424', '2b3cf1ce6341'),
	('6d4a58de6d82', 'a69b2d247be3', 'Baumarkt', '2023-08-08 09:22:58', '2023-08-08 09:22:58', '6973c230d6b1', NULL),
	('3b4556e5eea6', '387e6dbe2cbb', 'Pfadiheim', '2023-08-08 09:22:58', '2023-08-08 09:22:58', '6973c230d6b1', NULL),
	('9210ac5a577d', '58723b211d16', 'J+S', '2023-08-08 09:22:58', '2023-08-08 09:22:58', '6973c230d6b1', NULL),
	('75951090ead6', NULL, NULL, '2023-08-08 09:22:58', '2023-08-08 09:22:58', '6973c230d6b1', '68694999fa8d'),
	('7e0f259f160a', NULL, 'Packliste', '2023-08-08 09:26:09', '2023-08-08 09:26:09', '6973c230d6b1', NULL),
	('c2833b5b4616', 'd26923cc560d', 'Coop', '2023-08-08 09:22:58', '2023-08-08 09:26:25', '6973c230d6b1', NULL),
	('444d025786d4', NULL, NULL, '2023-08-08 09:36:01', '2023-08-08 09:36:01', '6973c230d6b1', 'd27ca1d0e6e4'),
	('33886893d219', NULL, NULL, '2023-08-08 09:36:41', '2023-08-08 09:36:41', '6973c230d6b1', '878426563205'),
	('184ba2a1677d', NULL, NULL, '2023-08-08 09:37:16', '2023-08-08 09:37:16', '6973c230d6b1', '763c0d181b63'),
	('a72fc8ed2fe8', NULL, NULL, '2023-08-08 09:37:38', '2023-08-08 09:37:38', '6973c230d6b1', '7cae64a7800c'),
	('c0aa06f74dc5', NULL, NULL, '2023-08-08 09:38:01', '2023-08-08 09:38:01', '6973c230d6b1', 'c463d2a19847'),
	('a62ef1a251d5', NULL, NULL, '2023-08-08 09:38:27', '2023-08-08 09:38:27', '6973c230d6b1', '3229d273decd'),
	('5050ed8622d1', 'd26923cc560d', 'Lebensmittel', '2023-08-12 17:41:55', '2023-08-12 17:41:55', '9c2447aefe38', NULL),
	('c695bbf6cf4a', 'a69b2d247be3', 'Baumarkt', '2023-08-12 17:41:55', '2023-08-12 17:41:55', '9c2447aefe38', NULL),
	('440d66c5d00c', '387e6dbe2cbb', 'Pfadiheim', '2023-08-12 17:41:55', '2023-08-12 17:41:55', '9c2447aefe38', NULL),
	('b544925a867f', '58723b211d16', 'J+S', '2023-08-12 17:41:55', '2023-08-12 17:41:55', '9c2447aefe38', NULL),
	('99808d932cfd', NULL, NULL, '2023-08-12 17:41:55', '2023-08-12 17:41:55', '9c2447aefe38', 'b32db30637c8'),
	('30d1df452b00', NULL, NULL, '2023-08-12 19:10:14', '2023-08-12 19:10:14', '9c2447aefe38', '0e26982c9895'),
	('087e7991d5c2', NULL, NULL, '2023-08-12 19:10:28', '2023-08-12 19:10:28', '9c2447aefe38', 'ac1cd0bcbd69'),
	('b542208b1b5e', NULL, NULL, '2023-08-12 19:10:49', '2023-08-12 19:10:49', '9c2447aefe38', 'b7d93b2fa1be'),
	('beb4bbf98b7d', NULL, NULL, '2023-08-12 19:11:03', '2023-08-12 19:11:03', '9c2447aefe38', '8be6d2f6f7dc'),
	('c4a795eb0a94', 'd26923cc560d', 'Lebensmittel', '2023-08-13 06:32:29', '2023-08-13 06:32:29', '0969e3c95dfc', NULL),
	('bb5ef9a732f8', 'a69b2d247be3', 'Baumarkt', '2023-08-13 06:32:29', '2023-08-13 06:32:29', '0969e3c95dfc', NULL),
	('ff69f9eb521c', '387e6dbe2cbb', 'Pfadiheim', '2023-08-13 06:32:29', '2023-08-13 06:32:29', '0969e3c95dfc', NULL),
	('a0d5167ea728', '58723b211d16', 'J+S', '2023-08-13 06:32:29', '2023-08-13 06:32:29', '0969e3c95dfc', NULL),
	('e0ea59090408', NULL, NULL, '2023-08-13 06:32:29', '2023-08-13 06:32:29', '0969e3c95dfc', 'b2f127cb410f'),
	('6474f3a6fa32', NULL, NULL, '2023-08-13 10:29:08', '2023-08-13 10:29:08', '0969e3c95dfc', 'b00054c3c03e'),
	('eaf86cc2a44b', NULL, NULL, '2023-08-13 10:29:25', '2023-08-13 10:29:25', '0969e3c95dfc', 'd806a59915f8'),
	('43a4034fac49', NULL, NULL, '2023-08-13 10:29:47', '2023-08-13 10:29:47', '0969e3c95dfc', '7db6a9ffc210'),
	('f17a2bee9606', NULL, NULL, '2023-08-13 10:29:55', '2023-08-13 10:29:55', '0969e3c95dfc', '60a470e1aff6'),
	('12b29c2f00fd', NULL, NULL, '2023-09-29 23:24:38', '2023-09-29 23:24:38', '70ca971c992f', 'd1c0a4522283'),
	('a17fed3f7a8f', NULL, NULL, '2023-09-29 23:25:49', '2023-09-29 23:25:49', '70ca971c992f', '10d8f02ce5b4'),
	('76ae3eab44d8', NULL, NULL, '2023-09-29 23:27:54', '2023-09-29 23:27:54', '70ca971c992f', '5b24ce470d9f'),
	('1b82f2747f25', NULL, NULL, '2023-09-29 23:41:30', '2023-09-29 23:41:30', '70ca971c992f', '46d14f7c072c'),
	('186994977e47', 'a69b2d247be3', 'Baumarkt', '2023-08-08 09:22:58', '2023-08-08 09:22:58', '5d28f99890bc', NULL),
	('f4268fba5b4b', '387e6dbe2cbb', 'Pfadiheim', '2023-08-08 09:22:58', '2023-08-08 09:22:58', '5d28f99890bc', NULL),
	('049b1890fb94', '58723b211d16', 'J+S', '2023-08-08 09:22:58', '2023-08-08 09:22:58', '5d28f99890bc', NULL),
	('e06677070032', NULL, NULL, '2023-08-08 09:22:58', '2023-08-08 09:22:58', '5d28f99890bc', '146c0608237f'),
	('b6f53a71078f', NULL, 'Packliste', '2023-08-08 09:26:09', '2023-08-08 09:26:09', '5d28f99890bc', NULL),
	('308765cf5631', 'd26923cc560d', 'Coop', '2023-08-08 09:22:58', '2023-08-08 09:26:25', '5d28f99890bc', NULL),
	('fc33f57a7198', NULL, NULL, '2023-08-08 09:36:01', '2023-08-08 09:36:01', '5d28f99890bc', '83cdbbe00f85'),
	('cc18aaa03b18', NULL, NULL, '2023-08-08 09:36:41', '2023-08-08 09:36:41', '5d28f99890bc', 'af9f868f0a48'),
	('6e3d8bf92360', NULL, NULL, '2023-08-08 09:37:16', '2023-08-08 09:37:16', '5d28f99890bc', 'e64284adf2f2'),
	('235d4e49db04', NULL, NULL, '2023-08-08 09:38:01', '2023-08-08 09:38:01', '5d28f99890bc', 'd03003838720'),
	('2a66659e9aa5', NULL, NULL, '2023-08-08 09:38:27', '2023-08-08 09:38:27', '5d28f99890bc', '4b0f654bf743'),
	('1f94532a74a3', NULL, 'Baumarkt', '2024-09-28 21:27:25', '2024-09-28 21:27:25', '25a82475e0b7', NULL),
	('64f92539dba6', NULL, 'J+S Material', '2024-09-28 21:27:37', '2024-09-28 21:27:37', '25a82475e0b7', NULL),
	('e4680ceee530', NULL, 'Lebensmittel', '2024-09-28 21:27:46', '2024-09-28 21:27:46', '25a82475e0b7', NULL);



INSERT INTO public.material_item (id, article, quantity, unit, createtime, updatetime, materiallistid, periodid, materialnodeid) VALUES
	('419b8e7addb9', 'Lagerapotheke', 1, NULL, '2022-01-23 16:19:10', '2022-01-23 16:19:10', '9869949f344f', 'ff755e56fe79', NULL),
	('e91ec866d090', 'Lagerapotheke', 1, NULL, '2022-01-23 16:19:10', '2022-01-23 16:19:10', 'd26923cc560d', 'a12a9154b43b', NULL),
	('78cbd5ddb7e2', 'Flugbegleiterin', 1, NULL, '2023-08-08 08:33:00', '2023-08-08 08:33:00', '6e57f36875d4', NULL, 'd935d034f393'),
	('d9aa4a3c3995', 'Sicherheitspersonal', 2, NULL, '2023-08-08 08:33:19', '2023-08-08 08:33:19', '6e57f36875d4', NULL, 'd935d034f393'),
	('a4f2bb6d55ac', 'Kontrollbogen für Sicherheitskontrolle', NULL, NULL, '2023-08-08 08:33:31', '2023-08-08 08:33:31', '036d75aa9457', NULL, 'd935d034f393'),
	('49a5c700b0fa', 'Pflanzenzelt', NULL, NULL, '2023-08-08 08:33:55', '2023-08-08 08:33:55', '036d75aa9457', NULL, 'd935d034f393'),
	('2a756c44ddc4', 'Blachen für Pflanzenzelt zum Flugiverkleiden', 8, NULL, '2023-08-08 08:34:18', '2023-08-08 08:34:28', 'c58be99bbd24', NULL, 'd935d034f393'),
	('dd86b0ecfb08', 'Verletzung für Druckverband', 1, NULL, '2023-08-08 08:36:32', '2023-08-08 08:36:32', 'dcb9a30e81d2', NULL, '6cdf77b5c113'),
	('79d724cc3e89', 'Übungsapotheke', 1, NULL, '2023-08-08 08:36:47', '2023-08-08 08:36:47', '6e57f36875d4', NULL, '6cdf77b5c113'),
	('977aa03ec156', 'Sauerstoffmasken', 20, NULL, '2023-08-08 08:37:03', '2023-08-08 08:37:03', 'dcb9a30e81d2', NULL, '6cdf77b5c113'),
	('db49b2c440a6', 'Flugzeug', 1, NULL, '2023-08-08 08:37:22', '2023-08-08 08:37:22', 'dcb9a30e81d2', NULL, '6cdf77b5c113'),
	('665cdfd7a13d', 'Apotheke', 1, NULL, '2023-08-08 08:43:49', '2023-08-08 08:43:49', '6e57f36875d4', NULL, '1169fb1d7e32'),
	('46edd7753a27', 'Küche, die Alarm schreit', 1, NULL, '2023-08-08 08:44:01', '2023-08-08 08:44:01', 'dcb9a30e81d2', NULL, '1169fb1d7e32'),
	('f52f8520f9e5', 'Eingeborenen Häuptling', 1, NULL, '2023-08-08 08:44:13', '2023-08-08 08:44:13', '036d75aa9457', NULL, '1169fb1d7e32'),
	('ee48061fca90', 'Eingeborene', 5, NULL, '2023-08-08 08:44:33', '2023-08-08 08:44:33', '981eb1c8e221', NULL, '1169fb1d7e32'),
	('315f717b6f3b', 'Essen', 15, NULL, '2023-08-08 08:44:50', '2023-08-08 08:44:50', '036d75aa9457', NULL, '1169fb1d7e32'),
	('0a96bdf2a877', 'Spielbrett mit Wegen und Lagern', 1, NULL, '2023-08-08 08:45:18', '2023-08-08 08:45:18', 'dcb9a30e81d2', NULL, '1169fb1d7e32'),
	('8eeaeefd9dce', 'Farben Bändeli', 4, NULL, '2023-08-08 08:45:29', '2023-08-08 08:45:29', '6e57f36875d4', NULL, '1169fb1d7e32'),
	('c3a1cb7779ef', 'Papier', NULL, NULL, '2023-08-08 08:47:42', '2023-08-08 08:47:42', '6e57f36875d4', NULL, 'ffee29377fd4'),
	('c361346de4c2', 'Klebeband', NULL, NULL, '2023-08-08 08:47:51', '2023-08-08 08:47:51', '6e57f36875d4', NULL, 'ffee29377fd4'),
	('470c48009755', 'Stifte', NULL, NULL, '2023-08-08 08:48:11', '2023-08-08 08:48:11', '6e57f36875d4', NULL, 'ffee29377fd4'),
	('4a3980052c35', 'Packpapier', 1, NULL, '2023-08-08 08:48:25', '2023-08-08 08:48:25', 'b0d92afc0fc0', NULL, 'ffee29377fd4'),
	('6a119ad4963d', 'Blachen', 6, NULL, '2023-08-08 08:48:37', '2023-08-08 08:48:37', 'c58be99bbd24', NULL, 'ffee29377fd4'),
	('7005c89be47b', 'Federn', 20, NULL, '2023-08-08 08:50:19', '2023-08-08 08:50:19', '981eb1c8e221', NULL, '85faed92b081'),
	('04711c633c6e', 'Essensresten (Zwiebelschalen etc)', 7, NULL, '2023-08-08 08:50:30', '2023-08-08 08:50:30', '036d75aa9457', NULL, '85faed92b081'),
	('4c75446f6d9e', 'Schaufel', 2, NULL, '2023-08-08 08:50:44', '2023-08-08 08:50:44', '6e57f36875d4', NULL, '85faed92b081'),
	('0a4941b23881', 'Ballone', 50, NULL, '2023-08-08 08:51:10', '2023-08-08 08:51:10', '981eb1c8e221', NULL, '85faed92b081'),
	('a4d8934fea2d', 'Zundhölzli', NULL, NULL, '2023-08-08 08:54:21', '2023-08-08 08:54:21', 'dcb9a30e81d2', NULL, '46a0b78d4c29'),
	('7efd180ac8ec', 'Wachs', NULL, NULL, '2023-08-08 08:54:30', '2023-08-08 08:54:30', 'dcb9a30e81d2', NULL, '46a0b78d4c29'),
	('0679897e7b08', 'Flasche für Flaschenpost', 1, NULL, '2023-08-08 08:55:11', '2023-08-08 08:55:11', 'dcb9a30e81d2', NULL, '46a0b78d4c29'),
	('8ec8307051bb', 'Viel Paracord', NULL, NULL, '2023-08-08 08:55:21', '2023-08-08 08:55:21', 'dcb9a30e81d2', NULL, '46a0b78d4c29'),
	('2c79f2349d37', 'Absperrband', 1, NULL, '2023-08-08 08:59:22', '2023-08-08 08:59:22', '036d75aa9457', NULL, '74ae93df8343'),
	('01fa888341f6', 'Leuchtstäbe', 20, NULL, '2023-08-08 08:59:32', '2023-08-08 08:59:32', '6e57f36875d4', NULL, '74ae93df8343'),
	('ed794687a9e6', 'Böxli mit Musik', 1, NULL, '2023-08-08 09:09:05', '2023-08-08 09:09:05', '981eb1c8e221', NULL, 'b9036acaa421'),
	('67237089f91e', 'Karten', 5, 'St', '2023-08-08 09:19:48', '2023-08-08 09:19:48', 'eca56a59f79a', NULL, '2a81640d3449'),
	('24b6593ba0eb', 'Gruppenbillet', 1, NULL, '2023-08-08 12:47:56', '2023-08-08 12:47:56', '75951090ead6', NULL, '322db0cc9e50'),
	('203f3bc4f467', 'Apotheke', 1, NULL, '2023-08-08 12:48:07', '2023-08-08 12:48:07', '75951090ead6', NULL, '322db0cc9e50'),
	('ad310430e173', 'Teilnehmerliste', 1, NULL, '2023-08-08 12:48:19', '2023-08-08 12:48:19', '75951090ead6', NULL, '322db0cc9e50'),
	('b670d07bbc3d', 'Ordner für Notfallblätter', 1, NULL, '2023-08-08 12:48:33', '2023-08-08 12:48:33', '75951090ead6', NULL, '322db0cc9e50'),
	('eced3a382eac', 'Schatzkarten', 5, NULL, '2023-08-08 12:55:07', '2023-08-08 12:55:07', 'a62ef1a251d5', NULL, '8e8787fea6f2'),
	('9be0b27c7d05', 'Süssigkeiten', 1, 'kg', '2023-08-08 12:54:55', '2023-08-08 12:56:34', 'c2833b5b4616', NULL, '8e8787fea6f2'),
	('40c5f6199643', 'Blachen', 6, NULL, '2023-08-08 12:56:36', '2023-08-08 12:56:36', '3b4556e5eea6', NULL, '8e8787fea6f2'),
	('04be1b6159dc', 'Schatztruhe', 1, NULL, '2023-08-08 12:57:04', '2023-08-08 12:57:04', '3b4556e5eea6', NULL, '8e8787fea6f2'),
	('56d20b04dc3d', 'Schatzversteck', 1, NULL, '2023-08-08 13:04:56', '2023-08-08 13:04:56', '7e0f259f160a', NULL, '9dcf58a2ac05'),
	('02de16b92340', 'Tee', 10, 'Liter', '2023-08-08 13:05:12', '2023-08-08 13:05:12', 'c2833b5b4616', NULL, '9dcf58a2ac05'),
	('7280d8addcfd', 'Schnur', 4, 'm', '2023-08-08 13:09:39', '2023-08-08 13:09:39', 'a62ef1a251d5', NULL, '134e2196af92'),
	('05c41d73694d', 'Äpfel', 5, 'kg', '2023-08-08 13:19:30', '2023-08-08 13:19:30', 'c0aa06f74dc5', NULL, '25074e49b902'),
	('db226be3de01', 'Seil', 8, 'm', '2023-08-08 13:19:39', '2023-08-08 13:19:39', '184ba2a1677d', NULL, '25074e49b902'),
	('ddaddb5e6577', 'Verkleidung Dolor', 1, NULL, '2023-08-08 13:19:54', '2023-08-08 13:19:54', '33886893d219', NULL, '25074e49b902'),
	('d68271396783', 'Chips', 8, 'Pack', '2023-08-08 13:22:19', '2023-08-08 13:22:19', 'c2833b5b4616', NULL, '963cec4704d0'),
	('f93c46f939f7', 'MIlch', 10, 'Liter', '2023-08-08 13:22:30', '2023-08-08 13:22:30', 'c2833b5b4616', NULL, '963cec4704d0'),
	('d78383ce3cd8', 'Bändeli', 5, 'Farben', '2023-08-08 13:22:41', '2023-08-08 13:22:41', '3b4556e5eea6', NULL, '963cec4704d0'),
	('d4ffc48a48b6', 'Spaten', 6, NULL, '2023-08-08 13:22:55', '2023-08-08 13:22:55', '9210ac5a577d', NULL, '963cec4704d0'),
	('04c17e1970bd', 'Pizza', 5, 'Stück', '2023-08-08 13:30:36', '2023-08-08 13:30:36', 'c2833b5b4616', NULL, '2a9feb02eef2'),
	('533ee804b3eb', 'Luftballone', 3, NULL, '2023-08-08 13:30:51', '2023-08-08 13:30:51', '444d025786d4', NULL, '2a9feb02eef2'),
	('6f05e7800672', 'Hüpfsäcke', 3, NULL, '2023-08-08 13:31:16', '2023-08-08 13:31:16', 'a62ef1a251d5', NULL, '2a9feb02eef2'),
	('fbfcee74acdb', 'Spitzhacken', 8, NULL, '2023-08-08 13:31:46', '2023-08-08 13:31:46', '9210ac5a577d', NULL, '2a9feb02eef2'),
	('c68957506a15', 'Blacken', 5, NULL, '2023-08-08 13:31:55', '2023-08-08 13:31:55', '9210ac5a577d', NULL, '2a9feb02eef2'),
	('40d09184021d', 'Sugus', 20, NULL, '2023-08-08 13:32:08', '2023-08-08 13:32:08', 'c2833b5b4616', NULL, '2a9feb02eef2'),
	('af92dd411aee', 'Verkleidung Harry Potter', 1, NULL, '2023-08-08 13:32:20', '2023-08-08 13:32:20', '75951090ead6', NULL, '2a9feb02eef2'),
	('1d8f953a935d', 'Äpfel', 10, 'Stück', '2023-08-08 13:32:56', '2023-08-08 13:32:56', '184ba2a1677d', NULL, '2a9feb02eef2'),
	('310d64f0e5e9', 'Knoblauch', 4, NULL, '2023-08-08 13:33:09', '2023-08-08 13:33:09', '184ba2a1677d', NULL, '2a9feb02eef2'),
	('197be0fd966b', 'Zucker', 800, 'g', '2023-08-08 13:33:22', '2023-08-08 13:33:22', '184ba2a1677d', NULL, '2a9feb02eef2'),
	('0fcb4e4c507b', 'Becher', 30, 'Stück', '2023-08-13 06:16:24', '2023-08-13 06:16:24', 'b544925a867f', '7c39a8ebf82f', NULL),
	('476e770bdb2c', 'Gabel', 30, 'Stück', '2023-08-13 06:16:49', '2023-08-13 06:16:49', 'c695bbf6cf4a', '7c39a8ebf82f', NULL),
	('8bd26138d059', 'Messer', 20, 'Stück', '2023-08-13 06:17:06', '2023-08-13 06:17:06', '99808d932cfd', '7c39a8ebf82f', NULL),
	('40e7dc6a1132', 'Panzer-Klebeband', 3, 'Rollen', '2023-08-13 06:17:47', '2023-08-13 06:17:47', '440d66c5d00c', '7c39a8ebf82f', NULL),
	('5540fc01b09a', 'Blachen', 3, 'Bund', '2023-08-13 06:18:12', '2023-08-13 06:18:12', '99808d932cfd', '7c39a8ebf82f', NULL),
	('0494e1fb0b74', 'Seil', 3, 'm', '2023-08-13 06:19:42', '2023-08-13 06:19:42', 'c695bbf6cf4a', NULL, '5c309d8a07bd'),
	('7c3ae56f400c', 'Zeltheringe', 5, 'Stück', '2023-08-13 06:20:29', '2023-08-13 06:20:29', '087e7991d5c2', NULL, '5c309d8a07bd'),
	('405b0c53918b', 'Karten Umgebung', 5, NULL, '2023-11-12 14:54:25', '2023-11-12 14:54:25', '036d75aa9457', NULL, '229bf60acccb'),
	('06433d747cb6', 'Schokolade', 1, 'Tafel', '2023-11-12 14:54:35', '2023-11-12 14:54:35', 'b0d92afc0fc0', NULL, '229bf60acccb'),
	('a5e779fb24e6', 'Sichtmäppli', 5, NULL, '2023-11-12 14:54:48', '2023-11-12 14:54:48', '036d75aa9457', NULL, '229bf60acccb'),
	('823022783d3b', 'Zauberhüte', NULL, NULL, '2024-04-01 18:08:01', '2024-04-01 18:08:01', '3b4556e5eea6', NULL, '95f018545e1e'),
	('3f212014b34a', 'Gruppenbillet', 1, NULL, '2023-08-08 12:47:56', '2023-08-08 12:47:56', 'e06677070032', NULL, '7e7a75da005b'),
	('5bd3969c000e', 'Apotheke', 1, NULL, '2023-08-08 12:48:07', '2023-08-08 12:48:07', 'e06677070032', NULL, '7e7a75da005b'),
	('b4e5902fdf39', 'Teilnehmerliste', 1, NULL, '2023-08-08 12:48:19', '2023-08-08 12:48:19', 'e06677070032', NULL, '7e7a75da005b'),
	('2d864ccf23cf', 'Ordner für Notfallblätter', 1, NULL, '2023-08-08 12:48:33', '2023-08-08 12:48:33', 'e06677070032', NULL, '7e7a75da005b'),
	('e05d86703b48', 'Schatzkarten', 5, NULL, '2023-08-08 12:55:07', '2023-08-08 12:55:07', '2a66659e9aa5', NULL, 'c210b29eb641'),
	('46ea62c11d60', 'Süssigkeiten', 1, 'kg', '2023-08-08 12:54:55', '2023-08-08 12:56:34', '308765cf5631', NULL, 'c210b29eb641'),
	('77d134191f74', 'Blachen', 6, NULL, '2023-08-08 12:56:36', '2023-08-08 12:56:36', 'f4268fba5b4b', NULL, 'c210b29eb641'),
	('395c2b67dcf8', 'Schatztruhe', 1, NULL, '2023-08-08 12:57:04', '2023-08-08 12:57:04', 'f4268fba5b4b', NULL, 'c210b29eb641'),
	('b93e13fb5e32', 'Schatzversteck', 1, NULL, '2023-08-08 13:04:56', '2023-08-08 13:04:56', 'b6f53a71078f', NULL, '18b67e3c98b3'),
	('fff5792b9b32', 'Tee', 10, 'Liter', '2023-08-08 13:05:12', '2023-08-08 13:05:12', '308765cf5631', NULL, '18b67e3c98b3'),
	('ad4a17b7a9be', 'Schnur', 4, 'm', '2023-08-08 13:09:39', '2023-08-08 13:09:39', '2a66659e9aa5', NULL, '0f869c953b6b'),
	('575940e0d36a', 'Äpfel', 5, 'kg', '2023-08-08 13:19:30', '2023-08-08 13:19:30', '235d4e49db04', NULL, '28e74ee962e9'),
	('ccefca359227', 'Seil', 8, 'm', '2023-08-08 13:19:39', '2023-08-08 13:19:39', '6e3d8bf92360', NULL, '28e74ee962e9'),
	('52fd6a30e2df', 'Verkleidung Dolor', 1, NULL, '2023-08-08 13:19:54', '2023-08-08 13:19:54', 'cc18aaa03b18', NULL, '28e74ee962e9'),
	('a1d02ad7609b', 'Chips', 8, 'Pack', '2023-08-08 13:22:19', '2023-08-08 13:22:19', '308765cf5631', NULL, '76b43733c8d2'),
	('537d3d5fc24d', 'MIlch', 10, 'Liter', '2023-08-08 13:22:30', '2023-08-08 13:22:30', '308765cf5631', NULL, '76b43733c8d2'),
	('dd658171b877', 'Bändeli', 5, 'Farben', '2023-08-08 13:22:41', '2023-08-08 13:22:41', 'f4268fba5b4b', NULL, '76b43733c8d2'),
	('12a721a69bc6', 'Spaten', 6, NULL, '2023-08-08 13:22:55', '2023-08-08 13:22:55', '049b1890fb94', NULL, '76b43733c8d2'),
	('0c12244f45e7', 'Pizza', 5, 'Stück', '2023-08-08 13:30:36', '2023-08-08 13:30:36', '308765cf5631', NULL, '943f3caf8ed8'),
	('f7aba9c40166', 'Luftballone', 3, NULL, '2023-08-08 13:30:51', '2023-08-08 13:30:51', 'fc33f57a7198', NULL, '943f3caf8ed8'),
	('cbb2378f17cf', 'Hüpfsäcke', 3, NULL, '2023-08-08 13:31:16', '2023-08-08 13:31:16', '2a66659e9aa5', NULL, '943f3caf8ed8'),
	('7c1a3a8f939f', 'Spitzhacken', 8, NULL, '2023-08-08 13:31:46', '2023-08-08 13:31:46', '049b1890fb94', NULL, '943f3caf8ed8'),
	('2ec64be0833b', 'Blacken', 5, NULL, '2023-08-08 13:31:55', '2023-08-08 13:31:55', '049b1890fb94', NULL, '943f3caf8ed8'),
	('098340b85b09', 'Sugus', 20, NULL, '2023-08-08 13:32:08', '2023-08-08 13:32:08', '308765cf5631', NULL, '943f3caf8ed8'),
	('ccb5a88bdc70', 'Verkleidung Harry Potter', 1, NULL, '2023-08-08 13:32:20', '2023-08-08 13:32:20', 'e06677070032', NULL, '943f3caf8ed8'),
	('a859f7a44767', 'Äpfel', 10, 'Stück', '2023-08-08 13:32:56', '2023-08-08 13:32:56', '6e3d8bf92360', NULL, '943f3caf8ed8'),
	('84d41dc61c69', 'Knoblauch', 4, NULL, '2023-08-08 13:33:09', '2023-08-08 13:33:09', '6e3d8bf92360', NULL, '943f3caf8ed8'),
	('7655793a3287', 'Zucker', 800, 'g', '2023-08-08 13:33:22', '2023-08-08 13:33:22', '6e3d8bf92360', NULL, '943f3caf8ed8'),
	('076f418a0608', 'Zauberhüte', NULL, NULL, '2024-04-01 18:08:01', '2024-04-01 18:08:01', 'f4268fba5b4b', NULL, 'c66f2f897116');






INSERT INTO public.schedule_entry (id, startoffset, endoffset, "left", width, createtime, updatetime, periodid, activityid) VALUES
	('49334ec99fc4', 600, 660, 0, 1, '2022-01-23 16:19:10', '2022-01-23 16:19:10', 'ff755e56fe79', 'c13b91f0e465'),
	('2dbeb6095bd8', 660, 720, 0, 1, '2022-01-23 16:19:10', '2022-01-23 16:19:10', 'a12a9154b43b', 'd3cfa12d19f2'),
	('54c8d6a938f2', 720, 780, 0, 1, '2022-01-23 16:19:10', '2022-01-23 16:19:10', 'a12a9154b43b', 'd3cfa12d19f2'),
	('c77a928890b0', 1260, 1365, 0, 1, '2023-08-08 08:14:46', '2023-08-08 08:14:46', '76be24bce434', '570e2b1facd0'),
	('4e300a9e7d23', 2190, 2310, 0, 1, '2023-08-08 08:15:24', '2023-08-08 08:15:24', '76be24bce434', '86fc828f15e4'),
	('5927d65dc155', 2550, 2670, 0, 1, '2023-08-08 08:15:37', '2023-08-08 08:15:37', '76be24bce434', 'a70891fae871'),
	('f85765a558cf', 3600, 3660, 0, 1, '2023-08-08 08:16:01', '2023-08-08 08:16:01', '76be24bce434', 'f20f80f0a2b5'),
	('654f76ce88ea', 4020, 4140, 0, 1, '2023-08-08 08:16:10', '2023-08-08 08:16:10', '76be24bce434', 'b51c768b1965'),
	('2b91709fe6db', 4800, 4860, 0, 1, '2023-08-08 08:16:22', '2023-08-08 08:16:22', '76be24bce434', '5d1f5c1be758'),
	('aa98aa5e949b', 5040, 5100, 0, 1, '2023-08-08 08:16:29', '2023-08-08 08:16:29', '76be24bce434', '74755eca6018'),
	('447474278f0e', 4770, 4800, 0, 1, '2023-08-08 08:17:01', '2023-08-08 08:17:01', '76be24bce434', 'd0f1af66fb94'),
	('06e2bcb90f18', 3390, 3450, 0, 1, '2023-08-08 08:15:52', '2023-08-08 08:17:12', '76be24bce434', '71fe21d68351'),
	('14fc7550d334', 3360, 3390, 0, 1, '2023-08-08 08:16:54', '2023-08-08 08:17:14', '76be24bce434', 'f0daf363451d'),
	('51c110ddd923', 1890, 1920, 0, 1, '2023-08-08 08:16:48', '2023-08-08 08:17:17', '76be24bce434', '63ad6efc7613'),
	('1c236c325328', 1920, 1980, 0, 1, '2023-08-08 08:15:06', '2023-08-08 08:17:19', '76be24bce434', '77f803f195b7'),
	('12f34c89ce11', 1020, 1080, 0, 1, '2023-08-08 08:17:36', '2023-08-08 08:17:36', '76be24bce434', 'ffd08c52288c'),
	('95bf4c3dd009', 2310, 2460, 0, 1, '2023-08-08 08:18:24', '2023-08-08 08:18:24', '76be24bce434', 'a1f1a250174e'),
	('3db48c4217aa', 3780, 3930, 0, 1, '2023-08-08 08:18:57', '2023-08-08 08:18:57', '76be24bce434', 'f99efc21a720'),
	('661817f7af15', 1080, 1140, 0, 1, '2023-08-08 08:19:25', '2023-08-08 08:19:25', '76be24bce434', 'f72cf8aaed17'),
	('6eac05c33fb7', 1365, 1380, 0, 1, '2023-08-08 08:19:40', '2023-08-08 08:19:40', '76be24bce434', '1d8bff7d2f86'),
	('8737692424f1', 1410, 1500, 0, 1, '2023-08-08 08:19:55', '2023-08-08 08:21:04', '76be24bce434', '136454f62f6c'),
	('151c255d631c', 1980, 2100, 0, 1, '2023-08-08 08:21:21', '2023-08-08 08:21:21', '76be24bce434', 'e7d3c4243a60'),
	('ade24076a1c8', 2460, 2550, 0, 1, '2023-08-08 08:21:34', '2023-08-08 08:21:34', '76be24bce434', 'bb9111fcab18'),
	('3c093fe104ee', 2670, 2790, 0, 1, '2023-08-08 08:21:54', '2023-08-08 08:21:54', '76be24bce434', '19bad783376d'),
	('84c095e518ab', 3450, 3600, 0, 1, '2023-08-08 08:22:11', '2023-08-08 08:22:11', '76be24bce434', 'fc2a7692d8ee'),
	('a89878fc14ba', 3930, 4020, 0, 1, '2023-08-08 08:22:29', '2023-08-08 08:22:29', '76be24bce434', '12616670c53f'),
	('dc35e5974d2b', 4140, 4290, 0, 1, '2023-08-08 08:22:41', '2023-08-08 08:22:41', '76be24bce434', 'cb40dd913e07'),
	('6a4acd98e5c1', 5100, 5220, 0, 1, '2023-08-08 08:22:57', '2023-08-08 08:22:57', '76be24bce434', 'c16fcb5fc83b'),
	('02d50e30edfc', 1140, 1260, 0, 1, '2023-08-08 08:23:10', '2023-08-08 08:23:10', '76be24bce434', '727afdc7407a'),
	('156af85e8d20', 3660, 3780, 0, 1, '2023-08-08 08:23:23', '2023-08-08 08:23:23', '76be24bce434', '23e7e54de04c'),
	('7b91a47fb5a2', 4860, 5040, 0, 1, '2023-08-08 08:23:36', '2023-08-08 08:23:36', '76be24bce434', '130f9a87373b'),
	('ec7390fd08c6', 720, 780, 0, 1, '2023-08-08 09:49:23', '2023-08-08 09:49:23', 'fe47dfd2b541', '67c5baafae86'),
	('fae9e762a888', 2160, 2220, 0, 1, '2023-08-08 09:49:23', '2023-08-08 09:49:23', 'fe47dfd2b541', '67c5baafae86'),
	('6cf1acee8c15', 3600, 3660, 0, 1, '2023-08-08 09:49:23', '2023-08-08 09:49:23', 'fe47dfd2b541', '67c5baafae86'),
	('36f872753c3d', 5040, 5100, 0, 1, '2023-08-08 09:49:23', '2023-08-08 09:49:23', 'fe47dfd2b541', '67c5baafae86'),
	('d6f0b7a6db84', 6480, 6540, 0, 1, '2023-08-08 09:49:23', '2023-08-08 09:49:23', 'fe47dfd2b541', '67c5baafae86'),
	('090d8b8c20ce', 7920, 7980, 0, 1, '2023-08-08 09:49:23', '2023-08-08 09:49:23', 'fe47dfd2b541', '67c5baafae86'),
	('8df2de4613a2', 9360, 9420, 0, 1, '2023-08-08 09:49:23', '2023-08-08 09:49:23', 'fe47dfd2b541', '67c5baafae86'),
	('694606cc35f8', 10800, 10860, 0, 1, '2023-08-08 09:49:23', '2023-08-08 09:49:23', 'fe47dfd2b541', '67c5baafae86'),
	('88d8ff3cead3', 1920, 1980, 0, 1, '2023-08-08 09:51:29', '2023-08-08 09:51:29', 'fe47dfd2b541', 'b583c998b8cd'),
	('3b61ec2ffb53', 3360, 3420, 0, 1, '2023-08-08 09:51:29', '2023-08-08 09:51:29', 'fe47dfd2b541', 'b583c998b8cd'),
	('44557179f82c', 4800, 4860, 0, 1, '2023-08-08 09:51:29', '2023-08-08 09:51:29', 'fe47dfd2b541', 'b583c998b8cd'),
	('436a4fbc5029', 6240, 6300, 0, 1, '2023-08-08 09:51:29', '2023-08-08 09:51:29', 'fe47dfd2b541', 'b583c998b8cd'),
	('646f42ee2f82', 7680, 7740, 0, 1, '2023-08-08 09:51:29', '2023-08-08 09:51:29', 'fe47dfd2b541', 'b583c998b8cd'),
	('b6e39ad221ba', 9120, 9180, 0, 1, '2023-08-08 09:51:29', '2023-08-08 09:51:29', 'fe47dfd2b541', 'b583c998b8cd'),
	('318b208af8e0', 10560, 10620, 0, 1, '2023-08-08 09:51:29', '2023-08-08 09:51:29', 'fe47dfd2b541', 'b583c998b8cd'),
	('2a0759cceb04', 2520, 2580, 0, 1, '2023-08-08 09:52:49', '2023-08-08 09:52:49', 'fe47dfd2b541', '01edc626adcd'),
	('75fd10b7b36c', 3960, 4020, 0, 1, '2023-08-08 09:52:49', '2023-08-08 09:52:49', 'fe47dfd2b541', '01edc626adcd'),
	('fc3b2347517c', 5400, 5460, 0, 1, '2023-08-08 09:52:49', '2023-08-08 09:52:49', 'fe47dfd2b541', '01edc626adcd'),
	('c0c5c5cfad30', 6840, 6900, 0, 1, '2023-08-08 09:52:49', '2023-08-08 09:52:49', 'fe47dfd2b541', '01edc626adcd'),
	('d84ee4eee9c5', 8280, 8340, 0, 1, '2023-08-08 09:52:49', '2023-08-08 09:52:49', 'fe47dfd2b541', '01edc626adcd'),
	('c5f61a07b735', 9720, 9780, 0, 1, '2023-08-08 09:52:49', '2023-08-08 09:52:49', 'fe47dfd2b541', '01edc626adcd'),
	('27bceddd3308', 510, 720, 0, 1, '2023-08-08 09:53:21', '2023-08-08 09:53:21', 'fe47dfd2b541', '0a55eff07825'),
	('aec9b8571c5a', 1890, 1920, 0, 1, '2023-08-08 09:53:49', '2023-08-08 09:53:49', 'fe47dfd2b541', '74a794949abe'),
	('0ab58e029d4f', 3330, 3360, 0, 1, '2023-08-08 09:54:05', '2023-08-08 09:54:14', 'fe47dfd2b541', 'e0f6fead1630'),
	('5ebbea6e9db3', 4770, 4800, 0, 1, '2023-08-08 09:54:22', '2023-08-08 09:54:22', 'fe47dfd2b541', '57cabdd735e4'),
	('9530cb1eadf3', 6210, 6240, 0, 1, '2023-08-08 09:54:27', '2023-08-08 09:54:27', 'fe47dfd2b541', '3761a6f8a5f6'),
	('dbbca5907e70', 7650, 7680, 0, 1, '2023-08-08 09:54:32', '2023-08-08 09:54:32', 'fe47dfd2b541', 'b4136aea47a6'),
	('50a0336a5b1f', 9090, 9120, 0, 1, '2023-08-08 09:54:37', '2023-08-08 09:54:37', 'fe47dfd2b541', '6b7301ee3a6f'),
	('2517c1ddda3b', 10530, 10560, 0, 1, '2023-08-08 09:54:41', '2023-08-08 09:54:41', 'fe47dfd2b541', 'bdbac7fdeced'),
	('1988e7a2052d', 1080, 1200, 0, 1, '2023-08-08 09:52:49', '2023-08-08 09:55:04', 'fe47dfd2b541', '01edc626adcd'),
	('32c7b5d93fdc', 1200, 1260, 0, 1, '2023-08-08 09:55:13', '2023-08-08 09:55:13', 'fe47dfd2b541', '61e2184bb989'),
	('afcd9651c36c', 1980, 2160, 0, 1, '2023-08-08 09:55:35', '2023-08-08 09:55:35', 'fe47dfd2b541', '8b6d14842399'),
	('0ba0063c9195', 2670, 2745, 0, 1, '2023-08-08 09:56:01', '2023-08-08 09:56:01', 'fe47dfd2b541', '5b0623bc5bca'),
	('e73065e5a4ff', 2790, 2850, 0, 1, '2023-08-08 09:56:21', '2023-08-08 09:56:21', 'fe47dfd2b541', '87152d51627b'),
	('da9ef8b7e9c0', 3825, 3915, 0, 1, '2023-08-08 09:56:45', '2023-08-08 09:56:45', 'fe47dfd2b541', 'bea0f3494e6f'),
	('17306dd7890d', 4860, 5040, 0, 1, '2023-08-08 10:11:42', '2023-08-08 10:11:42', 'fe47dfd2b541', 'eb5e6909b469'),
	('698ee65a3663', 5100, 6480, 0, 1, '2023-08-08 10:12:15', '2023-08-08 10:13:13', 'fe47dfd2b541', '0d3a28d71926'),
	('848801b29918', 6540, 6765, 0, 1, '2023-08-08 10:13:31', '2023-08-08 10:13:31', 'fe47dfd2b541', 'ee42816874f4'),
	('0de01bfc808c', 7740, 7830, 0, 1, '2023-08-08 10:13:58', '2023-08-08 10:13:58', 'fe47dfd2b541', '1cdca8c3c7f4'),
	('7510617bc1c9', 8340, 8535, 0, 1, '2023-08-08 10:14:26', '2023-08-08 10:14:26', 'fe47dfd2b541', '962c11ecba16'),
	('9a4173c9bb73', 10980, 11100, 0, 1, '2023-08-08 10:15:26', '2023-08-08 10:15:26', 'fe47dfd2b541', 'fac85f8a8628'),
	('b6668dffbb2b', 780, 1080, 0, 1, '2023-08-08 10:15:50', '2023-08-08 10:15:50', 'fe47dfd2b541', 'f5cb06b8144a'),
	('57f6f524ec0a', 900, 1080, 0, 1, '2023-08-08 10:16:36', '2023-08-08 10:16:43', 'fe47dfd2b541', '0df7353512a1'),
	('846e4897b064', 2220, 2355, 0, 1, '2023-08-08 10:17:07', '2023-08-08 10:17:07', 'fe47dfd2b541', '9a67ce62283b'),
	('999ee55a49cc', 3420, 3600, 0, 1, '2023-08-08 10:17:52', '2023-08-08 10:17:52', 'fe47dfd2b541', 'd9df1b13ec15'),
	('cf2da73fd342', 10620, 10800, 0, 1, '2023-08-08 10:18:24', '2023-08-08 10:18:24', 'fe47dfd2b541', '97cc0fcc1f95'),
	('24b13386ded5', 2355, 2520, 0, 1, '2023-08-08 10:19:57', '2023-08-08 10:19:57', 'fe47dfd2b541', 'dad3a644bdfa'),
	('08d72b07dbb1', 3690, 3795, 0, 1, '2023-08-08 10:20:31', '2023-08-08 10:20:31', 'fe47dfd2b541', '9888ec1f74c3'),
	('acd6cf2a52aa', 4020, 4155, 0, 1, '2023-08-08 10:20:55', '2023-08-08 10:20:55', 'fe47dfd2b541', '40564010a85d'),
	('47bc2e9c3c53', 6915, 7050, 0, 1, '2023-08-08 10:21:16', '2023-08-08 10:21:16', 'fe47dfd2b541', '032b6437545d'),
	('ea572fd38051', 2580, 2760, 0, 1, '2023-08-08 10:21:40', '2023-08-08 10:21:40', 'fe47dfd2b541', '192e9584e2da'),
	('3ca25262dabb', 9435, 9690, 0, 1, '2023-08-08 10:18:16', '2023-08-08 10:22:47', 'fe47dfd2b541', '9b82ba852386'),
	('2ece4db83a09', 9540, 9720, 0, 1, '2023-08-08 10:14:57', '2023-08-08 10:22:53', 'fe47dfd2b541', 'fcb508f1ed22'),
	('5b2149715b01', 9495, 9705, 0, 1, '2023-08-08 10:22:12', '2023-08-08 10:23:01', 'fe47dfd2b541', 'c1ca9cec785c'),
	('5af8a84fb6b7', 7995, 8100, 0, 1, '2023-08-08 10:24:56', '2023-08-08 10:24:56', 'fe47dfd2b541', 'e573fd958e04'),
	('91dfa69079e1', 8145, 8265, 0, 1, '2023-08-08 10:24:56', '2023-08-08 10:27:34', 'fe47dfd2b541', 'e573fd958e04'),
	('96f9eaf8d755', 7995, 8100, 0, 1, '2023-08-08 10:25:47', '2023-08-08 10:28:00', 'fe47dfd2b541', '05c36faf1dd7'),
	('a93e2352c708', 8145, 8270, 0, 1, '2023-08-08 10:25:47', '2023-08-08 10:29:42', 'fe47dfd2b541', '05c36faf1dd7'),
	('f1aa62a30a42', 9180, 9345, 0, 1, '2023-08-08 10:30:47', '2023-08-08 10:30:47', 'fe47dfd2b541', '1b7646db8f73'),
	('ce418acd15f8', 3000, 3120, 0, 1, '2023-08-08 10:31:35', '2023-08-08 10:31:35', 'fe47dfd2b541', '103f7456a1c9'),
	('74babf44e17a', 480, 540, 0, 1, '2023-08-12 18:00:14', '2023-08-12 18:00:14', '7c39a8ebf82f', '3d1e5c91ceb2'),
	('9fdddb3cc949', 1920, 1980, 0, 1, '2023-08-12 18:00:14', '2023-08-12 18:00:14', '7c39a8ebf82f', '3d1e5c91ceb2'),
	('45d79b32c7f4', 3360, 3420, 0, 1, '2023-08-12 18:00:14', '2023-08-12 18:00:14', '7c39a8ebf82f', '3d1e5c91ceb2'),
	('1cab12fa98a2', 4800, 4860, 0, 1, '2023-08-12 18:00:14', '2023-08-12 18:00:14', '7c39a8ebf82f', '3d1e5c91ceb2'),
	('4ec0e3913072', 6240, 6300, 0, 1, '2023-08-12 18:00:14', '2023-08-12 18:00:14', '7c39a8ebf82f', '3d1e5c91ceb2'),
	('a21f08c0b567', 7680, 7740, 0, 1, '2023-08-12 18:00:14', '2023-08-12 18:00:14', '7c39a8ebf82f', '3d1e5c91ceb2'),
	('fe72f38a67f0', 9120, 9180, 0, 1, '2023-08-12 18:00:14', '2023-08-12 18:00:14', '7c39a8ebf82f', '3d1e5c91ceb2'),
	('a6bc877376ad', 720, 780, 0, 1, '2023-08-12 18:01:46', '2023-08-12 18:01:46', '7c39a8ebf82f', 'eec64642ee9e'),
	('6eec19f17247', 2160, 2220, 0, 1, '2023-08-12 18:01:46', '2023-08-12 18:01:46', '7c39a8ebf82f', 'eec64642ee9e'),
	('0c670bc9f1c2', 3600, 3660, 0, 1, '2023-08-12 18:03:59', '2023-08-12 18:03:59', '7c39a8ebf82f', 'eec64642ee9e'),
	('27dc5bb6be89', 5040, 5100, 0, 1, '2023-08-12 18:03:59', '2023-08-12 18:03:59', '7c39a8ebf82f', 'eec64642ee9e'),
	('346e2d7d4a4f', 7920, 7980, 0, 1, '2023-08-12 18:03:59', '2023-08-12 18:03:59', '7c39a8ebf82f', 'eec64642ee9e'),
	('025084071f79', 6480, 6540, 0, 1, '2023-08-12 18:03:59', '2023-08-12 18:03:59', '7c39a8ebf82f', 'eec64642ee9e'),
	('96bcf793073a', 9360, 9420, 0, 1, '2023-08-12 18:04:00', '2023-08-12 18:04:00', '7c39a8ebf82f', 'eec64642ee9e'),
	('19dd5c93b136', 1080, 1140, 0, 1, '2023-08-12 18:06:35', '2023-08-12 18:06:35', '7c39a8ebf82f', '5afa0c149a17'),
	('ef130a16051d', 2580, 2640, 0, 1, '2023-08-12 18:06:35', '2023-08-12 18:06:35', '7c39a8ebf82f', '5afa0c149a17'),
	('0ef48358dcfd', 3960, 4020, 0, 1, '2023-08-12 18:06:35', '2023-08-12 18:06:35', '7c39a8ebf82f', '5afa0c149a17'),
	('f5f0753f34af', 5400, 5460, 0, 1, '2023-08-12 18:06:35', '2023-08-12 18:06:35', '7c39a8ebf82f', '5afa0c149a17'),
	('0bd243e97796', 6900, 6960, 0, 1, '2023-08-12 18:06:35', '2023-08-12 18:06:35', '7c39a8ebf82f', '5afa0c149a17'),
	('af3d9fc26751', 8280, 8340, 0, 1, '2023-08-12 18:06:35', '2023-08-12 18:06:35', '7c39a8ebf82f', '5afa0c149a17'),
	('4671acbbf5fa', 9720, 9780, 0, 1, '2023-08-12 18:06:35', '2023-08-12 18:06:35', '7c39a8ebf82f', '5afa0c149a17'),
	('114ba9d6346b', 1410, 1470, 0, 1, '2023-08-12 18:09:07', '2023-08-12 18:09:07', '7c39a8ebf82f', 'a7908cf472c6'),
	('0c426b3fa9fc', 2850, 2910, 0, 1, '2023-08-12 18:09:07', '2023-08-12 18:09:07', '7c39a8ebf82f', 'a7908cf472c6'),
	('9083179200d5', 4290, 4350, 0, 1, '2023-08-12 18:09:07', '2023-08-12 18:09:07', '7c39a8ebf82f', 'a7908cf472c6'),
	('59c8ee1c3156', 5730, 5790, 0, 1, '2023-08-12 18:09:07', '2023-08-12 18:09:07', '7c39a8ebf82f', 'a7908cf472c6'),
	('684e813ddde3', 7170, 7230, 0, 1, '2023-08-12 18:09:07', '2023-08-12 18:09:07', '7c39a8ebf82f', 'a7908cf472c6'),
	('9c66eddb988e', 8610, 8670, 0, 1, '2023-08-12 18:09:07', '2023-08-12 18:09:07', '7c39a8ebf82f', 'a7908cf472c6'),
	('1eec304096f4', 420, 540, 0, 1, '2023-08-12 18:14:03', '2023-08-12 18:14:03', '7c39a8ebf82f', '7fdc3e341b71'),
	('8a781022c963', 1860, 1980, 0, 1, '2023-08-12 18:14:03', '2023-08-12 18:14:03', '7c39a8ebf82f', '7fdc3e341b71'),
	('759d30f745cd', 3300, 3420, 0, 1, '2023-08-12 18:14:03', '2023-08-12 18:14:03', '7c39a8ebf82f', '7fdc3e341b71'),
	('c38306a07119', 4740, 4860, 0, 1, '2023-08-12 18:14:03', '2023-08-12 18:14:03', '7c39a8ebf82f', '7fdc3e341b71'),
	('ae1aecf154f5', 6180, 6315, 0, 1, '2023-08-12 18:14:03', '2023-08-12 18:14:03', '7c39a8ebf82f', '7fdc3e341b71'),
	('fc13001ec120', 7620, 7785, 0, 1, '2023-08-12 18:14:03', '2023-08-12 18:14:03', '7c39a8ebf82f', '7fdc3e341b71'),
	('474e7cfb03ff', 3060, 6420, 0, 1, '2023-08-12 18:16:40', '2023-08-12 18:16:40', '7c39a8ebf82f', '83c3327183f3'),
	('50568abc2e98', 360, 420, 0, 1, '2023-08-12 18:19:11', '2023-08-12 18:19:11', '7c39a8ebf82f', 'bba8f7342631'),
	('202981c1dbd1', 1800, 1860, 0, 1, '2023-08-12 18:19:11', '2023-08-12 18:19:11', '7c39a8ebf82f', 'bba8f7342631'),
	('6f70a19e504e', 3240, 3300, 0, 1, '2023-08-12 18:19:11', '2023-08-12 18:19:11', '7c39a8ebf82f', 'bba8f7342631'),
	('3a87213b47eb', 4680, 4740, 0, 1, '2023-08-12 18:19:11', '2023-08-12 18:19:11', '7c39a8ebf82f', 'bba8f7342631'),
	('455b591484c2', 6120, 6180, 0, 1, '2023-08-12 18:19:11', '2023-08-12 18:19:11', '7c39a8ebf82f', 'bba8f7342631'),
	('1cb4de90bcdb', 7560, 7620, 0, 1, '2023-08-12 18:19:11', '2023-08-12 18:19:11', '7c39a8ebf82f', 'bba8f7342631'),
	('7a894eeb8da8', 540, 600, 0, 1, '2023-08-12 18:22:36', '2023-08-12 18:22:36', '7c39a8ebf82f', 'c20c7cae83c0'),
	('17118f8aaeee', 600, 630, 0, 1, '2023-08-12 18:22:36', '2023-08-12 18:22:36', '7c39a8ebf82f', 'c20c7cae83c0'),
	('1efa4c211660', 630, 645, 0, 1, '2023-08-12 18:22:36', '2023-08-12 18:22:36', '7c39a8ebf82f', 'c20c7cae83c0'),
	('1f5765092cfd', 645, 660, 0, 1, '2023-08-12 18:22:36', '2023-08-12 18:22:36', '7c39a8ebf82f', 'c20c7cae83c0'),
	('1f3ee732c9c9', 660, 720, 0, 1, '2023-08-12 18:22:36', '2023-08-12 18:22:36', '7c39a8ebf82f', 'c20c7cae83c0'),
	('3755c56899c5', 720, 735, 0, 1, '2023-08-12 18:22:36', '2023-08-12 18:22:36', '7c39a8ebf82f', 'c20c7cae83c0'),
	('e3980f0be69f', 735, 750, 0, 1, '2023-08-12 18:22:36', '2023-08-12 18:22:36', '7c39a8ebf82f', 'c20c7cae83c0'),
	('5e4356e46611', 750, 780, 0, 1, '2023-08-12 18:22:36', '2023-08-12 18:22:36', '7c39a8ebf82f', 'c20c7cae83c0'),
	('944d3823413e', 840, 900, 0, 1, '2023-08-12 18:22:36', '2023-08-12 18:22:36', '7c39a8ebf82f', 'c20c7cae83c0'),
	('6d72dcc7efb6', 900, 960, 0, 1, '2023-08-12 18:22:36', '2023-08-12 18:22:36', '7c39a8ebf82f', 'c20c7cae83c0'),
	('557080c67ed1', 420, 480, 0, 1, '2023-08-12 18:22:36', '2023-08-12 18:22:36', '7c39a8ebf82f', 'c20c7cae83c0'),
	('1ab04907a820', 1020, 1080, 0, 1, '2023-08-12 18:22:36', '2023-08-12 18:23:10', '7c39a8ebf82f', 'c20c7cae83c0'),
	('3a7376e7858f', 960, 1020, 0, 1, '2023-08-12 18:22:36', '2023-08-12 18:23:10', '7c39a8ebf82f', 'c20c7cae83c0'),
	('137c0753df75', 1080, 1140, 0, 1, '2023-08-12 18:22:36', '2023-08-12 18:23:10', '7c39a8ebf82f', 'c20c7cae83c0'),
	('b7ad42369b25', 1920, 1980, 0, 1, '2023-08-12 18:27:22', '2023-08-12 18:27:22', '7c39a8ebf82f', '35274d110bf2'),
	('08f90a8fc17e', 1980, 2040, 0, 1, '2023-08-12 18:27:22', '2023-08-12 18:27:22', '7c39a8ebf82f', '35274d110bf2'),
	('8736e0aaa21d', 2040, 2100, 0, 1, '2023-08-12 18:27:22', '2023-08-12 18:27:22', '7c39a8ebf82f', '35274d110bf2'),
	('740ba9c1893d', 2100, 2160, 0, 1, '2023-08-12 18:27:22', '2023-08-12 18:27:22', '7c39a8ebf82f', '35274d110bf2'),
	('036f111caa64', 2160, 2220, 0, 1, '2023-08-12 18:27:22', '2023-08-12 18:27:22', '7c39a8ebf82f', '35274d110bf2'),
	('af9630ae8647', 2220, 2280, 0, 1, '2023-08-12 18:27:22', '2023-08-12 18:27:22', '7c39a8ebf82f', '35274d110bf2'),
	('06b5b27ac428', 2280, 2340, 0, 1, '2023-08-12 18:27:22', '2023-08-12 18:27:22', '7c39a8ebf82f', '35274d110bf2'),
	('e67dbb5114b4', 2340, 2400, 0, 1, '2023-08-12 18:27:22', '2023-08-12 18:27:22', '7c39a8ebf82f', '35274d110bf2'),
	('453ba99f31a2', 2400, 2460, 0, 1, '2023-08-12 18:27:22', '2023-08-12 18:27:22', '7c39a8ebf82f', '35274d110bf2'),
	('27787ecc4de7', 2460, 2520, 0, 1, '2023-08-12 18:27:22', '2023-08-12 18:27:22', '7c39a8ebf82f', '35274d110bf2'),
	('036ac48d32b5', 2520, 2580, 0, 1, '2023-08-12 18:27:22', '2023-08-12 18:27:22', '7c39a8ebf82f', '35274d110bf2'),
	('ad9c126017df', 2580, 2640, 0, 1, '2023-08-12 18:27:22', '2023-08-12 18:27:22', '7c39a8ebf82f', '35274d110bf2'),
	('35284a0198e1', 2640, 2700, 0, 1, '2023-08-12 18:27:22', '2023-08-12 18:27:22', '7c39a8ebf82f', '35274d110bf2'),
	('8670b63e9b53', 6240, 6300, 0, 1, '2023-08-12 18:28:16', '2023-08-12 18:28:16', '7c39a8ebf82f', '8e48cffd2054'),
	('0d038827205c', 6300, 6360, 0, 1, '2023-08-12 18:28:16', '2023-08-12 18:28:36', '7c39a8ebf82f', '8e48cffd2054'),
	('6c0d892b8b45', 6240, 6300, 0, 1, '2023-08-12 18:30:00', '2023-08-12 18:30:00', '7c39a8ebf82f', '3d1127906db5'),
	('3caf034dc481', 6420, 6480, 0, 1, '2023-08-12 18:30:00', '2023-08-12 18:30:00', '7c39a8ebf82f', '3d1127906db5'),
	('c8576252dcc9', 6540, 6690, 0, 1, '2023-08-12 18:30:00', '2023-08-12 18:30:00', '7c39a8ebf82f', '3d1127906db5'),
	('b598370c8892', 6780, 6840, 0, 1, '2023-08-12 18:31:47', '2023-08-12 18:31:47', '7c39a8ebf82f', '87374bd06bcf'),
	('bf723a858161', 6300, 6360, 0, 1, '2023-08-12 18:31:47', '2023-08-12 18:31:47', '7c39a8ebf82f', '87374bd06bcf'),
	('b8ab105a8158', 6420, 6480, 0, 1, '2023-08-12 18:31:47', '2023-08-12 18:31:47', '7c39a8ebf82f', '87374bd06bcf'),
	('7e6f1f028f63', 6660, 6720, 0, 1, '2023-08-12 18:31:47', '2023-08-12 18:31:47', '7c39a8ebf82f', '87374bd06bcf'),
	('c3ae7e1fca06', 6360, 6420, 0, 1, '2023-08-12 18:33:21', '2023-08-12 18:33:21', '7c39a8ebf82f', 'eeac01201e14'),
	('b7e3264be76f', 6840, 6900, 0, 1, '2023-08-12 18:33:21', '2023-08-12 18:33:37', '7c39a8ebf82f', 'eeac01201e14'),
	('0f5ef89f672a', 6720, 6780, 0, 1, '2023-08-12 18:33:21', '2023-08-12 18:33:37', '7c39a8ebf82f', 'eeac01201e14'),
	('50d7d20a9315', 7680, 7740, 0, 1, '2023-08-12 18:36:20', '2023-08-12 18:36:20', '7c39a8ebf82f', '4b4cc65d0cb9'),
	('4e652e778fbf', 3480, 3540, 0, 1, '2023-08-12 18:38:52', '2023-08-12 18:38:52', '7c39a8ebf82f', '6bc8ce942cab'),
	('f919e031fccc', 3720, 3780, 0, 1, '2023-08-12 18:38:52', '2023-08-12 18:39:10', '7c39a8ebf82f', '6bc8ce942cab'),
	('2cf7247de268', 420, 480, 0, 1, '2023-08-13 06:35:22', '2023-08-13 06:35:22', 'c085d1d5ddfa', '8b78d418b5ca'),
	('720707942345', 1860, 1920, 0, 1, '2023-08-13 06:35:22', '2023-08-13 06:35:22', 'c085d1d5ddfa', '8b78d418b5ca'),
	('549dd3a84c32', 3300, 3360, 0, 1, '2023-08-13 06:35:22', '2023-08-13 06:35:22', 'c085d1d5ddfa', '8b78d418b5ca'),
	('4b28b211bd19', 720, 780, 0, 1, '2023-08-13 06:36:26', '2023-08-13 06:36:26', 'c085d1d5ddfa', '4267794b0d75'),
	('d2f87d46cfb4', 2160, 2220, 0, 1, '2023-08-13 06:36:26', '2023-08-13 06:36:26', 'c085d1d5ddfa', '4267794b0d75'),
	('c8190eeaa890', 3600, 3660, 0, 1, '2023-08-13 06:36:26', '2023-08-13 06:36:26', 'c085d1d5ddfa', '4267794b0d75'),
	('6921ebb95774', 1080, 1140, 0, 1, '2023-08-13 06:37:10', '2023-08-13 06:37:10', 'c085d1d5ddfa', 'f7edd89794b7'),
	('de5d1357e956', 2520, 2580, 0, 1, '2023-08-13 06:37:10', '2023-08-13 06:37:10', 'c085d1d5ddfa', 'f7edd89794b7'),
	('79cb7a4e25f5', 3960, 4020, 0, 1, '2023-08-13 06:37:10', '2023-08-13 06:37:10', 'c085d1d5ddfa', 'f7edd89794b7'),
	('06bc80850a0e', 1320, 1380, 0, 1, '2023-08-13 06:39:31', '2023-08-13 06:39:31', 'c085d1d5ddfa', 'a9ffcb68206e'),
	('0a6c817fd876', 2760, 2820, 0, 1, '2023-08-13 06:39:31', '2023-08-13 06:39:31', 'c085d1d5ddfa', 'a9ffcb68206e'),
	('ca2fdc0c13e8', 4200, 4260, 0, 1, '2023-08-13 06:39:31', '2023-08-13 06:39:31', 'c085d1d5ddfa', 'a9ffcb68206e'),
	('bba2787114c2', 1170, 1290, 0, 1, '2023-08-13 06:40:43', '2023-08-13 06:40:43', 'c085d1d5ddfa', '5131e8aace13'),
	('ab2c1dd368df', 2610, 2730, 0, 1, '2023-08-13 07:03:10', '2023-08-13 07:03:10', 'c085d1d5ddfa', '4021468211dd'),
	('db948c408ac8', 4050, 4170, 0, 1, '2023-08-13 07:05:51', '2023-08-13 07:05:51', 'c085d1d5ddfa', '82512e393d2d'),
	('3f0f9476f333', 780, 810, 0, 1, '2023-08-13 09:57:08', '2023-08-13 09:57:08', 'c085d1d5ddfa', '2bfcbc675dd0'),
	('752df754cddf', 2220, 2250, 0, 1, '2023-08-13 09:57:08', '2023-08-13 09:57:08', 'c085d1d5ddfa', '2bfcbc675dd0'),
	('eccd5c815461', 3660, 3690, 0, 1, '2023-08-13 09:57:08', '2023-08-13 09:57:08', 'c085d1d5ddfa', '2bfcbc675dd0'),
	('f254caf82ae2', 3360, 3390, 0, 1, '2023-08-13 09:59:31', '2023-08-13 09:59:31', 'c085d1d5ddfa', '2bfcbc675dd0'),
	('604af05dec55', 2580, 2610, 0, 1, '2023-08-13 09:59:31', '2023-08-13 09:59:31', 'c085d1d5ddfa', '2bfcbc675dd0'),
	('0589dbf2cb54', 1920, 1950, 0, 1, '2023-08-13 09:59:31', '2023-08-13 09:59:31', 'c085d1d5ddfa', '2bfcbc675dd0'),
	('2a464009444f', 1140, 1170, 0, 1, '2023-08-13 09:59:31', '2023-08-13 09:59:31', 'c085d1d5ddfa', '2bfcbc675dd0'),
	('a32c7aae644f', 480, 510, 0, 1, '2023-08-13 09:59:31', '2023-08-13 09:59:31', 'c085d1d5ddfa', '2bfcbc675dd0'),
	('95c34d304759', 4020, 4050, 0, 1, '2023-08-13 09:59:31', '2023-08-13 09:59:31', 'c085d1d5ddfa', '2bfcbc675dd0'),
	('9d65ea92a0fe', 810, 870, 0, 1, '2023-08-13 10:02:36', '2023-08-13 10:02:36', 'c085d1d5ddfa', 'cb805d8058aa'),
	('a1055391186d', 2250, 2310, 0, 1, '2023-08-13 10:02:36', '2023-08-13 10:02:36', 'c085d1d5ddfa', 'cb805d8058aa'),
	('3df03ced7c22', 3690, 3750, 0, 1, '2023-08-13 10:02:36', '2023-08-13 10:02:36', 'c085d1d5ddfa', 'cb805d8058aa'),
	('90afb46e532d', 570, 690, 0, 1, '2023-08-13 10:04:35', '2023-08-13 10:04:35', 'c085d1d5ddfa', '877b3aaf398e'),
	('c4002829457d', 540, 570, 0, 1, '2023-08-13 10:08:27', '2023-08-13 10:08:27', 'c085d1d5ddfa', 'd1ddde42bbfe'),
	('e9889b8a6216', 900, 1020, 0, 1, '2023-08-13 10:10:33', '2023-08-13 10:10:46', 'c085d1d5ddfa', 'de32567f1707'),
	('25fa1ce7bb50', 1980, 2100, 0, 1, '2023-08-13 10:12:36', '2023-08-13 10:12:36', 'c085d1d5ddfa', '4ceef9835dfa'),
	('b2befb972326', 2340, 2370, 0, 1, '2023-08-13 10:13:55', '2023-08-13 10:13:55', 'c085d1d5ddfa', '54bfe888a3f5'),
	('8cea89c1b3b7', 2370, 2490, 0, 1, '2023-08-13 10:14:43', '2023-08-13 10:15:02', 'c085d1d5ddfa', 'ff671ed8258e'),
	('7eaadf8a7485', 3420, 3450, 0, 1, '2023-08-13 10:19:17', '2023-08-13 10:19:17', 'c085d1d5ddfa', '2651acf4611a'),
	('3863de17c4e8', 3450, 3570, 0, 1, '2023-08-13 10:20:55', '2023-08-13 10:20:55', 'c085d1d5ddfa', '933b2256174d'),
	('6bb32b832b86', 3780, 3900, 0, 1, '2023-08-13 10:22:08', '2023-08-13 10:22:08', 'c085d1d5ddfa', '07d5a46c4293'),
	('f89a1501dbb6', 9120, 9720, 0, 1, '2023-09-30 00:40:02', '2023-09-30 00:42:04', '7fa4564a5d5d', 'b29d387cc403'),
	('f0883e931649', 1920, 2520, 0, 1, '2023-09-30 00:40:02', '2023-09-30 00:42:04', '7fa4564a5d5d', 'b29d387cc403'),
	('ee85308a97d1', 4800, 5400, 0, 1, '2023-09-30 00:40:02', '2023-09-30 00:42:04', '7fa4564a5d5d', 'b29d387cc403'),
	('e68f4e47517a', 480, 1080, 0, 1, '2023-09-29 23:59:20', '2023-09-30 00:42:22', '7fa4564a5d5d', 'b29d387cc403'),
	('7e8086d94633', 7680, 8340, 0, 1, '2023-09-30 01:03:41', '2023-09-30 01:03:41', '7fa4564a5d5d', 'a13fadc97610'),
	('f08d69cae18a', 6240, 6900, 0, 1, '2023-09-30 01:03:41', '2023-09-30 01:03:41', '7fa4564a5d5d', 'a13fadc97610'),
	('29c9e9a07d82', 3360, 4020, 0, 1, '2023-09-30 01:03:41', '2023-09-30 01:03:41', '7fa4564a5d5d', 'a13fadc97610'),
	('3fade6247636', 2100, 2190, 0, 1, '2023-11-12 14:49:59', '2023-11-12 14:49:59', '76be24bce434', 'fdbb59fec14e'),
	('3ff3ca55f540', 720, 780, 0, 1, '2023-08-08 09:49:23', '2023-08-08 09:49:23', '88f1f55a69d7', '96285541cd32'),
	('518cc421e407', 2160, 2220, 0, 1, '2023-08-08 09:49:23', '2023-08-08 09:49:23', '88f1f55a69d7', '96285541cd32'),
	('5294f9ecab67', 3600, 3660, 0, 1, '2023-08-08 09:49:23', '2023-08-08 09:49:23', '88f1f55a69d7', '96285541cd32'),
	('b68b28d54d00', 5040, 5100, 0, 1, '2023-08-08 09:49:23', '2023-08-08 09:49:23', '88f1f55a69d7', '96285541cd32'),
	('967ce23da935', 6480, 6540, 0, 1, '2023-08-08 09:49:23', '2023-08-08 09:49:23', '88f1f55a69d7', '96285541cd32'),
	('6e229cc92bda', 7920, 7980, 0, 1, '2023-08-08 09:49:23', '2023-08-08 09:49:23', '88f1f55a69d7', '96285541cd32'),
	('0fde303f5067', 9360, 9420, 0, 1, '2023-08-08 09:49:23', '2023-08-08 09:49:23', '88f1f55a69d7', '96285541cd32'),
	('e391db2702a6', 10800, 10860, 0, 1, '2023-08-08 09:49:23', '2023-08-08 09:49:23', '88f1f55a69d7', '96285541cd32'),
	('7483a97d3811', 1920, 1980, 0, 1, '2023-08-08 09:51:29', '2023-08-08 09:51:29', '88f1f55a69d7', '1c0ba134ee6b'),
	('338b1ec643f0', 3360, 3420, 0, 1, '2023-08-08 09:51:29', '2023-08-08 09:51:29', '88f1f55a69d7', '1c0ba134ee6b'),
	('d2b7193ee240', 4800, 4860, 0, 1, '2023-08-08 09:51:29', '2023-08-08 09:51:29', '88f1f55a69d7', '1c0ba134ee6b'),
	('1c9849eb3e19', 6240, 6300, 0, 1, '2023-08-08 09:51:29', '2023-08-08 09:51:29', '88f1f55a69d7', '1c0ba134ee6b'),
	('76f8de918d33', 7680, 7740, 0, 1, '2023-08-08 09:51:29', '2023-08-08 09:51:29', '88f1f55a69d7', '1c0ba134ee6b'),
	('528b12bce91f', 9120, 9180, 0, 1, '2023-08-08 09:51:29', '2023-08-08 09:51:29', '88f1f55a69d7', '1c0ba134ee6b'),
	('7ae50dc8370f', 10560, 10620, 0, 1, '2023-08-08 09:51:29', '2023-08-08 09:51:29', '88f1f55a69d7', '1c0ba134ee6b'),
	('baa3e084a9fd', 2520, 2580, 0, 1, '2023-08-08 09:52:49', '2023-08-08 09:52:49', '88f1f55a69d7', 'c7d2923bfefb'),
	('866350807e56', 3960, 4020, 0, 1, '2023-08-08 09:52:49', '2023-08-08 09:52:49', '88f1f55a69d7', 'c7d2923bfefb'),
	('c03308fb793b', 5400, 5460, 0, 1, '2023-08-08 09:52:49', '2023-08-08 09:52:49', '88f1f55a69d7', 'c7d2923bfefb'),
	('4659f03df5f0', 6840, 6900, 0, 1, '2023-08-08 09:52:49', '2023-08-08 09:52:49', '88f1f55a69d7', 'c7d2923bfefb'),
	('a8cd28eff86e', 8280, 8340, 0, 1, '2023-08-08 09:52:49', '2023-08-08 09:52:49', '88f1f55a69d7', 'c7d2923bfefb'),
	('72e1569530f1', 9720, 9780, 0, 1, '2023-08-08 09:52:49', '2023-08-08 09:52:49', '88f1f55a69d7', 'c7d2923bfefb'),
	('8edd32042a72', 510, 720, 0, 1, '2023-08-08 09:53:21', '2023-08-08 09:53:21', '88f1f55a69d7', '633f1d93c6f7'),
	('ece5fbd25249', 1890, 1920, 0, 1, '2023-08-08 09:53:49', '2023-08-08 09:53:49', '88f1f55a69d7', '85bb1677e32f'),
	('5f363002c509', 3330, 3360, 0, 1, '2023-08-08 09:54:05', '2023-08-08 09:54:14', '88f1f55a69d7', '100dc5175796'),
	('2b7e20b2c143', 4770, 4800, 0, 1, '2023-08-08 09:54:22', '2023-08-08 09:54:22', '88f1f55a69d7', '5331a674042e'),
	('8f88e2766fe4', 6210, 6240, 0, 1, '2023-08-08 09:54:27', '2023-08-08 09:54:27', '88f1f55a69d7', 'b16f518b9c59'),
	('b3d8510b3fc0', 7650, 7680, 0, 1, '2023-08-08 09:54:32', '2023-08-08 09:54:32', '88f1f55a69d7', 'd0532df1021e'),
	('d36256eb597d', 9090, 9120, 0, 1, '2023-08-08 09:54:37', '2023-08-08 09:54:37', '88f1f55a69d7', '2e9c7bdba0e9'),
	('0ad209a74fbe', 10530, 10560, 0, 1, '2023-08-08 09:54:41', '2023-08-08 09:54:41', '88f1f55a69d7', 'e918bb1287b1'),
	('544854257650', 1080, 1200, 0, 1, '2023-08-08 09:52:49', '2023-08-08 09:55:04', '88f1f55a69d7', 'c7d2923bfefb'),
	('24aaaf914d81', 1200, 1260, 0, 1, '2023-08-08 09:55:13', '2023-08-08 09:55:13', '88f1f55a69d7', 'df771fa5f4aa'),
	('d2d292df0d38', 1980, 2160, 0, 1, '2023-08-08 09:55:35', '2023-08-08 09:55:35', '88f1f55a69d7', 'ad4da17161d9'),
	('68898b96e2f4', 2670, 2745, 0, 1, '2023-08-08 09:56:01', '2023-08-08 09:56:01', '88f1f55a69d7', 'd7c4dc4e8245'),
	('31a723c281e9', 2790, 2850, 0, 1, '2023-08-08 09:56:21', '2023-08-08 09:56:21', '88f1f55a69d7', 'd74b28de5f70'),
	('eebc0f6ef940', 3825, 3915, 0, 1, '2023-08-08 09:56:45', '2023-08-08 09:56:45', '88f1f55a69d7', 'c173b29dad32'),
	('7de79740d21e', 4860, 5040, 0, 1, '2023-08-08 10:11:42', '2023-08-08 10:11:42', '88f1f55a69d7', 'a540bbed36ab'),
	('714335f7662b', 5100, 6480, 0, 1, '2023-08-08 10:12:15', '2023-08-08 10:13:13', '88f1f55a69d7', 'e781c2558f5f'),
	('340a7c43247f', 6540, 6765, 0, 1, '2023-08-08 10:13:31', '2023-08-08 10:13:31', '88f1f55a69d7', '1d1fd1b415b5'),
	('d712be44166d', 7740, 7830, 0, 1, '2023-08-08 10:13:58', '2023-08-08 10:13:58', '88f1f55a69d7', '3da0fef3326e'),
	('d8810b075da1', 8340, 8535, 0, 1, '2023-08-08 10:14:26', '2023-08-08 10:14:26', '88f1f55a69d7', '8b18d2d4d436'),
	('b7d1761ab299', 10980, 11100, 0, 1, '2023-08-08 10:15:26', '2023-08-08 10:15:26', '88f1f55a69d7', '81b993600c3f'),
	('708d5982455b', 780, 1080, 0, 1, '2023-08-08 10:15:50', '2023-08-08 10:15:50', '88f1f55a69d7', '8bd29263d33a'),
	('9768e17e461d', 900, 1080, 0, 1, '2023-08-08 10:16:36', '2023-08-08 10:16:43', '88f1f55a69d7', '38d1a410480e'),
	('c4e91fa37beb', 2220, 2355, 0, 1, '2023-08-08 10:17:07', '2023-08-08 10:17:07', '88f1f55a69d7', '75b400aec63c'),
	('678b0c9e032b', 3420, 3600, 0, 1, '2023-08-08 10:17:52', '2023-08-08 10:17:52', '88f1f55a69d7', '7814aa132fce'),
	('89239bf4e109', 10620, 10800, 0, 1, '2023-08-08 10:18:24', '2023-08-08 10:18:24', '88f1f55a69d7', '7c8bbb9a5946'),
	('00dabfb4abc0', 2355, 2520, 0, 1, '2023-08-08 10:19:57', '2023-08-08 10:19:57', '88f1f55a69d7', '7ba5ae8ddf20'),
	('c8834067a7fb', 3690, 3795, 0, 1, '2023-08-08 10:20:31', '2023-08-08 10:20:31', '88f1f55a69d7', '9c2464d15868'),
	('b8ba03731ea2', 4020, 4155, 0, 1, '2023-08-08 10:20:55', '2023-08-08 10:20:55', '88f1f55a69d7', 'decbda3ce0fa'),
	('1428d429bcbc', 6915, 7050, 0, 1, '2023-08-08 10:21:16', '2023-08-08 10:21:16', '88f1f55a69d7', '820cf7c77c1f'),
	('730e7b52608d', 2580, 2760, 0, 1, '2023-08-08 10:21:40', '2023-08-08 10:21:40', '88f1f55a69d7', 'ad2ec31ae7a5'),
	('776938c5a808', 9435, 9690, 0, 1, '2023-08-08 10:18:16', '2023-08-08 10:22:47', '88f1f55a69d7', 'fe6c1a3c12a1'),
	('327302368fe6', 9540, 9720, 0, 1, '2023-08-08 10:14:57', '2023-08-08 10:22:53', '88f1f55a69d7', 'dfb91a4d9b18'),
	('d281382890e2', 9495, 9705, 0, 1, '2023-08-08 10:22:12', '2023-08-08 10:23:01', '88f1f55a69d7', '66243b51db3b'),
	('7c39f20068ce', 7995, 8100, 0, 1, '2023-08-08 10:24:56', '2023-08-08 10:24:56', '88f1f55a69d7', '70cf53233d11'),
	('8bccd22723c0', 8145, 8265, 0, 1, '2023-08-08 10:24:56', '2023-08-08 10:27:34', '88f1f55a69d7', '70cf53233d11'),
	('5df6703c8c5d', 7995, 8100, 0, 1, '2023-08-08 10:25:47', '2023-08-08 10:28:00', '88f1f55a69d7', '8f90766d94d1'),
	('53d41fb96483', 8145, 8270, 0, 1, '2023-08-08 10:25:47', '2023-08-08 10:29:42', '88f1f55a69d7', '8f90766d94d1'),
	('3c6a421b9598', 9180, 9345, 0, 1, '2023-08-08 10:30:47', '2023-08-08 10:30:47', '88f1f55a69d7', '5b592f4f4da8'),
	('7d7d7c1ec146', 3000, 3120, 0, 1, '2023-08-08 10:31:35', '2023-08-08 10:31:35', '88f1f55a69d7', '8c1c703d901d');



