



INSERT INTO public.profile (id, email, firstname, surname, nickname, language, roles, createtime, updatetime, googleid, pbsmidataid, cevidbid, untrustedemail, untrustedemailkeyhash, jubladbid) VALUES
	('711ad2e96f9f', 'admin@example.com', 'Admi', 'Nistrator', 'Administrator', 'de', '["ROLE_USER", "ROLE_ADMIN"]', '2022-01-23 16:19:10', '2022-01-23 16:19:10', NULL, NULL, NULL, NULL, NULL, NULL),
	('5e387cad273d', 'test@example.com', 'Robert', 'Baden-Powell', 'Bi-Pi', 'de-CH-scout', '["ROLE_USER"]', '2022-01-23 16:19:10', '2023-08-08 09:11:11', NULL, NULL, NULL, NULL, NULL, NULL),
	('0870635edda6', 'idefix@example.com', 'Tremaine', 'Kohler', 'Idefix', 'en', '["ROLE_USER"]', '2022-01-23 16:19:10', '2022-02-04 19:18:43', NULL, NULL, NULL, NULL, NULL, NULL),
	('4cda72af2704', 'et@example.com', 'Karlie', 'Terry', 'ET', 'en', '["ROLE_USER"]', '2022-01-23 16:19:10', '2022-02-04 19:21:43', NULL, NULL, NULL, NULL, NULL, NULL),
	('22dce794d4e2', 'snoopy@example.com', 'Pat', 'Fadel', 'Snoopy', 'en', '["ROLE_USER"]', '2022-01-23 16:19:10', '2022-02-04 19:19:40', NULL, NULL, NULL, NULL, NULL, NULL),
	('d46337a76a2c', 'salamander@example.com', 'Fritz', 'Müller', 'Salamander', 'de', '["ROLE_USER"]', '2022-02-04 19:26:22', '2022-02-04 23:08:12', NULL, NULL, NULL, NULL, NULL, NULL),
	('f9f1a2f9af25', 'baghira@example.com', 'Zora', 'Steuber', 'Baghira', 'en', '["ROLE_USER"]', '2022-01-23 16:19:10', '2022-02-04 19:18:01', NULL, NULL, NULL, NULL, NULL, NULL),
	('7d03c967be7e', 'castor@example.com', 'Hans', 'Muster', 'Castor', 'de', '["ROLE_USER"]', '2022-02-04 19:25:07', '2022-02-04 23:07:57', NULL, NULL, NULL, NULL, NULL, NULL),
	('d36197370d44', 'sed@example.com', 'Clifford', 'Beier', 'sed', 'en', '["ROLE_USER"]', '2022-01-23 16:19:10', '2022-01-23 16:19:10', NULL, NULL, NULL, NULL, NULL, NULL),
	('e5433660140b', 'sit@example.com', 'Wanda', 'Koelpin', 'sit', 'en', '["ROLE_USER"]', '2022-01-23 16:19:10', '2022-01-23 16:19:10', NULL, NULL, NULL, NULL, NULL, NULL),
    ('4bc441dc4b29', 'luke@skywalker.com', 'Luke', 'Skywalker', null, 'en', '["ROLE_USER"]', '2023-08-12 16:43:34', '2023-08-12 16:43:34', null, null, null, null, null, null),
    ('5552108bf43e', 'john@wick.com', 'John', 'Wick', null, 'en', '["ROLE_USER"]', '2023-08-12 16:46:43', '2023-08-12 16:46:43', null, null, null, null, null, null),
    ('abfcbcbd4566', 'clark@kent.com', 'Clark', 'Kent', null, 'en', '["ROLE_USER"]', '2023-08-12 16:49:27', '2023-08-12 16:49:27', null, null, null, null, null, null),
    ('3f3fa9319dd2', 'bruce@wayne.com', 'Bruce', 'Wayne', null, 'en', '["ROLE_USER"]', '2023-08-12 16:55:28', '2023-08-12 16:55:28', null, null, null, null, null, null),
    ('51245d0e2ad4', 'felicity@smoak.com', 'Felicity', 'Smoak', null, 'en', '["ROLE_USER"]', '2023-08-12 16:59:38', '2023-08-12 16:59:38', null, null, null, null, null, null);



INSERT INTO public."user" (id, state, activationkeyhash, password, createtime, updatetime, profileid, passwordresetkeyhash) VALUES
	('e7b00084dabf', 'activated', NULL, '$argon2id$v=19$m=65536,t=4,p=1$/RC8YWMDDXR19wB4or6bBA$Kq5haK2SACQgo4CB7eDUibsD3QXCE32w25ZwhKg1SGw', '2022-01-23 16:19:10', '2022-01-23 16:19:10', 'e5433660140b', NULL),
	('be69ef467190', 'activated', NULL, '$argon2id$v=19$m=65536,t=4,p=1$/RC8YWMDDXR19wB4or6bBA$Kq5haK2SACQgo4CB7eDUibsD3QXCE32w25ZwhKg1SGw', '2022-01-23 16:19:10', '2022-01-23 16:19:10', 'd36197370d44', NULL),
	('130684395770', 'activated', NULL, '$argon2id$v=19$m=65536,t=4,p=1$/RC8YWMDDXR19wB4or6bBA$Kq5haK2SACQgo4CB7eDUibsD3QXCE32w25ZwhKg1SGw', '2022-01-23 16:19:10', '2022-02-04 19:19:22', '22dce794d4e2', NULL),
	('e89f74da0089', 'activated', NULL, '$argon2id$v=19$m=65536,t=4,p=1$/RC8YWMDDXR19wB4or6bBA$Kq5haK2SACQgo4CB7eDUibsD3QXCE32w25ZwhKg1SGw', '2022-01-23 16:19:10', '2022-02-04 19:21:35', '4cda72af2704', NULL),
	('9145944210a7', 'activated', NULL, '$2y$13$KTCSklVQHNvbwJQ3Awl8Ee7t0wJB1gfRBXDANeQlBblqwJ4wgOEmC', '2022-01-23 16:19:10', '2022-09-11 17:51:16', '5e387cad273d', NULL),
	('3b41dca5c568', 'activated', NULL, '$2y$13$fYdViC5dvdA82zvX/TCMuevGcR1s6HxeXV4ouOqios/wRntVMAC/K', '2022-01-23 16:19:10', '2023-06-24 21:32:52', '711ad2e96f9f', NULL),
	('bee7cf5b3871', 'activated', '6e3137243c989bbad0d8dc466764fd14', '$2y$13$5RCBzbOOMNJ7zSPIzm6pSuePd.fO1UHkAKaX7Sz1PZx1qjSyBW6mK', '2022-02-04 19:26:22', '2023-08-08 08:11:23', 'd46337a76a2c', NULL),
	('caeba9f7e728', 'activated', 'c2729478da044b9159e5efdd206d7f82', '$2y$13$Dp5Ra7E9e86p1KG8Rf8M9O7lb94Lz2XLOEyDdjljblhhnw/OnIWW6', '2022-02-04 19:25:07', '2023-08-08 08:12:10', '7d03c967be7e', NULL),
	('48f00685a292', 'activated', NULL, '$2y$13$4U1jn12.GN56ba4QEHugguAyeO3NPQj/vimGwSmcfQofm8wQpFuey', '2022-01-23 16:19:10', '2023-08-08 09:43:50', '0870635edda6', NULL),
	('bae69a1c9fcc', 'activated', NULL, '$2y$13$b02gbRU1taIDTYX9XQ4Cj.y.psPMC9WwDa9ZGuIa2t1KTS5PFomHS', '2022-01-23 16:19:10', '2023-08-08 09:44:16', 'f9f1a2f9af25', NULL),
    ('dac7116e02ed', 'activated', null, '$2y$13$85miMfhsLvutgZ0miUUp0u12y2axqlRgg4YoAht1GY2hYe3nf3YYu', '2023-08-12 16:43:34', '2023-08-12 16:43:34', '4bc441dc4b29', null),
    ('566aea2c2759', 'activated', null, '$2y$13$f89lrFq4MZhzbbbeToOoEein4yfmGgC.L/mrz6JoTIRZT1bL9eDGK', '2023-08-12 16:59:38', '2023-08-12 16:59:38', '51245d0e2ad4', null),
    ('a3d9d86dc23b', 'activated', null, '$2y$13$x/4IsmELjHfCucFG7nCBhumhLtuKI2zg9YeAJl6UfE9JvesH2l5fq', '2023-08-12 16:46:43', '2023-08-12 16:46:43', '5552108bf43e', null),
    ('a2f4f3879c85', 'activated', null, '$2y$13$mpZFAHH7H8V4b4SuLBzhZ.7WHqmaUDjC7J6MoYU.iD3jwr7V18NVi', '2023-08-12 16:55:28', '2023-08-12 16:55:28', '3f3fa9319dd2', null);



INSERT INTO public.camp (id, campprototypeid, isprototype, name, title, motto, addressname, addressstreet, addresszipcode, addresscity, createtime, updatetime, creatorid, ownerid, couponkey, organizer, kind, coachname, coursenumber, coursekind, trainingadvisorname, printyslogoonpicasso) VALUES
	('6430aecc5422', NULL, false, 'CampUnrelated', 'vero', 'Officia id corporis incidunt saepe provident esse hic eligendi.', 'quos', '57654 Ondricka Trace Suite 792
Port Asiaton, MN 44798-0182', '10529', 'New Kaylinfort', '2022-01-23 16:19:10', '2022-01-23 16:19:10', '3b41dca5c568', '3b41dca5c568', NULL, NULL, NULL, NULL, NULL, NULL, NULL, false),
	('e5027d852487', NULL, true, 'J+S', 'J+S', '', '', '', '', '', '2022-01-23 16:19:10', '2022-02-04 21:45:19', '3b41dca5c568', '3b41dca5c568', NULL, NULL, NULL, NULL, NULL, NULL, NULL, false),
	('3c79b99ab424', 'e5027d852487', false, 'Pfila 2023', 'GRGR', 'Grandiose RealityTV Show', 'Adrian Sonderegger', 'Bümplizstrasse 5', '3156', 'Bümpliz', '2023-08-08 07:53:12', '2023-08-08 07:56:11', '9145944210a7', '9145944210a7', NULL, 'Abteilung Gryfenberg', 'Pfingstlager', 'Andrea Schneider', NULL, NULL, NULL, false),
	('6973c230d6b1', 'e5027d852487', false, 'Sola 2023', 'Harry Potter Lager', 'Harry Potter', 'Oskar Hugentobler', 'Rainweg 23', '1999', 'Les Bois', '2023-08-08 09:22:58', '2023-08-08 09:23:39', '9145944210a7', '9145944210a7', NULL, 'Pfadi Gryfenberg', 'Sommerlager', 'Andrea Schneider', NULL, NULL, NULL, false),
    ('9c2447aefe38', 'e5027d852487', false, 'Lorem ipsum dolor sit amet', 'Lorem ipsum', 'Lorem ipsum dolor sit amet, consectetur adipiscing elit', 'Lorem ipsum', 'Mainstreet 123', '1234', 'Kongo', '2023-08-12 17:41:55', '2023-08-12 17:45:10', '9145944210a7', '9145944210a7', null, 'Testinator', 'Summer Tent', 'Max Mustermann', null, null, null, false),
    ('0969e3c95dfc', 'e5027d852487', false, 'Sola 2025', 'Star Wars', 'Die Galaktische Rebellion', null, null, null, null, '2023-08-13 06:32:29', '2023-08-13 06:32:29', 'dac7116e02ed', 'dac7116e02ed', null, null, null, null, null, null, null, false);



INSERT INTO public.activity_progress_label (id, "position", title, createtime, updatetime, campid) VALUES
	('9e2ddc62b162', 1, 'In Planung', '2023-06-24 21:33:55', '2023-06-24 21:34:04', 'e5027d852487'),
	('4489d419f7bb', 2, 'Geplant', '2023-06-24 21:34:08', '2023-06-24 21:34:08', 'e5027d852487'),
	('4b903e5f31df', 3, 'Lagerleitung OK', '2023-06-24 21:34:15', '2023-06-24 21:34:15', 'e5027d852487'),
	('261efca23ece', 4, 'Coach OK', '2023-06-24 21:34:18', '2023-06-24 21:34:18', 'e5027d852487'),
	('6760badb685b', 1, 'In Planung', '2023-08-08 07:53:12', '2023-08-08 07:53:12', '3c79b99ab424'),
	('82547049ea38', 2, 'Geplant', '2023-08-08 07:53:12', '2023-08-08 07:53:12', '3c79b99ab424'),
	('0dfbeb246ea8', 3, 'Lagerleitung OK', '2023-08-08 07:53:12', '2023-08-08 07:53:12', '3c79b99ab424'),
	('332e0c387141', 4, 'Coach OK', '2023-08-08 07:53:12', '2023-08-08 07:53:12', '3c79b99ab424'),
	('ec11662e0149', 1, 'In Planung', '2023-08-08 09:22:58', '2023-08-08 09:22:58', '6973c230d6b1'),
	('c5fc44b40e80', 2, 'Geplant', '2023-08-08 09:22:58', '2023-08-08 09:22:58', '6973c230d6b1'),
	('91b4aac8f356', 3, 'Lagerleitung OK', '2023-08-08 09:22:58', '2023-08-08 09:22:58', '6973c230d6b1'),
	('5878366bd748', 4, 'Coach OK', '2023-08-08 09:22:58', '2023-08-08 09:22:58', '6973c230d6b1'),
    ('6985410bf1c2', 1, 'In Planung', '2023-08-12 17:41:55', '2023-08-12 17:41:55', '9c2447aefe38'),
    ('221fdb73eea5', 2, 'Geplant', '2023-08-12 17:41:55', '2023-08-12 17:41:55', '9c2447aefe38'),
    ('12ba04938d96', 3, 'Lagerleitung OK', '2023-08-12 17:41:55', '2023-08-12 17:41:55', '9c2447aefe38'),
    ('cb53ac0accce', 4, 'Coach OK', '2023-08-12 17:41:55', '2023-08-12 17:41:55', '9c2447aefe38'),
    ('82facb33f552', 5, 'Aramsamsam', '2023-08-12 17:56:20', '2023-08-12 17:56:20', '9c2447aefe38'),
    ('d7755da593b5', 1, 'In Planung', '2023-08-13 06:32:29', '2023-08-13 06:32:29', '0969e3c95dfc'),
    ('6e0aa870a845', 2, 'Geplant', '2023-08-13 06:32:29', '2023-08-13 06:32:29', '0969e3c95dfc'),
    ('baf7c6d4baa7', 3, 'Lagerleitung OK', '2023-08-13 06:32:29', '2023-08-13 06:32:29', '0969e3c95dfc'),
    ('113cb45f8e9d', 4, 'Coach OK', '2023-08-13 06:32:29', '2023-08-13 06:32:29', '0969e3c95dfc');


INSERT INTO public.content_node (id, slot, "position", instancename, createtime, updatetime, rootid, parentid, contenttypeid, strategy, data) VALUES
('cffc0df3cd43', '1', 1, 'dolores', '2022-01-23 16:19:10', '2022-01-23 16:19:10', '63ad36c59b9e', '63ad36c59b9e', '3ef17bd1df72', 'materialnode', NULL),
('a7b4461959b0', '2', 0, NULL, '2023-08-08 09:54:05', '2023-08-08 13:26:30', '544d4ea12726', 'e21f6c038fa2', '44dcc7493c65', 'singletext', '{"html": "<p>Die Erde ist der einzige bekannte Planet, auf dem Leben existiert. Ihr komplexes Ökosystem umfasst vielfältige Lebensformen, die eng miteinander und mit ihrer Umwelt interagieren.</p>"}'),
('30c57cf95f5a', '2', 0, NULL, '2023-08-08 08:17:01', '2023-08-08 09:08:41', '9cef02bbc62f', 'ce4ac3ff825b', '44dcc7493c65', 'singletext', '{"html": "<p>Handy bei leiter</p><p>Aputheke ist auf lagergelende vorhanden</p>"}'),
('84dab71aa28b', '3', 0, NULL, '2023-08-08 07:53:12', '2023-08-08 07:53:12', 'be9b6b7f23f6', 'be5641567e40', '1a0f84e322c8', 'multiselect', '{"options": {"security": {"checked": false}, "outdoorTechnique": {"checked": false}, "pioneeringTechnique": {"checked": false}, "natureAndEnvironment": {"checked": false}, "campsiteAndSurroundings": {"checked": false}, "preventionAndIntegration": {"checked": false}}}'),
('e9268f014f8b', '1', 1, NULL, '2023-08-08 07:53:12', '2023-08-08 07:53:12', '2cce9e17a368', '2cce9e17a368', 'cfccaecd4bad', 'storyboard', '{"sections": {"7412b417-389b-4458-b3dc-af3626a34b30": {"column1": "", "column3": "", "position": 1, "column2Html": ""}}}'),
('5b17c7299987', '1', 1, NULL, '2023-08-08 07:53:12', '2023-08-08 07:53:12', 'be9b6b7f23f6', 'be9b6b7f23f6', 'cfccaecd4bad', 'storyboard', '{"sections": {"4c126a50-f729-46a7-8326-811586922995": {"column1": "", "column3": "", "position": 1, "column2Html": ""}}}'),
('0c857b73464d', '1', 1, NULL, '2023-08-08 07:53:12', '2023-08-08 07:53:12', '63cbc734fa04', '63cbc734fa04', 'cfccaecd4bad', 'storyboard', '{"sections": {"effa3fa5-cd07-4e82-a8aa-198ed9a7c1d4": {"column1": "", "column3": "", "position": 1, "column2Html": ""}}}'),
('a3485b74ac41', '2', 0, NULL, '2023-08-08 07:53:12', '2023-08-08 07:53:12', '2cce9e17a368', '8e57dc3cfd53', '4f0c657fecef', 'singletext', '{"html": ""}'),
('8e834f26497c', '2', 0, NULL, '2023-08-08 07:53:12', '2023-08-08 07:53:12', '2cce9e17a368', '4150251c8df2', '44dcc7493c65', 'singletext', '{"html": ""}'),
('8c1724f3889c', '1', 0, NULL, '2023-08-08 07:53:12', '2023-08-08 07:53:12', '2cce9e17a368', '4150251c8df2', '318e064ea0c9', 'singletext', '{"html": ""}'),
('c4108ced447d', '1', 0, NULL, '2023-08-08 07:53:12', '2023-08-08 07:53:12', 'be9b6b7f23f6', 'be5641567e40', '318e064ea0c9', 'singletext', '{"html": ""}'),
('0d4e9c08adc8', '2', 0, NULL, '2023-08-08 07:53:12', '2023-08-08 07:53:12', 'be9b6b7f23f6', 'be5641567e40', '44dcc7493c65', 'singletext', '{"html": ""}'),
('b3744abeeddd', '2', 0, NULL, '2023-08-08 07:53:12', '2023-08-08 07:53:12', 'be9b6b7f23f6', 'e2e727b5b689', '4f0c657fecef', 'singletext', '{"html": ""}'),
('3edee1836486', '2', 0, NULL, '2023-08-08 07:53:12', '2023-08-08 07:53:12', '63cbc734fa04', '334e911a51ce', '4f0c657fecef', 'singletext', '{"html": ""}'),
('9df8a1962a51', '2', 0, NULL, '2023-08-08 07:53:12', '2023-08-08 07:53:12', '63cbc734fa04', 'cc6271c00aff', '44dcc7493c65', 'singletext', '{"html": ""}'),
('d84381075e3e', '1', 1, NULL, '2022-02-04 19:53:09', '2022-02-04 19:53:09', '78904734f1c0', '6e929eaf43e5', '3ef17bd1df72', 'materialnode', NULL),
('74f53a077661', '1', 1, NULL, '2022-02-04 19:53:15', '2022-02-04 19:53:15', '11d4984c77c6', 'f8e595ca2a2a', '3ef17bd1df72', 'materialnode', NULL),
('41262ef6540c', '1', 0, NULL, '2023-08-08 07:53:12', '2023-08-08 07:53:12', '63cbc734fa04', 'cc6271c00aff', '318e064ea0c9', 'singletext', '{"html": ""}'),
('f9162b688b25', '1', 0, NULL, '2023-08-08 07:53:12', '2023-08-08 07:53:12', '2cce9e17a368', '8e57dc3cfd53', '3ef17bd1df72', 'materialnode', NULL),
('05319d0da1f9', '1', 0, NULL, '2023-08-08 07:53:12', '2023-08-08 07:53:12', 'be9b6b7f23f6', 'e2e727b5b689', '3ef17bd1df72', 'materialnode', NULL),
('e3ae2798e83d', '1', 0, NULL, '2023-08-08 07:53:12', '2023-08-08 07:53:12', '63cbc734fa04', '334e911a51ce', '3ef17bd1df72', 'materialnode', NULL),
('765d7592c9d6', '1', 1, NULL, '2022-02-04 22:10:06', '2022-02-04 22:10:06', '37616c74811f', '4d88b71250c5', '3ef17bd1df72', 'materialnode', NULL),
('2cce9e17a368', NULL, 0, 'est', '2023-08-08 07:53:12', '2023-08-08 07:53:12', '2cce9e17a368', NULL, 'f17470519474', 'columnlayout', '{"columns": [{"slot": "1", "width": 12}]}'),
('8e57dc3cfd53', '1', 2, NULL, '2023-08-08 07:53:12', '2023-08-08 07:53:12', '2cce9e17a368', '2cce9e17a368', 'f17470519474', 'columnlayout', '{"columns": [{"slot": "1", "width": 9}, {"slot": "2", "width": 3}]}'),
('4150251c8df2', '1', 0, NULL, '2023-08-08 07:53:12', '2023-08-08 07:53:12', '2cce9e17a368', '2cce9e17a368', 'f17470519474', 'columnlayout', '{"columns": [{"slot": "1", "width": 5}, {"slot": "2", "width": 7}]}'),
('be9b6b7f23f6', NULL, 0, NULL, '2023-08-08 07:53:12', '2023-08-08 07:53:12', 'be9b6b7f23f6', NULL, 'f17470519474', 'columnlayout', '{"columns": [{"slot": "1", "width": 12}]}'),
('be5641567e40', '1', 0, NULL, '2023-08-08 07:53:12', '2023-08-08 07:53:12', 'be9b6b7f23f6', 'be9b6b7f23f6', 'f17470519474', 'columnlayout', '{"columns": [{"slot": "1", "width": 4}, {"slot": "2", "width": 5}, {"slot": "3", "width": 3}]}'),
('e2e727b5b689', '1', 2, NULL, '2023-08-08 07:53:12', '2023-08-08 07:53:12', 'be9b6b7f23f6', 'be9b6b7f23f6', 'f17470519474', 'columnlayout', '{"columns": [{"slot": "1", "width": 9}, {"slot": "2", "width": 3}]}'),
('9d7b3a220fb4', NULL, 0, NULL, '2023-08-08 07:53:12', '2023-08-08 07:53:12', '9d7b3a220fb4', NULL, 'f17470519474', 'columnlayout', '{"columns": [{"slot": "1", "width": 12}]}'),
('63cbc734fa04', NULL, 0, NULL, '2023-08-08 07:53:12', '2023-08-08 07:53:12', '63cbc734fa04', NULL, 'f17470519474', 'columnlayout', '{"columns": [{"slot": "1", "width": 12}]}'),
('b9036acaa421', '1', 0, NULL, '2023-08-08 08:17:01', '2023-08-08 08:17:01', '9cef02bbc62f', 'afa58f4b4d27', '3ef17bd1df72', 'materialnode', NULL),
('ff20beb9e1c1', '2', 0, NULL, '2023-08-08 08:17:01', '2023-08-08 08:17:01', '9cef02bbc62f', 'afa58f4b4d27', '4f0c657fecef', 'singletext', '{"html": ""}'),
('7ba9a73cd69c', '1', 0, NULL, '2023-08-08 08:17:01', '2023-08-08 08:17:01', '9cef02bbc62f', 'ce4ac3ff825b', '318e064ea0c9', 'singletext', '{"html": ""}'),
('9cef02bbc62f', NULL, 0, 'est', '2023-08-08 08:17:01', '2023-08-08 08:17:01', '9cef02bbc62f', NULL, 'f17470519474', 'columnlayout', '{"columns": [{"slot": "1", "width": 12}]}'),
('afa58f4b4d27', '1', 2, NULL, '2023-08-08 08:17:01', '2023-08-08 08:17:01', '9cef02bbc62f', '9cef02bbc62f', 'f17470519474', 'columnlayout', '{"columns": [{"slot": "1", "width": 9}, {"slot": "2", "width": 3}]}'),
('aed759625d01', '1', 1, NULL, '2022-02-04 22:28:12', '2022-02-04 22:28:12', '980885505aad', '82b8c7554597', '3ef17bd1df72', 'materialnode', NULL),
('ce4ac3ff825b', '1', 0, NULL, '2023-08-08 08:17:01', '2023-08-08 08:17:01', '9cef02bbc62f', '9cef02bbc62f', 'f17470519474', 'columnlayout', '{"columns": [{"slot": "1", "width": 5}, {"slot": "2", "width": 7}]}'),
('a78e316e2a51', '1', 0, NULL, '2022-02-04 23:12:25', '2022-02-04 23:12:25', '9b0e779f3238', '3790643b388a', '3ef17bd1df72', 'materialnode', NULL),
('f0dddbc0b82d', '1', 0, NULL, '2022-02-04 21:42:28', '2022-02-04 21:42:28', '8fa1c8e597c3', '0a23aa100e1b', '3ef17bd1df72', 'materialnode', NULL),
('7b11f9f0d2f3', '1', 0, NULL, '2022-02-04 21:43:16', '2022-02-04 21:43:16', 'fb21b1c912fd', '5598534f6d7f', '3ef17bd1df72', 'materialnode', NULL),
('334e911a51ce', '1', 2, NULL, '2023-08-08 07:53:12', '2023-08-08 07:53:12', '63cbc734fa04', '63cbc734fa04', 'f17470519474', 'columnlayout', '{"columns": [{"slot": "1", "width": 9}, {"slot": "2", "width": 3}]}'),
('cc6271c00aff', '1', 0, NULL, '2023-08-08 07:53:12', '2023-08-08 07:53:12', '63cbc734fa04', '63cbc734fa04', 'f17470519474', 'columnlayout', '{"columns": [{"slot": "1", "width": 5}, {"slot": "2", "width": 7}]}'),
('512b766bec37', '1', 1, NULL, '2023-08-08 08:23:23', '2023-08-08 08:56:58', '6546d644c3fc', '6546d644c3fc', 'cfccaecd4bad', 'storyboard', '{"sections": {"4c126a50-f729-46a7-8326-811586922995": {"column1": "00.00", "column3": "", "position": 1, "column2Html": "<p>Jemand liest das Verspechen lauf vor.</p><p>Wir machen vier (Je nach anmeldungen fünf) Gruppen.</p><p>in Posten besprechen sie mit einem Leiter ein Stück des Versprechens.</p><p>bedeutung, umsetzung etc.</p><p>Posten 1: Ich verspreche/ mein Möglichstes zu tun</p><p>Posten 2: mich immer von neuem mit dem Pfadigesetz auseinanderzusetzen</p><p>Posten3:mich in jeder Gemeinschaft einzusetzen, in der ich lebe</p><p>Posten4:Nach Sinn und Ziel meines Lebens zu suchen</p><p>Posten5:zusammen mit euch allen</p>"}, "dfb372d7-89f4-42a8-bf03-f3bca75c9a45": {"column1": "1.00", "column3": "", "position": 2, "column2Html": "<p>Wir lernen das Pfadiversprechen mit dem \"Ich packe in meinen Rucksack\"-Spiel</p><p>Es beginnt jeamd und sagt \"Ich...\" und dann der reihe nach immer wieder holen was die andern zuvor gesagt haben und das nächste Wort des Versprechens nennen.</p>"}}}'),
('2a81640d3449', '1', 0, NULL, '2023-08-08 08:17:36', '2023-08-08 08:17:36', 'b255329fab68', 'b8da482e6e8f', '3ef17bd1df72', 'materialnode', NULL),
('eb5e45e06f4b', '2', 0, NULL, '2023-08-08 08:17:36', '2023-08-08 08:17:36', 'b255329fab68', 'b8da482e6e8f', '4f0c657fecef', 'singletext', '{"html": ""}'),
('e70fa4410090', '2', 0, NULL, '2023-08-08 08:17:36', '2023-08-08 08:17:36', 'b255329fab68', '32e0418c025f', '44dcc7493c65', 'singletext', '{"html": ""}'),
('5962eb23487d', '1', 1, NULL, '2023-08-08 08:17:36', '2023-08-08 08:31:11', 'b255329fab68', 'b255329fab68', 'cfccaecd4bad', 'storyboard', '{"sections": {"3fa678eb-1a3d-42da-9daa-19e9664fd63b": {"column1": "00:02", "column3": "", "position": 2, "column2Html": "<p>Um die Gruppen einzuteilen machen wir ein Atömle: Es rennen alle durcheinander und eine Leitperson sagt eine Zahl. Nun müssen die TN''s sich in Gruppen dieser Anzahl stellen. Alle die nicht in einer Gruppe (einem Atom) sind scheiden aus und werden in Gruppen eingeteilt</p>"}, "7412b417-389b-4458-b3dc-af3626a34b30": {"column1": "00:00", "column3": "", "position": 1, "column2Html": "<p>Wir besammeln uns beim Bahnhof Oerlikon und gehen nach der Besammlung zum MFO-Park.</p><p>Die Leiter haben leider die Flugtickets verloren. Die Einzelteile sind nun in ganz Oerlikon verteilt. Wir müssen sie nun wieder einsammeln.</p>"}, "c7e48445-4713-436e-b55a-93a9a81af9b3": {"column1": "00:10", "column3": "", "position": 3, "column2Html": "<p>Jede Gruppe bekommt eine Karte und es findet ein Stern-OL statt.</p><p>Bei jedem Posten finden sie einen Teil des Tickets</p><p>Jede Gruppe muss bei jedem Posten vorbei.</p>"}, "daa44c26-3ee8-4903-9a20-ab5853775d01": {"column1": "00:50", "column3": "", "position": 4, "column2Html": "<p>Alle Gruppen waren bei allen Posten. Nun müssen sie die Tickets zusammensetzten</p>"}}}'),
('b255329fab68', NULL, 0, 'est', '2023-08-08 08:17:36', '2023-08-08 08:17:36', 'b255329fab68', NULL, 'f17470519474', 'columnlayout', '{"columns": [{"slot": "1", "width": 12}]}'),
('b8da482e6e8f', '1', 2, NULL, '2023-08-08 08:17:36', '2023-08-08 08:17:36', 'b255329fab68', 'b255329fab68', 'f17470519474', 'columnlayout', '{"columns": [{"slot": "1", "width": 9}, {"slot": "2", "width": 3}]}'),
('32e0418c025f', '1', 0, NULL, '2023-08-08 08:17:36', '2023-08-08 08:17:36', 'b255329fab68', 'b255329fab68', 'f17470519474', 'columnlayout', '{"columns": [{"slot": "1", "width": 5}, {"slot": "2", "width": 7}]}'),
('a7c374fbd4cf', '1', 0, NULL, '2023-08-08 08:22:41', '2023-08-08 08:22:41', 'b7d17f628d0f', '56d330ba996c', '3ef17bd1df72', 'materialnode', NULL),
('61d06ea70b75', '2', 0, NULL, '2023-08-08 08:22:41', '2023-08-08 08:22:41', 'b7d17f628d0f', '56d330ba996c', '4f0c657fecef', 'singletext', '{"html": ""}'),
('990b5ed8d700', '2', 0, NULL, '2023-08-08 08:22:41', '2023-08-08 08:22:41', 'b7d17f628d0f', '2e88135c6c79', '44dcc7493c65', 'singletext', '{"html": ""}'),
('6b1e5d304898', '1', 0, NULL, '2023-08-08 08:22:41', '2023-08-08 08:22:41', 'b7d17f628d0f', '2e88135c6c79', '318e064ea0c9', 'singletext', '{"html": ""}'),
('b7d17f628d0f', NULL, 0, NULL, '2023-08-08 08:22:41', '2023-08-08 08:22:41', 'b7d17f628d0f', NULL, 'f17470519474', 'columnlayout', '{"columns": [{"slot": "1", "width": 12}]}'),
('56d330ba996c', '1', 2, NULL, '2023-08-08 08:22:41', '2023-08-08 08:22:41', 'b7d17f628d0f', 'b7d17f628d0f', 'f17470519474', 'columnlayout', '{"columns": [{"slot": "1", "width": 9}, {"slot": "2", "width": 3}]}'),
('2e88135c6c79', '1', 0, NULL, '2023-08-08 08:22:41', '2023-08-08 08:22:41', 'b7d17f628d0f', 'b7d17f628d0f', 'f17470519474', 'columnlayout', '{"columns": [{"slot": "1", "width": 5}, {"slot": "2", "width": 7}]}'),
('a85f33af7932', '1', 0, NULL, '2023-08-08 08:17:36', '2023-08-08 08:24:39', 'b255329fab68', '32e0418c025f', '318e064ea0c9', 'singletext', '{"html": "<p>Unsere Flugtickets sind davongeflogen (Wind) wir müssen sie wieder einsammeln</p>"}'),
('2dc11ea9c69b', '1', 1, NULL, '2023-08-08 08:16:54', '2023-08-08 08:52:55', '8d31960310f3', '8d31960310f3', 'cfccaecd4bad', 'storyboard', '{"sections": {"3a9f385f-60ab-4f58-ba99-32327b89e823": {"column1": "", "column3": "", "position": 3, "column2Html": "<p>Ende und wir gehen Zmorgen essen</p>"}, "7412b417-389b-4458-b3dc-af3626a34b30": {"column1": "", "column3": "", "position": 1, "column2Html": "<p>Aufwecken mit Musik</p>"}, "b7f34ff6-5315-4afd-8de5-f0497d219669": {"column1": "", "column3": "", "position": 2, "column2Html": "<p>Wir machen ein Triff den Dödel. Alle stehen im Kreis und ein Ball wird gegnseitig zugespielt. Der Ball darf nur mit einer Hand geworfen und gefangen werden. Wenn man den Ball nicht fängt muss man eine runde um den kreis rennen. wenn man wärend dieser runde vom Ball getroffen wird, muss man nochmals rennen. Wenn man einen schlechten passt schiesst muss man auch rennen. Die rennende person kann mehrmals wieder abgeschossen werden</p>"}}}'),
('449d517dbcc8', '1', 1, NULL, '2023-08-08 08:23:36', '2023-08-08 09:09:55', '0cc124cdd9f6', '0cc124cdd9f6', 'cfccaecd4bad', 'storyboard', '{"sections": {"4c126a50-f729-46a7-8326-811586922995": {"column1": "", "column3": "", "position": 1, "column2Html": "<p>Wir bilden Gruppen in denen wir die einzelnen Lagerbauten wieder korrekt versorgen.</p><p>Gruppe eins: Schlafzelte</p><p>Gruppe zwei: Aufenthaltszelt + Latrine</p>"}, "9208a221-e336-4981-8a33-572b41a3578a": {"column1": "", "column3": "", "position": 2, "column2Html": "<p>Bei den Schlafzelten zeigen die Leiter den Teilnehmern wie sie ein Spatz korrekt abbauen und reinigen. Die Kinder machen das nach.</p>"}, "cb1615ab-c6ce-40ac-8c70-b4a3467dda42": {"column1": "", "column3": "", "position": 3, "column2Html": "<p>Beim Aufenthaltszelt wird den Kindern erklärt was eine A Blache und was eine B Blache ist. Nun müssen die Kinder die A Blachen von den B Blachen trennen und ein Leiter demonstriert ihnen wie man eine Reepschnur korrekt einfädelt. Die Kinder machen das nach und fassen die Blachen in 10erhäufen zusammen. Am schluss machen sie zuerst gemeinsam mit einem Leiter und dann alleine Blachenbünde.</p>"}}}'),
('fd7a5669d280', '1', 0, NULL, '2023-08-08 09:54:05', '2023-08-08 09:54:05', '544d4ea12726', '2f7de3522d6a', '3ef17bd1df72', 'materialnode', NULL),
('d031de84c3a2', NULL, 0, NULL, '2023-08-08 08:14:46', '2023-08-08 08:14:46', 'd031de84c3a2', NULL, 'f17470519474', 'columnlayout', '{"columns": [{"slot": "1", "width": 12}]}'),
('ba160a78c312', '1', 0, NULL, '2023-08-08 10:13:31', '2023-08-08 10:13:31', 'dece09ab0223', '9bf040fd8efd', '3ef17bd1df72', 'materialnode', NULL),
('9034c0242d2a', '2', 0, NULL, '2023-08-08 10:13:31', '2023-08-08 10:13:31', 'dece09ab0223', '9bf040fd8efd', '4f0c657fecef', 'singletext', '{"html": ""}'),
('403f1f80bc4b', '1', 1, NULL, '2023-08-08 08:19:40', '2023-08-08 08:32:37', '8bb664e5b7fe', '8bb664e5b7fe', 'cfccaecd4bad', 'storyboard', '{"sections": {"74c50d9d-420c-4e97-aba9-625d3f4e9ae9": {"column1": "0:30", "column3": "", "position": 3, "column2Html": "<p>Da wir uns auf einem Langstreckenflug befinden, können die müden Passagiere sich auf die Schlafplätze begeben (Zähneputzen und in die Zelter gehen). Der Flug beginnt.</p>"}, "97651e91-11f1-4d99-bc4f-f1ee9a01657f": {"column1": "0:15", "column3": "", "position": 2, "column2Html": "<p>Um zum Flugzeug zu kommen laufen wir mit einem Flughafenmensch entlang der Flugpiste (mit Kerzen oder Leuchtstäbli abgesteckt). Wir setzen uns alle im Flugzeug (Pflanzentunnel Familie Amacher, alternative: jedes Kind liegt schon an seinen Schlafplatz symbolisch für Sitzplatz) in Reihen hin (wie im Flugi). Die Flugbegleiterin / Der Flugbegleiter erklärt uns die Sicherheitsregeln und der Pilot wünscht uns einen guten Flug.</p>"}, "effa3fa5-cd07-4e82-a8aa-198ed9a7c1d4": {"column1": "0:00", "column3": "", "position": 1, "column2Html": "<p>Um unsere Reise sicher zu starten müssen wir alle durch die Sicherheitskontrolle: Holz Bogen mit Lichter etc wie am Flughafen, Sicherheitskontrolle bei Security (abtasten). Bei einigen TN''s piepst es und wir schmuggeln ihnen unerlaubte Gegenstände wie Wasserpistolen, Trinkflaschen etc. unter. Die TN''s mit unerlaubten Gegenstände müssen als Strafe 5 mal um die Zelter rennen und 10 Liegestützen machen. Sobald alle durch die Kontrolle sind können wir ins Flugzeug.</p>"}}}'),
('e1ed87708120', '1', 0, NULL, '2023-08-08 08:18:02', '2023-08-08 08:18:02', 'bc93dc784708', '88f49d575a23', '3ef17bd1df72', 'materialnode', NULL),
('b5db60266279', '2', 0, NULL, '2023-08-08 08:18:02', '2023-08-08 08:18:02', 'bc93dc784708', '88f49d575a23', '4f0c657fecef', 'singletext', '{"html": ""}'),
('2f5c35bc01e6', '2', 0, NULL, '2023-08-08 08:18:02', '2023-08-08 08:18:02', 'bc93dc784708', '608c323b0492', '44dcc7493c65', 'singletext', '{"html": ""}'),
('6e929eaf43e5', '1', 0, NULL, '2022-02-04 19:53:09', '2022-02-04 19:53:09', '78904734f1c0', '78904734f1c0', 'f17470519474', 'columnlayout', '{"columns": [{"slot": "1", "width": 9}, {"slot": "2", "width": 3}]}'),
('f8e595ca2a2a', '1', 0, NULL, '2022-02-04 19:53:15', '2022-02-04 19:53:15', '11d4984c77c6', '11d4984c77c6', 'f17470519474', 'columnlayout', '{"columns": [{"slot": "1", "width": 9}, {"slot": "2", "width": 3}]}'),
('27bf013d1b0b', '1', 0, NULL, '2023-08-08 10:13:31', '2023-08-08 10:13:31', 'dece09ab0223', 'a1ddef982394', '318e064ea0c9', 'singletext', '{"html": ""}'),
('8fa1c8e597c3', NULL, 0, NULL, '2022-02-04 21:41:51', '2022-02-04 21:41:51', '8fa1c8e597c3', NULL, 'f17470519474', 'columnlayout', '{"columns": [{"slot": "1", "width": 12}]}'),
('bc93dc784708', NULL, 0, 'est', '2023-08-08 08:18:02', '2023-08-08 08:18:02', 'bc93dc784708', NULL, 'f17470519474', 'columnlayout', '{"columns": [{"slot": "1", "width": 12}]}'),
('88f49d575a23', '1', 2, NULL, '2023-08-08 08:18:02', '2023-08-08 08:18:02', 'bc93dc784708', 'bc93dc784708', 'f17470519474', 'columnlayout', '{"columns": [{"slot": "1", "width": 9}, {"slot": "2", "width": 3}]}'),
('608c323b0492', '1', 0, NULL, '2023-08-08 08:18:02', '2023-08-08 08:18:02', 'bc93dc784708', 'bc93dc784708', 'f17470519474', 'columnlayout', '{"columns": [{"slot": "1", "width": 5}, {"slot": "2", "width": 7}]}'),
('dece09ab0223', NULL, 0, 'est', '2023-08-08 10:13:31', '2023-08-08 10:13:31', 'dece09ab0223', NULL, 'f17470519474', 'columnlayout', '{"columns": [{"slot": "1", "width": 12}]}'),
('4d88b71250c5', '1', 0, NULL, '2022-02-04 22:10:06', '2022-02-04 22:10:06', '37616c74811f', '37616c74811f', 'f17470519474', 'columnlayout', '{"columns": [{"slot": "1", "width": 9}, {"slot": "2", "width": 3}]}'),
('ed983fa396a5', '1', 0, NULL, '2023-08-08 08:22:57', '2023-08-08 08:22:57', '5603229c4bbc', '922ec12d0f5e', '3ef17bd1df72', 'materialnode', NULL),
('df981acb21d7', '2', 0, NULL, '2023-08-08 08:22:57', '2023-08-08 08:22:57', '5603229c4bbc', '922ec12d0f5e', '4f0c657fecef', 'singletext', '{"html": ""}'),
('8ca199ea75b3', '2', 0, NULL, '2023-08-08 08:22:57', '2023-08-08 08:22:57', '5603229c4bbc', '5dd1690c4411', '44dcc7493c65', 'singletext', '{"html": ""}'),
('215dad934d59', '1', 0, NULL, '2023-08-08 08:22:57', '2023-08-08 08:22:57', '5603229c4bbc', '5dd1690c4411', '318e064ea0c9', 'singletext', '{"html": ""}'),
('5603229c4bbc', NULL, 0, NULL, '2023-08-08 08:22:57', '2023-08-08 08:22:57', '5603229c4bbc', NULL, 'f17470519474', 'columnlayout', '{"columns": [{"slot": "1", "width": 12}]}'),
('922ec12d0f5e', '1', 2, NULL, '2023-08-08 08:22:57', '2023-08-08 08:22:57', '5603229c4bbc', '5603229c4bbc', 'f17470519474', 'columnlayout', '{"columns": [{"slot": "1", "width": 9}, {"slot": "2", "width": 3}]}'),
('5dd1690c4411', '1', 0, NULL, '2023-08-08 08:22:57', '2023-08-08 08:22:57', '5603229c4bbc', '5603229c4bbc', 'f17470519474', 'columnlayout', '{"columns": [{"slot": "1", "width": 5}, {"slot": "2", "width": 7}]}'),
('5598534f6d7f', '1', 2, NULL, '2022-02-04 21:42:44', '2022-02-04 21:42:57', 'fb21b1c912fd', 'fb21b1c912fd', 'f17470519474', 'columnlayout', '{"columns": [{"slot": "1", "width": 9}, {"slot": "2", "width": 3}]}'),
('8f995143ca71', NULL, 0, 'est', '2023-08-08 09:22:58', '2023-08-08 09:22:58', '8f995143ca71', NULL, 'f17470519474', 'columnlayout', '{"columns": [{"slot": "1", "width": 12}]}'),
('7a1deabefb74', '1', 0, NULL, '2023-08-08 08:18:02', '2023-08-08 08:45:53', 'bc93dc784708', '608c323b0492', '318e064ea0c9', 'singletext', '{"html": "<p>Wir müssen die Insel erkunden</p>"}'),
('1325b75b10c2', '1', 1, NULL, '2023-08-08 08:22:57', '2023-08-08 09:10:56', '5603229c4bbc', '5603229c4bbc', 'cfccaecd4bad', 'storyboard', '{"sections": {"23f17dcf-1ccc-4c2d-9160-9a718b6ed4f9": {"column1": "", "column3": "", "position": 2, "column2Html": "<p>14:44 BUS 520 15613 Richtung Zürich Flughafen, Bahnhof /nach Zürich Flughafen, Bahnhof /Ankunft 14:55</p><p>15:01 Zug S 16 19657 Richtung Herrliberg-Feldmeilen / nach Zürich Oerlikon, Gleis 6 /Ankunft 15:05</p>"}, "effa3fa5-cd07-4e82-a8aa-198ed9a7c1d4": {"column1": "", "column3": "", "position": 1, "column2Html": "<p>Wir laufen 1420 los</p>"}}}'),
('2b0e5d4675c1', '1', 2, NULL, '2023-08-08 09:22:58', '2023-08-08 09:22:58', '8f995143ca71', '8f995143ca71', 'f17470519474', 'columnlayout', '{"columns": [{"slot": "1", "width": 9}, {"slot": "2", "width": 3}]}'),
('254eaf258208', '1', 0, NULL, '2023-08-08 09:22:58', '2023-08-08 09:22:58', '8f995143ca71', '8f995143ca71', 'f17470519474', 'columnlayout', '{"columns": [{"slot": "1", "width": 5}, {"slot": "2", "width": 7}]}'),
('2e7a9509cd7f', NULL, 0, NULL, '2023-08-08 09:22:58', '2023-08-08 09:22:58', '2e7a9509cd7f', NULL, 'f17470519474', 'columnlayout', '{"columns": [{"slot": "1", "width": 12}]}'),
('9bf040fd8efd', '1', 2, NULL, '2023-08-08 10:13:31', '2023-08-08 10:13:31', 'dece09ab0223', 'dece09ab0223', 'f17470519474', 'columnlayout', '{"columns": [{"slot": "1", "width": 9}, {"slot": "2", "width": 3}]}'),
('a5ba4c9a7765', NULL, 0, NULL, '2023-08-08 08:15:06', '2023-08-08 08:15:06', 'a5ba4c9a7765', NULL, 'f17470519474', 'columnlayout', '{"columns": [{"slot": "1", "width": 12}]}'),
('92b66feff7d4', '1', 1, NULL, '2023-08-08 08:19:55', '2023-08-08 08:36:04', '0e0b0bd06918', '0e0b0bd06918', 'cfccaecd4bad', 'storyboard', '{"sections": {"29898183-0564-44f5-8077-8ee2572141aa": {"column1": "00:15", "column3": "", "position": 2, "column2Html": "<p>Alle Kinder sind auf ihren Sitzplätzen angeschnallt, dann beginnt eines der Triebwerke zu brennen und die Sauerstoffmasken kommen aus der Decke, sie müssen diese alle Anziehen.</p>"}, "39c41897-10a5-43f9-b39d-3a681883ca7d": {"column1": "00:20", "column3": "", "position": 3, "column2Html": "<p>Ein Triebwerk explodiert und kurz darauf schlagen wir auf, die Leiter stossen alle Kinder durcheinander und werfen die \"Stühle\" um, um den Absturz zu simulieren.</p>"}, "4b917000-a996-44b9-abb6-0700323327e4": {"column1": "00:25", "column3": "", "position": 4, "column2Html": "<p>Wir regen uns langsam am Boden, um uns herum das zerstörte und brennende Flugzeug. Einem Leiter wurde der Arm aufgeschlitzt (Blinky) und er blutet stark, um erste Hilfe zu leisten suchen wir die Apotheke im Flugzeug. Wir versuchen, Rettungskräfte zu kontaktieren, haben aber kein Netz. Nachdem wir festgestellt haben, dass alle da sind und der verletzte Leiter versorgt ist, teilen wir Wachen ein (nur die Leiter, die wachen nicht wirklich sondern gehen dann schlafen) und schicken die TN wieder ins Bett.</p>"}, "effa3fa5-cd07-4e82-a8aa-198ed9a7c1d4": {"column1": "00:00", "column3": "", "position": 1, "column2Html": "<p>Die TN werden von lautem Sirenengeheul geweckt. Ein Triebwerk des Flugzeugs, in dem wir fliegen, ist ausgefalllen. Alle müssen sofort auf ihre Sitzplätze und die Gurte anschnallen.</p>"}}}'),
('a1ddef982394', '1', 0, NULL, '2023-08-08 10:13:31', '2023-08-08 10:13:31', 'dece09ab0223', 'dece09ab0223', 'f17470519474', 'columnlayout', '{"columns": [{"slot": "1", "width": 5}, {"slot": "2", "width": 7}]}'),
('1169fb1d7e32', '1', 0, NULL, '2023-08-08 08:18:24', '2023-08-08 08:18:24', '781de880638a', '28f7ffaeb348', '3ef17bd1df72', 'materialnode', NULL),
('ce7fd457d560', '2', 0, NULL, '2023-08-08 08:18:24', '2023-08-08 08:18:24', '781de880638a', '28f7ffaeb348', '4f0c657fecef', 'singletext', '{"html": ""}'),
('0f38e331948f', '2', 0, NULL, '2023-08-08 10:15:50', '2023-08-08 10:15:50', '40dad30f1f06', 'a17af474f1b1', '4f0c657fecef', 'singletext', '{"html": ""}'),
('781de880638a', NULL, 0, 'est', '2023-08-08 08:18:24', '2023-08-08 08:18:24', '781de880638a', NULL, 'f17470519474', 'columnlayout', '{"columns": [{"slot": "1", "width": 12}]}'),
('28f7ffaeb348', '1', 2, NULL, '2023-08-08 08:18:24', '2023-08-08 08:18:24', '781de880638a', '781de880638a', 'f17470519474', 'columnlayout', '{"columns": [{"slot": "1", "width": 9}, {"slot": "2", "width": 3}]}'),
('2f65bd75974a', '1', 0, NULL, '2023-08-08 08:18:24', '2023-08-08 08:18:24', '781de880638a', '781de880638a', 'f17470519474', 'columnlayout', '{"columns": [{"slot": "1", "width": 5}, {"slot": "2", "width": 7}]}'),
('d40612537b3c', '3', 0, NULL, '2023-08-08 09:22:58', '2023-08-08 09:22:58', '2e7a9509cd7f', '05568de15c51', '1a0f84e322c8', 'multiselect', '{"options": {"security": {"checked": false}, "outdoorTechnique": {"checked": false}, "pioneeringTechnique": {"checked": false}, "natureAndEnvironment": {"checked": false}, "campsiteAndSurroundings": {"checked": false}, "preventionAndIntegration": {"checked": false}}}'),
('f7a650cdd58d', '1', 1, NULL, '2023-08-08 09:22:58', '2023-08-08 09:22:58', '8f995143ca71', '8f995143ca71', 'cfccaecd4bad', 'storyboard', '{"sections": {"7412b417-389b-4458-b3dc-af3626a34b30": {"column1": "", "column3": "", "position": 1, "column2Html": ""}}}'),
('cca9cc9e0aca', '1', 0, NULL, '2023-08-08 08:23:10', '2023-08-08 08:23:10', 'eb47e1360222', 'edf03d72be42', '3ef17bd1df72', 'materialnode', NULL),
('fd7f813f2e13', '1', 0, NULL, '2023-08-08 08:23:10', '2023-08-08 08:23:10', 'eb47e1360222', '7884d2a6954b', '318e064ea0c9', 'singletext', '{"html": ""}'),
('faefb2982444', '2', 0, NULL, '2023-08-08 08:23:10', '2023-08-08 08:23:10', 'eb47e1360222', '7884d2a6954b', '44dcc7493c65', 'singletext', '{"html": ""}'),
('82b8c7554597', '1', 0, NULL, '2022-02-04 22:28:12', '2022-02-04 22:28:12', '980885505aad', '980885505aad', 'f17470519474', 'columnlayout', '{"columns": [{"slot": "1", "width": 9}, {"slot": "2", "width": 3}]}'),
('697312a460a8', NULL, 0, NULL, '2022-02-04 23:10:41', '2022-02-04 23:10:41', '697312a460a8', NULL, 'f17470519474', 'columnlayout', '{"columns": [{"slot": "1", "width": 12}]}'),
('9b0e779f3238', NULL, 0, NULL, '2022-02-04 23:11:03', '2022-02-04 23:11:03', '9b0e779f3238', NULL, 'f17470519474', 'columnlayout', '{"columns": [{"slot": "1", "width": 12}]}'),
('7f2b1fb04de9', '2', 0, NULL, '2023-08-08 08:23:10', '2023-08-08 08:23:10', 'eb47e1360222', 'edf03d72be42', '4f0c657fecef', 'singletext', '{"html": ""}'),
('e556897a50c1', '1', 1, NULL, '2023-08-08 09:22:58', '2023-08-08 09:22:58', '2e7a9509cd7f', '2e7a9509cd7f', 'cfccaecd4bad', 'storyboard', '{"sections": {"4c126a50-f729-46a7-8326-811586922995": {"column1": "", "column3": "", "position": 1, "column2Html": ""}}}'),
('980885505aad', NULL, 0, 'est', '2022-02-04 22:28:12', '2022-02-04 22:28:12', '980885505aad', NULL, 'f17470519474', 'columnlayout', '{"columns": [{"slot": "1", "width": 12}]}'),
('eb47e1360222', NULL, 0, NULL, '2023-08-08 08:23:10', '2023-08-08 08:23:10', 'eb47e1360222', NULL, 'f17470519474', 'columnlayout', '{"columns": [{"slot": "1", "width": 12}]}'),
('7884d2a6954b', '1', 0, NULL, '2023-08-08 08:23:10', '2023-08-08 08:23:10', 'eb47e1360222', 'eb47e1360222', 'f17470519474', 'columnlayout', '{"columns": [{"slot": "1", "width": 4}, {"slot": "2", "width": 5}, {"slot": "3", "width": 3}]}'),
('edf03d72be42', '1', 2, NULL, '2023-08-08 08:23:10', '2023-08-08 08:23:10', 'eb47e1360222', 'eb47e1360222', 'f17470519474', 'columnlayout', '{"columns": [{"slot": "1", "width": 9}, {"slot": "2", "width": 3}]}'),
('cb3f30435485', '3', 0, NULL, '2023-08-08 08:23:10', '2023-08-08 08:29:06', 'eb47e1360222', '7884d2a6954b', '1a0f84e322c8', 'multiselect', '{"options": {"security": {"checked": false}, "outdoorTechnique": {"checked": false}, "pioneeringTechnique": {"checked": true}, "natureAndEnvironment": {"checked": false}, "campsiteAndSurroundings": {"checked": false}, "preventionAndIntegration": {"checked": false}}}'),
('a17af474f1b1', '1', 2, NULL, '2023-08-08 10:15:50', '2023-08-08 10:15:50', '40dad30f1f06', '40dad30f1f06', 'f17470519474', 'columnlayout', '{"columns": [{"slot": "1", "width": 9}, {"slot": "2", "width": 3}]}'),
('ebdd693848bd', '1', 0, NULL, '2023-08-08 08:18:24', '2023-08-08 08:43:15', '781de880638a', '2f65bd75974a', '318e064ea0c9', 'singletext', '{"html": "<p>Die eingeborenen greifen uns an und klauen uns unser essen.</p>"}'),
('9188e566db55', '2', 0, NULL, '2023-08-08 08:18:24', '2023-08-08 08:43:18', '781de880638a', '2f65bd75974a', '44dcc7493c65', 'singletext', '{"html": "<p>Apotheke mitnehmen, Gelände vorher absuchen wegen Gefahren</p>"}'),
('5ccf5b82ad06', '2', 0, NULL, '2023-08-08 08:23:23', '2023-08-08 08:56:02', '6546d644c3fc', '73281e73d2be', '44dcc7493c65', 'singletext', '{"html": "<p>Apotheke und Handy vor Ort</p>"}'),
('b4c9ff773de8', '1', 3, 'aut', '2022-01-23 16:19:10', '2022-01-23 16:19:10', '63ad36c59b9e', '63ad36c59b9e', '1a0f84e322c8', 'multiselect', '{"options": {"aut": {"checked": true}}}'),
('f4cf9e6a1e2c', NULL, 0, NULL, '2023-08-08 08:15:24', '2023-08-08 08:15:24', 'f4cf9e6a1e2c', NULL, 'f17470519474', 'columnlayout', '{"columns": [{"slot": "1", "width": 12}]}'),
('528683af742d', '1', 1, NULL, '2023-08-08 08:18:02', '2023-08-08 08:40:34', 'bc93dc784708', 'bc93dc784708', 'cfccaecd4bad', 'storyboard', '{"sections": {"27a02e48-5b03-4e93-b61b-3595a03c1cbd": {"column1": "0015", "column3": "", "position": 2, "column2Html": "<p>Um unseren oreinteierungssinn zu schärfen wird in einem definierten Feld ein gegenstand geworfen den man mit glocken hört. Nun können die Teilnehmer (sie haben sich die Augen verbunden) mithilfe ihres gehörssinnes versuchen diesen gegenstand zu finden. Dieses Spiel wird mehrmals wiederholt bis wir unsere Sinne geschärft haben.</p>"}, "7412b417-389b-4458-b3dc-af3626a34b30": {"column1": "0115", "column3": "", "position": 1, "column2Html": "<p>Wir machein einen OL bei dem Jede gruppe zuerst einen Teil der Karte bekommt. nun ist ein Punkt auf einem Sichtmäpli eingezeichnet an dem der Posten sein muss. Sie müssen nun entweder abschätzen wo der neue Kartenteil sein könnte oder mit den anderen Gruppen zusammenarbeiten um dei Posten zu finden.</p>"}, "9645c5d8-4bc3-49a3-82ed-f3dd96faef81": {"column1": "0130", "column3": "", "position": 3, "column2Html": "<p>Zum abschluss spielen wir ein Schoggispiel. Dabei muss sich eine Person winterhandschuhe und diverse utensilien anziehen und darf dann beginnen mit Messer und Gabel eine in in Zeitund eingepackte Schokoladentafel zu essen. Die anderen versuchen mit Würfeln eine 6 zu würfeln. wenn ihnen das gelingt muss die essende Person alle utensilien ablegen und die neue Person muss sie anlegen und darf versuchen die schokolade zu essen. vor jedem würfeln muss man einen Hampelmann machen.</p>"}}}'),
('579d5b9d1396', '3', 0, NULL, '2023-08-08 08:23:23', '2023-08-08 08:56:04', '6546d644c3fc', '73281e73d2be', '1a0f84e322c8', 'multiselect', '{"options": {"security": {"checked": false}, "outdoorTechnique": {"checked": false}, "pioneeringTechnique": {"checked": false}, "natureAndEnvironment": {"checked": false}, "campsiteAndSurroundings": {"checked": false}, "preventionAndIntegration": {"checked": true}}}'),
('74ae93df8343', '1', 0, NULL, '2023-08-08 08:18:57', '2023-08-08 08:18:57', 'c853362152a3', '867944b055a2', '3ef17bd1df72', 'materialnode', NULL),
('385c14c9e6e5', '2', 0, NULL, '2023-08-08 08:18:57', '2023-08-08 08:18:57', 'c853362152a3', '867944b055a2', '4f0c657fecef', 'singletext', '{"html": ""}'),
('c853362152a3', NULL, 0, 'est', '2023-08-08 08:18:57', '2023-08-08 08:18:57', 'c853362152a3', NULL, 'f17470519474', 'columnlayout', '{"columns": [{"slot": "1", "width": 12}]}'),
('867944b055a2', '1', 2, NULL, '2023-08-08 08:18:57', '2023-08-08 08:18:57', 'c853362152a3', 'c853362152a3', 'f17470519474', 'columnlayout', '{"columns": [{"slot": "1", "width": 9}, {"slot": "2", "width": 3}]}'),
('cb18a7f34cc8', '1', 0, NULL, '2023-08-08 08:18:57', '2023-08-08 08:18:57', 'c853362152a3', 'c853362152a3', 'f17470519474', 'columnlayout', '{"columns": [{"slot": "1", "width": 5}, {"slot": "2", "width": 7}]}'),
('b05e67c7c2fb', '1', 0, 'Ziel', '2023-08-08 08:23:23', '2023-08-08 08:56:38', '6546d644c3fc', '73281e73d2be', '318e064ea0c9', 'singletext', '{"html": "<p>Wir lernen das Pfadigeetz und wie wir damit leben.</p>"}'),
('1cac153cc102', '1', 0, NULL, '2023-08-08 08:23:23', '2023-08-08 08:23:23', '6546d644c3fc', 'f34cff5fc88d', '3ef17bd1df72', 'materialnode', NULL),
('ec0d43b1f904', '2', 0, NULL, '2023-08-08 08:23:23', '2023-08-08 08:23:23', '6546d644c3fc', 'f34cff5fc88d', '4f0c657fecef', 'singletext', '{"html": ""}'),
('6546d644c3fc', NULL, 0, NULL, '2023-08-08 08:23:23', '2023-08-08 08:23:23', '6546d644c3fc', NULL, 'f17470519474', 'columnlayout', '{"columns": [{"slot": "1", "width": 12}]}'),
('73281e73d2be', '1', 0, NULL, '2023-08-08 08:23:23', '2023-08-08 08:23:23', '6546d644c3fc', '6546d644c3fc', 'f17470519474', 'columnlayout', '{"columns": [{"slot": "1", "width": 4}, {"slot": "2", "width": 5}, {"slot": "3", "width": 3}]}'),
('f34cff5fc88d', '1', 2, NULL, '2023-08-08 08:23:23', '2023-08-08 08:23:23', '6546d644c3fc', '6546d644c3fc', 'f17470519474', 'columnlayout', '{"columns": [{"slot": "1", "width": 9}, {"slot": "2", "width": 3}]}'),
('07198a60db89', '1', 2, 'velit', '2022-01-23 16:19:10', '2022-01-23 16:19:10', '63ad36c59b9e', '63ad36c59b9e', '4f0c657fecef', 'singletext', '{"html": "qui"}'),
('e9a22e9dfdef', '1', 0, NULL, '2023-08-08 08:18:57', '2023-08-08 08:57:34', 'c853362152a3', 'cb18a7f34cc8', '318e064ea0c9', 'singletext', '{"html": "<p>Plottwist der Pilot hat sich zum Anführer der eingeborenen hochgekämpft. und wir müssen ein Notsignal senden</p>"}'),
('50200f03accf', '2', 0, NULL, '2023-08-08 08:18:57', '2023-08-08 08:57:37', 'c853362152a3', 'cb18a7f34cc8', '44dcc7493c65', 'singletext', '{"html": "<p>Apotheke mitnehmen, Gelände vorher absuchen wegen Gefahren. Drei mal Pfeifen = besammeln beim neutralen Posten.</p>"}'),
('a30967ccd12d', '1', 1, NULL, '2023-08-08 09:22:58', '2023-08-08 09:22:58', '221db1cd28fb', '221db1cd28fb', 'cfccaecd4bad', 'storyboard', '{"sections": {"effa3fa5-cd07-4e82-a8aa-198ed9a7c1d4": {"column1": "", "column3": "", "position": 1, "column2Html": ""}}}'),
('359013a7115e', '2', 0, NULL, '2023-08-08 09:22:58', '2023-08-08 09:22:58', '8f995143ca71', '2b0e5d4675c1', '4f0c657fecef', 'singletext', '{"html": ""}'),
('ae84f428a76c', '2', 0, NULL, '2023-08-08 09:22:58', '2023-08-08 09:22:58', '8f995143ca71', '254eaf258208', '44dcc7493c65', 'singletext', '{"html": ""}'),
('5654f3fc7116', '1', 0, NULL, '2023-08-08 09:22:58', '2023-08-08 09:22:58', '8f995143ca71', '254eaf258208', '318e064ea0c9', 'singletext', '{"html": ""}'),
('0253abab905c', '1', 0, NULL, '2023-08-08 09:22:58', '2023-08-08 09:22:58', '2e7a9509cd7f', '05568de15c51', '318e064ea0c9', 'singletext', '{"html": ""}'),
('8432a18091b8', '2', 0, NULL, '2023-08-08 09:22:58', '2023-08-08 09:22:58', '2e7a9509cd7f', '05568de15c51', '44dcc7493c65', 'singletext', '{"html": ""}'),
('805b89be62d5', '2', 0, NULL, '2023-08-08 09:22:58', '2023-08-08 09:22:58', '2e7a9509cd7f', '4b189c1a043b', '4f0c657fecef', 'singletext', '{"html": ""}'),
('15a2ecb0dd8b', '2', 0, NULL, '2023-08-08 09:22:58', '2023-08-08 09:22:58', '221db1cd28fb', 'e0424eeceb68', '4f0c657fecef', 'singletext', '{"html": ""}'),
('b0b176e76423', '2', 0, NULL, '2023-08-08 09:22:58', '2023-08-08 09:22:58', '221db1cd28fb', '1d3f131a9355', '44dcc7493c65', 'singletext', '{"html": ""}'),
('a90fa98aa703', '1', 0, NULL, '2023-08-08 09:22:58', '2023-08-08 09:22:58', '221db1cd28fb', '1d3f131a9355', '318e064ea0c9', 'singletext', '{"html": ""}'),
('a03a1840a8ea', '1', 0, NULL, '2023-08-08 09:22:58', '2023-08-08 09:22:58', '8f995143ca71', '2b0e5d4675c1', '3ef17bd1df72', 'materialnode', NULL),
('ea8f6171cda4', '1', 0, NULL, '2023-08-08 09:22:58', '2023-08-08 09:22:58', '2e7a9509cd7f', '4b189c1a043b', '3ef17bd1df72', 'materialnode', NULL),
('15f13c1e6fbf', '1', 0, NULL, '2023-08-08 09:22:58', '2023-08-08 09:22:58', '221db1cd28fb', 'e0424eeceb68', '3ef17bd1df72', 'materialnode', NULL),
('05568de15c51', '1', 0, NULL, '2023-08-08 09:22:58', '2023-08-08 09:22:58', '2e7a9509cd7f', '2e7a9509cd7f', 'f17470519474', 'columnlayout', '{"columns": [{"slot": "1", "width": 4}, {"slot": "2", "width": 5}, {"slot": "3", "width": 3}]}'),
('4b189c1a043b', '1', 2, NULL, '2023-08-08 09:22:58', '2023-08-08 09:22:58', '2e7a9509cd7f', '2e7a9509cd7f', 'f17470519474', 'columnlayout', '{"columns": [{"slot": "1", "width": 9}, {"slot": "2", "width": 3}]}'),
('7a300334ec97', '1', 0, NULL, '2023-08-08 09:54:05', '2023-08-08 13:26:29', '544d4ea12726', 'e21f6c038fa2', '318e064ea0c9', 'singletext', '{"html": "<p>Die Erde ist der einzige bekannte Planet, auf dem Leben existiert. Ihr komplexes Ökosystem umfasst vielfältige Lebensformen, die eng miteinander und mit ihrer Umwelt interagieren.</p>"}'),
('36b24a3cca6c', NULL, 0, NULL, '2023-08-08 08:15:37', '2023-08-08 08:15:37', '36b24a3cca6c', NULL, 'f17470519474', 'columnlayout', '{"columns": [{"slot": "1", "width": 12}]}'),
('0cb34af4486c', '3', 0, NULL, '2023-08-08 08:23:36', '2023-08-08 09:09:35', '0cc124cdd9f6', 'f23a539ccb84', '1a0f84e322c8', 'multiselect', '{"options": {"security": {"checked": false}, "outdoorTechnique": {"checked": true}, "pioneeringTechnique": {"checked": true}, "natureAndEnvironment": {"checked": false}, "campsiteAndSurroundings": {"checked": true}, "preventionAndIntegration": {"checked": false}}}'),
('71965fb6985d', '1', 0, NULL, '2023-08-08 08:19:25', '2023-08-08 08:19:25', '8152b8296000', 'e2d689cfcafd', '3ef17bd1df72', 'materialnode', NULL),
('2ba109507fbc', '2', 0, NULL, '2022-02-04 19:53:09', '2022-02-04 19:53:09', '78904734f1c0', '6e929eaf43e5', '318e064ea0c9', 'singletext', '{"html": ""}'),
('abb8e234faa9', '2', 2, NULL, '2022-02-04 19:53:09', '2022-02-04 19:53:09', '78904734f1c0', '6e929eaf43e5', '4f0c657fecef', 'singletext', '{"html": ""}'),
('cf7d2595ac92', '2', 1, NULL, '2022-02-04 19:53:09', '2022-02-04 19:53:09', '78904734f1c0', '6e929eaf43e5', '44dcc7493c65', 'singletext', '{"html": "<p>Alle tragen Wanderschuhe</p>"}'),
('d914d9bc76f4', '2', 0, NULL, '2022-02-04 19:53:15', '2022-02-04 19:53:15', '11d4984c77c6', 'f8e595ca2a2a', '318e064ea0c9', 'singletext', '{"html": ""}'),
('cce7d3a9f3be', '2', 2, NULL, '2022-02-04 19:53:15', '2022-02-04 19:53:15', '11d4984c77c6', 'f8e595ca2a2a', '4f0c657fecef', 'singletext', '{"html": ""}'),
('e05269876ccb', '2', 1, NULL, '2022-02-04 19:53:15', '2022-02-04 19:53:15', '11d4984c77c6', 'f8e595ca2a2a', '44dcc7493c65', 'singletext', '{"html": "<p>Alle tragen Wanderschuhe</p>"}'),
('8bbe8f806412', '2', 0, NULL, '2023-08-08 08:19:25', '2023-08-08 08:19:25', '8152b8296000', 'e2d689cfcafd', '4f0c657fecef', 'singletext', '{"html": ""}'),
('642990cb455d', '2', 0, NULL, '2023-08-08 08:19:25', '2023-08-08 08:19:25', '8152b8296000', '95ab868540d8', '44dcc7493c65', 'singletext', '{"html": ""}'),
('ea1ab136a55b', '2', 2, NULL, '2022-02-04 22:10:06', '2022-02-04 22:10:06', '37616c74811f', '4d88b71250c5', '4f0c657fecef', 'singletext', '{"html": ""}'),
('fd9297b1db56', '2', 1, NULL, '2022-02-04 22:10:06', '2022-02-04 22:10:06', '37616c74811f', '4d88b71250c5', '44dcc7493c65', 'singletext', '{"html": ""}'),
('025bc3f2c54c', '1', 0, NULL, '2023-08-08 08:19:25', '2023-08-08 08:19:25', '8152b8296000', '95ab868540d8', '318e064ea0c9', 'singletext', '{"html": ""}'),
('95bc7e0ad749', NULL, 0, 'est', '2023-08-08 10:13:58', '2023-08-08 10:13:58', '95bc7e0ad749', NULL, 'f17470519474', 'columnlayout', '{"columns": [{"slot": "1", "width": 12}]}'),
('8152b8296000', NULL, 0, NULL, '2023-08-08 08:19:25', '2023-08-08 08:19:25', '8152b8296000', NULL, 'f17470519474', 'columnlayout', '{"columns": [{"slot": "1", "width": 12}]}'),
('e2d689cfcafd', '1', 2, NULL, '2023-08-08 08:19:25', '2023-08-08 08:19:25', '8152b8296000', '8152b8296000', 'f17470519474', 'columnlayout', '{"columns": [{"slot": "1", "width": 9}, {"slot": "2", "width": 3}]}'),
('95ab868540d8', '1', 0, NULL, '2023-08-08 08:19:25', '2023-08-08 08:19:25', '8152b8296000', '8152b8296000', 'f17470519474', 'columnlayout', '{"columns": [{"slot": "1", "width": 5}, {"slot": "2", "width": 7}]}'),
('76e71a025f85', NULL, 0, NULL, '2023-08-08 09:22:58', '2023-08-08 09:22:58', '76e71a025f85', NULL, 'f17470519474', 'columnlayout', '{"columns": [{"slot": "1", "width": 12}]}'),
('29da8e20360f', '1', 0, NULL, '2023-08-08 10:15:50', '2023-08-08 10:15:50', '40dad30f1f06', '40dad30f1f06', 'f17470519474', 'columnlayout', '{"columns": [{"slot": "1", "width": 5}, {"slot": "2", "width": 7}]}'),
('513f53c85e38', '1', 0, NULL, '2023-08-08 08:23:36', '2023-08-08 08:23:36', '0cc124cdd9f6', '6dd6c09db6c6', '3ef17bd1df72', 'materialnode', NULL),
('8687d57cc7be', '1', 0, NULL, '2023-08-08 08:23:36', '2023-08-08 08:23:36', '0cc124cdd9f6', 'f23a539ccb84', '318e064ea0c9', 'singletext', '{"html": ""}'),
('be044283d799', '2', 0, NULL, '2023-08-08 08:23:36', '2023-08-08 08:23:36', '0cc124cdd9f6', 'f23a539ccb84', '44dcc7493c65', 'singletext', '{"html": ""}'),
('2c836d5e9ad0', '2', 0, NULL, '2023-08-08 08:23:36', '2023-08-08 08:23:36', '0cc124cdd9f6', '6dd6c09db6c6', '4f0c657fecef', 'singletext', '{"html": ""}'),
('0cc124cdd9f6', NULL, 0, NULL, '2023-08-08 08:23:36', '2023-08-08 08:23:36', '0cc124cdd9f6', NULL, 'f17470519474', 'columnlayout', '{"columns": [{"slot": "1", "width": 12}]}'),
('f23a539ccb84', '1', 0, NULL, '2023-08-08 08:23:36', '2023-08-08 08:23:36', '0cc124cdd9f6', '0cc124cdd9f6', 'f17470519474', 'columnlayout', '{"columns": [{"slot": "1", "width": 4}, {"slot": "2", "width": 5}, {"slot": "3", "width": 3}]}'),
('6dd6c09db6c6', '1', 2, NULL, '2023-08-08 08:23:36', '2023-08-08 08:23:36', '0cc124cdd9f6', '0cc124cdd9f6', 'f17470519474', 'columnlayout', '{"columns": [{"slot": "1", "width": 9}, {"slot": "2", "width": 3}]}'),
('221db1cd28fb', NULL, 0, NULL, '2023-08-08 09:22:58', '2023-08-08 09:22:58', '221db1cd28fb', NULL, 'f17470519474', 'columnlayout', '{"columns": [{"slot": "1", "width": 12}]}'),
('e0424eeceb68', '1', 2, NULL, '2023-08-08 09:22:58', '2023-08-08 09:22:58', '221db1cd28fb', '221db1cd28fb', 'f17470519474', 'columnlayout', '{"columns": [{"slot": "1", "width": 9}, {"slot": "2", "width": 3}]}'),
('1d3f131a9355', '1', 0, NULL, '2023-08-08 09:22:58', '2023-08-08 09:22:58', '221db1cd28fb', '221db1cd28fb', 'f17470519474', 'columnlayout', '{"columns": [{"slot": "1", "width": 5}, {"slot": "2", "width": 7}]}'),
('89a71c10f961', '2', 0, NULL, '2023-08-08 09:54:05', '2023-08-08 09:54:05', '544d4ea12726', '2f7de3522d6a', '4f0c657fecef', 'singletext', '{"html": ""}'),
('7b8b1169d904', '1', 1, NULL, '2023-08-08 08:19:25', '2023-08-08 08:26:04', '8152b8296000', '8152b8296000', 'cfccaecd4bad', 'storyboard', '{"sections": {"02980805-ac83-4b9f-adeb-24e6a2fd04fe": {"column1": "", "column3": "", "position": 2, "column2Html": "<p>Wir nahmen den 10er in Zürich Bhf Oerlikon Ost richtung Flughafen um 18:31 ankunft 1844 in zürich Flughafen</p>"}, "be727180-fa4a-4c06-900d-454b2b18d9bb": {"column1": "", "column3": "", "position": 3, "column2Html": "<p>18:49 BUS 524 8063 Richtung Oberembrach, Dorf bis nach Lufigen Augwil. Ankunft 18:58</p>"}, "dcc46474-1d92-4010-93b3-d42f966b34dd": {"column1": "", "column3": "", "position": 4, "column2Html": "<p>Wir laufen zum Lagerplatz</p>"}, "effa3fa5-cd07-4e82-a8aa-198ed9a7c1d4": {"column1": "", "column3": "", "position": 1, "column2Html": "<p>Wir treffen uns um 18:00 am Bahnhof Oerlikon.</p>"}}}'),
('544d4ea12726', NULL, 0, 'est', '2023-08-08 09:54:05', '2023-08-08 09:54:05', '544d4ea12726', NULL, 'f17470519474', 'columnlayout', '{"columns": [{"slot": "1", "width": 12}]}'),
('2f7de3522d6a', '1', 2, NULL, '2023-08-08 09:54:05', '2023-08-08 09:54:05', '544d4ea12726', '544d4ea12726', 'f17470519474', 'columnlayout', '{"columns": [{"slot": "1", "width": 9}, {"slot": "2", "width": 3}]}'),
('7c03a78afcce', '2', 1, NULL, '2022-02-04 22:28:12', '2022-02-04 22:28:12', '980885505aad', '82b8c7554597', '44dcc7493c65', 'singletext', '{"html": ""}'),
('418fcc3f761b', NULL, 0, NULL, '2023-08-08 08:15:52', '2023-08-08 08:15:52', '418fcc3f761b', NULL, 'f17470519474', 'columnlayout', '{"columns": [{"slot": "1", "width": 12}]}'),
('4fa3b52ce29a', '1', 0, NULL, '2023-08-08 10:13:58', '2023-08-08 10:13:58', '95bc7e0ad749', 'c83a657f6946', '3ef17bd1df72', 'materialnode', NULL),
('dff472b7a8ad', '1', 0, NULL, '2023-08-08 08:19:40', '2023-08-08 08:31:59', '8bb664e5b7fe', '71403695a47c', '318e064ea0c9', 'singletext', '{"html": "<p>Wir fliegen Ab. Die Flugbegleiter erklären uns wie wir in Notfallsituationen handeln müssen.</p>"}'),
('f3e303775aad', '2', 0, NULL, '2023-08-08 08:19:40', '2023-08-08 08:32:02', '8bb664e5b7fe', '71403695a47c', '44dcc7493c65', 'singletext', '{"html": "<p>Apotheke in Aufenthaltszelt oder Matzelt (Nach SIKO)</p>"}'),
('d935d034f393', '1', 0, NULL, '2023-08-08 08:19:40', '2023-08-08 08:19:40', '8bb664e5b7fe', '1f20964010ce', '3ef17bd1df72', 'materialnode', NULL),
('3118fb51890d', '2', 0, NULL, '2023-08-08 08:19:40', '2023-08-08 08:19:40', '8bb664e5b7fe', '1f20964010ce', '4f0c657fecef', 'singletext', '{"html": ""}'),
('acaac62a4b14', '2', 0, NULL, '2023-08-08 10:13:58', '2023-08-08 10:13:58', '95bc7e0ad749', 'c83a657f6946', '4f0c657fecef', 'singletext', '{"html": ""}'),
('83565ae49d61', NULL, 0, NULL, '2023-08-08 09:24:47', '2023-08-08 09:24:47', '83565ae49d61', NULL, 'f17470519474', 'columnlayout', '{"columns": [{"slot": "1", "width": 12}]}'),
('e21f6c038fa2', '1', 0, NULL, '2023-08-08 09:54:05', '2023-08-08 09:54:05', '544d4ea12726', '544d4ea12726', 'f17470519474', 'columnlayout', '{"columns": [{"slot": "1", "width": 5}, {"slot": "2", "width": 7}]}'),
('8bb664e5b7fe', NULL, 0, NULL, '2023-08-08 08:19:40', '2023-08-08 08:19:40', '8bb664e5b7fe', NULL, 'f17470519474', 'columnlayout', '{"columns": [{"slot": "1", "width": 12}]}'),
('1f20964010ce', '1', 2, NULL, '2023-08-08 08:19:40', '2023-08-08 08:19:40', '8bb664e5b7fe', '8bb664e5b7fe', 'f17470519474', 'columnlayout', '{"columns": [{"slot": "1", "width": 9}, {"slot": "2", "width": 3}]}'),
('71403695a47c', '1', 0, NULL, '2023-08-08 08:19:40', '2023-08-08 08:19:40', '8bb664e5b7fe', '8bb664e5b7fe', 'f17470519474', 'columnlayout', '{"columns": [{"slot": "1", "width": 5}, {"slot": "2", "width": 7}]}'),
('ff8c9d23ee8c', '2', 0, NULL, '2023-08-08 10:13:58', '2023-08-08 10:13:58', '95bc7e0ad749', 'c264eca0eac8', '44dcc7493c65', 'singletext', '{"html": ""}'),
('0aa9f07bed0a', '1', 1, NULL, '2023-08-08 09:54:41', '2023-08-08 09:54:41', '94b4567ba226', '94b4567ba226', 'cfccaecd4bad', 'storyboard', '{"sections": {"7412b417-389b-4458-b3dc-af3626a34b30": {"column1": "", "column3": "", "position": 1, "column2Html": ""}}}'),
('b82abd3055a8', '2', 0, NULL, '2022-02-04 22:10:06', '2022-02-04 22:10:06', '37616c74811f', '4d88b71250c5', '318e064ea0c9', 'singletext', '{"html": ""}'),
('48c38e095aad', '1', 0, NULL, '2022-02-04 21:42:13', '2023-06-24 21:35:42', '8fa1c8e597c3', '1a74a1186c21', '318e064ea0c9', 'singletext', '{"html": ""}'),
('538610561786', '2', 0, NULL, '2022-02-04 21:43:22', '2023-06-24 21:36:37', 'fb21b1c912fd', 'a54e27df1390', '44dcc7493c65', 'singletext', '{"html": ""}'),
('6f290281f5cd', '2', 0, NULL, '2022-02-04 21:43:26', '2022-02-04 21:43:26', 'fb21b1c912fd', '5598534f6d7f', '4f0c657fecef', 'singletext', '{"html": ""}'),
('98d7fcb9a22b', '1', 0, NULL, '2022-02-04 21:43:20', '2023-06-24 21:36:43', 'fb21b1c912fd', 'a54e27df1390', '318e064ea0c9', 'singletext', '{"html": ""}'),
('2dc2db27b5cf', '1', 0, NULL, '2023-08-08 09:54:41', '2023-08-08 09:54:41', '94b4567ba226', '83cf2409f34a', '3ef17bd1df72', 'materialnode', NULL),
('05a0f13057e7', '2', 0, NULL, '2023-08-08 09:54:41', '2023-08-08 09:54:41', '94b4567ba226', '83cf2409f34a', '4f0c657fecef', 'singletext', '{"html": ""}'),
('581a353bc025', '2', 0, NULL, '2023-08-08 09:54:41', '2023-08-08 09:54:41', '94b4567ba226', 'ab809d9c219f', '44dcc7493c65', 'singletext', '{"html": ""}'),
('b09de833e8e7', '1', 0, NULL, '2023-08-08 09:54:41', '2023-08-08 09:54:41', '94b4567ba226', 'ab809d9c219f', '318e064ea0c9', 'singletext', '{"html": ""}'),
('94b4567ba226', NULL, 0, 'est', '2023-08-08 09:54:41', '2023-08-08 09:54:41', '94b4567ba226', NULL, 'f17470519474', 'columnlayout', '{"columns": [{"slot": "1", "width": 12}]}'),
('83cf2409f34a', '1', 2, NULL, '2023-08-08 09:54:41', '2023-08-08 09:54:41', '94b4567ba226', '94b4567ba226', 'f17470519474', 'columnlayout', '{"columns": [{"slot": "1", "width": 9}, {"slot": "2", "width": 3}]}'),
('ab809d9c219f', '1', 0, NULL, '2023-08-08 09:54:41', '2023-08-08 09:54:41', '94b4567ba226', '94b4567ba226', 'f17470519474', 'columnlayout', '{"columns": [{"slot": "1", "width": 5}, {"slot": "2", "width": 7}]}'),
('1551f1564306', '1', 1, NULL, '2023-08-08 08:22:11', '2023-08-08 08:53:52', 'e69bd9f304b5', 'e69bd9f304b5', 'cfccaecd4bad', 'storyboard', '{"sections": {"38896f1c-27cd-414a-ba17-015897b0f874": {"column1": "", "column3": "", "position": 2, "column2Html": "<p>Diverse Bastelspass mit Blubb</p><p>Wir knüpfen Bändeli auf spezielle Art (Beispielbändeli von Blubb)</p><p>Wir lernen wie man einen Kranich faltet. (Bei 1000 Kranich hat man einen Wunsch frei. Wir könnten uns wünschen, dass wir gerettet werden)</p><p>How to make a Hexaflexagon.</p>"}, "6c1a1b0a-f9f1-464d-a4fa-ce8fe94ab7a0": {"column1": "", "column3": "", "position": 5, "column2Html": "<p>Nach einer Weile spielen wir ein Paar spiele um uns wieder etwas zu bewegen.</p><p>Amerikanische Buldoggen</p><p>Schreimauer. Es giebt einen Sender und einen Empfänger. Der Sender muss dem Empfänger eine Nachricht schreien. Die restlichen personen müssen das verhindern indem sie eine Lärmwand machen zwischen dem Sender und dem Empfänger und in dei Reichtung des Senders schreien.</p>"}, "c0264acf-46b5-43b1-ba44-0d64757743d1": {"column1": "", "column3": "", "position": 4, "column2Html": "<p>Für diejenigen die doch noch ewas sinnvolles machen wollen zeigen wir ihnen wie man Zundhölzli wasserdicht macht. Dazu schmilzt man etwas wachs und legt sie im Wachs ein sodass eine Schicht Wachs um das Streichholz entsteht. Dasselbe macht man nun mit dem Anzündstreifen und Voila Wasserdicht.</p><p>Flaschenpost.</p><p>Die Kinder dürfen frei eine Nachricht entwerfen die wir in eine Flaschenpost tun. Diese Flaschenpost werden wir dann in irgend einer Übung in einem Halben Jahr wiederfinden.</p><p>Ausserdem kann man ein paar Zundhölzlirätsel machen:</p><p>Aus sechs Streichhölzern 4 gleich grosse Dreiecke machen</p><p>Aus 4 Streichhölzern 5 Rechtecke machen</p><p>Die münze aus der Schaufel nehmen</p>"}, "effa3fa5-cd07-4e82-a8aa-198ed9a7c1d4": {"column1": "", "column3": "", "position": 1, "column2Html": "<p>Wir besammeln uns im Aufenthaltszelt und besprechen was wir machen könnten. Die Leiter disskutieren Laut ob wir eventuell ein Notsignalfeuer machen könnten. Andere meinen wir könnten mit steinen einen Hilferuf schreiben, damit man diesen aus der Luft sehen würde. Blubb ist der Meinung, dass wir warten sollten bis hilfe kommt und uns etwas die Zeit vertreiben sollten. wir machen Posten an denen man verschiedene Sachen lernen kann.</p>"}, "f7cd83c8-76e0-4215-8dd3-19386964d284": {"column1": "", "column3": "", "position": 3, "column2Html": "<p>Was giebt es besseres als zu Snacken beim Warten. Wir erklären den Kindern wie man Brennesselchips macht.</p><p>1. Die Brennnesseln am besten mit Handschuhen schneiden und die Blätter abpflücken</p><p>2. Blätter waschen und in Salatschleuder trocknen. Sobald die Brennnesseln gewaschen sind, brennen sie nicht mehr!</p><p>3. Kokosfett oder Rapsöl in der Pfanne heiss werden lassen, die Brennnesselblätter beifügen und mit der Kelle vorsichtig wenden</p><p>5. Wenn die Blätter knusprig sind, auf Küchenpapier abtropfen lassen</p><p>6. Mit Salz, Curry oder anderen Gewürzen bestreuen und sofort geniessen</p>"}}}'),
('c83a657f6946', '1', 2, NULL, '2023-08-08 10:13:58', '2023-08-08 10:13:58', '95bc7e0ad749', '95bc7e0ad749', 'f17470519474', 'columnlayout', '{"columns": [{"slot": "1", "width": 9}, {"slot": "2", "width": 3}]}'),
('c264eca0eac8', '1', 0, NULL, '2023-08-08 10:13:58', '2023-08-08 10:13:58', '95bc7e0ad749', '95bc7e0ad749', 'f17470519474', 'columnlayout', '{"columns": [{"slot": "1", "width": 5}, {"slot": "2", "width": 7}]}'),
('eaec47c49919', '1', 1, NULL, '2023-08-08 09:56:01', '2023-08-08 09:56:01', 'd5c9023c2062', 'd5c9023c2062', 'cfccaecd4bad', 'storyboard', '{"sections": {"7412b417-389b-4458-b3dc-af3626a34b30": {"column1": "", "column3": "", "position": 1, "column2Html": ""}}}'),
('d5c9023c2062', NULL, 0, 'est', '2023-08-08 09:56:01', '2023-08-08 09:56:01', 'd5c9023c2062', NULL, 'f17470519474', 'columnlayout', '{"columns": [{"slot": "1", "width": 12}]}'),
('77d833555dd2', '1', 2, NULL, '2023-08-08 09:56:01', '2023-08-08 09:56:01', 'd5c9023c2062', 'd5c9023c2062', 'f17470519474', 'columnlayout', '{"columns": [{"slot": "1", "width": 9}, {"slot": "2", "width": 3}]}'),
('8f035a9511ff', '1', 0, NULL, '2023-08-08 09:56:01', '2023-08-08 09:56:01', 'd5c9023c2062', 'd5c9023c2062', 'f17470519474', 'columnlayout', '{"columns": [{"slot": "1", "width": 5}, {"slot": "2", "width": 7}]}'),
('f94a9f4a0abe', '1', 1, NULL, '2023-08-08 10:15:26', '2023-08-08 10:15:26', 'a76b06c3bb55', 'a76b06c3bb55', 'cfccaecd4bad', 'storyboard', '{"sections": {"7412b417-389b-4458-b3dc-af3626a34b30": {"column1": "", "column3": "", "position": 1, "column2Html": ""}}}'),
('c65d93d912c9', '1', 0, NULL, '2023-08-08 10:15:26', '2023-08-08 10:15:26', 'a76b06c3bb55', '2cb1d01f6a12', '3ef17bd1df72', 'materialnode', NULL),
('487bf4ac1178', '2', 0, NULL, '2023-08-08 10:15:26', '2023-08-08 10:15:26', 'a76b06c3bb55', '2cb1d01f6a12', '4f0c657fecef', 'singletext', '{"html": ""}'),
('3004d2e2b036', '2', 0, NULL, '2023-08-08 10:15:26', '2023-08-08 10:15:26', 'a76b06c3bb55', 'f214a7b10f1f', '44dcc7493c65', 'singletext', '{"html": ""}'),
('5b472b0f71ca', '1', 0, NULL, '2023-08-08 10:15:26', '2023-08-08 10:15:26', 'a76b06c3bb55', 'f214a7b10f1f', '318e064ea0c9', 'singletext', '{"html": ""}'),
('a76b06c3bb55', NULL, 0, 'est', '2023-08-08 10:15:26', '2023-08-08 10:15:26', 'a76b06c3bb55', NULL, 'f17470519474', 'columnlayout', '{"columns": [{"slot": "1", "width": 12}]}'),
('2b12a73ce7b9', '2', 0, NULL, '2022-02-04 22:28:12', '2022-02-04 22:28:12', '980885505aad', '82b8c7554597', '318e064ea0c9', 'singletext', '{"html": ""}'),
('6adc7e08d593', '2', 2, NULL, '2022-02-04 22:28:12', '2022-02-04 22:28:12', '980885505aad', '82b8c7554597', '4f0c657fecef', 'singletext', '{"html": ""}'),
('a26a7ae09d58', '1', 0, NULL, '2023-08-08 08:19:55', '2023-08-08 08:35:28', '0e0b0bd06918', '299761b0e121', '318e064ea0c9', 'singletext', '{"html": "<p>Wir stürzen ab. Der Pilot verlässt das Flugzeug früher, weil die Steuerung nicht mehr funktioniert und er der Meinung ist, dass wir in die Insel stürzen würden und er nicht sterben will. oder so ähnlch de Pilot isch denn eifach verscholle</p>"}'),
('a3ddc9c226b0', NULL, 0, NULL, '2023-08-08 08:16:01', '2023-08-08 08:16:01', 'a3ddc9c226b0', NULL, 'f17470519474', 'columnlayout', '{"columns": [{"slot": "1", "width": 12}]}'),
('b97275fd0c41', '1', 1, NULL, '2023-08-08 08:18:57', '2023-08-08 08:58:43', 'c853362152a3', 'c853362152a3', 'cfccaecd4bad', 'storyboard', '{"sections": {"1acb90f8-9f9b-46f0-bc0b-72c78e5f7d31": {"column1": "00:20", "column3": "", "position": 4, "column2Html": "<p>Spielstart</p><p>Tassilo(Pilot) und Blinky(Eingeborener) verkleiden sich für später.</p>"}, "1c74fdfb-93ef-4229-958d-8ff78c06e50c": {"column1": "00:30", "column3": "", "position": 5, "column2Html": "<p>Pilot (Tassilo)und eingeborene(alle Leiter) klauen Stäbchen min. 1 Eingeborener ist hierbei beim neutralen Posten (erste paar Minuten Blinky).</p>"}, "29d508c9-8786-4ad2-8f2b-da9576b1b89d": {"column1": "00:10", "column3": "", "position": 3, "column2Html": "<p>SPIELERKLÄRUNG (Blinky):</p><p>Es muss ein Notsignal gesendet werden. Beide Parteien haben dafür je ein mit Absperrband abgesperrter Bereich im Wald (ca5x5m) mit je 10 Leuchtstäbchen. Beide Teams müssen versuchen ein Leuchtstäbchen vom Gegnerischen Bereich Klauen und zu ihrer eigenen Base bringen. Wer am meisten Leuchtstäbchen in seiner Base hat gewonnen und darf das Notsignal mit den Stäbchen schreiben. Umeinander davon abzuhalten ihre Leuchtstäbchen zu klauen kann 3 mal auf den rücken des Angreifers geklopft werden (wenn dieser ein Leuchstäbchen hat muss er dieses zurück gebeb). Der beklopfte muss dann auf der stelle 5 Liegestützen machen und zurück zur seiner Base gehen.</p><p>Die Eingeborenen klauen währenddessen immer wieder Leuchtstäbchen weil sie diese für Magische Stöckchen halten.</p><p>Die Leuchtstächen können dann wieder an einem neutralen Posten mit PfadiTech Wissen oder wenn 2 gegnerische TNs ein Leuchtstäbchen wollen mit einer Challenge zurückerobert werden.</p><p>SPIELABRUCH/ENDE:</p><p>3x pfeifen</p>"}, "59c280a6-3266-4976-b2d0-b4c3c9afcc40": {"column1": "01:40", "column3": "", "position": 6, "column2Html": "<p>Spielende</p><p>Alle TNs besammeln sich. Sie schauen sich zusammen mit den Eingeborenen die Notsignale an. Die Eingeborenen sind beidruckt und helfen beim aufräumen dürfen dafür aber die Leuchtstäbe behalten. Der Pilot ist abgehauen -&gt; wieder als Leiter anwesend</p>"}, "6096b040-42ac-44ee-a927-5c4b396bd26c": {"column1": "00:00", "column3": "", "position": 2, "column2Html": "<p>Bagheera und Maki streiten im Aufenthaltszelt. Blinky bildet 2 Gruppen -&gt; Der Grösse nach aufstellen und auf 2 nummerieren.</p><p>Blinky läuft dann mit beiden Gruppen in den Wald</p>"}, "7412b417-389b-4458-b3dc-af3626a34b30": {"column1": "14:20", "column3": "", "position": 1, "column2Html": "<p>Bagheera und Maki werden über das bevorstehende Game aufgeklärt. Sie müssen je eine kleine rolle übernehmen. Beide möchten von dieser Insel weg jedoch die andere Person bzw Gruppe nicht dabei haben.</p>"}, "f760f2b0-8719-47c2-8cd4-aafb06bc37e1": {"column1": "01:50", "column3": "", "position": 7, "column2Html": "<p>Zurücklaufen mit Tassilo. Eingeborene laufen zurück in den Wald.</p>"}}}'),
('f25f4bc3d7bd', NULL, 0, NULL, '2023-08-08 09:49:23', '2023-08-08 09:49:23', 'f25f4bc3d7bd', NULL, 'f17470519474', 'columnlayout', '{"columns": [{"slot": "1", "width": 12}]}'),
('6cdf77b5c113', '1', 0, NULL, '2023-08-08 08:19:55', '2023-08-08 08:19:55', '0e0b0bd06918', '1f998b35e1d5', '3ef17bd1df72', 'materialnode', NULL),
('9e579f3add3e', '2', 0, NULL, '2023-08-08 08:19:55', '2023-08-08 08:19:55', '0e0b0bd06918', '1f998b35e1d5', '4f0c657fecef', 'singletext', '{"html": ""}'),
('b602ba4a113d', '2', 0, NULL, '2023-08-08 08:19:55', '2023-08-08 08:19:55', '0e0b0bd06918', '299761b0e121', '44dcc7493c65', 'singletext', '{"html": ""}'),
('0e0b0bd06918', NULL, 0, NULL, '2023-08-08 08:19:55', '2023-08-08 08:19:55', '0e0b0bd06918', NULL, 'f17470519474', 'columnlayout', '{"columns": [{"slot": "1", "width": 12}]}'),
('1f998b35e1d5', '1', 2, NULL, '2023-08-08 08:19:55', '2023-08-08 08:19:55', '0e0b0bd06918', '0e0b0bd06918', 'f17470519474', 'columnlayout', '{"columns": [{"slot": "1", "width": 9}, {"slot": "2", "width": 3}]}'),
('299761b0e121', '1', 0, NULL, '2023-08-08 08:19:55', '2023-08-08 08:19:55', '0e0b0bd06918', '0e0b0bd06918', 'f17470519474', 'columnlayout', '{"columns": [{"slot": "1", "width": 5}, {"slot": "2", "width": 7}]}'),
('8dfd1dfbaf5c', '1', 1, NULL, '2023-08-08 08:23:10', '2023-08-08 08:29:51', 'eb47e1360222', 'eb47e1360222', 'cfccaecd4bad', 'storyboard', '{"sections": {"4c126a50-f729-46a7-8326-811586922995": {"column1": "", "column3": "", "position": 1, "column2Html": "<p>Wir machen vier Gruppen.</p><p>Gruppe1 Küche-Aufenthalt-Essenszelt</p><p>Gruppe2 Schlafzelter</p><p>Gruppe3 Kücheninneneinrichtung</p><p>Gruppe4 Latrine</p>"}, "a83e6366-1e25-4737-9146-029613857c74": {"column1": "", "column3": "", "position": 4, "column2Html": "<p>Alle Zelter sind Aufgestellt und besprechen wo es Schwierigkeiten gegeben hat und wie man es besser lösen könnte.</p>"}, "b1968ee6-ed32-4a60-ab59-127ae81984b3": {"column1": "", "column3": "", "position": 2, "column2Html": "<p>Alle Gruppe überlegen wo sie Ihre Zelter / Bauten Aufstellen möchten und zeichnen ein Plan-Krokki auf ein Packpapier. Für Ausbesserungen und Fragen steht Tassilo bereit.</p>"}, "e9eb5d58-2112-4402-af7f-aa0203732469": {"column1": "", "column3": "", "position": 3, "column2Html": "<p>Gruppe2 beginnt mit dem Aufbau der Schlafzelter</p><p>Dazu zeigt der Gruppenleiter zuerst vor, wie man in einer 3er Gruppe einen Spatz aufstellt. Dann werden 3 er Gruppen gebildet und die TN wiederholen das gezeigte mit dem Aufbau von weiteren Spatzen.</p><p>Gruppe1, Gruppe3 und Gruppe4 Der Gruppenleiter zeigt vor, wie gewisse Tätigkeiten (Seil spannen, Blachen mit Seil spannen, Blachen knöpfen) richtig gemacht werden. Dann wiederholen die TN das gezeigte an den weiteren Stellen, wo das gemacht werden muss.</p>"}}}'),
('f3b6ad425ee4', '1', 0, NULL, '2023-08-08 09:54:22', '2023-08-08 09:54:22', '190375b61413', 'eb538a70fa26', '3ef17bd1df72', 'materialnode', NULL),
('7553b0dbce39', '2', 0, NULL, '2023-08-08 09:54:22', '2023-08-08 09:54:22', '190375b61413', 'eb538a70fa26', '4f0c657fecef', 'singletext', '{"html": ""}'),
('dc9f3da6f627', '2', 0, NULL, '2023-08-08 09:54:22', '2023-08-08 09:54:22', '190375b61413', 'b552a5b7d462', '44dcc7493c65', 'singletext', '{"html": ""}'),
('c5e3abdb9d1b', '1', 0, NULL, '2023-08-08 09:54:22', '2023-08-08 09:54:22', '190375b61413', 'b552a5b7d462', '318e064ea0c9', 'singletext', '{"html": ""}'),
('190375b61413', NULL, 0, 'est', '2023-08-08 09:54:22', '2023-08-08 09:54:22', '190375b61413', NULL, 'f17470519474', 'columnlayout', '{"columns": [{"slot": "1", "width": 12}]}'),
('eb538a70fa26', '1', 2, NULL, '2023-08-08 09:54:22', '2023-08-08 09:54:22', '190375b61413', '190375b61413', 'f17470519474', 'columnlayout', '{"columns": [{"slot": "1", "width": 9}, {"slot": "2", "width": 3}]}'),
('b552a5b7d462', '1', 0, NULL, '2023-08-08 09:54:22', '2023-08-08 09:54:22', '190375b61413', '190375b61413', 'f17470519474', 'columnlayout', '{"columns": [{"slot": "1", "width": 5}, {"slot": "2", "width": 7}]}'),
('bcdd6c355c40', '1', 1, NULL, '2023-08-08 08:18:24', '2023-08-08 08:43:09', '781de880638a', '781de880638a', 'cfccaecd4bad', 'storyboard', '{"sections": {"01cc3678-bfc3-4b09-9225-1a111be69689": {"column1": "00:10", "column3": "", "position": 2, "column2Html": "<p>Spielerklärung (Ikarus):</p><p>Auf einem Spielfeld ist das Lager eingezeichnet, und 3 verschiedene Wege, die zu 3 verschiedenen Lagern führen. Auf jedem Weg ist ein Eingeborener, der das Essen aus dem Lager klauen will. Bei jedem Lager sind 5 Essen, die geklaut werden können, wenn eine Gruppe kein Essen mehr hat, hat sie verloren. Jedes mal, wenn ein Eingeborener es bis ins Lager geschafft hat, ist ein Essen weg. Jede Viertelstunde kann ein TN pro Gruppe zum neutralen Posten kommen, und mit Bändeli Würfelwürfe kaufen. Mit jedem Würfelwurf kann man einen Eingeborenen bewegen, es ist aber egal, welchen. Wenn man aber den Eingeborenen auf einem anderen Weg näher an deren Lager führt, dann werden die Eingeborenen natürlich diesen weiter bewegen, da dieser eher Essen klauen wird.</p><p>Die Eingeborenen sind natürlich auch eine Gruppe, die versucht, möglichst viel Essen zu klauen, und auch mit Bändeli Würfelwürfe kauft, die sie jede Viertelstunde eintauscht. Jede Gruppe hat an einem Gruppenplatz einen Knäuel mit der eigenen Bändelifarbe.</p><p>Sobald der Eingeborene das Essen gelaut hat, ist er wieder auf dem Startfeld</p><p>Neutraler Posten: Ikarus</p><p>Eingeborene: Tassilo, Blinky, Jiminy, Swuppi, Zera, Blubb</p>"}, "7412b417-389b-4458-b3dc-af3626a34b30": {"column1": "00:00", "column3": "", "position": 1, "column2Html": "<p>Die TN sitzen mit Ikarus gemütlich im Aufenthaltszelt, als plötzlich die Küche schreit: Alarm Alarm. Wir rennen sofort zur Küche und sehen noch einen Eingeborenen (Tassilo) mit einem Leib Brot davon rennen. Wir nehmen natürlich sofort die Verfolgung auf und rennen ihm hinterher. Er rennt zu einer Gruppe Eingeborenen mit einem Häuptling (Blubb) und diese bleiben stehen. Sie sind so viele, dass wir nicht direkt angreifen. Wir schreien ihn an, dass er sofort das Brot zurück geben muss. Der Häuptling findet, das ist sein Land und wir sollten sofort verschwinden. Wir sagen wir hatten einen Flugzeugabsturz und warten auf Hilfe und können nicht weg, da wir nicht wissen, wohin. Der Häuptling hält uns aber für böse Dämonen, die er vernichten muss, wir werden nie ruhig schlafen und essen auf seinem Land, bis wir weg sind. Dann verschwinden die Eingeborenen im Wald, und das Game beginnt.</p>"}, "93179985-6d38-41ba-9157-aa4d197dbd71": {"column1": "01:50", "column3": "", "position": 5, "column2Html": "<p>Alles Essen wurde leider geklaut, Spielende. Wir gehen zurück zum Lagerplatz</p>"}, "e9b686cf-e732-49f5-a163-6ccebe20636b": {"column1": "02:00", "column3": "", "position": 6, "column2Html": "<p>Ende</p>"}, "ec2a3559-bc23-4d8d-be43-d05686c0940c": {"column1": "00:20", "column3": "", "position": 3, "column2Html": "<p>Jede Gruppe sucht sich einen Gruppenplatz und bindet sich das Bändli an.</p>"}, "fc3a6723-bd4f-4aa9-a71f-70a57e65cdde": {"column1": "00:30", "column3": "", "position": 4, "column2Html": "<p>Alle Gruppen haben Bändli angebunden und den Gruppenplatz bestimmt, Spielstart</p>"}}}'),
('055bc74bad55', NULL, 0, 'est', '2023-08-08 09:55:13', '2023-08-08 09:55:13', '055bc74bad55', NULL, 'f17470519474', 'columnlayout', '{"columns": [{"slot": "1", "width": 12}]}'),
('3d27e9f08caa', '1', 0, NULL, '2023-08-08 09:56:01', '2023-08-08 09:56:01', 'd5c9023c2062', '77d833555dd2', '3ef17bd1df72', 'materialnode', NULL),
('228abb623cff', '2', 0, NULL, '2023-08-08 09:56:01', '2023-08-08 09:56:01', 'd5c9023c2062', '77d833555dd2', '4f0c657fecef', 'singletext', '{"html": ""}'),
('e7a320855ab9', '2', 0, NULL, '2023-08-08 09:56:01', '2023-08-08 09:56:01', 'd5c9023c2062', '8f035a9511ff', '44dcc7493c65', 'singletext', '{"html": ""}'),
('7dc6611534f9', '1', 0, NULL, '2023-08-08 09:56:01', '2023-08-08 09:56:01', 'd5c9023c2062', '8f035a9511ff', '318e064ea0c9', 'singletext', '{"html": ""}'),
('776dcb8f8664', '1', 0, NULL, '2022-02-04 19:53:09', '2022-02-04 19:53:09', '78904734f1c0', '6e929eaf43e5', 'cfccaecd4bad', 'storyboard', '{"sections": {"0b72ad12-1055-480f-b4ca-057a7c8aa00a": {"column1": "", "column3": "", "position": 1, "column2Html": ""}}}'),
('1d40f6697b8c', '1', 0, NULL, '2022-02-04 19:53:15', '2022-02-04 19:53:15', '11d4984c77c6', 'f8e595ca2a2a', 'cfccaecd4bad', 'storyboard', '{"sections": {"1ad8d919-1ba9-4e4e-9f63-301df1ace506": {"column1": "", "column3": "", "position": 1, "column2Html": ""}}}'),
('3cf6219fd376', NULL, 0, NULL, '2023-08-08 08:16:10', '2023-08-08 08:16:10', '3cf6219fd376', NULL, 'f17470519474', 'columnlayout', '{"columns": [{"slot": "1", "width": 12}]}'),
('f3776b7ba11e', '1', 0, NULL, '2022-02-04 22:10:06', '2022-02-04 22:10:06', '37616c74811f', '4d88b71250c5', 'cfccaecd4bad', 'storyboard', '{"sections": {"9bdb971b-0fff-42ea-a81c-43971d83b977": {"column1": "", "column3": "", "position": 1, "column2Html": ""}}}'),
('799121cc9c4b', '1', 0, NULL, '2022-02-04 22:28:12', '2022-02-04 22:28:12', '980885505aad', '82b8c7554597', 'cfccaecd4bad', 'storyboard', '{"sections": {"c93fc66b-5cd2-4953-b414-83ff27a2bc32": {"column1": "", "column3": "", "position": 1, "column2Html": ""}}}'),
('c110b87081cc', '2', 0, NULL, '2022-02-04 23:12:02', '2023-06-24 21:34:47', '9b0e779f3238', '4d7c01b213be', '44dcc7493c65', 'singletext', '{"html": ""}'),
('e6a88d775b88', '2', 0, NULL, '2022-02-04 23:11:54', '2022-02-04 23:11:54', '9b0e779f3238', '3790643b388a', '4f0c657fecef', 'singletext', '{"html": ""}'),
('3eaff9779e2b', '1', 0, NULL, '2022-02-04 23:11:49', '2023-06-24 21:34:50', '9b0e779f3238', '4d7c01b213be', '318e064ea0c9', 'singletext', '{"html": ""}'),
('1dd5c52abd01', '1', 1, NULL, '2022-02-04 21:42:24', '2023-06-24 21:35:58', '8fa1c8e597c3', '8fa1c8e597c3', 'cfccaecd4bad', 'storyboard', '{"sections": {"4c126a50-f729-46a7-8326-811586922995": {"column1": "", "column3": "", "position": 1, "column2Html": ""}}}'),
('9dda4a6262eb', '1', 1, NULL, '2022-02-04 21:43:13', '2023-06-24 21:36:47', 'fb21b1c912fd', 'fb21b1c912fd', 'cfccaecd4bad', 'storyboard', '{"sections": {"7412b417-389b-4458-b3dc-af3626a34b30": {"column1": "", "column3": "", "position": 1, "column2Html": ""}}}'),
('f2a6cbfa76b9', '1', 0, NULL, '2023-08-08 10:20:31', '2023-08-08 13:29:09', 'c49b40c66692', '2a8316af6044', '318e064ea0c9', 'singletext', '{"html": "<p>Smartphones haben sich zu unverzichtbaren Alltagsbegleitern entwickelt. Sie dienen nicht nur der Kommunikation, sondern bieten Zugang zu einer Fülle von Informationen, Unterhaltung und Dienstleistungen. Von sozialen Medien über mobile Apps bis hin zur Navigation erleichtern Smartphones unser Leben erheblich. Dennoch ist es wichtig, ein gesundes Maß im Umgang mit diesen Geräten zu finden, um eine ausgewogene Nutzung zu gewährleisten und potenzielle Auswirkungen auf unsere physische und psychische Gesundheit zu minimieren.</p>"}'),
('db434dac175c', '1', 0, NULL, '2023-08-08 09:55:13', '2023-08-08 13:05:39', '055bc74bad55', '1b385a0d7e48', '318e064ea0c9', 'singletext', '{"html": "<p>Die Teilnehmer versammeln sich am Treffpunkt im Lager. Die Leiter erklären, dass heute eine aufregende Schatzsuche im Wald stattfinden wird. Die Kinder werden in Teams von 4-5 Personen eingeteilt und erhalten jeweils eine Karte des Waldgebiets.</p>"}'),
('9f21d229d3bd', '1', 0, NULL, '2023-08-08 08:21:21', '2023-08-08 08:21:21', '1fb9a0ad40f3', '94e33c2ac3a2', '3ef17bd1df72', 'materialnode', NULL),
('a5813bc4e38a', '2', 0, NULL, '2023-08-08 08:21:21', '2023-08-08 08:21:21', '1fb9a0ad40f3', '94e33c2ac3a2', '4f0c657fecef', 'singletext', '{"html": ""}'),
('32274af4df7d', '2', 0, NULL, '2023-08-08 08:21:21', '2023-08-08 08:21:21', '1fb9a0ad40f3', '64d488b8a304', '44dcc7493c65', 'singletext', '{"html": ""}'),
('f576d2a45c8f', '1', 0, NULL, '2023-08-08 08:21:21', '2023-08-08 08:21:21', '1fb9a0ad40f3', '64d488b8a304', '318e064ea0c9', 'singletext', '{"html": ""}'),
('32f6ff526a2b', '1', 1, NULL, '2023-08-08 08:21:21', '2023-08-08 08:21:21', '1fb9a0ad40f3', '1fb9a0ad40f3', 'cfccaecd4bad', 'storyboard', '{"sections": {"effa3fa5-cd07-4e82-a8aa-198ed9a7c1d4": {"column1": "", "column3": "", "position": 1, "column2Html": ""}}}'),
('1fb9a0ad40f3', NULL, 0, NULL, '2023-08-08 08:21:21', '2023-08-08 08:21:21', '1fb9a0ad40f3', NULL, 'f17470519474', 'columnlayout', '{"columns": [{"slot": "1", "width": 12}]}'),
('94e33c2ac3a2', '1', 2, NULL, '2023-08-08 08:21:21', '2023-08-08 08:21:21', '1fb9a0ad40f3', '1fb9a0ad40f3', 'f17470519474', 'columnlayout', '{"columns": [{"slot": "1", "width": 9}, {"slot": "2", "width": 3}]}'),
('64d488b8a304', '1', 0, NULL, '2023-08-08 08:21:21', '2023-08-08 08:21:21', '1fb9a0ad40f3', '1fb9a0ad40f3', 'f17470519474', 'columnlayout', '{"columns": [{"slot": "1", "width": 5}, {"slot": "2", "width": 7}]}'),
('6fb71d916699', NULL, 0, NULL, '2023-08-08 09:51:29', '2023-08-08 09:51:29', '6fb71d916699', NULL, 'f17470519474', 'columnlayout', '{"columns": [{"slot": "1", "width": 12}]}'),
('845feccf640e', '1', 1, NULL, '2023-08-08 09:54:27', '2023-08-08 09:54:27', '4539b072a292', '4539b072a292', 'cfccaecd4bad', 'storyboard', '{"sections": {"7412b417-389b-4458-b3dc-af3626a34b30": {"column1": "", "column3": "", "position": 1, "column2Html": ""}}}'),
('434c43e3ae34', '1', 0, NULL, '2023-08-08 09:54:27', '2023-08-08 09:54:27', '4539b072a292', 'f25f04c4626f', '3ef17bd1df72', 'materialnode', NULL),
('0694474e1350', '2', 0, NULL, '2023-08-08 09:54:27', '2023-08-08 09:54:27', '4539b072a292', 'f25f04c4626f', '4f0c657fecef', 'singletext', '{"html": ""}'),
('c2300355de1e', '2', 0, NULL, '2023-08-08 09:54:27', '2023-08-08 09:54:27', '4539b072a292', '099e72b98eeb', '44dcc7493c65', 'singletext', '{"html": ""}'),
('19c2fe7c449f', '1', 0, NULL, '2023-08-08 09:54:27', '2023-08-08 09:54:27', '4539b072a292', '099e72b98eeb', '318e064ea0c9', 'singletext', '{"html": ""}'),
('4539b072a292', NULL, 0, 'est', '2023-08-08 09:54:27', '2023-08-08 09:54:27', '4539b072a292', NULL, 'f17470519474', 'columnlayout', '{"columns": [{"slot": "1", "width": 12}]}'),
('f25f04c4626f', '1', 2, NULL, '2023-08-08 09:54:27', '2023-08-08 09:54:27', '4539b072a292', '4539b072a292', 'f17470519474', 'columnlayout', '{"columns": [{"slot": "1", "width": 9}, {"slot": "2", "width": 3}]}'),
('099e72b98eeb', '1', 0, NULL, '2023-08-08 09:54:27', '2023-08-08 09:54:27', '4539b072a292', '4539b072a292', 'f17470519474', 'columnlayout', '{"columns": [{"slot": "1", "width": 5}, {"slot": "2", "width": 7}]}'),
('48b663e61c72', '1', 0, NULL, '2023-08-08 09:55:13', '2023-08-08 09:55:13', '055bc74bad55', '9e4b636e0eeb', '3ef17bd1df72', 'materialnode', NULL),
('120fbed883b6', '2', 0, NULL, '2023-08-08 09:55:13', '2023-08-08 09:55:13', '055bc74bad55', '9e4b636e0eeb', '4f0c657fecef', 'singletext', '{"html": ""}'),
('bb1415047f05', '2', 0, NULL, '2023-08-08 09:55:13', '2023-08-08 09:55:13', '055bc74bad55', '1b385a0d7e48', '44dcc7493c65', 'singletext', '{"html": ""}'),
('9e4b636e0eeb', '1', 2, NULL, '2023-08-08 09:55:13', '2023-08-08 09:55:13', '055bc74bad55', '055bc74bad55', 'f17470519474', 'columnlayout', '{"columns": [{"slot": "1", "width": 9}, {"slot": "2", "width": 3}]}'),
('1b385a0d7e48', '1', 0, NULL, '2023-08-08 09:55:13', '2023-08-08 09:55:13', '055bc74bad55', '055bc74bad55', 'f17470519474', 'columnlayout', '{"columns": [{"slot": "1", "width": 5}, {"slot": "2", "width": 7}]}'),
('7095586488d0', NULL, 0, 'est', '2023-08-08 09:56:21', '2023-08-08 09:56:21', '7095586488d0', NULL, 'f17470519474', 'columnlayout', '{"columns": [{"slot": "1", "width": 12}]}'),
('2e31cbba8cb7', '1', 2, NULL, '2023-08-08 09:56:21', '2023-08-08 09:56:21', '7095586488d0', '7095586488d0', 'f17470519474', 'columnlayout', '{"columns": [{"slot": "1", "width": 9}, {"slot": "2", "width": 3}]}'),
('3dba860d2d88', '1', 1, NULL, '2023-08-08 08:22:29', '2023-08-08 09:06:32', 'e45eff01e7c1', 'e45eff01e7c1', 'cfccaecd4bad', 'storyboard', '{"sections": {"effa3fa5-cd07-4e82-a8aa-198ed9a7c1d4": {"column1": "", "column3": "", "position": 1, "column2Html": "<p>Nach dem Zvieri Sagen wir den Kindern, dass es heute Abend ein Bi-Pi Feuer geben wird. Wir erklären, was das Bi-Pi Feuer ist. Für das Bi-Pi Feuer müssen natürlich vorbereitungen getroffen:</p><p>Zum einen muss jeder etwas gutes, etwas schlechtes (zur Pfadi) und einen Wunsch sowie ein Danke oder einen Glückwunsch aufschreiben (alles Anonym)</p><p>Ausserdem werden auch zwei freiwillige das Feuer nach Anleitung vorbereiten.</p><p>Das Bi-Pi Feuer ist eine Tradition die die Pfadi schon seit ewigkeiten durchführt beim Bi-Pi Feuer wird der Letzte Brief von Bi-Pi vorgelesen und der Rest ist relativ Frei. Dennoch gibt es viele Regeln die eingehalten werden müssen.</p><p>-Es besteht aus einem Inneren und einem ausseren Steinkreis</p><p>-Die untersten zwei Hölzer sind nach der Nord-Südachse ausgerichtet</p><p>-Das Feuer darf nur mit einer Fackel oder einer glühenden Kohle angezündet werden</p><p>-Am Anfang wird ein Feuerwächter bestimmt der das Feuer entfacht</p><p>-Nur der Feuerwächter darf in den 2. Steinkreis hinein und auch nur wenn er einen Stein entfernt</p><p>-Die Kohle wird direkt nach dem Anzünden in das Feuer gelegt</p><p>-Das Feuer muss ausbrennen und darf nicht ausgelöscht werden</p><p>-Wenn die Glut ausgekühlt ist bekommen alle anwesenden ein bisschen Kohle die sie dann im nächsten Bi-Pi Feuer wieder verwendet werden können. So brennt das Feuer immer weiter</p>"}}}'),
('935894d423cf', NULL, 0, NULL, '2023-08-08 08:16:22', '2023-08-08 08:16:22', '935894d423cf', NULL, 'f17470519474', 'columnlayout', '{"columns": [{"slot": "1", "width": 12}]}'),
('786b805849a5', '1', 0, 'Ziel', '2023-08-08 08:21:34', '2023-08-08 08:46:33', 'cf560e560929', 'bd582fb6c766', '318e064ea0c9', 'singletext', '{"html": "<p>Pfadigesetzt und Pfadiversprechen durch verschiedene Methoden lernen</p>"}'),
('78904734f1c0', NULL, 0, 'totam', '2022-02-04 19:53:09', '2022-02-04 19:53:09', '78904734f1c0', NULL, 'f17470519474', 'columnlayout', '{"columns": [{"slot": "1", "width": 12}]}'),
('11d4984c77c6', NULL, 0, 'totam', '2022-02-04 19:53:15', '2022-02-04 19:53:15', '11d4984c77c6', NULL, 'f17470519474', 'columnlayout', '{"columns": [{"slot": "1", "width": 12}]}'),
('9ca2281b0cb1', NULL, 0, NULL, '2023-08-08 09:52:49', '2023-08-08 09:52:49', '9ca2281b0cb1', NULL, 'f17470519474', 'columnlayout', '{"columns": [{"slot": "1", "width": 12}]}'),
('ffee29377fd4', '1', 0, NULL, '2023-08-08 08:21:34', '2023-08-08 08:21:34', 'cf560e560929', '224570518a14', '3ef17bd1df72', 'materialnode', NULL),
('37616c74811f', NULL, 0, 'est', '2022-02-04 22:10:06', '2022-02-04 22:10:06', '37616c74811f', NULL, 'f17470519474', 'columnlayout', '{"columns": [{"slot": "1", "width": 12}]}'),
('2f9a476a39df', '2', 0, NULL, '2023-08-08 08:21:34', '2023-08-08 08:21:34', 'cf560e560929', '224570518a14', '4f0c657fecef', 'singletext', '{"html": ""}'),
('1a74a1186c21', '1', 0, NULL, '2023-06-24 21:35:25', '2023-06-24 21:35:55', '8fa1c8e597c3', '8fa1c8e597c3', 'f17470519474', 'columnlayout', '{"columns": [{"slot": "1", "width": 4}, {"slot": "2", "width": 5}, {"slot": "3", "width": 3}]}'),
('5b7313ca4851', '2', 0, NULL, '2023-08-08 08:21:34', '2023-08-08 08:21:34', 'cf560e560929', 'bd582fb6c766', '44dcc7493c65', 'singletext', '{"html": ""}'),
('c270abc50fe1', '1', 0, NULL, '2023-08-08 10:14:26', '2023-08-08 10:14:26', 'e10d7ebf7f78', '2681b6a4eb63', '3ef17bd1df72', 'materialnode', NULL),
('1559a23defc3', '2', 0, NULL, '2023-08-08 10:14:26', '2023-08-08 10:14:26', 'e10d7ebf7f78', '2681b6a4eb63', '4f0c657fecef', 'singletext', '{"html": ""}'),
('cf560e560929', NULL, 0, NULL, '2023-08-08 08:21:34', '2023-08-08 08:21:34', 'cf560e560929', NULL, 'f17470519474', 'columnlayout', '{"columns": [{"slot": "1", "width": 12}]}'),
('224570518a14', '1', 2, NULL, '2023-08-08 08:21:34', '2023-08-08 08:21:34', 'cf560e560929', 'cf560e560929', 'f17470519474', 'columnlayout', '{"columns": [{"slot": "1", "width": 9}, {"slot": "2", "width": 3}]}'),
('bd582fb6c766', '1', 0, NULL, '2023-08-08 08:21:34', '2023-08-08 08:21:34', 'cf560e560929', 'cf560e560929', 'f17470519474', 'columnlayout', '{"columns": [{"slot": "1", "width": 5}, {"slot": "2", "width": 7}]}'),
('6b4b505db600', '1', 0, NULL, '2023-08-08 09:54:32', '2023-08-08 09:54:32', '9801114692ff', '188b0806e6d0', '3ef17bd1df72', 'materialnode', NULL),
('a257015161fe', '2', 0, NULL, '2023-08-08 09:54:32', '2023-08-08 09:54:32', '9801114692ff', '188b0806e6d0', '4f0c657fecef', 'singletext', '{"html": ""}'),
('9801114692ff', NULL, 0, 'est', '2023-08-08 09:54:32', '2023-08-08 09:54:32', '9801114692ff', NULL, 'f17470519474', 'columnlayout', '{"columns": [{"slot": "1", "width": 12}]}'),
('188b0806e6d0', '1', 2, NULL, '2023-08-08 09:54:32', '2023-08-08 09:54:32', '9801114692ff', '9801114692ff', 'f17470519474', 'columnlayout', '{"columns": [{"slot": "1", "width": 9}, {"slot": "2", "width": 3}]}'),
('991649e246cf', '1', 0, NULL, '2023-08-08 09:54:32', '2023-08-08 09:54:32', '9801114692ff', '9801114692ff', 'f17470519474', 'columnlayout', '{"columns": [{"slot": "1", "width": 5}, {"slot": "2", "width": 7}]}'),
('007c7ee31176', '1', 1, NULL, '2023-08-08 08:21:34', '2023-08-08 08:47:29', 'cf560e560929', 'cf560e560929', 'cfccaecd4bad', 'storyboard', '{"sections": {"2e9edd98-049c-41cd-b236-054625fc85a3": {"column1": "0.20", "column3": "", "position": 2, "column2Html": "<p>Es werden 3er Gruppen gebildet, jede Gruppe bekommt ein Couvert. Im Couvert finden sie, die Sätze des Pfadigesetze sin Stücke geschnitten. Ziel ist es zu dritt das Pfadigesetz wieder zusammen zu setzen z.B. auf einer Blache vor dem Aufenthaltszelt Sätze zusammen kleben</p><p>Sobald das Pfadigesetz zusammen gesetzt ist, sollen sich die Gruppe den wichtigsten Satz aus dem Gesetz heraussuchen.</p>"}, "668e7aff-4cba-4d64-8bb7-018290a35f16": {"column1": "1.20", "column3": "", "position": 4, "column2Html": "<p>Nach der Diskussion bleibt Zeit zu 2. oder zu 3. das Pfadiversprechen zu reptieren und zu lernen wer will kann Stift und Papiere haben oder es den Leitern vorsagen</p>"}, "6c40c320-728c-4a04-870a-d7d396b6a032": {"column1": "1.50", "column3": "", "position": 5, "column2Html": "<p>Wir treffen uns nochmals im Aufenthaltszelt um Fragen zu klären. Wir versuchen nochmals alle Teile des Pfadiversprechens und Pfadigesetzt zusammen zu bringen (mündlich)</p>"}, "dafcdaff-8e50-43b7-af1a-376172ac224f": {"column1": "0.50", "column3": "", "position": 3, "column2Html": "<p>Anschliessend treffen sich alle wieder im Aufenthaltszelt und jede Gruppe stellt den für sie wichtigsten Satz aus dem Pfadigesetz vor und es wird diskutiert warum dies sein kann oder nicht.</p>"}, "effa3fa5-cd07-4e82-a8aa-198ed9a7c1d4": {"column1": "0.00", "column3": "", "position": 1, "column2Html": "<p>Wir schreiben gemeinsam das Pfadiversprechen und das Pfadigesetz auf (TN''s sollen sagen was sie schon wissen, wir ergänzen):</p><p>Versprechen:</p><p>Ich verspreche, mein möglichstes zu tun, um</p><p>mich immer von neuem mit dem Pfadigesetz auseinanderzusetzen</p><p>nach Sinn und Ziel meines Lebens zu suchen</p><p>mich in jeder Gemeinschaft einzusetzen, in der ich lebe</p><p>(Im Vertrauen auf Gott und) Zusammen mit Euch allen versuche ich, nach diesem Versprechen zu leben.</p><p>Gesetz:</p><p>Wir Pfadi wollen...</p><p>...offen und ehrlich sein</p><p>...Freude suchen und weitergeben</p><p>...unsere Hilfe anbieten</p><p>...uns entscheiden und Verantwortung tragen</p><p>...andere verstehen und achten</p><p>...miteinander teilen</p><p>...Sorge tragen zur Natur und allem Leben</p><p>...Schwierigkeiten mit Zuversicht begegnen</p>"}}}'),
('0976d3f311ac', NULL, 0, NULL, '2023-08-08 08:16:29', '2023-08-08 08:16:29', '0976d3f311ac', NULL, 'f17470519474', 'columnlayout', '{"columns": [{"slot": "1", "width": 12}]}'),
('278526e9d194', '1', 1, NULL, '2023-08-08 08:22:41', '2023-08-08 09:07:30', 'b7d17f628d0f', 'b7d17f628d0f', 'cfccaecd4bad', 'storyboard', '{"sections": {"68dad27b-536e-4f83-9088-913a045eb4c8": {"column1": "", "column3": "", "position": 3, "column2Html": "<p>laufen die Kinder (vereinzelt) zurück zum Lagerplatz wenn sie alles überdenkt haben.</p><p>Danach gibt es das Lagerfeuer-feeling in der Küche mit Schoggi-Bananen und Marshmallows.</p>"}, "b489ca03-99c9-4384-9f33-a1086962ec7c": {"column1": "", "column3": "", "position": 2, "column2Html": "<p>Zusammen Laufen wir zum Bi-Pi Feuer und geniessen unser Ritual.</p><p>1. Der Feuermeister macht Feuer</p><p>2. Zera liest den Letzten Brief von Bi-Pi vor</p><p>3. Wir Singen das Abteilungslied</p><p>4. Wir geben denn Kessel durch und jeder zieht einen Zettel der er vorliest</p>"}, "effa3fa5-cd07-4e82-a8aa-198ed9a7c1d4": {"column1": "", "column3": "", "position": 1, "column2Html": "<p>Wir Treffen uns vor der Küche und alle Kinder werfen ihren Anonymen Brief in denn Pfaditopf. Danach wird nachmals der ganze Ablauf erklärt.</p><p>1. Still zum Bi-Pi Feuer laufen.</p><p>2. Feuer anzünden</p><p>3. Brief</p><p>4. Abteilungslied singen</p><p>5. Private Zettel vorlessen</p>"}}}'),
('a6a335723be8', '1', 0, NULL, '2023-08-08 08:21:54', '2023-08-08 08:49:32', 'b0c8b778a768', 'bf27266e6988', '318e064ea0c9', 'singletext', '{"html": "<p>wir müssen uns unser Essen zurückholen (evtl. Lasergame oder suscht was Geils)</p>"}'),
('85faed92b081', '1', 0, NULL, '2023-08-08 08:21:54', '2023-08-08 08:21:54', 'b0c8b778a768', 'e082e3883fbb', '3ef17bd1df72', 'materialnode', NULL),
('49685cd36b46', '2', 0, NULL, '2023-08-08 08:21:54', '2023-08-08 08:21:54', 'b0c8b778a768', 'e082e3883fbb', '4f0c657fecef', 'singletext', '{"html": ""}'),
('e10d7ebf7f78', NULL, 0, 'est', '2023-08-08 10:14:26', '2023-08-08 10:14:26', 'e10d7ebf7f78', NULL, 'f17470519474', 'columnlayout', '{"columns": [{"slot": "1", "width": 12}]}'),
('bbb61bb34829', '1', 0, NULL, '2023-08-08 09:55:35', '2023-08-08 13:18:18', '808938f16fc8', '24d664a59703', '318e064ea0c9', 'singletext', '{"html": "<p>Lorem ipsum dolor sit amet, consectetur adipiscing elit. Duo enim genera quae erant, fecit tria. Si longus, levis. Licet hic rursus ea commemores, quae optimis verbis ab Epicuro de laude amicitiae dicta sunt. Mihi quidem Antiochum, quem audis, satis belle videris attendere. Magni enim aestimabat pecuniam non modo non contra leges, sed etiam legibus partam. Quod autem ratione actum est, id officium appellamus. Nondum autem explanatum satis, erat, quid maxime natura vellet. </p>"}'),
('b619d49cada3', '2', 0, NULL, '2023-08-08 09:55:35', '2023-08-08 13:18:24', '808938f16fc8', '24d664a59703', '44dcc7493c65', 'singletext', '{"html": "<p>Lorem ipsum dolor sit amet, consectetur adipiscing elit. Bonum patria: miserum exilium. Ita enim vivunt quidam, ut eorum vita refellatur oratio. At, illa, ut vobis placet, partem quandam tuetur, reliquam deserit. Haec et tu ita posuisti, et verba vestra sunt. Tu quidem reddes; </p>"}'),
('b0c8b778a768', NULL, 0, NULL, '2023-08-08 08:21:54', '2023-08-08 08:21:54', 'b0c8b778a768', NULL, 'f17470519474', 'columnlayout', '{"columns": [{"slot": "1", "width": 12}]}'),
('e082e3883fbb', '1', 2, NULL, '2023-08-08 08:21:54', '2023-08-08 08:21:54', 'b0c8b778a768', 'b0c8b778a768', 'f17470519474', 'columnlayout', '{"columns": [{"slot": "1", "width": 9}, {"slot": "2", "width": 3}]}'),
('bf27266e6988', '1', 0, NULL, '2023-08-08 08:21:54', '2023-08-08 08:21:54', 'b0c8b778a768', 'b0c8b778a768', 'f17470519474', 'columnlayout', '{"columns": [{"slot": "1", "width": 5}, {"slot": "2", "width": 7}]}'),
('06a045b2153d', '2', 0, NULL, '2023-08-08 08:21:54', '2023-08-08 08:49:35', 'b0c8b778a768', 'bf27266e6988', '44dcc7493c65', 'singletext', '{"html": "<p>Gelende vorher Rekken (wespenneste etc)</p><p>Apotheke und handy dabei</p>"}'),
('322db0cc9e50', '1', 0, NULL, '2023-08-08 09:53:21', '2023-08-08 09:53:21', '28d1320a12cc', '7682a64b4536', '3ef17bd1df72', 'materialnode', NULL),
('57086082c44c', '2', 0, NULL, '2023-08-08 09:53:21', '2023-08-08 09:53:21', '28d1320a12cc', '7682a64b4536', '4f0c657fecef', 'singletext', '{"html": ""}'),
('28d1320a12cc', NULL, 0, 'est', '2023-08-08 09:53:21', '2023-08-08 09:53:21', '28d1320a12cc', NULL, 'f17470519474', 'columnlayout', '{"columns": [{"slot": "1", "width": 12}]}'),
('7682a64b4536', '1', 2, NULL, '2023-08-08 09:53:21', '2023-08-08 09:53:21', '28d1320a12cc', '28d1320a12cc', 'f17470519474', 'columnlayout', '{"columns": [{"slot": "1", "width": 9}, {"slot": "2", "width": 3}]}'),
('fb493199c424', '1', 0, NULL, '2023-08-08 09:53:21', '2023-08-08 09:53:21', '28d1320a12cc', '28d1320a12cc', 'f17470519474', 'columnlayout', '{"columns": [{"slot": "1", "width": 5}, {"slot": "2", "width": 7}]}'),
('45e410c755eb', '1', 1, NULL, '2023-08-08 09:54:37', '2023-08-08 09:54:37', '94d14ec8e943', '94d14ec8e943', 'cfccaecd4bad', 'storyboard', '{"sections": {"7412b417-389b-4458-b3dc-af3626a34b30": {"column1": "", "column3": "", "position": 1, "column2Html": ""}}}'),
('b2f408baaaa8', '1', 0, NULL, '2023-08-08 09:54:37', '2023-08-08 09:54:37', '94d14ec8e943', '257f8c7ead7c', '3ef17bd1df72', 'materialnode', NULL),
('413ccb86264c', '2', 0, NULL, '2023-08-08 09:54:37', '2023-08-08 09:54:37', '94d14ec8e943', '257f8c7ead7c', '4f0c657fecef', 'singletext', '{"html": ""}'),
('aa9712b71584', '2', 0, NULL, '2023-08-08 09:54:37', '2023-08-08 09:54:37', '94d14ec8e943', '2b0837709f87', '44dcc7493c65', 'singletext', '{"html": ""}'),
('1fe1b1b33106', '1', 0, NULL, '2023-08-08 09:54:37', '2023-08-08 09:54:37', '94d14ec8e943', '2b0837709f87', '318e064ea0c9', 'singletext', '{"html": ""}'),
('94d14ec8e943', NULL, 0, 'est', '2023-08-08 09:54:37', '2023-08-08 09:54:37', '94d14ec8e943', NULL, 'f17470519474', 'columnlayout', '{"columns": [{"slot": "1", "width": 12}]}'),
('257f8c7ead7c', '1', 2, NULL, '2023-08-08 09:54:37', '2023-08-08 09:54:37', '94d14ec8e943', '94d14ec8e943', 'f17470519474', 'columnlayout', '{"columns": [{"slot": "1", "width": 9}, {"slot": "2", "width": 3}]}'),
('2b0837709f87', '1', 0, NULL, '2023-08-08 09:54:37', '2023-08-08 09:54:37', '94d14ec8e943', '94d14ec8e943', 'f17470519474', 'columnlayout', '{"columns": [{"slot": "1", "width": 5}, {"slot": "2", "width": 7}]}'),
('50c5bc78f450', '1', 0, NULL, '2023-08-08 09:55:35', '2023-08-08 09:55:35', '808938f16fc8', 'ba197a0c4a5b', '3ef17bd1df72', 'materialnode', NULL),
('68d350f04ee2', '2', 0, NULL, '2023-08-08 09:55:35', '2023-08-08 09:55:35', '808938f16fc8', 'ba197a0c4a5b', '4f0c657fecef', 'singletext', '{"html": ""}'),
('808938f16fc8', NULL, 0, 'est', '2023-08-08 09:55:35', '2023-08-08 09:55:35', '808938f16fc8', NULL, 'f17470519474', 'columnlayout', '{"columns": [{"slot": "1", "width": 12}]}'),
('ba197a0c4a5b', '1', 2, NULL, '2023-08-08 09:55:35', '2023-08-08 09:55:35', '808938f16fc8', '808938f16fc8', 'f17470519474', 'columnlayout', '{"columns": [{"slot": "1", "width": 9}, {"slot": "2", "width": 3}]}'),
('24d664a59703', '1', 0, NULL, '2023-08-08 09:55:35', '2023-08-08 09:55:35', '808938f16fc8', '808938f16fc8', 'f17470519474', 'columnlayout', '{"columns": [{"slot": "1", "width": 5}, {"slot": "2", "width": 7}]}'),
('2681b6a4eb63', '1', 2, NULL, '2023-08-08 10:14:26', '2023-08-08 10:14:26', 'e10d7ebf7f78', 'e10d7ebf7f78', 'f17470519474', 'columnlayout', '{"columns": [{"slot": "1", "width": 9}, {"slot": "2", "width": 3}]}'),
('96d523b02310', '1', 0, NULL, '2023-08-08 10:14:26', '2023-08-08 10:14:26', 'e10d7ebf7f78', 'e10d7ebf7f78', 'f17470519474', 'columnlayout', '{"columns": [{"slot": "1", "width": 5}, {"slot": "2", "width": 7}]}'),
('2cb1d01f6a12', '1', 2, NULL, '2023-08-08 10:15:26', '2023-08-08 10:15:26', 'a76b06c3bb55', 'a76b06c3bb55', 'f17470519474', 'columnlayout', '{"columns": [{"slot": "1", "width": 9}, {"slot": "2", "width": 3}]}'),
('ab7ba2d79488', '1', 0, NULL, '2023-08-08 08:16:48', '2023-08-08 08:16:48', '5d44c3fc49b9', '49163604a15e', '3ef17bd1df72', 'materialnode', NULL),
('4300e3355d22', '2', 0, NULL, '2023-08-08 08:16:48', '2023-08-08 08:16:48', '5d44c3fc49b9', '49163604a15e', '4f0c657fecef', 'singletext', '{"html": ""}'),
('ced534caa099', '2', 0, NULL, '2023-08-08 08:16:48', '2023-08-08 08:16:48', '5d44c3fc49b9', 'aea4b3db0b60', '44dcc7493c65', 'singletext', '{"html": ""}'),
('54eda8108520', '2', 0, NULL, '2022-02-04 21:42:17', '2023-06-24 21:35:39', '8fa1c8e597c3', '1a74a1186c21', '44dcc7493c65', 'singletext', '{"html": ""}'),
('a54e27df1390', '1', 0, NULL, '2023-06-24 21:36:27', '2023-06-24 21:36:45', 'fb21b1c912fd', 'fb21b1c912fd', 'f17470519474', 'columnlayout', '{"columns": [{"slot": "1", "width": 5}, {"slot": "2", "width": 7}]}'),
('1b724572f722', '1', 0, NULL, '2023-08-08 08:16:48', '2023-08-08 08:16:48', '5d44c3fc49b9', 'aea4b3db0b60', '318e064ea0c9', 'singletext', '{"html": ""}'),
('f214a7b10f1f', '1', 0, NULL, '2023-08-08 10:15:26', '2023-08-08 10:15:26', 'a76b06c3bb55', 'a76b06c3bb55', 'f17470519474', 'columnlayout', '{"columns": [{"slot": "1", "width": 5}, {"slot": "2", "width": 7}]}'),
('5d44c3fc49b9', NULL, 0, 'est', '2023-08-08 08:16:48', '2023-08-08 08:16:48', '5d44c3fc49b9', NULL, 'f17470519474', 'columnlayout', '{"columns": [{"slot": "1", "width": 12}]}'),
('49163604a15e', '1', 2, NULL, '2023-08-08 08:16:48', '2023-08-08 08:16:48', '5d44c3fc49b9', '5d44c3fc49b9', 'f17470519474', 'columnlayout', '{"columns": [{"slot": "1", "width": 9}, {"slot": "2", "width": 3}]}'),
('aea4b3db0b60', '1', 0, NULL, '2023-08-08 08:16:48', '2023-08-08 08:16:48', '5d44c3fc49b9', '5d44c3fc49b9', 'f17470519474', 'columnlayout', '{"columns": [{"slot": "1", "width": 5}, {"slot": "2", "width": 7}]}'),
('56355fd18bc0', '1', 1, NULL, '2023-08-08 08:17:01', '2023-08-08 09:08:38', '9cef02bbc62f', '9cef02bbc62f', 'cfccaecd4bad', 'storyboard', '{"sections": {"7412b417-389b-4458-b3dc-af3626a34b30": {"column1": "00.05", "column3": "", "position": 1, "column2Html": "<p>Aufwecken mit Musik</p>"}, "a3b90b72-4cd5-486c-bb20-e0b75f633ba3": {"column1": "00.20", "column3": "", "position": 2, "column2Html": "<p>Triffdendödel: Alle stehen in einem Kreis und man wirft eine mit Wassergefüllten Pet Flasche einer Person zu und die Person mus die Flasche einhändig fangen wenn er sie nicht fängt mus er um den kreis rennen und man kann ihn abwerfen er muss solang er getroffen wird rundenen rennen bis er es ihn seine lücke schafft.</p>"}, "b26e23e1-8641-47b8-a9d9-accbff4d4d81": {"column1": "00.30", "column3": "", "position": 3, "column2Html": "<p>Gordischer Knoten :Einer geht 1 minute weg und die restlichen Personen müssen sich so gut wies geht verknoten das ziel ist das die eine person den knoten wieder aufmacht. ÄSSÄÄÄÄÄ</p>"}}}'),
('8e8787fea6f2', '1', 0, NULL, '2023-08-08 10:15:50', '2023-08-08 10:15:50', '40dad30f1f06', 'a17af474f1b1', '3ef17bd1df72', 'materialnode', NULL),
('46a0b78d4c29', '1', 0, NULL, '2023-08-08 08:22:11', '2023-08-08 08:22:11', 'e69bd9f304b5', 'd0d2a7a28056', '3ef17bd1df72', 'materialnode', NULL),
('54b33144ccef', '2', 0, NULL, '2023-08-08 08:22:11', '2023-08-08 08:22:11', 'e69bd9f304b5', 'd0d2a7a28056', '4f0c657fecef', 'singletext', '{"html": ""}'),
('a0c17d509cc8', '2', 0, NULL, '2023-08-08 08:22:11', '2023-08-08 08:22:11', 'e69bd9f304b5', '9c5f7d45bc73', '44dcc7493c65', 'singletext', '{"html": ""}'),
('e69bd9f304b5', NULL, 0, NULL, '2023-08-08 08:22:11', '2023-08-08 08:22:11', 'e69bd9f304b5', NULL, 'f17470519474', 'columnlayout', '{"columns": [{"slot": "1", "width": 12}]}'),
('d0d2a7a28056', '1', 2, NULL, '2023-08-08 08:22:11', '2023-08-08 08:22:11', 'e69bd9f304b5', 'e69bd9f304b5', 'f17470519474', 'columnlayout', '{"columns": [{"slot": "1", "width": 9}, {"slot": "2", "width": 3}]}'),
('9c5f7d45bc73', '1', 0, NULL, '2023-08-08 08:22:11', '2023-08-08 08:22:11', 'e69bd9f304b5', 'e69bd9f304b5', 'f17470519474', 'columnlayout', '{"columns": [{"slot": "1", "width": 5}, {"slot": "2", "width": 7}]}'),
('09e35be982e2', '1', 1, NULL, '2023-08-08 08:16:48', '2023-08-08 08:39:16', '5d44c3fc49b9', '5d44c3fc49b9', 'cfccaecd4bad', 'storyboard', '{"sections": {"1cf8ca32-77b3-42a6-9e3d-7519705a7abc": {"column1": "0030", "column3": "", "position": 3, "column2Html": "<p>Zum Abschluss spielen wir noch ein Peng. Dabei wird zuerst ein Thema definiert z. B. Produkte aus der Migros. Das Ziel des Spiels ist es, dass man bis zum Schluss nicht ausgeschieden wird. Dann stellen sich immer zwei Personen Rücken an Rücken und gehen los. Dann sagt der Spielleiter einen Buchstaben und die Kinder müssen sich umdrehen und so schnell wie möglich ein Migros Produkt sagen, dass mit diesem Buchstaben anfängt. Wenn man verliert wird man ausgeschieden.</p>"}, "346ed38f-8292-4779-b809-84b66eaa1807": {"column1": "0025", "column3": "", "position": 2, "column2Html": "<p>Als Hauptteil gehen wir in der näheren umgebung Joggen. Die Leitperson gibt immer wieder Kommandos vor bei welchen alle die vorgegebene übung machen müssen. z.B. bei 1 müssen alle springen.</p>"}, "7412b417-389b-4458-b3dc-af3626a34b30": {"column1": "0010", "column3": "", "position": 1, "column2Html": "<p>Zum einwärmen machen wir ein Pferderennen. Dabei klatschen sich alle mit den Händen auf die Oberschenkel um das Hufgetrappel zu simulieren. Der Spielleiter gibt dann kommandos welche dann von allen durchgeführt werden müssen wenn jemand ein Kommando verpasst oder ein Kommado falsch macht muss 3 Liegestütze machen. z.B. bei der Linkskurve lehnen alle nach links</p>"}}}'),
('9e7cd70bbff1', NULL, 0, 'est', '2023-08-08 09:53:49', '2023-08-08 09:53:49', '9e7cd70bbff1', NULL, 'f17470519474', 'columnlayout', '{"columns": [{"slot": "1", "width": 12}]}'),
('116029800119', '1', 2, NULL, '2023-08-08 09:53:49', '2023-08-08 09:53:49', '9e7cd70bbff1', '9e7cd70bbff1', 'f17470519474', 'columnlayout', '{"columns": [{"slot": "1", "width": 9}, {"slot": "2", "width": 3}]}'),
('6573795eed68', '1', 0, NULL, '2023-08-08 08:22:11', '2023-08-08 08:53:21', 'e69bd9f304b5', '9c5f7d45bc73', '318e064ea0c9', 'singletext', '{"html": "<p>Was könnte man machen um Rettung zu holen? Blubb meint wir sollten warten bis wir gerettet werden und uns ein wenig die Zeit vertreiben</p>"}'),
('7f093ab773c8', '1', 0, NULL, '2023-08-08 09:53:49', '2023-08-08 09:53:49', '9e7cd70bbff1', '9e7cd70bbff1', 'f17470519474', 'columnlayout', '{"columns": [{"slot": "1", "width": 5}, {"slot": "2", "width": 7}]}'),
('d72e2af495d7', '1', 1, NULL, '2023-08-08 08:21:54', '2023-08-08 08:50:04', 'b0c8b778a768', 'b0c8b778a768', 'cfccaecd4bad', 'storyboard', '{"sections": {"76abce3e-5b16-4b23-99a3-8d80ee761e0f": {"column1": "00.15", "column3": "", "position": 2, "column2Html": "<p>Wir finden das Aboriginis versteck, jedoch bewachen sie ihren Vorrat und wir überlegen uns wie wir sie ablenken können. (Sackmesser, Taschenlampen, musik, einfach neue dinge, die sie nicht kennen)</p>"}, "bc512e7a-7dca-4d17-9f02-fe2f4296e447": {"column1": "1.10", "column3": "", "position": 4, "column2Html": "<p>Die Aboriginis sind geschlagen, wir haben unser essen wieder und laufen glücklich zum lagerplatz zurück.</p>"}, "db6cd2e5-4549-4f99-9eb3-60590f980c76": {"column1": "00.20", "column3": "", "position": 3, "column2Html": "<p>Auf ihrem Vorrat (ein loch) hat es aufgeblasene Ballone und essensreste (schweine magen, also weisse ballone), die wir zuerst verplatzen müssen. ein teil der Kinder lenkt die Aboriginis ab (ohne berühren) und die andern müssen die Ballone verplatzen gehen und haben drei leere Ballone dabei. Doch bei jedem platzen, rennt ein aborgini los und versucht den TN zu catchen, wenn ers geschafft hat muss der Tn ihm ein Ballon abgeben. Die TNs müssen hinter eine sicherheits linie rennen und dort sind sie dann safe. Für neue Ballone müssen die Tns fragen beantworten oder Aufgaben machen. Ziel ist, dass alle ballone im Vorrat geplatzt sind und wir unser essen zurück holen können.</p>"}, "effa3fa5-cd07-4e82-a8aa-198ed9a7c1d4": {"column1": "00.00", "column3": "", "position": 1, "column2Html": "<p>Wir finden eine essens-, federspur und folgen dieser, weil das ja sciher die aboriginis waren</p>"}}}'),
('350b44de53b5', '2', 0, NULL, '2022-02-04 21:42:21', '2022-02-04 21:42:21', '8fa1c8e597c3', '0a23aa100e1b', '4f0c657fecef', 'singletext', '{"html": ""}'),
('cc088e0f2528', '1', 0, NULL, '2023-08-08 09:54:32', '2023-08-08 13:40:52', '9801114692ff', '991649e246cf', '318e064ea0c9', 'singletext', '{"html": ""}'),
('fdd159859a9f', '1', 4, 'et', '2022-01-23 16:19:10', '2022-01-23 16:19:10', '63ad36c59b9e', '63ad36c59b9e', 'cfccaecd4bad', 'storyboard', '{"sections": {"3bdc90b4-3b4c-4c76-b1bc-2e376afbb5aa": {"column1": "culpa", "column3": "consequatur", "position": 0, "column2Html": "natus"}}}'),
('627827b149eb', '1', 0, NULL, '2023-08-08 08:16:54', '2023-08-08 08:16:54', '8d31960310f3', '89cb33e05914', '3ef17bd1df72', 'materialnode', NULL),
('4e8dace691af', '2', 0, NULL, '2023-08-08 08:16:54', '2023-08-08 08:16:54', '8d31960310f3', '89cb33e05914', '4f0c657fecef', 'singletext', '{"html": ""}'),
('198f7826f359', '2', 0, NULL, '2023-08-08 08:16:54', '2023-08-08 08:16:54', '8d31960310f3', 'f0a4fb9b5542', '44dcc7493c65', 'singletext', '{"html": ""}'),
('6c8c74499260', NULL, 0, 'laborum', '2022-01-23 16:19:10', '2022-01-23 16:19:10', '6c8c74499260', NULL, 'f17470519474', 'columnlayout', '{"columns": [{"slot": "1", "width": 12}]}'),
('63ad36c59b9e', NULL, 0, 'libero', '2022-01-23 16:19:10', '2022-01-23 16:19:10', '63ad36c59b9e', NULL, 'f17470519474', 'columnlayout', '{"columns": [{"slot": "1", "width": 12}]}'),
('0b8894aba174', NULL, 0, 'fuga', '2022-01-23 16:19:10', '2022-01-23 16:19:10', '0b8894aba174', NULL, 'f17470519474', 'columnlayout', '{"columns": [{"slot": "1", "width": 12}]}'),
('c9ebda9090f5', NULL, 0, 'exercitationem', '2022-01-23 16:19:10', '2022-01-23 16:19:10', 'c9ebda9090f5', NULL, 'f17470519474', 'columnlayout', '{"columns": [{"slot": "1", "width": 12}]}'),
('fb21b1c912fd', NULL, 0, 'est', '2022-01-23 16:19:10', '2022-01-23 16:19:10', 'fb21b1c912fd', NULL, 'f17470519474', 'columnlayout', '{"columns": [{"slot": "1", "width": 12}]}'),
('5187323866ec', '1', 0, NULL, '2023-08-08 08:16:54', '2023-08-08 08:16:54', '8d31960310f3', 'f0a4fb9b5542', '318e064ea0c9', 'singletext', '{"html": ""}'),
('fb2a4321accc', '2', 0, NULL, '2023-08-08 09:53:49', '2023-08-08 13:08:09', '9e7cd70bbff1', '7f093ab773c8', '44dcc7493c65', 'singletext', '{"html": "<p>Apotheke dabei</p>"}'),
('8d31960310f3', NULL, 0, 'est', '2023-08-08 08:16:54', '2023-08-08 08:16:54', '8d31960310f3', NULL, 'f17470519474', 'columnlayout', '{"columns": [{"slot": "1", "width": 12}]}'),
('89cb33e05914', '1', 2, NULL, '2023-08-08 08:16:54', '2023-08-08 08:16:54', '8d31960310f3', '8d31960310f3', 'f17470519474', 'columnlayout', '{"columns": [{"slot": "1", "width": 9}, {"slot": "2", "width": 3}]}'),
('f0a4fb9b5542', '1', 0, NULL, '2023-08-08 08:16:54', '2023-08-08 08:16:54', '8d31960310f3', '8d31960310f3', 'f17470519474', 'columnlayout', '{"columns": [{"slot": "1", "width": 5}, {"slot": "2", "width": 7}]}'),
('f6722910f0d5', '1', 0, NULL, '2023-08-08 08:22:29', '2023-08-08 09:06:00', 'e45eff01e7c1', '883c411884a5', '318e064ea0c9', 'singletext', '{"html": ""}'),
('bd71bf061059', '2', 0, NULL, '2023-08-08 08:22:29', '2023-08-08 09:06:01', 'e45eff01e7c1', '883c411884a5', '44dcc7493c65', 'singletext', '{"html": ""}'),
('134e2196af92', '1', 0, NULL, '2023-08-08 09:53:49', '2023-08-08 09:53:49', '9e7cd70bbff1', '116029800119', '3ef17bd1df72', 'materialnode', NULL),
('2b3857495b9e', '1', 0, NULL, '2023-08-08 08:22:29', '2023-08-08 08:22:29', 'e45eff01e7c1', 'c6404ecea537', '3ef17bd1df72', 'materialnode', NULL),
('cdb23842d81c', '2', 0, NULL, '2023-08-08 08:22:29', '2023-08-08 08:22:29', 'e45eff01e7c1', 'c6404ecea537', '4f0c657fecef', 'singletext', '{"html": ""}'),
('3790643b388a', '1', 2, NULL, '2022-02-04 23:11:39', '2022-02-04 23:11:45', '9b0e779f3238', '9b0e779f3238', 'f17470519474', 'columnlayout', '{"columns": [{"slot": "1", "width": 9}, {"slot": "2", "width": 3}]}'),
('0a86ef1c4503', '1', 1, NULL, '2022-02-04 23:12:11', '2023-06-24 21:34:43', '9b0e779f3238', '9b0e779f3238', 'cfccaecd4bad', 'storyboard', '{"sections": {"effa3fa5-cd07-4e82-a8aa-198ed9a7c1d4": {"column1": "", "column3": "", "position": 1, "column2Html": ""}}}'),
('4d7c01b213be', '1', 0, NULL, '2023-06-24 21:34:36', '2023-06-24 21:34:54', '9b0e779f3238', '9b0e779f3238', 'f17470519474', 'columnlayout', '{"columns": [{"slot": "1", "width": 5}, {"slot": "2", "width": 7}]}'),
('54f16315d853', '3', 0, NULL, '2022-02-04 21:42:31', '2023-06-24 21:35:35', '8fa1c8e597c3', '1a74a1186c21', '1a0f84e322c8', 'multiselect', '{"options": {"security": {"checked": false}, "outdoorTechnique": {"checked": false}, "pioneeringTechnique": {"checked": false}, "natureAndEnvironment": {"checked": false}, "campsiteAndSurroundings": {"checked": false}, "preventionAndIntegration": {"checked": false}}}'),
('0a23aa100e1b', '1', 2, NULL, '2022-02-04 21:42:07', '2022-02-04 21:42:10', '8fa1c8e597c3', '8fa1c8e597c3', 'f17470519474', 'columnlayout', '{"columns": [{"slot": "1", "width": 9}, {"slot": "2", "width": 3}]}'),
('e45eff01e7c1', NULL, 0, NULL, '2023-08-08 08:22:29', '2023-08-08 08:22:29', 'e45eff01e7c1', NULL, 'f17470519474', 'columnlayout', '{"columns": [{"slot": "1", "width": 12}]}'),
('c6404ecea537', '1', 2, NULL, '2023-08-08 08:22:29', '2023-08-08 08:22:29', 'e45eff01e7c1', 'e45eff01e7c1', 'f17470519474', 'columnlayout', '{"columns": [{"slot": "1", "width": 9}, {"slot": "2", "width": 3}]}'),
('883c411884a5', '1', 0, NULL, '2023-08-08 08:22:29', '2023-08-08 08:22:29', 'e45eff01e7c1', 'e45eff01e7c1', 'f17470519474', 'columnlayout', '{"columns": [{"slot": "1", "width": 5}, {"slot": "2", "width": 7}]}'),
('8990435a2ade', '2', 0, NULL, '2023-08-08 09:53:49', '2023-08-08 09:53:49', '9e7cd70bbff1', '116029800119', '4f0c657fecef', 'singletext', '{"html": ""}'),
('10ff71154197', '1', 0, NULL, '2023-08-08 09:53:49', '2023-08-08 09:53:49', '9e7cd70bbff1', '7f093ab773c8', '318e064ea0c9', 'singletext', '{"html": ""}'),
('576e795d1980', '1', 0, NULL, '2023-08-08 09:56:21', '2023-08-08 09:56:21', '7095586488d0', '2e31cbba8cb7', '3ef17bd1df72', 'materialnode', NULL),
('2ee6436affdc', '2', 0, NULL, '2023-08-08 09:56:21', '2023-08-08 09:56:21', '7095586488d0', '2e31cbba8cb7', '4f0c657fecef', 'singletext', '{"html": ""}'),
('ada1ec40199a', '1', 0, NULL, '2023-08-08 09:56:21', '2023-08-08 09:56:21', '7095586488d0', '7095586488d0', 'f17470519474', 'columnlayout', '{"columns": [{"slot": "1", "width": 5}, {"slot": "2", "width": 7}]}'),
('e48c8c40481c', '1', 1, NULL, '2023-08-08 10:14:57', '2023-08-08 10:14:57', '893281692013', '893281692013', 'cfccaecd4bad', 'storyboard', '{"sections": {"7412b417-389b-4458-b3dc-af3626a34b30": {"column1": "", "column3": "", "position": 1, "column2Html": ""}}}'),
('e8f4410ffcd6', '1', 0, NULL, '2023-08-08 10:14:57', '2023-08-08 10:14:57', '893281692013', 'aabf2ed30e9b', '3ef17bd1df72', 'materialnode', NULL),
('2a9feb02eef2', '1', 0, NULL, '2023-08-08 09:56:45', '2023-08-08 09:56:45', 'd56e854fde29', '63f6e42188bd', '3ef17bd1df72', 'materialnode', NULL),
('2d6a77de997e', '2', 0, NULL, '2023-08-08 09:56:45', '2023-08-08 09:56:45', 'd56e854fde29', '63f6e42188bd', '4f0c657fecef', 'singletext', '{"html": ""}'),
('d56e854fde29', NULL, 0, 'est', '2023-08-08 09:56:45', '2023-08-08 09:56:45', 'd56e854fde29', NULL, 'f17470519474', 'columnlayout', '{"columns": [{"slot": "1", "width": 12}]}'),
('63f6e42188bd', '1', 2, NULL, '2023-08-08 09:56:45', '2023-08-08 09:56:45', 'd56e854fde29', 'd56e854fde29', 'f17470519474', 'columnlayout', '{"columns": [{"slot": "1", "width": 9}, {"slot": "2", "width": 3}]}'),
('9812c0915566', '1', 0, NULL, '2023-08-08 09:56:45', '2023-08-08 09:56:45', 'd56e854fde29', 'd56e854fde29', 'f17470519474', 'columnlayout', '{"columns": [{"slot": "1", "width": 5}, {"slot": "2", "width": 7}]}'),
('0090473c927e', '2', 0, NULL, '2023-08-08 10:14:57', '2023-08-08 10:14:57', '893281692013', 'aabf2ed30e9b', '4f0c657fecef', 'singletext', '{"html": ""}'),
('d5198f77dd91', '2', 0, NULL, '2023-08-08 10:14:57', '2023-08-08 10:14:57', '893281692013', 'b906824b5a9e', '44dcc7493c65', 'singletext', '{"html": ""}'),
('0c4b98815675', '1', 0, NULL, '2023-08-08 10:14:57', '2023-08-08 10:14:57', '893281692013', 'b906824b5a9e', '318e064ea0c9', 'singletext', '{"html": ""}'),
('9f524f6b356e', '1', 0, NULL, '2023-08-08 10:11:42', '2023-08-08 10:11:42', 'af53f5935834', 'a6904f33859d', '3ef17bd1df72', 'materialnode', NULL),
('e6d9784979c5', '2', 0, NULL, '2023-08-08 10:11:42', '2023-08-08 10:11:42', 'af53f5935834', 'a6904f33859d', '4f0c657fecef', 'singletext', '{"html": ""}'),
('af53f5935834', NULL, 0, 'est', '2023-08-08 10:11:42', '2023-08-08 10:11:42', 'af53f5935834', NULL, 'f17470519474', 'columnlayout', '{"columns": [{"slot": "1", "width": 12}]}'),
('a6904f33859d', '1', 2, NULL, '2023-08-08 10:11:42', '2023-08-08 10:11:42', 'af53f5935834', 'af53f5935834', 'f17470519474', 'columnlayout', '{"columns": [{"slot": "1", "width": 9}, {"slot": "2", "width": 3}]}'),
('6d4720f87e26', '1', 0, NULL, '2023-08-08 10:11:42', '2023-08-08 10:11:42', 'af53f5935834', 'af53f5935834', 'f17470519474', 'columnlayout', '{"columns": [{"slot": "1", "width": 5}, {"slot": "2", "width": 7}]}'),
('893281692013', NULL, 0, 'est', '2023-08-08 10:14:57', '2023-08-08 10:14:57', '893281692013', NULL, 'f17470519474', 'columnlayout', '{"columns": [{"slot": "1", "width": 12}]}'),
('aabf2ed30e9b', '1', 2, NULL, '2023-08-08 10:14:57', '2023-08-08 10:14:57', '893281692013', '893281692013', 'f17470519474', 'columnlayout', '{"columns": [{"slot": "1", "width": 9}, {"slot": "2", "width": 3}]}'),
('b906824b5a9e', '1', 0, NULL, '2023-08-08 10:14:57', '2023-08-08 10:14:57', '893281692013', '893281692013', 'f17470519474', 'columnlayout', '{"columns": [{"slot": "1", "width": 5}, {"slot": "2", "width": 7}]}'),
('93329cb59bc6', '1', 0, NULL, '2023-08-08 10:12:15', '2023-08-08 10:12:15', '1f8a891c1ad8', '455320f7179d', '3ef17bd1df72', 'materialnode', NULL),
('888a1250f69e', '2', 0, NULL, '2023-08-08 10:12:15', '2023-08-08 10:12:15', '1f8a891c1ad8', '455320f7179d', '4f0c657fecef', 'singletext', '{"html": ""}'),
('1f8a891c1ad8', NULL, 0, 'est', '2023-08-08 10:12:15', '2023-08-08 10:12:15', '1f8a891c1ad8', NULL, 'f17470519474', 'columnlayout', '{"columns": [{"slot": "1", "width": 12}]}'),
('455320f7179d', '1', 2, NULL, '2023-08-08 10:12:15', '2023-08-08 10:12:15', '1f8a891c1ad8', '1f8a891c1ad8', 'f17470519474', 'columnlayout', '{"columns": [{"slot": "1", "width": 9}, {"slot": "2", "width": 3}]}'),
('81842894479d', '1', 0, NULL, '2023-08-08 10:12:15', '2023-08-08 10:12:15', '1f8a891c1ad8', '1f8a891c1ad8', 'f17470519474', 'columnlayout', '{"columns": [{"slot": "1", "width": 5}, {"slot": "2", "width": 7}]}'),
('4c0f52127bff', '1', 0, NULL, '2023-08-08 09:56:21', '2023-08-08 13:24:14', '7095586488d0', 'ada1ec40199a', '318e064ea0c9', 'singletext', '{"html": "<p>Die rasante Entwicklung von künstlicher Intelligenz (KI) hat tiefgreifende Auswirkungen auf verschiedene Bereiche unseres Lebens. Von automatisierten </p>"}'),
('80f2806ece7e', '2', 0, NULL, '2023-08-08 09:56:21', '2023-08-08 13:24:16', '7095586488d0', 'ada1ec40199a', '44dcc7493c65', 'singletext', '{"html": "<p>Die rasante Entwicklung von künstlicher Intelligenz (KI) hat tiefgreifende Auswirkungen auf verschiedene Bereiche unseres Lebens. Von automatisierten Kundenbetreuungssystemen bis hin zu fortschrittlichen medizinischen Diagnosewerkzeugen verändert KI die Art und Weise, wie wir arbeiten, kommunizieren und Entscheidungen treffen.</p>"}'),
('2200982719ba', '1', 0, NULL, '2023-08-08 09:56:45', '2023-08-08 13:30:06', 'd56e854fde29', '9812c0915566', '318e064ea0c9', 'singletext', '{"html": "<p>Die Erde ist der einzige bekannte Planet, auf dem Leben existiert. Ihr komplexes Ökosystem umfasst vielfältige Lebensformen, die eng miteinander und mit ihrer Umwelt interagieren.</p>"}'),
('40dad30f1f06', NULL, 0, 'est', '2023-08-08 10:15:50', '2023-08-08 10:15:50', '40dad30f1f06', NULL, 'f17470519474', 'columnlayout', '{"columns": [{"slot": "1", "width": 12}]}'),
('aa8ed5afd51b', '1', 0, NULL, '2023-08-08 10:11:42', '2023-08-08 13:35:27', 'af53f5935834', '6d4720f87e26', '318e064ea0c9', 'singletext', '{"html": "<p>Die Erde ist der einzige bekannte Planet, auf dem Leben existiert. Ihr komplexes Ökosystem umfasst vielfältige Lebensformen, die eng miteinander und mit ihrer Umwelt interagieren.</p>"}'),
('4a158bd985f3', '2', 0, NULL, '2023-08-08 10:11:42', '2023-08-08 13:35:29', 'af53f5935834', '6d4720f87e26', '44dcc7493c65', 'singletext', '{"html": "<p>Die Erde ist der einzige bekannte Planet, auf dem Leben existiert. Ihr komplexes Ökosystem umfasst vielfältige Lebensformen, die eng miteinander und mit ihrer Umwelt interagieren.</p>"}'),
('5cd3ed1ea0bd', '1', 0, NULL, '2023-08-08 10:12:15', '2023-08-08 13:36:16', '1f8a891c1ad8', '81842894479d', '318e064ea0c9', 'singletext', '{"html": "<p>In den letzten Jahrzehnten hat sich die Technologie in rasantem Tempo entwickelt und hat nahezu alle Aspekte unseres Lebens beeinflusst. Diese Entwicklung hat zahlreiche positive Auswirkungen, darunter verbesserte Kommunikation, effizientere Arbeitsprozesse und eine Fülle von Informationsquellen. Dennoch bringt sie auch Herausforderungen mit sich, die es zu bewältigen gilt.</p>"}'),
('f3fc12798b2a', '2', 0, NULL, '2023-08-08 09:54:32', '2023-08-08 13:40:53', '9801114692ff', '991649e246cf', '44dcc7493c65', 'singletext', '{"html": ""}'),
('9ed19ad6ad15', '1', 0, NULL, '2023-08-08 10:14:26', '2023-08-08 13:43:33', 'e10d7ebf7f78', '96d523b02310', '318e064ea0c9', 'singletext', '{"html": "<p><br />Smartphones haben sich zu unverzichtbaren Alltagsbegleitern entwickelt. Sie dienen nicht nur der Kommunikation, sondern bieten Zugang zu einer Fülle von Informationen, Unterhaltung und Dienstleistungen. Von sozialen Medien über mobile Apps bis hin zur Navigation erleichtern Smartphones unser Leben erheblich. Dennoch ist es wichtig, ein gesundes Maß im Umgang mit diesen Geräten zu finden, um eine ausgewogene Nutzung zu gewährleisten und potenzielle Auswirkungen auf unsere physische und psychische Gesundheit zu minimieren.</p>"}'),
('9dcf58a2ac05', '1', 0, NULL, '2023-08-08 10:16:36', '2023-08-08 10:16:36', '9b05b63b109e', 'b31040e8aba8', '3ef17bd1df72', 'materialnode', NULL),
('ab7122492ce3', '2', 0, NULL, '2023-08-08 10:16:36', '2023-08-08 10:16:36', '9b05b63b109e', 'b31040e8aba8', '4f0c657fecef', 'singletext', '{"html": ""}'),
('2ffa7fd495c9', '2', 0, NULL, '2023-08-08 10:16:36', '2023-08-08 10:16:36', '9b05b63b109e', 'e8c2a1a01a12', '44dcc7493c65', 'singletext', '{"html": ""}'),
('9b05b63b109e', NULL, 0, 'est', '2023-08-08 10:16:36', '2023-08-08 10:16:36', '9b05b63b109e', NULL, 'f17470519474', 'columnlayout', '{"columns": [{"slot": "1", "width": 12}]}'),
('b31040e8aba8', '1', 2, NULL, '2023-08-08 10:16:36', '2023-08-08 10:16:36', '9b05b63b109e', '9b05b63b109e', 'f17470519474', 'columnlayout', '{"columns": [{"slot": "1", "width": 9}, {"slot": "2", "width": 3}]}'),
('e8c2a1a01a12', '1', 0, NULL, '2023-08-08 10:16:36', '2023-08-08 10:16:36', '9b05b63b109e', '9b05b63b109e', 'f17470519474', 'columnlayout', '{"columns": [{"slot": "1", "width": 5}, {"slot": "2", "width": 7}]}'),
('5d3114c4eaa1', '3', 0, NULL, '2023-08-08 10:17:52', '2023-08-08 13:27:22', '2b379e00b5ae', 'ec59f59aada2', '1a0f84e322c8', 'multiselect', '{"options": {"security": {"checked": false}, "outdoorTechnique": {"checked": true}, "pioneeringTechnique": {"checked": false}, "natureAndEnvironment": {"checked": true}, "campsiteAndSurroundings": {"checked": false}, "preventionAndIntegration": {"checked": false}}}'),
('25074e49b902', '1', 0, NULL, '2023-08-08 10:17:07', '2023-08-08 10:17:07', 'df1b0979357a', '02985d9636aa', '3ef17bd1df72', 'materialnode', NULL),
('2951b7b7ab5b', '2', 0, NULL, '2023-08-08 10:17:07', '2023-08-08 10:17:07', 'df1b0979357a', '02985d9636aa', '4f0c657fecef', 'singletext', '{"html": ""}'),
('347daddaee26', '2', 0, NULL, '2023-08-08 10:17:07', '2023-08-08 10:17:07', 'df1b0979357a', '142fe37315b6', '44dcc7493c65', 'singletext', '{"html": ""}'),
('2f87b17a7270', '1', 0, NULL, '2023-08-08 10:17:07', '2023-08-08 10:17:07', 'df1b0979357a', '142fe37315b6', '318e064ea0c9', 'singletext', '{"html": ""}'),
('df1b0979357a', NULL, 0, 'est', '2023-08-08 10:17:07', '2023-08-08 10:17:07', 'df1b0979357a', NULL, 'f17470519474', 'columnlayout', '{"columns": [{"slot": "1", "width": 12}]}'),
('02985d9636aa', '1', 2, NULL, '2023-08-08 10:17:07', '2023-08-08 10:17:07', 'df1b0979357a', 'df1b0979357a', 'f17470519474', 'columnlayout', '{"columns": [{"slot": "1", "width": 9}, {"slot": "2", "width": 3}]}'),
('142fe37315b6', '1', 0, NULL, '2023-08-08 10:17:07', '2023-08-08 10:17:07', 'df1b0979357a', 'df1b0979357a', 'f17470519474', 'columnlayout', '{"columns": [{"slot": "1", "width": 5}, {"slot": "2", "width": 7}]}'),
('8315db91e660', '1', 0, NULL, '2023-08-08 10:17:52', '2023-08-08 10:17:52', '2b379e00b5ae', '158394988bb8', '3ef17bd1df72', 'materialnode', NULL),
('09194f0457a7', '1', 0, NULL, '2023-08-08 10:17:52', '2023-08-08 10:17:52', '2b379e00b5ae', 'ec59f59aada2', '318e064ea0c9', 'singletext', '{"html": ""}'),
('20d788eb438d', '2', 0, NULL, '2023-08-08 10:17:52', '2023-08-08 10:17:52', '2b379e00b5ae', 'ec59f59aada2', '44dcc7493c65', 'singletext', '{"html": ""}'),
('05a9eb696c3f', '2', 0, NULL, '2023-08-08 10:17:52', '2023-08-08 10:17:52', '2b379e00b5ae', '158394988bb8', '4f0c657fecef', 'singletext', '{"html": ""}'),
('2b379e00b5ae', NULL, 0, NULL, '2023-08-08 10:17:52', '2023-08-08 10:17:52', '2b379e00b5ae', NULL, 'f17470519474', 'columnlayout', '{"columns": [{"slot": "1", "width": 12}]}'),
('ec59f59aada2', '1', 0, NULL, '2023-08-08 10:17:52', '2023-08-08 10:17:52', '2b379e00b5ae', '2b379e00b5ae', 'f17470519474', 'columnlayout', '{"columns": [{"slot": "1", "width": 4}, {"slot": "2", "width": 5}, {"slot": "3", "width": 3}]}'),
('158394988bb8', '1', 2, NULL, '2023-08-08 10:17:52', '2023-08-08 10:17:52', '2b379e00b5ae', '2b379e00b5ae', 'f17470519474', 'columnlayout', '{"columns": [{"slot": "1", "width": 9}, {"slot": "2", "width": 3}]}'),
('d0e7de7989e1', '1', 0, NULL, '2023-08-08 10:18:16', '2023-08-08 10:18:16', '3b2c006e285c', '607410ebf77d', '3ef17bd1df72', 'materialnode', NULL),
('50f617a75959', '1', 0, NULL, '2023-08-08 10:18:16', '2023-08-08 10:18:16', '3b2c006e285c', '763427a0b1db', '318e064ea0c9', 'singletext', '{"html": ""}'),
('c6c99efc6c18', '2', 0, NULL, '2023-08-08 10:18:16', '2023-08-08 10:18:16', '3b2c006e285c', '763427a0b1db', '44dcc7493c65', 'singletext', '{"html": ""}'),
('618eeab4c431', '2', 0, NULL, '2023-08-08 10:18:16', '2023-08-08 10:18:16', '3b2c006e285c', '607410ebf77d', '4f0c657fecef', 'singletext', '{"html": ""}'),
('3b2c006e285c', NULL, 0, NULL, '2023-08-08 10:18:16', '2023-08-08 10:18:16', '3b2c006e285c', NULL, 'f17470519474', 'columnlayout', '{"columns": [{"slot": "1", "width": 12}]}'),
('763427a0b1db', '1', 0, NULL, '2023-08-08 10:18:16', '2023-08-08 10:18:16', '3b2c006e285c', '3b2c006e285c', 'f17470519474', 'columnlayout', '{"columns": [{"slot": "1", "width": 4}, {"slot": "2", "width": 5}, {"slot": "3", "width": 3}]}'),
('607410ebf77d', '1', 2, NULL, '2023-08-08 10:18:16', '2023-08-08 10:18:16', '3b2c006e285c', '3b2c006e285c', 'f17470519474', 'columnlayout', '{"columns": [{"slot": "1", "width": 9}, {"slot": "2", "width": 3}]}'),
('835766eb6604', '1', 0, NULL, '2023-08-08 10:21:16', '2023-08-08 10:21:16', 'ac4d1c2c2e1d', '428379ac7b63', '3ef17bd1df72', 'materialnode', NULL),
('8f30f0808031', '2', 0, NULL, '2023-08-08 10:21:16', '2023-08-08 10:21:16', 'ac4d1c2c2e1d', '428379ac7b63', '4f0c657fecef', 'singletext', '{"html": ""}'),
('2f33bdb50b28', '2', 0, NULL, '2023-08-08 10:21:16', '2023-08-08 10:21:16', 'ac4d1c2c2e1d', '09a012940ff5', '44dcc7493c65', 'singletext', '{"html": ""}'),
('d7406c843c3e', '1', 0, NULL, '2023-08-08 10:21:16', '2023-08-08 10:21:16', 'ac4d1c2c2e1d', '09a012940ff5', '318e064ea0c9', 'singletext', '{"html": ""}'),
('428379ac7b63', '1', 2, NULL, '2023-08-08 10:21:16', '2023-08-08 10:21:16', 'ac4d1c2c2e1d', 'ac4d1c2c2e1d', 'f17470519474', 'columnlayout', '{"columns": [{"slot": "1", "width": 9}, {"slot": "2", "width": 3}]}'),
('09a012940ff5', '1', 0, NULL, '2023-08-08 10:21:16', '2023-08-08 10:21:16', 'ac4d1c2c2e1d', 'ac4d1c2c2e1d', 'f17470519474', 'columnlayout', '{"columns": [{"slot": "1", "width": 5}, {"slot": "2", "width": 7}]}'),
('5ddfe6f27052', '1', 0, NULL, '2023-08-08 10:16:36', '2023-08-08 13:02:27', '9b05b63b109e', 'e8c2a1a01a12', '318e064ea0c9', 'singletext', '{"html": "<p>Die Teilnehmer versammeln sich am Treffpunkt im Lager. Die Leiter erklären, dass heute eine aufregende Schatzsuche im Wald stattfinden wird. Die Kinder werden in Teams von 4-5 Personen eingeteilt und erhalten jeweils eine Karte des Waldgebiets.</p>"}'),
('7626c2eee49a', '3', 0, NULL, '2023-08-08 10:18:16', '2023-08-08 10:18:16', '3b2c006e285c', '763427a0b1db', '1a0f84e322c8', 'multiselect', '{"options": {"security": {"checked": false}, "outdoorTechnique": {"checked": false}, "pioneeringTechnique": {"checked": false}, "natureAndEnvironment": {"checked": false}, "campsiteAndSurroundings": {"checked": false}, "preventionAndIntegration": {"checked": false}}}'),
('b33f9f88be3d', '1', 1, NULL, '2023-08-08 10:18:16', '2023-08-08 10:18:16', '3b2c006e285c', '3b2c006e285c', 'cfccaecd4bad', 'storyboard', '{"sections": {"4c126a50-f729-46a7-8326-811586922995": {"column1": "", "column3": "", "position": 1, "column2Html": ""}}}'),
('663177b48a3c', '2', 0, NULL, '2023-08-08 10:14:26', '2023-08-08 13:43:35', 'e10d7ebf7f78', '96d523b02310', '44dcc7493c65', 'singletext', '{"html": "<p><br />Smartphones haben sich zu unverzichtbaren Alltagsbegleitern entwickelt. Sie dienen nicht nur der Kommunikation, sondern bieten Zugang zu einer Fülle von Informationen, Unterhaltung und Dienstleistungen. Von sozialen Medien über mobile Apps bis hin zur Navigation erleichtern Smartphones unser Leben erheblich. Dennoch ist es wichtig, ein gesundes Maß im Umgang mit diesen Geräten zu finden, um eine ausgewogene Nutzung zu gewährleisten und potenzielle Auswirkungen auf unsere physische und psychische Gesundheit zu minimieren.</p>"}'),
('70947b620e91', '1', 0, NULL, '2023-08-08 10:19:57', '2023-08-08 13:20:50', '0e6163bf956e', '22d15e0330cc', '318e064ea0c9', 'singletext', '{"html": "<p>Lorem ipsum dolor sit amet, consectetur adipiscing elit. Theophrasti igitur, inquit, tibi liber ille placet de beata vita? Quamquam ab iis philosophiam et omnes ingenuas disciplinas habemus; Quod autem satis est, eo quicquid accessit, nimium est; Nec hoc ille non vidit, sed verborum magnificentia est et gloria delectatus. Duo Reges: constructio interrete. Multa sunt dicta ab antiquis de contemnendis ac despiciendis rebus humanis; Mihi enim satis est, ipsis non satis. Nam aliquando posse recte fieri dicunt nulla expectata nec quaesita voluptate. Eaedem enim utilitates poterunt eas labefactare atque pervertere. Utrum igitur tibi litteram videor an totas paginas commovere? </p>"}'),
('698a6d64631f', '2', 0, NULL, '2023-08-08 10:20:31', '2023-08-08 13:29:13', 'c49b40c66692', '2a8316af6044', '44dcc7493c65', 'singletext', '{"html": "<p>Die Erde ist der einzige bekannte Planet, auf dem Leben existiert. Ihr komplexes Ökosystem umfasst vielfältige Lebensformen, die eng miteinander und mit ihrer Umwelt interagieren.</p>"}'),
('8da83b2a063d', '1', 0, NULL, '2023-08-08 10:18:24', '2023-08-08 10:18:24', '04f8d9ac0e54', '242243d001ea', '3ef17bd1df72', 'materialnode', NULL),
('a8c6a18d5dbf', '1', 0, NULL, '2023-08-08 10:18:24', '2023-08-08 10:18:24', '04f8d9ac0e54', '63ab5e8a4331', '318e064ea0c9', 'singletext', '{"html": ""}'),
('15983c396c5a', '2', 0, NULL, '2023-08-08 10:18:24', '2023-08-08 10:18:24', '04f8d9ac0e54', '63ab5e8a4331', '44dcc7493c65', 'singletext', '{"html": ""}'),
('5aa3adbde272', '2', 0, NULL, '2023-08-08 10:18:24', '2023-08-08 10:18:24', '04f8d9ac0e54', '242243d001ea', '4f0c657fecef', 'singletext', '{"html": ""}'),
('9d32699887e0', '3', 0, NULL, '2023-08-08 10:18:24', '2023-08-08 10:18:24', '04f8d9ac0e54', '63ab5e8a4331', '1a0f84e322c8', 'multiselect', '{"options": {"security": {"checked": false}, "outdoorTechnique": {"checked": false}, "pioneeringTechnique": {"checked": false}, "natureAndEnvironment": {"checked": false}, "campsiteAndSurroundings": {"checked": false}, "preventionAndIntegration": {"checked": false}}}'),
('aaa344ce4639', '1', 1, NULL, '2023-08-08 10:18:24', '2023-08-08 10:18:24', '04f8d9ac0e54', '04f8d9ac0e54', 'cfccaecd4bad', 'storyboard', '{"sections": {"4c126a50-f729-46a7-8326-811586922995": {"column1": "", "column3": "", "position": 1, "column2Html": ""}}}'),
('04f8d9ac0e54', NULL, 0, NULL, '2023-08-08 10:18:24', '2023-08-08 10:18:24', '04f8d9ac0e54', NULL, 'f17470519474', 'columnlayout', '{"columns": [{"slot": "1", "width": 12}]}'),
('63ab5e8a4331', '1', 0, NULL, '2023-08-08 10:18:24', '2023-08-08 10:18:24', '04f8d9ac0e54', '04f8d9ac0e54', 'f17470519474', 'columnlayout', '{"columns": [{"slot": "1", "width": 4}, {"slot": "2", "width": 5}, {"slot": "3", "width": 3}]}'),
('242243d001ea', '1', 2, NULL, '2023-08-08 10:18:24', '2023-08-08 10:18:24', '04f8d9ac0e54', '04f8d9ac0e54', 'f17470519474', 'columnlayout', '{"columns": [{"slot": "1", "width": 9}, {"slot": "2", "width": 3}]}'),
('62f9c777b687', '2', 0, NULL, '2023-08-08 10:20:55', '2023-08-08 13:33:50', '01eee1362ca4', '7706dfcb9486', '44dcc7493c65', 'singletext', '{"html": "<p>Die Erde ist der einzige bekannte Planet, auf dem Leben existiert. Ihr komplexes Ökosystem umfasst vielfältige Lebensformen, die eng miteinander und mit ihrer Umwelt interagieren.</p>"}'),
('963cec4704d0', '1', 0, NULL, '2023-08-08 10:19:57', '2023-08-08 10:19:57', '0e6163bf956e', '458ab192a6c4', '3ef17bd1df72', 'materialnode', NULL),
('7844e2204b91', '2', 0, NULL, '2023-08-08 10:19:57', '2023-08-08 10:19:57', '0e6163bf956e', '458ab192a6c4', '4f0c657fecef', 'singletext', '{"html": ""}'),
('0e6163bf956e', NULL, 0, NULL, '2023-08-08 10:19:57', '2023-08-08 10:19:57', '0e6163bf956e', NULL, 'f17470519474', 'columnlayout', '{"columns": [{"slot": "1", "width": 12}]}'),
('458ab192a6c4', '1', 2, NULL, '2023-08-08 10:19:57', '2023-08-08 10:19:57', '0e6163bf956e', '0e6163bf956e', 'f17470519474', 'columnlayout', '{"columns": [{"slot": "1", "width": 9}, {"slot": "2", "width": 3}]}'),
('22d15e0330cc', '1', 0, NULL, '2023-08-08 10:19:57', '2023-08-08 10:19:57', '0e6163bf956e', '0e6163bf956e', 'f17470519474', 'columnlayout', '{"columns": [{"slot": "1", "width": 5}, {"slot": "2", "width": 7}]}'),
('3ee585d569b7', '1', 0, NULL, '2023-08-08 10:20:31', '2023-08-08 10:20:31', 'c49b40c66692', 'cd5c09348e44', '3ef17bd1df72', 'materialnode', NULL),
('77abf83ab50e', '2', 0, NULL, '2023-08-08 10:20:31', '2023-08-08 10:20:31', 'c49b40c66692', 'cd5c09348e44', '4f0c657fecef', 'singletext', '{"html": ""}'),
('c49b40c66692', NULL, 0, NULL, '2023-08-08 10:20:31', '2023-08-08 10:20:31', 'c49b40c66692', NULL, 'f17470519474', 'columnlayout', '{"columns": [{"slot": "1", "width": 12}]}'),
('cd5c09348e44', '1', 2, NULL, '2023-08-08 10:20:31', '2023-08-08 10:20:31', 'c49b40c66692', 'c49b40c66692', 'f17470519474', 'columnlayout', '{"columns": [{"slot": "1", "width": 9}, {"slot": "2", "width": 3}]}'),
('2a8316af6044', '1', 0, NULL, '2023-08-08 10:20:31', '2023-08-08 10:20:31', 'c49b40c66692', 'c49b40c66692', 'f17470519474', 'columnlayout', '{"columns": [{"slot": "1", "width": 5}, {"slot": "2", "width": 7}]}'),
('eb96ed891e2a', '1', 0, NULL, '2023-08-08 10:20:55', '2023-08-08 10:20:55', '01eee1362ca4', '3ab58e3dc2ff', '3ef17bd1df72', 'materialnode', NULL),
('8a2e9cd60759', '2', 0, NULL, '2023-08-08 10:20:55', '2023-08-08 10:20:55', '01eee1362ca4', '3ab58e3dc2ff', '4f0c657fecef', 'singletext', '{"html": ""}'),
('01eee1362ca4', NULL, 0, NULL, '2023-08-08 10:20:55', '2023-08-08 10:20:55', '01eee1362ca4', NULL, 'f17470519474', 'columnlayout', '{"columns": [{"slot": "1", "width": 12}]}'),
('3ab58e3dc2ff', '1', 2, NULL, '2023-08-08 10:20:55', '2023-08-08 10:20:55', '01eee1362ca4', '01eee1362ca4', 'f17470519474', 'columnlayout', '{"columns": [{"slot": "1", "width": 9}, {"slot": "2", "width": 3}]}'),
('7706dfcb9486', '1', 0, NULL, '2023-08-08 10:20:55', '2023-08-08 10:20:55', '01eee1362ca4', '01eee1362ca4', 'f17470519474', 'columnlayout', '{"columns": [{"slot": "1", "width": 5}, {"slot": "2", "width": 7}]}'),
('ac4d1c2c2e1d', NULL, 0, NULL, '2023-08-08 10:21:16', '2023-08-08 10:21:16', 'ac4d1c2c2e1d', NULL, 'f17470519474', 'columnlayout', '{"columns": [{"slot": "1", "width": 12}]}'),
('d93641544b9d', '1', 0, NULL, '2023-08-08 10:21:40', '2023-08-08 10:21:40', '04b830860487', '31a8f738fe97', '3ef17bd1df72', 'materialnode', NULL),
('a1891171862f', '2', 0, NULL, '2023-08-08 10:21:40', '2023-08-08 10:21:40', '04b830860487', '31a8f738fe97', '4f0c657fecef', 'singletext', '{"html": ""}'),
('253d9a0650de', '2', 0, NULL, '2023-08-08 10:21:40', '2023-08-08 10:21:40', '04b830860487', 'f793393c421f', '44dcc7493c65', 'singletext', '{"html": ""}'),
('04b830860487', NULL, 0, NULL, '2023-08-08 10:21:40', '2023-08-08 10:21:40', '04b830860487', NULL, 'f17470519474', 'columnlayout', '{"columns": [{"slot": "1", "width": 12}]}'),
('31a8f738fe97', '1', 2, NULL, '2023-08-08 10:21:40', '2023-08-08 10:21:40', '04b830860487', '04b830860487', 'f17470519474', 'columnlayout', '{"columns": [{"slot": "1", "width": 9}, {"slot": "2", "width": 3}]}'),
('f793393c421f', '1', 0, NULL, '2023-08-08 10:21:40', '2023-08-08 10:21:40', '04b830860487', '04b830860487', 'f17470519474', 'columnlayout', '{"columns": [{"slot": "1", "width": 5}, {"slot": "2", "width": 7}]}'),
('922ea8b03d67', '1', 0, NULL, '2023-08-08 10:22:12', '2023-08-08 10:22:12', 'cbaf83653715', '8967d1c6408e', '3ef17bd1df72', 'materialnode', NULL),
('8628c0172cef', '2', 0, NULL, '2023-08-08 10:22:12', '2023-08-08 10:22:12', 'cbaf83653715', '8967d1c6408e', '4f0c657fecef', 'singletext', '{"html": ""}'),
('924e101722e7', '2', 0, NULL, '2023-08-08 10:22:12', '2023-08-08 10:22:12', 'cbaf83653715', '4d8fe736806c', '44dcc7493c65', 'singletext', '{"html": ""}'),
('3b119207f606', '1', 0, NULL, '2023-08-08 10:22:12', '2023-08-08 10:22:12', 'cbaf83653715', '4d8fe736806c', '318e064ea0c9', 'singletext', '{"html": ""}'),
('13add9e264c3', '1', 1, NULL, '2023-08-08 10:22:12', '2023-08-08 10:22:12', 'cbaf83653715', 'cbaf83653715', 'cfccaecd4bad', 'storyboard', '{"sections": {"effa3fa5-cd07-4e82-a8aa-198ed9a7c1d4": {"column1": "", "column3": "", "position": 1, "column2Html": ""}}}'),
('cbaf83653715', NULL, 0, NULL, '2023-08-08 10:22:12', '2023-08-08 10:22:12', 'cbaf83653715', NULL, 'f17470519474', 'columnlayout', '{"columns": [{"slot": "1", "width": 12}]}'),
('8967d1c6408e', '1', 2, NULL, '2023-08-08 10:22:12', '2023-08-08 10:22:12', 'cbaf83653715', 'cbaf83653715', 'f17470519474', 'columnlayout', '{"columns": [{"slot": "1", "width": 9}, {"slot": "2", "width": 3}]}'),
('4d8fe736806c', '1', 0, NULL, '2023-08-08 10:22:12', '2023-08-08 10:22:12', 'cbaf83653715', 'cbaf83653715', 'f17470519474', 'columnlayout', '{"columns": [{"slot": "1", "width": 5}, {"slot": "2", "width": 7}]}'),
('a904fc37feb4', '1', 0, NULL, '2023-08-08 10:24:56', '2023-08-08 10:24:56', 'bcc4998d2eae', '29fbd2732a6c', '3ef17bd1df72', 'materialnode', NULL),
('071b212cfb45', '2', 0, NULL, '2023-08-08 10:24:56', '2023-08-08 10:24:56', 'bcc4998d2eae', '29fbd2732a6c', '4f0c657fecef', 'singletext', '{"html": ""}'),
('37595ed7a315', '2', 0, NULL, '2023-08-08 10:24:56', '2023-08-08 10:24:56', 'bcc4998d2eae', '4d75c98d090f', '44dcc7493c65', 'singletext', '{"html": ""}'),
('ae3552fa702a', '1', 0, NULL, '2023-08-08 10:24:56', '2023-08-08 10:24:56', 'bcc4998d2eae', '4d75c98d090f', '318e064ea0c9', 'singletext', '{"html": ""}'),
('bcc4998d2eae', NULL, 0, NULL, '2023-08-08 10:24:56', '2023-08-08 10:24:56', 'bcc4998d2eae', NULL, 'f17470519474', 'columnlayout', '{"columns": [{"slot": "1", "width": 12}]}'),
('29fbd2732a6c', '1', 2, NULL, '2023-08-08 10:24:56', '2023-08-08 10:24:56', 'bcc4998d2eae', 'bcc4998d2eae', 'f17470519474', 'columnlayout', '{"columns": [{"slot": "1", "width": 9}, {"slot": "2", "width": 3}]}'),
('4d75c98d090f', '1', 0, NULL, '2023-08-08 10:24:56', '2023-08-08 10:24:56', 'bcc4998d2eae', 'bcc4998d2eae', 'f17470519474', 'columnlayout', '{"columns": [{"slot": "1", "width": 5}, {"slot": "2", "width": 7}]}'),
('c213999f9106', '1', 0, NULL, '2023-08-08 10:21:40', '2023-08-08 13:23:15', '04b830860487', 'f793393c421f', '318e064ea0c9', 'singletext', '{"html": ""}'),
('90eea5d289f3', '1', 1, NULL, '2023-08-08 10:21:40', '2023-08-08 13:23:25', '04b830860487', '04b830860487', 'cfccaecd4bad', 'storyboard', '{"sections": {"effa3fa5-cd07-4e82-a8aa-198ed9a7c1d4": {"column1": "", "column3": "", "position": 1, "column2Html": "<p>Fähnliabend für die Fähnli</p>"}}}'),
('e9e85a0a0d8a', '1', 0, NULL, '2023-08-08 10:25:47', '2023-08-08 10:25:47', '1288c093ea45', '3a95ebfb2d77', '3ef17bd1df72', 'materialnode', NULL),
('4448a01b8757', '1', 0, NULL, '2023-08-08 10:25:47', '2023-08-08 10:25:47', '1288c093ea45', 'dd740d52ca6e', '318e064ea0c9', 'singletext', '{"html": ""}'),
('0e10c0c02f0f', '2', 0, NULL, '2023-08-08 10:25:47', '2023-08-08 10:25:47', '1288c093ea45', 'dd740d52ca6e', '44dcc7493c65', 'singletext', '{"html": ""}'),
('2f526f5ad6bd', '2', 0, NULL, '2023-08-08 10:25:47', '2023-08-08 10:25:47', '1288c093ea45', '3a95ebfb2d77', '4f0c657fecef', 'singletext', '{"html": ""}'),
('1288c093ea45', NULL, 0, NULL, '2023-08-08 10:25:47', '2023-08-08 10:25:47', '1288c093ea45', NULL, 'f17470519474', 'columnlayout', '{"columns": [{"slot": "1", "width": 12}]}'),
('dd740d52ca6e', '1', 0, NULL, '2023-08-08 10:25:47', '2023-08-08 10:25:47', '1288c093ea45', '1288c093ea45', 'f17470519474', 'columnlayout', '{"columns": [{"slot": "1", "width": 4}, {"slot": "2", "width": 5}, {"slot": "3", "width": 3}]}'),
('3a95ebfb2d77', '1', 2, NULL, '2023-08-08 10:25:47', '2023-08-08 10:25:47', '1288c093ea45', '1288c093ea45', 'f17470519474', 'columnlayout', '{"columns": [{"slot": "1", "width": 9}, {"slot": "2", "width": 3}]}'),
('ca3d6449684f', '1', 1, NULL, '2023-08-08 09:56:45', '2023-08-08 13:30:18', 'd56e854fde29', 'd56e854fde29', 'cfccaecd4bad', 'storyboard', '{"sections": {"7412b417-389b-4458-b3dc-af3626a34b30": {"column1": "", "column3": "", "position": 1, "column2Html": "<p><br />In den letzten Jahrzehnten hat sich die Technologie in rasantem Tempo entwickelt und hat nahezu alle Aspekte unseres Lebens beeinflusst. Diese Entwicklung hat zahlreiche positive Auswirkungen, darunter verbesserte Kommunikation, effizientere Arbeitsprozesse und eine Fülle von Informationsquellen. Dennoch bringt sie auch Herausforderungen mit sich, die es zu bewältigen gilt.</p><p>Zu den positiven Aspekten gehören:</p><ol><li><p><strong>Kommunikation</strong>: Technologische Fortschritte haben die Kommunikation revolutioniert. Menschen können weltweit in Echtzeit miteinander in Verbindung treten, sei es über soziale Medien, Videoanrufe oder Nachrichten-Apps.</p></li><li><p><strong>Effizienzsteigerung</strong>: Technologie hat Arbeitsabläufe in vielen Branchen optimiert. Automatisierung, künstliche Intelligenz und maschinelles Lernen tragen dazu bei, Aufgaben schneller und präziser zu erledigen.</p></li><li><p><strong>Zugang zu Informationen</strong>: Das Internet bietet einen beispiellosen Zugang zu Wissen und Informationen. Bildung, Forschung und Lernen sind global zugänglich und erschwinglich geworden.</p></li></ol><p>Allerdings gibt es auch einige Herausforderungen:</p><ol><li><p><strong>Datenschutz</strong>: Die digitale Vernetzung führt zu Bedenken hinsichtlich Datenschutz und Privatsphäre. Persönliche Daten können leicht in die falschen Hände geraten.</p></li><li><p><strong>Abhängigkeit</strong>: Die zunehmende Abhängigkeit von Technologie kann negative Auswirkungen auf soziale Interaktionen und die physische Gesundheit haben.</p></li><li><p><strong>Ungleichheit</strong>: Technologische Fortschritte können zu einer Kluft zwischen Technologie-Nutzern und -Nichtnutzern führen, was soziale Ungleichheit verstärken kann.</p></li></ol><p>Es ist wichtig, die Vorteile der Technologie zu nutzen, während gleichzeitig bewusst mit ihren Herausforderungen umgegangen wird, um eine ausgewogene und nachhaltige Zukunft zu gestalten.</p>"}}}'),
('7d35dbf69c2f', '1', 0, NULL, '2023-08-08 10:31:35', '2023-08-08 13:27:10', 'b3b06ed47e3b', '4226c64d0052', '318e064ea0c9', 'singletext', '{"html": "<p>Die Erde ist der einzige bekannte Planet, auf dem Leben existiert. Ihr komplexes Ökosystem umfasst vielfältige Lebensformen, die eng miteinander und mit ihrer Umwelt interagieren.</p>"}'),
('0c86bb87e6c8', '1', 0, NULL, '2023-08-08 10:30:47', '2023-08-08 10:30:47', '2040a886a0fe', '4cd038db8eea', '3ef17bd1df72', 'materialnode', NULL),
('b03220dd1035', '2', 0, NULL, '2023-08-08 10:30:47', '2023-08-08 10:30:47', '2040a886a0fe', '4cd038db8eea', '4f0c657fecef', 'singletext', '{"html": ""}'),
('0f4385873e63', '2', 0, NULL, '2023-08-08 10:30:47', '2023-08-08 10:30:47', '2040a886a0fe', 'cd94f9a7a542', '44dcc7493c65', 'singletext', '{"html": ""}'),
('684949d01606', '1', 0, NULL, '2023-08-08 10:30:47', '2023-08-08 10:30:47', '2040a886a0fe', 'cd94f9a7a542', '318e064ea0c9', 'singletext', '{"html": ""}'),
('d7fdb2a7d9d2', '1', 1, NULL, '2023-08-08 10:30:47', '2023-08-08 10:30:47', '2040a886a0fe', '2040a886a0fe', 'cfccaecd4bad', 'storyboard', '{"sections": {"effa3fa5-cd07-4e82-a8aa-198ed9a7c1d4": {"column1": "", "column3": "", "position": 1, "column2Html": ""}}}'),
('2040a886a0fe', NULL, 0, NULL, '2023-08-08 10:30:47', '2023-08-08 10:30:47', '2040a886a0fe', NULL, 'f17470519474', 'columnlayout', '{"columns": [{"slot": "1", "width": 12}]}'),
('4cd038db8eea', '1', 2, NULL, '2023-08-08 10:30:47', '2023-08-08 10:30:47', '2040a886a0fe', '2040a886a0fe', 'f17470519474', 'columnlayout', '{"columns": [{"slot": "1", "width": 9}, {"slot": "2", "width": 3}]}'),
('cd94f9a7a542', '1', 0, NULL, '2023-08-08 10:30:47', '2023-08-08 10:30:47', '2040a886a0fe', '2040a886a0fe', 'f17470519474', 'columnlayout', '{"columns": [{"slot": "1", "width": 5}, {"slot": "2", "width": 7}]}'),
('0c01524a1b65', '1', 1, NULL, '2023-08-08 10:31:35', '2023-08-08 13:27:13', 'b3b06ed47e3b', 'b3b06ed47e3b', 'cfccaecd4bad', 'storyboard', '{"sections": {"56c67b3a-7d90-4f8f-bcff-a67233ce24be": {"column1": "", "column3": "", "position": 2, "column2Html": "<p>Die Erde ist der einzige bekannte Planet, auf dem Leben existiert. Ihr komplexes Ökosystem umfasst vielfältige Lebensformen, die eng miteinander und mit ihrer Umwelt interagieren.</p>"}, "effa3fa5-cd07-4e82-a8aa-198ed9a7c1d4": {"column1": "", "column3": "", "position": 1, "column2Html": "<p>Die Erde ist der einzige bekannte Planet, auf dem Leben existiert. Ihr komplexes Ökosystem umfasst vielfältige Lebensformen, die eng miteinander und mit ihrer Umwelt interagieren.</p>"}}}'),
('072fc98f0b14', '1', 0, NULL, '2023-08-08 10:31:35', '2023-08-08 10:31:35', 'b3b06ed47e3b', '6311d54a8048', '3ef17bd1df72', 'materialnode', NULL),
('9f1ce8585695', '2', 0, NULL, '2023-08-08 10:31:35', '2023-08-08 10:31:35', 'b3b06ed47e3b', '6311d54a8048', '4f0c657fecef', 'singletext', '{"html": ""}'),
('ee56b3b9d7bd', '2', 0, NULL, '2023-08-08 10:31:35', '2023-08-08 10:31:35', 'b3b06ed47e3b', '4226c64d0052', '44dcc7493c65', 'singletext', '{"html": ""}'),
('b3b06ed47e3b', NULL, 0, NULL, '2023-08-08 10:31:35', '2023-08-08 10:31:35', 'b3b06ed47e3b', NULL, 'f17470519474', 'columnlayout', '{"columns": [{"slot": "1", "width": 12}]}'),
('6311d54a8048', '1', 2, NULL, '2023-08-08 10:31:35', '2023-08-08 10:31:35', 'b3b06ed47e3b', 'b3b06ed47e3b', 'f17470519474', 'columnlayout', '{"columns": [{"slot": "1", "width": 9}, {"slot": "2", "width": 3}]}'),
('4226c64d0052', '1', 0, NULL, '2023-08-08 10:31:35', '2023-08-08 10:31:35', 'b3b06ed47e3b', 'b3b06ed47e3b', 'f17470519474', 'columnlayout', '{"columns": [{"slot": "1", "width": 5}, {"slot": "2", "width": 7}]}'),
('5f1e6919a44c', '2', 0, NULL, '2023-08-08 09:53:21', '2023-08-08 12:44:27', '28d1320a12cc', 'fb493199c424', '44dcc7493c65', 'singletext', '{"html": "<p>Apotheke ist Dabei</p>"}'),
('db908f01bbaa', '1', 0, NULL, '2023-08-08 10:20:55', '2023-08-08 13:33:45', '01eee1362ca4', '7706dfcb9486', '318e064ea0c9', 'singletext', '{"html": "<p>Smartphones haben sich zu unverzichtbaren Alltagsbegleitern entwickelt. Sie dienen nicht nur der Kommunikation, sondern bieten Zugang zu einer Fülle von Informationen, Unterhaltung und Dienstleistungen. Von sozialen Medien über mobile Apps bis hin zur Navigation erleichtern Smartphones unser Leben erheblich. Dennoch ist es wichtig, ein gesundes Maß im Umgang mit diesen Geräten zu finden, um eine ausgewogene Nutzung zu gewährleisten und potenzielle Auswirkungen auf unsere physische und psychische Gesundheit zu minimieren.</p>"}'),
('3eab9f7ee881', '3', 0, NULL, '2023-08-08 10:25:47', '2023-08-08 13:42:41', '1288c093ea45', 'dd740d52ca6e', '1a0f84e322c8', 'multiselect', '{"options": {"security": {"checked": false}, "outdoorTechnique": {"checked": false}, "pioneeringTechnique": {"checked": false}, "natureAndEnvironment": {"checked": false}, "campsiteAndSurroundings": {"checked": true}, "preventionAndIntegration": {"checked": true}}}'),
('9379acc4bf9b', '1', 0, NULL, '2023-08-08 09:53:21', '2023-08-08 12:47:23', '28d1320a12cc', 'fb493199c424', '318e064ea0c9', 'singletext', '{"html": "<p>Wir haben ja alle den Brief von Hogwarts bekommen, und sind jetzt in Kings Kross.</p><p>Hier sehen wir all die Leute, die zwischen Bahngleis 9 und 10 durch die Wand aufs Gleis 9 3/4 gehen.</p>"}'),
('9a81920a6e99', '1', 1, NULL, '2023-08-08 09:53:21', '2023-08-08 12:49:45', '28d1320a12cc', '28d1320a12cc', 'cfccaecd4bad', 'storyboard', '{"sections": {"7412b417-389b-4458-b3dc-af3626a34b30": {"column1": "", "column3": "", "position": 1, "column2Html": "<p>Bahnhof/Haltestelle Zeit Reise mit Informationen</p><p> Zürich Oerlikon, Bahnhof</p><p>       </p><p>Fussweg</p><p>4'' Fussweg 49 m</p><p>Zürich Oerlikon</p><p> ab 15:43 Gl. 1 S 14 19458 S-Bahn 14<br />Richtung: Affoltern am Albis <br /></p><ul><li></li></ul><p>Zürich Altstetten</p><p> an 15:54 Gl. 2</p><p>       </p><p>Umsteigen</p><p>Umsteigen</p><p>Zürich Altstetten</p><p> ab 15:59 Gl. 7 IR 35 2374 InterRegio 35<br />Richtung: Bern <br /></p><ul><li><p></p></li></ul><p>Aare Linth<br /> Olten</p><p> an 16:28 Gl. 9</p><p>       </p><p>Umsteigen</p><p>Umsteigen</p><p>Olten</p><p> ab 16:35 Gl. 1B-D S 20 7678 S-Bahn 20<br />Richtung: Biel/Bienne <br /></p><ul><li><p></p></li></ul><p>Wangen an der Aare</p><p> an 17:00 Gl. 3</p><p>       </p><p>Fussweg</p><p>10'' Fussweg 580 m</p>"}}}'),
('d5c2ece2bedf', '1', 0, NULL, '2023-08-08 10:15:50', '2023-08-08 12:51:26', '40dad30f1f06', '29da8e20360f', '318e064ea0c9', 'singletext', '{"html": "<p>Die Teilnehmer versammeln sich am Treffpunkt im Lager. Die Leiter erklären, dass heute eine aufregende Schatzsuche im Wald stattfinden wird. Die Kinder werden in Teams von 4-5 Personen eingeteilt und erhalten jeweils eine Karte des Waldgebiets.</p>"}'),
('4907bbfb4b38', '2', 0, NULL, '2023-08-08 10:15:50', '2023-08-08 12:51:57', '40dad30f1f06', '29da8e20360f', '44dcc7493c65', 'singletext', '{"html": "<p>Die Leiter erklären den Teilnehmern, wie man einen Kompass benutzt, um die Himmelsrichtungen zu bestimmen. Jedes Team bekommt einen Kompass und lernt die Grundlagen der Orientierung.</p><ul><li><p>Apotheke</p></li><li><p>Handy</p></li><li><p>Siko</p></li></ul>"}'),
('df0697b655d0', '1', 1, NULL, '2023-08-08 10:17:07', '2023-08-08 13:19:15', 'df1b0979357a', 'df1b0979357a', 'cfccaecd4bad', 'storyboard', '{"sections": {"02707c76-12e7-439a-a002-9c5dcbdd8801": {"column1": "00:45", "column3": "", "position": 4, "column2Html": "<p>Lorem ipsum dolor sit amet, consectetur adipiscing elit. Deprehensus omnem poenam contemnet. De vacuitate doloris eadem sententia erit. Contineo me ab exemplis. Duo Reges: constructio interrete. Omnes enim iucundum motum, quo sensus hilaretur. Bonum incolumis acies: misera caecitas. Ergo ita: non posse honeste vivi, nisi honeste vivatur? </p>"}, "22cd7841-a225-47df-b7da-698b17e870ee": {"column1": "01:30", "column3": "", "position": 6, "column2Html": "<p>Lorem ipsum dolor sit amet, consectetur adipiscing elit. Deprehensus omnem poenam contemnet. De vacuitate doloris eadem sententia erit. Contineo me ab exemplis. Duo Reges: constructio interrete. Omnes enim iucundum motum, quo sensus hilaretur. Bonum incolumis acies: misera caecitas. Ergo ita: non posse honeste vivi, nisi honeste vivatur? </p>"}, "7412b417-389b-4458-b3dc-af3626a34b30": {"column1": "00:00", "column3": "", "position": 1, "column2Html": "<p>Lorem ipsum dolor sit amet, consectetur adipiscing elit. Deprehensus omnem poenam contemnet. De vacuitate doloris eadem sententia erit. Contineo me ab exemplis. Duo Reges: constructio interrete. Omnes enim iucundum motum, quo sensus hilaretur. Bonum incolumis acies: misera caecitas. Ergo ita: non posse honeste vivi, nisi honeste vivatur? </p>"}, "b3824ecf-8ed9-457a-9f7d-8d2ea2866c26": {"column1": "01:15", "column3": "", "position": 5, "column2Html": "<p>Lorem ipsum dolor sit amet, consectetur adipiscing elit. Deprehensus omnem poenam contemnet. De vacuitate doloris eadem sententia erit. Contineo me ab exemplis. Duo Reges: constructio interrete. Omnes enim iucundum motum, quo sensus hilaretur. Bonum incolumis acies: misera caecitas. Ergo ita: non posse honeste vivi, nisi honeste vivatur? </p>"}, "c085166f-d469-458d-821e-781c17475c18": {"column1": "00:30", "column3": "", "position": 3, "column2Html": "<p>Lorem ipsum dolor sit amet, consectetur adipiscing elit. Deprehensus omnem poenam contemnet. De vacuitate doloris eadem sententia erit. Contineo me ab exemplis. Duo Reges: constructio interrete. Omnes enim iucundum motum, quo sensus hilaretur. Bonum incolumis acies: misera caecitas. Ergo ita: non posse honeste vivi, nisi honeste vivatur? </p>"}, "ed292871-8374-41ae-8124-c4271cb21492": {"column1": "00:15", "column3": "", "position": 2, "column2Html": "<p>Lorem ipsum dolor sit amet, consectetur adipiscing elit. Deprehensus omnem poenam contemnet. De vacuitate doloris eadem sententia erit. Contineo me ab exemplis. Duo Reges: constructio interrete. Omnes enim iucundum motum, quo sensus hilaretur. Bonum incolumis acies: misera caecitas. Ergo ita: non posse honeste vivi, nisi honeste vivatur? </p>"}}}'),
('7258ebc5454f', '1', 1, NULL, '2023-08-08 09:54:22', '2023-08-08 13:35:03', '190375b61413', '190375b61413', 'cfccaecd4bad', 'storyboard', '{"sections": {"5a61fcd6-0285-4b2e-826b-6410caf096c5": {"column1": "", "column3": "", "position": 3, "column2Html": "<p>Die Erde ist der einzige bekannte Planet, auf dem Leben existiert. Ihr komplexes Ökosystem umfasst vielfältige Lebensformen, die eng miteinander und mit ihrer Umwelt interagieren.</p>"}, "7412b417-389b-4458-b3dc-af3626a34b30": {"column1": "", "column3": "", "position": 1, "column2Html": "<p>Die Erde ist der einzige bekannte Planet, auf dem Leben existiert. Ihr komplexes Ökosystem umfasst vielfältige Lebensformen, die eng miteinander und mit ihrer Umwelt interagieren.</p>"}, "9504b43d-20c9-4de1-8403-bb9cf083878c": {"column1": "", "column3": "", "position": 2, "column2Html": "<p>Die Erde ist der einzige bekannte Planet, auf dem Leben existiert. Ihr komplexes Ökosystem umfasst vielfältige Lebensformen, die eng miteinander und mit ihrer Umwelt interagieren.</p>"}}}'),
('fd87fc972482', '1', 1, NULL, '2023-08-08 10:11:42', '2023-08-08 13:35:41', 'af53f5935834', 'af53f5935834', 'cfccaecd4bad', 'storyboard', '{"sections": {"26a120c8-7391-44aa-bf7a-3fdfc2c39f26": {"column1": "", "column3": "", "position": 6, "column2Html": "<p>Die Erde ist der einzige bekannte Planet, auf dem Leben existiert. Ihr komplexes Ökosystem umfasst vielfältige Lebensformen, die eng miteinander und mit ihrer Umwelt interagieren.</p>"}, "7412b417-389b-4458-b3dc-af3626a34b30": {"column1": "", "column3": "", "position": 1, "column2Html": "<p>Die Erde ist der einzige bekannte Planet, auf dem Leben existiert. Ihr komplexes Ökosystem umfasst vielfältige Lebensformen, die eng miteinander und mit ihrer Umwelt interagieren.</p>"}, "74bee006-5513-4a2d-80fa-d253abcbbfe3": {"column1": "", "column3": "", "position": 5, "column2Html": "<p>Die Erde ist der einzige bekannte Planet, auf dem Leben existiert. Ihr komplexes Ökosystem umfasst vielfältige Lebensformen, die eng miteinander und mit ihrer Umwelt interagieren.</p>"}, "ca756169-d097-4619-bd6d-b13060bea190": {"column1": "", "column3": "", "position": 4, "column2Html": "<p>Die Erde ist der einzige bekannte Planet, auf dem Leben existiert. Ihr komplexes Ökosystem umfasst vielfältige Lebensformen, die eng miteinander und mit ihrer Umwelt interagieren.</p>"}, "d50c32e8-3bb0-4d52-8d9e-8c26756a14b9": {"column1": "", "column3": "", "position": 2, "column2Html": "<p>Die Erde ist der einzige bekannte Planet, auf dem Leben existiert. Ihr komplexes Ökosystem umfasst vielfältige Lebensformen, die eng miteinander und mit ihrer Umwelt interagieren.</p>"}, "de1fe977-b2d4-4c71-85c8-b8916a4e7881": {"column1": "", "column3": "", "position": 3, "column2Html": "<p>Die Erde ist der einzige bekannte Planet, auf dem Leben existiert. Ihr komplexes Ökosystem umfasst vielfältige Lebensformen, die eng miteinander und mit ihrer Umwelt interagieren.</p>"}}}'),
('306bee302c4b', '2', 0, NULL, '2023-08-08 10:13:31', '2023-08-08 13:39:13', 'dece09ab0223', 'a1ddef982394', '44dcc7493c65', 'singletext', '{"html": "<ol><li><p><strong>Kommunikation</strong>: Technologische Fortschritte haben die Kommunikation revolutioniert. Menschen können weltweit in Echtzeit miteinander in Verbindung treten, sei es über soziale Medien, Videoanrufe oder Nachrichten-Apps.</p></li><li><p><strong>Effizienzsteigerung</strong>: Technologie hat Arbeitsabläufe in vielen Branchen optimiert. Automatisierung, künstliche Intelligenz und maschinelles Lernen tragen dazu bei, Aufgaben schneller und präziser zu erledigen.</p></li><li><p><strong>Zugang zu Informationen</strong>: Das Internet bietet einen beispiellosen Zugang zu Wissen und Informationen. Bildung, Forschung und Lernen sind global zugänglich und erschwinglich geworden.</p></li></ol>"}'),
('dfe08fa7de74', '1', 1, NULL, '2023-08-08 09:54:32', '2023-08-08 13:41:00', '9801114692ff', '9801114692ff', 'cfccaecd4bad', 'storyboard', '{"sections": {"7412b417-389b-4458-b3dc-af3626a34b30": {"column1": "", "column3": "", "position": 1, "column2Html": "<p>Die Erde ist der einzige bekannte Planet, auf dem Leben existiert. Ihr komplexes Ökosystem umfasst vielfältige Lebensformen, die eng miteinander und mit ihrer Umwelt interagieren.</p>"}, "c8bd5470-764e-4e73-a586-bdef8a6df9ac": {"column1": "", "column3": "", "position": 2, "column2Html": "<p>Die Erde ist der einzige bekannte Planet, auf dem Leben existiert. Ihr komplexes Ökosystem umfasst vielfältige Lebensformen, die eng miteinander und mit ihrer Umwelt interagieren.</p>"}, "e7e88f7a-3368-419c-b3a9-126e9f4511fe": {"column1": "", "column3": "", "position": 3, "column2Html": "<p>Die Erde ist der einzige bekannte Planet, auf dem Leben existiert. Ihr komplexes Ökosystem umfasst vielfältige Lebensformen, die eng miteinander und mit ihrer Umwelt interagieren.</p>"}}}'),
('862f23815209', '1', 1, NULL, '2023-08-08 10:19:57', '2023-08-08 13:21:59', '0e6163bf956e', '0e6163bf956e', 'cfccaecd4bad', 'storyboard', '{"sections": {"5ae40118-e423-4972-bb27-caee2065dbdf": {"column1": "20", "column3": "", "position": 2, "column2Html": "<p>Natürliche Ökosysteme spielen eine entscheidende Rolle im Erhalt der globalen Biodiversität und der Stabilität des Planeten. Diese vielfältigen Lebensräume bieten Lebensraum für eine breite Palette von Pflanzen und Tieren, von mikroskopisch kleinen Organismen bis hin zu majestätischen Raubtieren. Der reibungslose Ablauf dieser Ökosysteme hängt von komplexen Wechselwirkungen zwischen den verschiedenen Arten und den Umweltbedingungen ab. Von Regenwäldern bis hin zu Wüsten, von Ozeanen bis hin zu Flussufern - jedes Ökosystem trägt auf seine eigene Weise zur Aufrechterhaltung des ökologischen Gleichgewichts bei. Es ist von größter Bedeutung, diese Ökosysteme zu schützen und nachhaltige Praktiken zu fördern, um die langfristige Gesundheit unseres Planeten zu gewährleisten.</p>"}, "d8504cbc-993c-465b-a494-94968093ff6d": {"column1": "50", "column3": "", "position": 3, "column2Html": "<p>Natürliche Ökosysteme spielen eine entscheidende Rolle im Erhalt der globalen Biodiversität und der Stabilität des Planeten. Diese vielfältigen Lebensräume bieten Lebensraum für eine breite Palette von Pflanzen und Tieren, von mikroskopisch kleinen Organismen bis hin zu majestätischen Raubtieren. Der reibungslose Ablauf dieser Ökosysteme hängt von komplexen Wechselwirkungen zwischen den verschiedenen Arten und den Umweltbedingungen ab. Von Regenwäldern bis hin zu Wüsten, von Ozeanen bis hin zu Flussufern - jedes Ökosystem trägt auf seine eigene Weise zur Aufrechterhaltung des ökologischen Gleichgewichts bei. Es ist von größter Bedeutung, diese Ökosysteme zu schützen und nachhaltige Praktiken zu fördern, um die langfristige Gesundheit unseres Planeten zu gewährleisten.</p>"}, "effa3fa5-cd07-4e82-a8aa-198ed9a7c1d4": {"column1": "0", "column3": "", "position": 1, "column2Html": "<p>Natürliche Ökosysteme spielen eine entscheidende Rolle im Erhalt der globalen Biodiversität und der Stabilität des Planeten. Diese vielfältigen Lebensräume bieten Lebensraum für eine breite Palette von Pflanzen und Tieren, von mikroskopisch kleinen Organismen bis hin zu majestätischen Raubtieren. Der reibungslose Ablauf dieser Ökosysteme hängt von komplexen Wechselwirkungen zwischen den verschiedenen Arten und den Umweltbedingungen ab. Von Regenwäldern bis hin zu Wüsten, von Ozeanen bis hin zu Flussufern - jedes Ökosystem trägt auf seine eigene Weise zur Aufrechterhaltung des ökologischen Gleichgewichts bei. Es ist von größter Bedeutung, diese Ökosysteme zu schützen und nachhaltige Praktiken zu fördern, um die langfristige Gesundheit unseres Planeten zu gewährleisten.</p>"}}}'),
('d38a6fa4f600', '1', 1, NULL, '2023-08-08 09:54:05', '2023-08-08 13:26:43', '544d4ea12726', '544d4ea12726', 'cfccaecd4bad', 'storyboard', '{"sections": {"1fba4185-8be3-48e3-ac1b-8f82d0d77e47": {"column1": "", "column3": "", "position": 4, "column2Html": "<p>Die Erde ist der einzige bekannte Planet, auf dem Leben existiert. Ihr komplexes Ökosystem umfasst vielfältige Lebensformen, die eng miteinander und mit ihrer Umwelt interagieren.</p>"}, "4d164baf-0934-4b95-9eda-af75fad7c588": {"column1": "", "column3": "", "position": 5, "column2Html": "<p>Die Erde ist der einzige bekannte Planet, auf dem Leben existiert. Ihr komplexes Ökosystem umfasst vielfältige Lebensformen, die eng miteinander und mit ihrer Umwelt interagieren.</p>"}, "5da0b2f1-aad0-4ebd-9f59-aef454cd41b7": {"column1": "", "column3": "", "position": 3, "column2Html": "<p>Die Erde ist der einzige bekannte Planet, auf dem Leben existiert. Ihr komplexes Ökosystem umfasst vielfältige Lebensformen, die eng miteinander und mit ihrer Umwelt interagieren.</p>"}, "7412b417-389b-4458-b3dc-af3626a34b30": {"column1": "", "column3": "", "position": 1, "column2Html": "<p>Die Erde ist der einzige bekannte Planet, auf dem Leben existiert. Ihr komplexes Ökosystem umfasst vielfältige Lebensformen, die eng miteinander und mit ihrer Umwelt interagieren.</p>"}, "b67d458b-58a8-4c91-b2cb-de6642746683": {"column1": "", "column3": "", "position": 6, "column2Html": "<p>Die Erde ist der einzige bekannte Planet, auf dem Leben existiert. Ihr komplexes Ökosystem umfasst vielfältige Lebensformen, die eng miteinander und mit ihrer Umwelt interagieren.</p>"}, "c81f489b-92d0-4d80-a130-8d0fa3a1fc78": {"column1": "", "column3": "", "position": 2, "column2Html": "<p>Die Erde ist der einzige bekannte Planet, auf dem Leben existiert. Ihr komplexes Ökosystem umfasst vielfältige Lebensformen, die eng miteinander und mit ihrer Umwelt interagieren.</p>"}}}'),
('43775d7653a1', '1', 0, NULL, '2023-08-08 10:13:58', '2023-08-08 13:41:08', '95bc7e0ad749', 'c264eca0eac8', '318e064ea0c9', 'singletext', '{"html": "<p>Die Erde ist der einzige bekannte Planet, auf dem Leben existiert. Ihr komplexes Ökosystem umfasst vielfältige Lebensformen, die eng miteinander und mit ihrer Umwelt interagieren.</p>"}'),
('39a485d904fb', '1', 1, NULL, '2023-08-08 10:24:56', '2023-08-08 13:42:22', 'bcc4998d2eae', 'bcc4998d2eae', 'cfccaecd4bad', 'storyboard', '{"sections": {"834806f6-9cd3-4102-acd8-fd4a5c88590e": {"column1": "", "column3": "", "position": 2, "column2Html": "<p><br />Smartphones haben sich zu unverzichtbaren Alltagsbegleitern entwickelt. Sie dienen nicht nur der Kommunikation, sondern bieten Zugang zu einer Fülle von Informationen, Unterhaltung und Dienstleistungen. Von sozialen Medien über mobile Apps bis hin zur Navigation erleichtern Smartphones unser Leben erheblich. Dennoch ist es wichtig, ein gesundes Maß im Umgang mit diesen Geräten zu finden, um eine ausgewogene Nutzung zu gewährleisten und potenzielle Auswirkungen auf unsere physische und psychische Gesundheit zu minimieren.</p>"}, "effa3fa5-cd07-4e82-a8aa-198ed9a7c1d4": {"column1": "", "column3": "", "position": 1, "column2Html": "<p>Smartphones haben sich zu unverzichtbaren Alltagsbegleitern entwickelt. Sie dienen nicht nur der Kommunikation, sondern bieten Zugang zu einer Fülle von Informationen, Unterhaltung und Dienstleistungen. Von sozialen Medien über mobile Apps bis hin zur Navigation erleichtern Smartphones unser Leben erheblich. Dennoch ist es wichtig, ein gesundes Maß im Umgang mit diesen Geräten zu finden, um eine ausgewogene Nutzung zu gewährleisten und potenzielle Auswirkungen auf unsere physische und psychische Gesundheit zu minimieren.</p>"}}}'),
('efa31f102329', '1', 1, NULL, '2023-08-08 10:25:47', '2023-08-08 13:42:52', '1288c093ea45', '1288c093ea45', 'cfccaecd4bad', 'storyboard', '{"sections": {"215fda4f-d90d-4ff0-abaf-f71ce5188f8d": {"column1": "", "column3": "", "position": 2, "column2Html": "<p><br />Smartphones haben sich zu unverzichtbaren Alltagsbegleitern entwickelt. Sie dienen nicht nur der Kommunikation, sondern bieten Zugang zu einer Fülle von Informationen, Unterhaltung und Dienstleistungen. Von sozialen Medien über mobile Apps bis hin zur Navigation erleichtern Smartphones unser Leben erheblich. Dennoch ist es wichtig, ein gesundes Maß im Umgang mit diesen Geräten zu finden, um eine ausgewogene Nutzung zu gewährleisten und potenzielle Auswirkungen auf unsere physische und psychische Gesundheit zu minimieren.</p>"}, "4c126a50-f729-46a7-8326-811586922995": {"column1": "", "column3": "", "position": 1, "column2Html": "<p><br />Smartphones haben sich zu unverzichtbaren Alltagsbegleitern entwickelt. Sie dienen nicht nur der Kommunikation, sondern bieten Zugang zu einer Fülle von Informationen, Unterhaltung und Dienstleistungen. Von sozialen Medien über mobile Apps bis hin zur Navigation erleichtern Smartphones unser Leben erheblich. Dennoch ist es wichtig, ein gesundes Maß im Umgang mit diesen Geräten zu finden, um eine ausgewogene Nutzung zu gewährleisten und potenzielle Auswirkungen auf unsere physische und psychische Gesundheit zu minimieren.</p>"}, "886988cf-d419-4ac6-be21-286e2de7fe5c": {"column1": "", "column3": "", "position": 3, "column2Html": "<p><br />Smartphones haben sich zu unverzichtbaren Alltagsbegleitern entwickelt. Sie dienen nicht nur der Kommunikation, sondern bieten Zugang zu einer Fülle von Informationen, Unterhaltung und Dienstleistungen. Von sozialen Medien über mobile Apps bis hin zur Navigation erleichtern Smartphones unser Leben erheblich. Dennoch ist es wichtig, ein gesundes Maß im Umgang mit diesen Geräten zu finden, um eine ausgewogene Nutzung zu gewährleisten und potenzielle Auswirkungen auf unsere physische und psychische Gesundheit zu minimieren.</p>"}}}'),
('39d55466f113', '2', 0, NULL, '2023-08-08 10:19:57', '2023-08-08 13:21:35', '0e6163bf956e', '22d15e0330cc', '44dcc7493c65', 'singletext', '{"html": "<p>Natürliche Ökosysteme spielen eine entscheidende Rolle im Erhalt der globalen Biodiversität und der Stabilität des Planeten. Diese vielfältigen Lebensräume bieten Lebensraum für eine breite Palette von Pflanzen und Tieren, von mikroskopisch kleinen Organismen bis hin zu majestätischen Raubtieren. Der reibungslose Ablauf dieser Ökosysteme hängt von komplexen Wechselwirkungen zwischen den verschiedenen Arten und den Umweltbedingungen ab. Von Regenwäldern bis hin zu Wüsten, von Ozeanen bis hin zu Flussufern - jedes Ökosystem trägt auf seine eigene Weise zur Aufrechterhaltung des ökologischen Gleichgewichts bei. Es ist von größter Bedeutung, diese Ökosysteme zu schützen und nachhaltige Praktiken zu fördern, um die langfristige Gesundheit unseres Planeten zu gewährleisten.</p>"}'),
('966d91b9b747', '1', 1, NULL, '2023-08-08 10:15:50', '2023-08-08 12:54:39', '40dad30f1f06', '40dad30f1f06', 'cfccaecd4bad', 'storyboard', '{"sections": {"067523c1-001c-4792-8fa5-e1156d6b177b": {"column1": "00:30", "column3": "Salamander, Castor", "position": 3, "column2Html": "<p>Die Schatzkarten werden verteilt. Jedes Team erhält eine Karte mit markierten Wegpunkten im Wald, die sie zu verschiedenen Stationen führen. Die Teams müssen den Kompass verwenden, um die Richtung und die Entfernung zu den jeweiligen Stationen zu bestimmen.</p>"}, "0f1cea2e-280e-47f1-a793-9f219aeda0ba": {"column1": "02:00", "column3": "Snoopy", "position": 8, "column2Html": "<p>Ende der Pfadiübung. Die Teilnehmer sind stolz auf ihre Leistungen und haben eine unterhaltsame und lehrreiche Zeit im Wald verbracht.</p>"}, "638e045a-a50c-45c0-aad8-c60357eba601": {"column1": "00:15", "column3": "Salamander, Castor", "position": 2, "column2Html": "<p>Die Leiter erklären den Teilnehmern, wie man einen Kompass benutzt, um die Himmelsrichtungen zu bestimmen. Jedes Team bekommt einen Kompass und lernt die Grundlagen der Orientierung.</p>"}, "7123787d-5a75-4b97-a3fb-d035a57c28f1": {"column1": "01:45", "column3": "Salamander, Castor", "position": 7, "column2Html": "<p>Die Gruppen kehren zum Lager zurück. Gemeinsam besprechen sie die Herausforderungen der Schatzsuche, was sie gelernt haben und wie sie als Team zusammengearbeitet haben.</p>"}, "7412b417-389b-4458-b3dc-af3626a34b30": {"column1": "00:00", "column3": "Salamander, Castor", "position": 1, "column2Html": "<p>Die Teilnehmer versammeln sich am Treffpunkt im Lager. Die Leiter erklären, dass heute eine aufregende Schatzsuche im Wald stattfinden wird. Die Kinder werden in Teams von 4-5 Personen eingeteilt und erhalten jeweils eine Karte des Waldgebiets.</p>"}, "a449795a-8dbb-45a6-a755-ba408dcad03e": {"column1": "01:30", "column3": "Salamander, Castor", "position": 6, "column2Html": "<p>Die Teams erreichen das finale Schatzversteck. Dort entdecken sie eine Schatztruhe, die mit kleinen Belohnungen gefüllt ist, wie zum Beispiel Süßigkeiten, Abzeichen oder kleine Spielzeuge. Die Kinder freuen sich über ihre Errungenschaften und feiern ihren Erfolg.</p>"}, "b2e9ec8b-e7cf-41da-b174-350357bfcb85": {"column1": "01:15", "column3": "Snoopy", "position": 5, "column2Html": "<p>Die Teams haben nun mehrere Stationen durchlaufen und Hinweise gesammelt. Diese Hinweise ergeben zusammen die Koordinaten des finalen Schatzverstecks. Die Kinder sind aufgeregt und motiviert, den Schatz zu finden.</p>"}, "cb243c88-9c08-4bfb-8b9b-9b4afd057699": {"column1": "00:45", "column3": "Salamnder", "position": 4, "column2Html": "<p>Die Teams starten ihre Schatzsuche. An den markierten Stationen finden sie Rätsel oder Aufgaben, die gelöst werden müssen, um Hinweise auf den nächsten Wegpunkt zu erhalten. Die Rätsel sind altersgerecht und fördern die Teamarbeit sowie das logische Denken.</p>"}}}'),
('7090b4b3db73', '1', 1, NULL, '2023-08-08 10:12:15', '2023-08-08 13:36:08', '1f8a891c1ad8', '1f8a891c1ad8', 'cfccaecd4bad', 'storyboard', '{"sections": {"70e81723-60c9-41c9-9181-9bd788b6dbb6": {"column1": "", "column3": "", "position": 3, "column2Html": "<p>In den letzten Jahrzehnten hat sich die Technologie in rasantem Tempo entwickelt und hat nahezu alle Aspekte unseres Lebens beeinflusst. Diese Entwicklung hat zahlreiche positive Auswirkungen, darunter verbesserte Kommunikation, effizientere Arbeitsprozesse und eine Fülle von Informationsquellen. Dennoch bringt sie auch Herausforderungen mit sich, die es zu bewältigen gilt.</p><p>Zu den positiven Aspekten gehören:</p><ol><li><p><strong>Kommunikation</strong>: Technologische Fortschritte haben die Kommunikation revolutioniert. Menschen können weltweit in Echtzeit miteinander in Verbindung treten, sei es über soziale Medien, Videoanrufe oder Nachrichten-Apps.</p></li><li><p><strong>Effizienzsteigerung</strong>: Technologie hat Arbeitsabläufe in vielen Branchen optimiert. Automatisierung, künstliche Intelligenz und maschinelles Lernen tragen dazu bei, Aufgaben schneller und präziser zu erledigen.</p></li><li><p><strong>Zugang zu Informationen</strong>: Das Internet bietet einen beispiellosen Zugang zu Wissen und Informationen. Bildung, Forschung und Lernen sind global zugänglich und erschwinglich geworden.</p></li></ol><p>Allerdings gibt es auch einige Herausforderungen:</p><ol><li><p><strong>Datenschutz</strong>: Die digitale Vernetzung führt zu Bedenken hinsichtlich Datenschutz und Privatsphäre. Persönliche Daten können leicht in die falschen Hände geraten.</p></li><li><p><strong>Abhängigkeit</strong>: Die zunehmende Abhängigkeit von Technologie kann negative Auswirkungen auf soziale Interaktionen und die physische Gesundheit haben.</p></li><li><p><strong>Ungleichheit</strong>: Technologische Fortschritte können zu einer Kluft zwischen Technologie-Nutzern und -Nichtnutzern führen, was soziale Ungleichheit verstärken kann.</p></li></ol><p>Es ist wichtig, die Vorteile der Technologie zu nutzen, während gleichzeitig bewusst mit ihren Herausforderungen umgegangen wird, um eine ausgewogene und nachhaltige Zukunft zu gestalten.</p>"}, "7412b417-389b-4458-b3dc-af3626a34b30": {"column1": "", "column3": "", "position": 1, "column2Html": "<p>In den letzten Jahrzehnten hat sich die Technologie in rasantem Tempo entwickelt und hat nahezu alle Aspekte unseres Lebens beeinflusst. Diese Entwicklung hat zahlreiche positive Auswirkungen, darunter verbesserte Kommunikation, effizientere Arbeitsprozesse und eine Fülle von Informationsquellen. Dennoch bringt sie auch Herausforderungen mit sich, die es zu bewältigen gilt.</p><p>Zu den positiven Aspekten gehören:</p><ol><li><p><strong>Kommunikation</strong>: Technologische Fortschritte haben die Kommunikation revolutioniert. Menschen können weltweit in Echtzeit miteinander in Verbindung treten, sei es über soziale Medien, Videoanrufe oder Nachrichten-Apps.</p></li><li><p><strong>Effizienzsteigerung</strong>: Technologie hat Arbeitsabläufe in vielen Branchen optimiert. Automatisierung, künstliche Intelligenz und maschinelles Lernen tragen dazu bei, Aufgaben schneller und präziser zu erledigen.</p></li><li><p><strong>Zugang zu Informationen</strong>: Das Internet bietet einen beispiellosen Zugang zu Wissen und Informationen. Bildung, Forschung und Lernen sind global zugänglich und erschwinglich geworden.</p></li></ol><p>Allerdings gibt es auch einige Herausforderungen:</p><ol><li><p><strong>Datenschutz</strong>: Die digitale Vernetzung führt zu Bedenken hinsichtlich Datenschutz und Privatsphäre. Persönliche Daten können leicht in die falschen Hände geraten.</p></li><li><p><strong>Abhängigkeit</strong>: Die zunehmende Abhängigkeit von Technologie kann negative Auswirkungen auf soziale Interaktionen und die physische Gesundheit haben.</p></li><li><p><strong>Ungleichheit</strong>: Technologische Fortschritte können zu einer Kluft zwischen Technologie-Nutzern und -Nichtnutzern führen, was soziale Ungleichheit verstärken kann.</p></li></ol><p>Es ist wichtig, die Vorteile der Technologie zu nutzen, während gleichzeitig bewusst mit ihren Herausforderungen umgegangen wird, um eine ausgewogene und nachhaltige Zukunft zu gestalten.</p>"}, "c1cd8ed3-3b98-4dcc-a9f6-c9069bb179e2": {"column1": "", "column3": "", "position": 2, "column2Html": "<p>In den letzten Jahrzehnten hat sich die Technologie in rasantem Tempo entwickelt und hat nahezu alle Aspekte unseres Lebens beeinflusst. Diese Entwicklung hat zahlreiche positive Auswirkungen, darunter verbesserte Kommunikation, effizientere Arbeitsprozesse und eine Fülle von Informationsquellen. Dennoch bringt sie auch Herausforderungen mit sich, die es zu bewältigen gilt.</p><p>Zu den positiven Aspekten gehören:</p><ol><li><p><strong>Kommunikation</strong>: Technologische Fortschritte haben die Kommunikation revolutioniert. Menschen können weltweit in Echtzeit miteinander in Verbindung treten, sei es über soziale Medien, Videoanrufe oder Nachrichten-Apps.</p></li><li><p><strong>Effizienzsteigerung</strong>: Technologie hat Arbeitsabläufe in vielen Branchen optimiert. Automatisierung, künstliche Intelligenz und maschinelles Lernen tragen dazu bei, Aufgaben schneller und präziser zu erledigen.</p></li><li><p><strong>Zugang zu Informationen</strong>: Das Internet bietet einen beispiellosen Zugang zu Wissen und Informationen. Bildung, Forschung und Lernen sind global zugänglich und erschwinglich geworden.</p></li></ol><p>Allerdings gibt es auch einige Herausforderungen:</p><ol><li><p><strong>Datenschutz</strong>: Die digitale Vernetzung führt zu Bedenken hinsichtlich Datenschutz und Privatsphäre. Persönliche Daten können leicht in die falschen Hände geraten.</p></li><li><p><strong>Abhängigkeit</strong>: Die zunehmende Abhängigkeit von Technologie kann negative Auswirkungen auf soziale Interaktionen und die physische Gesundheit haben.</p></li><li><p><strong>Ungleichheit</strong>: Technologische Fortschritte können zu einer Kluft zwischen Technologie-Nutzern und -Nichtnutzern führen, was soziale Ungleichheit verstärken kann.</p></li></ol><p>Es ist wichtig, die Vorteile der Technologie zu nutzen, während gleichzeitig bewusst mit ihren Herausforderungen umgegangen wird, um eine ausgewogene und nachhaltige Zukunft zu gestalten.</p>"}, "d3ea45e2-8838-4887-aaf7-2902fca12baf": {"column1": "", "column3": "", "position": 4, "column2Html": ""}}}'),
('42ae9b7f3127', '1', 1, NULL, '2023-08-08 10:13:31', '2023-08-08 13:39:29', 'dece09ab0223', 'dece09ab0223', 'cfccaecd4bad', 'storyboard', '{"sections": {"0f1792d0-1b1f-43f5-af15-77a9cb8e5432": {"column1": "", "column3": "", "position": 3, "column2Html": "<p>In den letzten Jahrzehnten hat sich die Technologie in rasantem Tempo entwickelt und hat nahezu alle Aspekte unseres Lebens beeinflusst. Diese Entwicklung hat zahlreiche positive Auswirkungen, darunter verbesserte Kommunikation, effizientere Arbeitsprozesse und eine Fülle von Informationsquellen. Dennoch bringt sie auch Herausforderungen mit sich, die es zu bewältigen gilt.</p>"}, "6cc41aa5-2fd1-4ad6-ab25-260d737062d2": {"column1": "", "column3": "", "position": 2, "column2Html": "<p>In den letzten Jahrzehnten hat sich die Technologie in rasantem Tempo entwickelt und hat nahezu alle Aspekte unseres Lebens beeinflusst. Diese Entwicklung hat zahlreiche positive Auswirkungen, darunter verbesserte Kommunikation, effizientere Arbeitsprozesse und eine Fülle von Informationsquellen. Dennoch bringt sie auch Herausforderungen mit sich, die es zu bewältigen gilt.</p>"}, "7412b417-389b-4458-b3dc-af3626a34b30": {"column1": "", "column3": "", "position": 1, "column2Html": "<p>In den letzten Jahrzehnten hat sich die Technologie in rasantem Tempo entwickelt und hat nahezu alle Aspekte unseres Lebens beeinflusst. Diese Entwicklung hat zahlreiche positive Auswirkungen, darunter verbesserte Kommunikation, effizientere Arbeitsprozesse und eine Fülle von Informationsquellen. Dennoch bringt sie auch Herausforderungen mit sich, die es zu bewältigen gilt.</p>"}}}'),
('6894a74755fa', '1', 1, NULL, '2023-08-08 10:16:36', '2023-08-08 13:04:17', '9b05b63b109e', '9b05b63b109e', 'cfccaecd4bad', 'storyboard', '{"sections": {"56336f59-8b73-45a7-a807-d0235b0501db": {"column1": "00:45", "column3": "", "position": 4, "column2Html": "<p>Die Teams starten ihre Schatzsuche. An den markierten Stationen finden sie Rätsel oder Aufgaben, die gelöst werden müssen, um Hinweise auf den nächsten Wegpunkt zu erhalten. Die Rätsel sind altersgerecht und fördern die Teamarbeit sowie das logische Denken.</p>"}, "7412b417-389b-4458-b3dc-af3626a34b30": {"column1": "00:00", "column3": "", "position": 1, "column2Html": "<p>Die Teilnehmer versammeln sich am Treffpunkt im Lager. Die Leiter erklären, dass heute eine aufregende Schatzsuche im Wald stattfinden wird. Die Kinder werden in Teams von 4-5 Personen eingeteilt und erhalten jeweils eine Karte des Waldgebiets.</p>"}, "9c752a02-6c2e-403f-a06a-71309299e983": {"column1": "00:15", "column3": "", "position": 2, "column2Html": "<p>Die Leiter erklären den Teilnehmern, wie man einen Kompass benutzt, um die Himmelsrichtungen zu bestimmen. Jedes Team bekommt einen Kompass und lernt die Grundlagen der Orientierung.</p>"}, "b3cd34bc-92b6-49de-9dc4-dcb2f23c3e01": {"column1": "01:30", "column3": "", "position": 6, "column2Html": "<p>Die Teams erreichen das finale Schatzversteck. Dort entdecken sie eine Schatztruhe, die mit kleinen Belohnungen gefüllt ist, wie zum Beispiel Süßigkeiten, Abzeichen oder kleine Spielzeuge. Die Kinder freuen sich über ihre Errungenschaften und feiern ihren Erfolg.</p>"}, "c5df80a0-0f6c-4e3c-9fea-bbbc30593226": {"column1": "01:15", "column3": "", "position": 5, "column2Html": "<p>Die Teams haben nun mehrere Stationen durchlaufen und Hinweise gesammelt. Diese Hinweise ergeben zusammen die Koordinaten des finalen Schatzverstecks. Die Kinder sind aufgeregt und motiviert, den Schatz zu finden.</p>"}, "c65c5d44-1878-4fb3-844a-4939ffc1ca73": {"column1": "00:30", "column3": "", "position": 3, "column2Html": "<p>Die Schatzkarten werden verteilt. Jedes Team erhält eine Karte mit markierten Wegpunkten im Wald, die sie zu verschiedenen Stationen führen. Die Teams müssen den Kompass verwenden, um die Richtung und die Entfernung zu den jeweiligen Stationen zu bestimmen.</p>"}}}'),
('5df3c0e13899', '1', 1, NULL, '2023-08-08 10:14:26', '2023-08-08 13:43:53', 'e10d7ebf7f78', 'e10d7ebf7f78', 'cfccaecd4bad', 'storyboard', '{"sections": {"7412b417-389b-4458-b3dc-af3626a34b30": {"column1": "", "column3": "", "position": 1, "column2Html": "<p><br />Smartphones haben sich zu unverzichtbaren Alltagsbegleitern entwickelt. Sie dienen nicht nur der Kommunikation, sondern bieten Zugang zu einer Fülle von Informationen, Unterhaltung und Dienstleistungen. Von sozialen Medien über mobile Apps bis hin zur Navigation erleichtern Smartphones unser Leben erheblich. Dennoch ist es wichtig, ein gesundes Maß im Umgang mit diesen Geräten zu finden, um eine ausgewogene Nutzung zu gewährleisten und potenzielle Auswirkungen auf unsere physische und psychische Gesundheit zu minimieren.</p>"}, "7e0d92a7-bf83-4f14-8253-0d7515d0b4ba": {"column1": "", "column3": "", "position": 4, "column2Html": "<p><br />Smartphones haben sich zu unverzichtbaren Alltagsbegleitern entwickelt. Sie dienen nicht nur der Kommunikation, sondern bieten Zugang zu einer Fülle von Informationen, Unterhaltung und Dienstleistungen. Von sozialen Medien über mobile Apps bis hin zur Navigation erleichtern Smartphones unser Leben erheblich. Dennoch ist es wichtig, ein gesundes Maß im Umgang mit diesen Geräten zu finden, um eine ausgewogene Nutzung zu gewährleisten und potenzielle Auswirkungen auf unsere physische und psychische Gesundheit zu minimieren.</p>"}, "a33a2d2d-cfae-4cfa-9f23-57d390304bd2": {"column1": "", "column3": "", "position": 3, "column2Html": "<p><br />Smartphones haben sich zu unverzichtbaren Alltagsbegleitern entwickelt. Sie dienen nicht nur der Kommunikation, sondern bieten Zugang zu einer Fülle von Informationen, Unterhaltung und Dienstleistungen. Von sozialen Medien über mobile Apps bis hin zur Navigation erleichtern Smartphones unser Leben erheblich. Dennoch ist es wichtig, ein gesundes Maß im Umgang mit diesen Geräten zu finden, um eine ausgewogene Nutzung zu gewährleisten und potenzielle Auswirkungen auf unsere physische und psychische Gesundheit zu minimieren.</p>"}, "a5838e3c-a926-48a3-b060-e3d9756abf98": {"column1": "", "column3": "", "position": 2, "column2Html": "<p><br />Smartphones haben sich zu unverzichtbaren Alltagsbegleitern entwickelt. Sie dienen nicht nur der Kommunikation, sondern bieten Zugang zu einer Fülle von Informationen, Unterhaltung und Dienstleistungen. Von sozialen Medien über mobile Apps bis hin zur Navigation erleichtern Smartphones unser Leben erheblich. Dennoch ist es wichtig, ein gesundes Maß im Umgang mit diesen Geräten zu finden, um eine ausgewogene Nutzung zu gewährleisten und potenzielle Auswirkungen auf unsere physische und psychische Gesundheit zu minimieren.</p>"}}}'),
('f574bebf354b', '1', 1, NULL, '2023-08-08 09:55:13', '2023-08-08 13:06:47', '055bc74bad55', '055bc74bad55', 'cfccaecd4bad', 'storyboard', '{"sections": {"125510c4-3fb2-4836-ab84-fecd34662f9c": {"column1": "00:45", "column3": "", "position": 4, "column2Html": "<p>Die Teams starten ihre Schatzsuche. An den markierten Stationen finden sie Rätsel oder Aufgaben, die gelöst werden müssen, um Hinweise auf den nächsten Wegpunkt zu erhalten. Die Rätsel sind altersgerecht und fördern die Teamarbeit sowie das logische Denken.</p>"}, "431f3995-4da8-4902-ada4-8acecce0c4ed": {"column1": "00:30", "column3": "", "position": 3, "column2Html": "<p>Die Schatzkarten werden verteilt. Jedes Team erhält eine Karte mit markierten Wegpunkten im Wald, die sie zu verschiedenen Stationen führen. Die Teams müssen den Kompass verwenden, um die Richtung und die Entfernung zu den jeweiligen Stationen zu bestimmen.</p>"}, "60be378a-d494-48e9-ad8e-4c42563e8a86": {"column1": "00:15", "column3": "", "position": 2, "column2Html": "<p>Die Leiter erklären den Teilnehmern, wie man einen Kompass benutzt, um die Himmelsrichtungen zu bestimmen. Jedes Team bekommt einen Kompass und lernt die Grundlagen der Orientierung.</p>"}, "7412b417-389b-4458-b3dc-af3626a34b30": {"column1": "00:00", "column3": "", "position": 1, "column2Html": "<p>Die Teilnehmer versammeln sich am Treffpunkt im Lager. Die Leiter erklären, dass heute eine aufregende Schatzsuche im Wald stattfinden wird. Die Kinder werden in Teams von 4-5 Personen eingeteilt und erhalten jeweils eine Karte des Waldgebiets.</p>"}, "d4f57a2a-9bf2-438e-8984-64a5354dabd0": {"column1": "01:30", "column3": "", "position": 6, "column2Html": "<p>Die Teams erreichen das finale Schatzversteck. Dort entdecken sie eine Schatztruhe, die mit kleinen Belohnungen gefüllt ist, wie zum Beispiel Süßigkeiten, Abzeichen oder kleine Spielzeuge. Die Kinder freuen sich über ihre Errungenschaften und feiern ihren Erfolg.</p>"}, "f321a314-f4c1-4027-8894-3b758745c90a": {"column1": "01:15", "column3": "", "position": 5, "column2Html": "<p>Die Teams haben nun mehrere Stationen durchlaufen und Hinweise gesammelt. Diese Hinweise ergeben zusammen die Koordinaten des finalen Schatzverstecks. Die Kinder sind aufgeregt und motiviert, den Schatz zu finden.</p>"}}}'),
('bcf81f8822a6', '1', 1, NULL, '2023-08-08 10:20:31', '2023-08-08 13:29:32', 'c49b40c66692', 'c49b40c66692', 'cfccaecd4bad', 'storyboard', '{"sections": {"3c47dcdf-ed7c-42bc-a12a-9d1a223a6d45": {"column1": "", "column3": "", "position": 2, "column2Html": "<p>Die Erde ist der einzige bekannte Planet, auf dem Leben existiert. Ihr komplexes Ökosystem umfasst vielfältige Lebensformen, die eng miteinander und mit ihrer Umwelt interagieren.</p>"}, "52181da4-8dad-4c39-9584-7bef9a368da1": {"column1": "", "column3": "", "position": 6, "column2Html": "<p>Die Erde ist der einzige bekannte Planet, auf dem Leben existiert. Ihr komplexes Ökosystem umfasst vielfältige Lebensformen, die eng miteinander und mit ihrer Umwelt interagieren.</p>"}, "7504fbf1-d126-44f1-bfab-9cbdb420938a": {"column1": "", "column3": "", "position": 3, "column2Html": "<p>Die Erde ist der einzige bekannte Planet, auf dem Leben existiert. Ihr komplexes Ökosystem umfasst vielfältige Lebensformen, die eng miteinander und mit ihrer Umwelt interagieren.</p>"}, "9c7e117b-cfa2-4d13-84f0-d1ca5bb9f639": {"column1": "", "column3": "", "position": 4, "column2Html": "<p>Die Erde ist der einzige bekannte Planet, auf dem Leben existiert. Ihr komplexes Ökosystem umfasst vielfältige Lebensformen, die eng miteinander und mit ihrer Umwelt interagieren.</p>"}, "edf482ed-9f67-4ab7-ab96-4ed337debb00": {"column1": "", "column3": "", "position": 5, "column2Html": "<p>Die Erde ist der einzige bekannte Planet, auf dem Leben existiert. Ihr komplexes Ökosystem umfasst vielfältige Lebensformen, die eng miteinander und mit ihrer Umwelt interagieren.</p>"}, "effa3fa5-cd07-4e82-a8aa-198ed9a7c1d4": {"column1": "", "column3": "", "position": 1, "column2Html": "<p>Die Erde ist der einzige bekannte Planet, auf dem Leben existiert. Ihr komplexes Ökosystem umfasst vielfältige Lebensformen, die eng miteinander und mit ihrer Umwelt interagieren.</p>"}}}'),
('7eddf3aaa560', '1', 1, NULL, '2023-08-08 09:53:49', '2023-08-08 13:09:20', '9e7cd70bbff1', '9e7cd70bbff1', 'cfccaecd4bad', 'storyboard', '{"sections": {"23309bc0-7518-42c9-99a1-9cc35a7d429f": {"column1": "00:30", "column3": "", "position": 3, "column2Html": "<p>Die Schatzkarten werden verteilt. Jedes Team erhält eine Karte mit markierten Wegpunkten im Wald, die sie zu verschiedenen Stationen führen. Die Teams müssen den Kompass verwenden, um die Richtung und die Entfernung zu den jeweiligen Stationen zu bestimmen.</p>"}, "7412b417-389b-4458-b3dc-af3626a34b30": {"column1": "00:00", "column3": "", "position": 1, "column2Html": "<p>Die Teilnehmer versammeln sich am Treffpunkt im Lager. Die Leiter erklären, dass heute eine aufregende Schatzsuche im Wald stattfinden wird. Die Kinder werden in Teams von 4-5 Personen eingeteilt und erhalten jeweils eine Karte des Waldgebiets.</p>"}, "f280f4f8-db1d-4a98-b84a-d9abe7d52e10": {"column1": "00:15", "column3": "", "position": 2, "column2Html": "<p>Die Leiter erklären den Teilnehmern, wie man einen Kompass benutzt, um die Himmelsrichtungen zu bestimmen. Jedes Team bekommt einen Kompass und lernt die Grundlagen der Orientierung.</p>"}}}'),
('85f501c26503', '1', 1, NULL, '2023-08-08 10:20:55', '2023-08-08 13:34:21', '01eee1362ca4', '01eee1362ca4', 'cfccaecd4bad', 'storyboard', '{"sections": {"247b29f1-59e5-4d59-8111-83fb3305adaa": {"column1": "", "column3": "", "position": 2, "column2Html": "<p><br />In den letzten Jahrzehnten hat sich die Technologie in rasantem Tempo entwickelt und hat nahezu alle Aspekte unseres Lebens beeinflusst. Diese Entwicklung hat zahlreiche positive Auswirkungen, darunter verbesserte Kommunikation, effizientere Arbeitsprozesse und eine Fülle von Informationsquellen. Dennoch bringt sie auch Herausforderungen mit sich, die es zu bewältigen gilt.</p>"}, "2cec518f-fc6a-4820-a195-3b78414a4b9a": {"column1": "", "column3": "", "position": 5, "column2Html": "<p><br />In den letzten Jahrzehnten hat sich die Technologie in rasantem Tempo entwickelt und hat nahezu alle Aspekte unseres Lebens beeinflusst. Diese Entwicklung hat zahlreiche positive Auswirkungen, darunter verbesserte Kommunikation, effizientere Arbeitsprozesse und eine Fülle von Informationsquellen. Dennoch bringt sie auch Herausforderungen mit sich, die es zu bewältigen gilt.</p>"}, "6326c0d6-5d69-4308-b80a-3689ea970871": {"column1": "", "column3": "", "position": 6, "column2Html": "<p><br />In den letzten Jahrzehnten hat sich die Technologie in rasantem Tempo entwickelt und hat nahezu alle Aspekte unseres Lebens beeinflusst. Diese Entwicklung hat zahlreiche positive Auswirkungen, darunter verbesserte Kommunikation, effizientere Arbeitsprozesse und eine Fülle von Informationsquellen. Dennoch bringt sie auch Herausforderungen mit sich, die es zu bewältigen gilt.</p>"}, "69307fe7-c1ad-4291-86c7-60f8ac8758d0": {"column1": "", "column3": "", "position": 3, "column2Html": "<p><br />In den letzten Jahrzehnten hat sich die Technologie in rasantem Tempo entwickelt und hat nahezu alle Aspekte unseres Lebens beeinflusst. Diese Entwicklung hat zahlreiche positive Auswirkungen, darunter verbesserte Kommunikation, effizientere Arbeitsprozesse und eine Fülle von Informationsquellen. Dennoch bringt sie auch Herausforderungen mit sich, die es zu bewältigen gilt.</p>"}, "d3513bdb-061b-4190-86ef-ff03191b4191": {"column1": "", "column3": "", "position": 4, "column2Html": "<p><br />In den letzten Jahrzehnten hat sich die Technologie in rasantem Tempo entwickelt und hat nahezu alle Aspekte unseres Lebens beeinflusst. Diese Entwicklung hat zahlreiche positive Auswirkungen, darunter verbesserte Kommunikation, effizientere Arbeitsprozesse und eine Fülle von Informationsquellen. Dennoch bringt sie auch Herausforderungen mit sich, die es zu bewältigen gilt.</p>"}, "db646a6d-880c-4f56-9238-184d01189a3b": {"column1": "", "column3": "", "position": 7, "column2Html": "<p><br />In den letzten Jahrzehnten hat sich die Technologie in rasantem Tempo entwickelt und hat nahezu alle Aspekte unseres Lebens beeinflusst. Diese Entwicklung hat zahlreiche positive Auswirkungen, darunter verbesserte Kommunikation, effizientere Arbeitsprozesse und eine Fülle von Informationsquellen. Dennoch bringt sie auch Herausforderungen mit sich, die es zu bewältigen gilt.</p>"}, "effa3fa5-cd07-4e82-a8aa-198ed9a7c1d4": {"column1": "", "column3": "", "position": 1, "column2Html": "<p><br />In den letzten Jahrzehnten hat sich die Technologie in rasantem Tempo entwickelt und hat nahezu alle Aspekte unseres Lebens beeinflusst. Diese Entwicklung hat zahlreiche positive Auswirkungen, darunter verbesserte Kommunikation, effizientere Arbeitsprozesse und eine Fülle von Informationsquellen. Dennoch bringt sie auch Herausforderungen mit sich, die es zu bewältigen gilt.</p>"}}}'),
('4314f1b9e007', '1', 1, NULL, '2023-08-08 09:55:35', '2023-08-08 13:16:04', '808938f16fc8', '808938f16fc8', 'cfccaecd4bad', 'storyboard', '{"sections": {"1c42c9a8-e968-4a77-add7-ed616824b38b": {"column1": "00:10", "column3": "", "position": 2, "column2Html": "<p>Lorem ipsum dolor sit amet, consectetur adipiscing elit. Quid autem habent admirationis, cum prope accesseris? Aliter autem vobis placet. </p><p>Ne in odium veniam, si amicum destitero tueri. Nondum autem explanatum satis, erat, quid maxime natura vellet. In schola desinis. </p><p>Tu quidem reddes; Sed ad bona praeterita redeamus. Duo Reges: constructio interrete. Tecum optime, deinde etiam cum mediocri amico. </p><p>\tHaeret in salebra.</p><p>\tErgo et avarus erit, sed finite, et adulter, verum habebit modum, et luxuriosus eodem modo.</p><p>\tFacete M.</p><p>\tCerte, nisi voluptatem tanti aestimaretis.</p><p>\tStoicos roga.</p><p>\tItaque his sapiens semper vacabit.</p><p>\tBork</p><p>\tCum autem negant ea quicquam ad beatam vitam pertinere, rursus naturam relinquunt.</p>"}, "7412b417-389b-4458-b3dc-af3626a34b30": {"column1": "00:00", "column3": "", "position": 1, "column2Html": "<p>Lorem ipsum dolor sit amet, consectetur adipiscing elit. At ille pellit, qui permulcet sensum voluptate. Non est igitur voluptas bonum. Quae duo sunt, unum facit. Proclivi currit oratio. Egone quaeris, inquit, quid sentiam? </p><p>\tImmo videri fortasse.</p><p>\tEam si varietatem diceres, intellegerem, ut etiam non dicente te intellego;</p><p>\tProclivi currit oratio.</p><p>\tTu vero, inquam, ducas licet, si sequetur;</p><p>\tCerte non potest.</p><p>\tA primo, ut opinor, animantium ortu petitur origo summi boni.</p><p>\tBork</p><p>\tEst igitur officium eius generis, quod nec in bonis ponatur nec in contrariis.</p><p>Equidem e Cn. Velut ego nunc moveor. Tuo vero id quidem, inquam, arbitratu. Cur deinde Metrodori liberos commendas? Istic sum, inquit. Nemo igitur esse beatus potest. </p><p>Quod cum dixissent, ille contra. Confecta res esset. Sullae consulatum? Inde igitur, inquit, ordiendum est. Huius ego nunc auctoritatem sequens idem faciam. At multis malis affectus. </p><p>Tu vero, inquam, ducas licet, si sequetur; Philosophi autem in suis lectulis plerumque moriuntur. Hoc loco tenere se Triarius non potuit. Eam stabilem appellas. Bestiarum vero nullum iudicium puto. Vide, quantum, inquam, fallare, Torquate. Paria sunt igitur. Videsne quam sit magna dissensio? </p><p>Duo Reges: constructio interrete. De hominibus dici non necesse est. Sed ad bona praeterita redeamus. Eadem nunc mea adversum te oratio est. </p>"}, "a9f5a2cd-bb70-4189-88d2-ee81407e7d13": {"column1": "", "column3": "", "position": 4, "column2Html": ""}, "f6ea31be-f007-4a13-a821-b4e628d32542": {"column1": "", "column3": "", "position": 3, "column2Html": "<p>Lorem ipsum dolor sit amet, consectetur adipiscing elit. Bork Sint ista Graecorum; Duo Reges: constructio interrete. Eam tum adesse, cum dolor omnis absit; </p><p>\tBork</p><p>\tQuod autem ratione actum est, id officium appellamus.</p><p>\tQuae sequuntur igitur?</p><p>\tNon igitur de improbo, sed de callido improbo quaerimus, qualis Q.</p><p>\tStoici scilicet.</p><p>\tFortitudinis quaedam praecepta sunt ac paene leges, quae effeminari virum vetant in dolore.</p><p>\tQui convenit?</p><p>\tQuam illa ardentis amores excitaret sui! Cur tandem?</p><p>\tBork</p><p>\tQuid ei reliquisti, nisi te, quoquo modo loqueretur, intellegere, quid diceret?</p><p>Quod totum contra est. Idem iste, inquam, de voluptate quid sentit? Bork Murenam te accusante defenderem. Duo enim genera quae erant, fecit tria. </p><p>Age, inquies, ista parva sunt. Bonum valitudo: miser morbus. Sumenda potius quam expetenda. Audeo dicere, inquit. Id enim natura desiderat. Non est ista, inquam, Piso, magna dissensio. Quid autem habent admirationis, cum prope accesseris? </p>"}}}'),
('d471fa96ff06', '1', 1, NULL, '2023-08-08 09:56:21', '2023-08-08 13:24:38', '7095586488d0', '7095586488d0', 'cfccaecd4bad', 'storyboard', '{"sections": {"2ad67a5c-6de1-43a2-a8e4-c633794725c9": {"column1": "", "column3": "", "position": 3, "column2Html": "<p>Die rasante Entwicklung von künstlicher Intelligenz (KI) hat tiefgreifende Auswirkungen auf verschiedene Bereiche unseres Lebens. Von automatisierten Kundenbetreuungssystemen bis hin zu fortschrittlichen medizinischen Diagnosewerkzeugen verändert KI die Art und Weise, wie wir arbeiten, kommunizieren und Entscheidungen treffen.</p>"}, "7412b417-389b-4458-b3dc-af3626a34b30": {"column1": "", "column3": "", "position": 1, "column2Html": "<p>Die rasante Entwicklung von künstlicher Intelligenz (KI) hat tiefgreifende Auswirkungen auf verschiedene Bereiche unseres Lebens. Von automatisierten Kundenbetreuungssystemen bis hin zu fortschrittlichen medizinischen Diagnosewerkzeugen verändert KI die Art und Weise, wie wir arbeiten, kommunizieren und Entscheidungen treffen.</p>"}, "790469e9-b890-4624-8afa-7d87f56d822d": {"column1": "", "column3": "", "position": 4, "column2Html": "<p>Die rasante Entwicklung von künstlicher Intelligenz (KI) hat tiefgreifende Auswirkungen auf verschiedene Bereiche unseres Lebens. Von automatisierten Kundenbetreuungssystemen bis hin zu fortschrittlichen medizinischen Diagnosewerkzeugen verändert KI die Art und Weise, wie wir arbeiten, kommunizieren und Entscheidungen treffen.</p>"}, "874cbafd-8fe4-49ed-9fb1-0bd8e519b994": {"column1": "", "column3": "", "position": 5, "column2Html": "<p>Die rasante Entwicklung von künstlicher Intelligenz (KI) hat tiefgreifende Auswirkungen auf verschiedene Bereiche unseres Lebens. Von automatisierten Kundenbetreuungssystemen bis hin zu fortschrittlichen medizinischen Diagnosewerkzeugen verändert KI die Art und Weise, wie wir arbeiten, kommunizieren und Entscheidungen treffen.</p>"}, "ce0889d8-2609-4e41-aa89-23caf43a0407": {"column1": "", "column3": "", "position": 2, "column2Html": "<p>Die rasante Entwicklung von künstlicher Intelligenz (KI) hat tiefgreifende Auswirkungen auf verschiedene Bereiche unseres Lebens. Von automatisierten Kundenbetreuungssystemen bis hin zu fortschrittlichen medizinischen Diagnosewerkzeugen verändert KI die Art und Weise, wie wir arbeiten, kommunizieren und Entscheidungen treffen.</p>"}}}'),
('77c0ec2ef99a', '1', 1, NULL, '2023-08-08 10:17:52', '2023-08-08 13:28:54', '2b379e00b5ae', '2b379e00b5ae', 'cfccaecd4bad', 'storyboard', '{"sections": {"1650b848-66ce-4481-a89a-6fc3b43da9f2": {"column1": "", "column3": "", "position": 4, "column2Html": "<p>Die Erde ist der einzige bekannte Planet, auf dem Leben existiert. Ihr komplexes Ökosystem umfasst vielfältige Lebensformen, die eng miteinander und mit ihrer Umwelt interagieren.</p>"}, "45ae22cc-8458-4495-b7ce-58f67d5ba6d6": {"column1": "", "column3": "", "position": 2, "column2Html": "<p>Die Erde ist der einzige bekannte Planet, auf dem Leben existiert. Ihr komplexes Ökosystem umfasst vielfältige Lebensformen, die eng miteinander und mit ihrer Umwelt interagieren.</p>"}, "4c126a50-f729-46a7-8326-811586922995": {"column1": "", "column3": "", "position": 1, "column2Html": "<p>Die Erde ist der einzige bekannte Planet, auf dem Leben existiert. Ihr komplexes Ökosystem umfasst vielfältige Lebensformen, die eng miteinander und mit ihrer Umwelt interagieren.</p>"}, "65360004-c48b-4e78-87da-fe7f0b921014": {"column1": "", "column3": "", "position": 7, "column2Html": ""}, "6aecc2fc-b14d-4650-99a0-26020c8d049f": {"column1": "", "column3": "", "position": 3, "column2Html": "<p>Die Erde ist der einzige bekannte Planet, auf dem Leben existiert. Ihr komplexes Ökosystem umfasst vielfältige Lebensformen, die eng miteinander und mit ihrer Umwelt interagieren.</p>"}, "bc975626-3e34-4db7-8f1f-f243106ef19a": {"column1": "", "column3": "", "position": 6, "column2Html": "<p>Die Erde ist der einzige bekannte Planet, auf dem Leben existiert. Ihr komplexes Ökosystem umfasst vielfältige Lebensformen, die eng miteinander und mit ihrer Umwelt interagieren.</p>"}, "eb5555ce-254f-4c65-8d0b-d29349ae1776": {"column1": "", "column3": "", "position": 5, "column2Html": "<p>In den letzten Jahrzehnten hat sich die Technologie in rasantem Tempo entwickelt und hat nahezu alle Aspekte unseres Lebens beeinflusst. Diese Entwicklung hat zahlreiche positive Auswirkungen, darunter verbesserte Kommunikation, effizientere Arbeitsprozesse und eine Fülle von Informationsquellen. Dennoch bringt sie auch Herausforderungen mit sich, die es zu bewältigen gilt.</p><p>Zu den positiven Aspekten gehören:</p><ol><li><p><strong>Kommunikation</strong>: Technologische Fortschritte haben die Kommunikation revolutioniert. Menschen können weltweit in Echtzeit miteinander in Verbindung treten, sei es über soziale Medien, Videoanrufe oder Nachrichten-Apps.</p></li><li><p><strong>Effizienzsteigerung</strong>: Technologie hat Arbeitsabläufe in vielen Branchen optimiert. Automatisierung, künstliche Intelligenz und maschinelles Lernen tragen dazu bei, Aufgaben schneller und präziser zu erledigen.</p></li><li><p><strong>Zugang zu Informationen</strong>: Das Internet bietet einen beispiellosen Zugang zu Wissen und Informationen. Bildung, Forschung und Lernen sind global zugänglich und erschwinglich geworden.</p></li></ol><p>Allerdings gibt es auch einige Herausforderungen:</p><ol><li><p><strong>Datenschutz</strong>: Die digitale Vernetzung führt zu Bedenken hinsichtlich Datenschutz und Privatsphäre. Persönliche Daten können leicht in die falschen Hände geraten.</p></li><li><p><strong>Abhängigkeit</strong>: Die zunehmende Abhängigkeit von Technologie kann negative Auswirkungen auf soziale Interaktionen und die physische Gesundheit haben.</p></li><li><p><strong>Ungleichheit</strong>: Technologische Fortschritte können zu einer Kluft zwischen Technologie-Nutzern und -Nichtnutzern führen, was soziale Ungleichheit verstärken kann.</p></li></ol><p>Es ist wichtig, die Vorteile der Technologie zu nutzen, während gleichzeitig bewusst mit ihren Herausforderungen umgegangen wird, um eine ausgewogene und nachhaltige Zukunft zu gestalten.</p>"}, "f940e27b-695c-4e5a-ae52-1b45bac4a520": {"column1": "", "column3": "", "position": 8, "column2Html": ""}}}'),
('c58d39536021', '2', 0, NULL, '2023-08-08 09:56:45', '2023-08-08 13:30:12', 'd56e854fde29', '9812c0915566', '44dcc7493c65', 'singletext', '{"html": "<p>Smartphones haben sich zu unverzichtbaren Alltagsbegleitern entwickelt. Sie dienen nicht nur der Kommunikation, sondern bieten Zugang zu einer Fülle von Informationen, Unterhaltung und Dienstleistungen. Von sozialen Medien über mobile Apps bis hin zur Navigation erleichtern Smartphones unser Leben erheblich. Dennoch ist es wichtig, ein gesundes Maß im Umgang mit diesen Geräten zu finden, um eine ausgewogene Nutzung zu gewährleisten und potenzielle Auswirkungen auf unsere physische und psychische Gesundheit zu minimieren.</p>"}'),
('0a5da1cf2cef', '2', 0, NULL, '2023-08-08 10:12:15', '2023-08-08 13:36:24', '1f8a891c1ad8', '81842894479d', '44dcc7493c65', 'singletext', '{"html": "<ol><li><p><strong>Kommunikation</strong>: Technologische Fortschritte haben die Kommunikation revolutioniert. Menschen können weltweit in Echtzeit miteinander in Verbindung treten, sei es über soziale Medien, Videoanrufe oder Nachrichten-Apps.</p></li><li><p><strong>Effizienzsteigerung</strong>: Technologie hat Arbeitsabläufe in vielen Branchen optimiert. Automatisierung, künstliche Intelligenz und maschinelles Lernen tragen dazu bei, Aufgaben schneller und präziser zu erledigen.</p></li><li><p><strong>Zugang zu Informationen</strong>: Das Internet bietet einen beispiellosen Zugang zu Wissen und Informationen. Bildung, Forschung und Lernen sind global zugänglich und erschwinglich geworden.</p></li></ol><p>Allerdings gibt es auch einige Herausforderungen:</p><ol><li><p><strong>Datenschutz</strong>: Die digitale Vernetzung führt zu Bedenken hinsichtlich Datenschutz und Privatsphäre. Persönliche Daten können leicht in die falschen Hände geraten.</p></li><li><p><strong>Abhängigkeit</strong>: Die zunehmende Abhängigkeit von Technologie kann negative Auswirkungen auf soziale Interaktionen und die physische Gesundheit haben.</p></li><li><p><strong>Ungleichheit</strong>: Technologische Fortschritte können zu einer Kluft zwischen Technologie-Nutzern und -Nichtnutzern führen, was soziale Ungleichheit verstärken kann.</p></li></ol>"}'),
('0761740cf885', '1', 1, NULL, '2023-08-08 10:21:16', '2023-08-08 13:39:47', 'ac4d1c2c2e1d', 'ac4d1c2c2e1d', 'cfccaecd4bad', 'storyboard', '{"sections": {"558bd532-989e-4032-8199-606d6de488ec": {"column1": "", "column3": "", "position": 3, "column2Html": "<p>In den letzten Jahrzehnten hat sich die Technologie in rasantem Tempo entwickelt und hat nahezu alle Aspekte unseres Lebens beeinflusst. Diese Entwicklung hat zahlreiche positive Auswirkungen, darunter verbesserte Kommunikation, effizientere Arbeitsprozesse und eine Fülle von Informationsquellen. Dennoch bringt sie auch Herausforderungen mit sich, die es zu bewältigen gilt.</p>"}, "92ff4f49-555e-4189-a524-9e85c0bb785f": {"column1": "", "column3": "", "position": 2, "column2Html": "<p>In den letzten Jahrzehnten hat sich die Technologie in rasantem Tempo entwickelt und hat nahezu alle Aspekte unseres Lebens beeinflusst. Diese Entwicklung hat zahlreiche positive Auswirkungen, darunter verbesserte Kommunikation, effizientere Arbeitsprozesse und eine Fülle von Informationsquellen. Dennoch bringt sie auch Herausforderungen mit sich, die es zu bewältigen gilt.</p>"}, "effa3fa5-cd07-4e82-a8aa-198ed9a7c1d4": {"column1": "", "column3": "", "position": 1, "column2Html": "<p>In den letzten Jahrzehnten hat sich die Technologie in rasantem Tempo entwickelt und hat nahezu alle Aspekte unseres Lebens beeinflusst. Diese Entwicklung hat zahlreiche positive Auswirkungen, darunter verbesserte Kommunikation, effizientere Arbeitsprozesse und eine Fülle von Informationsquellen. Dennoch bringt sie auch Herausforderungen mit sich, die es zu bewältigen gilt.</p>"}}}'),
('7bab094cb36c', '1', 1, NULL, '2023-08-08 10:13:58', '2023-08-08 13:41:17', '95bc7e0ad749', '95bc7e0ad749', 'cfccaecd4bad', 'storyboard', '{"sections": {"101a9918-312b-49b3-a5e5-0a5f886014a6": {"column1": "", "column3": "", "position": 2, "column2Html": "<p>Die Erde ist der einzige bekannte Planet, auf dem Leben existiert. Ihr komplexes Ökosystem umfasst vielfältige Lebensformen, die eng miteinander und mit ihrer Umwelt interagieren.</p>"}, "59c0d77f-7c65-4996-8de1-d44b9665e946": {"column1": "", "column3": "", "position": 4, "column2Html": "<p>Die Erde ist der einzige bekannte Planet, auf dem Leben existiert. Ihr komplexes Ökosystem umfasst vielfältige Lebensformen, die eng miteinander und mit ihrer Umwelt interagieren.</p>"}, "7412b417-389b-4458-b3dc-af3626a34b30": {"column1": "", "column3": "", "position": 1, "column2Html": "<p>Die Erde ist der einzige bekannte Planet, auf dem Leben existiert. Ihr komplexes Ökosystem umfasst vielfältige Lebensformen, die eng miteinander und mit ihrer Umwelt interagieren.</p>"}, "cce00fc2-3ce5-4845-ac8a-c4e434059aef": {"column1": "", "column3": "", "position": 3, "column2Html": "<p>Die Erde ist der einzige bekannte Planet, auf dem Leben existiert. Ihr komplexes Ökosystem umfasst vielfältige Lebensformen, die eng miteinander und mit ihrer Umwelt interagieren.</p>"}}}');



INSERT INTO public.category (id, categoryprototypeid, short, name, color, numberingstyle, campid, rootcontentnodeid, createtime, updatetime) VALUES
	('cf2586caa87c', NULL, 'LS', 'Lagersport', '#4DBB52', '1', '6430aecc5422', '0b8894aba174', '2022-01-23 16:19:10', '2022-01-23 16:19:10'),
	('dbc3fbcc684c', NULL, 'LS', 'Lagersport', '#4DBB52', '1', 'e5027d852487', 'fb21b1c912fd', '2022-01-23 16:19:10', '2022-02-04 21:43:57'),
	('84b0ebdf5dc0', NULL, 'LA', 'Lageraktivität', '#FF9800', 'A', 'e5027d852487', '8fa1c8e597c3', '2022-02-04 21:41:51', '2022-02-04 21:41:51'),
	('9b3a5138cbcf', NULL, 'ES', 'Essen', '#BBBBBB', '1', 'e5027d852487', '697312a460a8', '2022-02-04 23:10:41', '2022-02-04 23:10:41'),
	('c8a56ebb4d2a', NULL, 'LP', 'Lagerprogramm', '#90B7E4', '1', 'e5027d852487', '9b0e779f3238', '2022-02-04 23:11:03', '2022-02-04 23:11:34'),
	('a023e85227ac', 'dbc3fbcc684c', 'LS', 'Lagersport', '#4DBB52', '1', '3c79b99ab424', '2cce9e17a368', '2023-08-08 07:53:12', '2023-08-08 07:53:12'),
	('1a869b162875', '84b0ebdf5dc0', 'LA', 'Lageraktivität', '#FF9800', 'A', '3c79b99ab424', 'be9b6b7f23f6', '2023-08-08 07:53:12', '2023-08-08 07:53:12'),
	('ebfd46a1c181', '9b3a5138cbcf', 'ES', 'Essen', '#BBBBBB', '1', '3c79b99ab424', '9d7b3a220fb4', '2023-08-08 07:53:12', '2023-08-08 07:53:12'),
	('dfa531302823', 'c8a56ebb4d2a', 'LP', 'Lagerprogramm', '#90B7E4', '1', '3c79b99ab424', '63cbc734fa04', '2023-08-08 07:53:12', '2023-08-08 07:53:12'),
	('d7dfd3fdc611', 'dbc3fbcc684c', 'LS', 'Lagersport', '#4DBB52', '1', '6973c230d6b1', '8f995143ca71', '2023-08-08 09:22:58', '2023-08-08 09:22:58'),
	('e7559fc16388', '84b0ebdf5dc0', 'LA', 'Lageraktivität', '#FF9800', 'A', '6973c230d6b1', '2e7a9509cd7f', '2023-08-08 09:22:58', '2023-08-08 09:22:58'),
	('0aa473d50266', '9b3a5138cbcf', 'ES', 'Essen', '#BBBBBB', '1', '6973c230d6b1', '76e71a025f85', '2023-08-08 09:22:58', '2023-08-08 09:22:58'),
	('8f18191a3125', 'c8a56ebb4d2a', 'LP', 'Lagerprogramm', '#90B7E4', '1', '6973c230d6b1', '221db1cd28fb', '2023-08-08 09:22:58', '2023-08-08 09:22:58'),
	('bfc355d9a35c', NULL, 'VL', 'Voilà', '#F01766', '1', '6973c230d6b1', '83565ae49d61', '2023-08-08 09:24:47', '2023-08-08 09:24:47'),
    ('b7721601a682', 'dbc3fbcc684c', 'LS', 'Lagersport', '#4DBB52', '1', '9c2447aefe38', 'c2b6dff860e5', '2023-08-12 17:41:55', '2023-08-12 17:41:55'),
    ('2d384fe45589', '84b0ebdf5dc0', 'LA', 'Lageraktivität', '#FF9800', 'A', '9c2447aefe38', '27e64b35f155', '2023-08-12 17:41:55', '2023-08-12 17:41:55'),
    ('1573d6aa833b', '9b3a5138cbcf', 'ES', 'Essen', '#BBBBBB', '1', '9c2447aefe38', 'dc75baaba771', '2023-08-12 17:41:55', '2023-08-12 17:41:55'),
    ('08d980d19c77', 'c8a56ebb4d2a', 'LP', 'Lagerprogramm', '#90B7E4', '1', '9c2447aefe38', 'd7c126cfce5e', '2023-08-12 17:41:55', '2023-08-12 17:41:55'),
    ('0e68ebf6246b', null, 'Glf', 'Golf', '#77FFFB', '1', '9c2447aefe38', '217775d82f59', '2023-08-12 17:47:13', '2023-08-12 17:47:13'),
    ('87fe2eb3d112', null, 'HG', 'Hiking', '#79773B', 'a', '9c2447aefe38', 'c5d2741d93ca', '2023-08-12 17:48:47', '2023-08-12 17:48:47'),
    ('a60ef56a554b', null, 'YG', 'Yoga', '#7C0D80', 'A', '9c2447aefe38', '0f50c26e1edb', '2023-08-12 17:49:49', '2023-08-12 17:49:49'),
    ('664685d4f70d', null, 'RUN', 'Running', '#FF0F00', 'i', '9c2447aefe38', '9d6f2f561e47', '2023-08-12 17:51:26', '2023-08-12 17:51:26'),
    ('25500127b3c7', null, 'Msc', 'Music', '#1763B8', 'I', '9c2447aefe38', '23a037c64e04', '2023-08-12 17:52:11', '2023-08-12 17:52:11'),
    ('296b503f509a', null, 'G', 'Gardening', '#077E0E', 'A', '9c2447aefe38', 'e04bc7243067', '2023-08-12 17:53:02', '2023-08-12 17:53:02'),
    ('c5e1bc565094', null, 'DNC', 'Dance', '#FF75EB', 'I', '9c2447aefe38', 'a7f30ddb4934', '2023-08-12 17:54:05', '2023-08-12 17:54:05'),
    ('96fa203f2b9b', null, 'SRT', 'Rather long activity name', '#228D48', 'I', '9c2447aefe38', 'a5f0e0e3b8bc', '2023-08-12 19:20:17', '2023-08-12 19:20:17'),
    ('2fe542abe052', 'dbc3fbcc684c', 'LS', 'Lagersport', '#4DBB52', '1', '0969e3c95dfc', 'efa17bbc2bc1', '2023-08-13 06:32:29', '2023-08-13 06:32:29'),
    ('088f1c8929cf', '84b0ebdf5dc0', 'LA', 'Lageraktivität', '#FF9800', 'A', '0969e3c95dfc', '72f2b40a149b', '2023-08-13 06:32:29', '2023-08-13 06:32:29'),
    ('c121fd9a2f37', '9b3a5138cbcf', 'ES', 'Essen', '#BBBBBB', '1', '0969e3c95dfc', '6bdb64691d98', '2023-08-13 06:32:29', '2023-08-13 06:32:29'),
    ('a3563e14e9f6', 'c8a56ebb4d2a', 'LP', 'Lagerprogramm', '#90B7E4', '1', '0969e3c95dfc', '8f6a099e06ba', '2023-08-13 06:32:29', '2023-08-13 06:32:29'),
    ('32644f28fa96', null, 'Fly', 'Weltraumreisen', '#366AA5', 'I', '0969e3c95dfc', '7b2572e7f40a', '2023-08-13 06:33:19', '2023-08-13 06:33:19'),
    ('658e4be85031', null, '💤', 'Nachtruhe', '#941188', 'A', '0969e3c95dfc', 'a2e9c958f4e3', '2023-08-13 06:38:15', '2023-08-13 06:38:15'),
    ('3707ce73ad51', null, 'AT', 'Ämtli', '#040096', 'a', '0969e3c95dfc', '72955311ccf8', '2023-08-13 09:53:25', '2023-08-13 09:53:25'),
    ('23ffea68cd6d', null, 'LH', 'Leitungssitzung', '#92AD8F', '1', '0969e3c95dfc', 'f6bed365c121', '2023-08-13 09:54:20', '2023-08-13 09:54:20'),
    ('6e82ac118767', null, 'S', 'Story', '#5C4033', '1', '0969e3c95dfc', '815b12c44335', '2023-08-13 10:05:58', '2023-08-13 10:06:29');



INSERT INTO public.activity (id, title, location, campid, categoryid, rootcontentnodeid, createtime, updatetime, progresslabelid) VALUES
	('c13b91f0e465', 'nisi', 'Quidem ut sunt et quidem est accusamus aut nemo.', '6430aecc5422', 'cf2586caa87c', '63ad36c59b9e', '2022-01-23 16:19:10', '2022-01-23 16:19:10', NULL),
	('d3cfa12d19f2', 'iure', 'Cum culpa rem aut rerum.', 'e5027d852487', 'dbc3fbcc684c', 'c9ebda9090f5', '2022-01-23 16:19:10', '2022-01-23 16:19:10', NULL),
	('d5c536bf2fa3', 'Insel erkunden', '', '3c79b99ab424', 'a023e85227ac', 'bc93dc784708', '2023-08-08 08:18:02', '2023-08-08 08:18:02', NULL),
	('f99efc21a720', 'Abschluss geländegame', '', '3c79b99ab424', 'a023e85227ac', 'c853362152a3', '2023-08-08 08:18:57', '2023-08-08 08:18:57', NULL),
	('e7d3c4243a60', 'Lagerbau', '', '3c79b99ab424', 'dfa531302823', '1fb9a0ad40f3', '2023-08-08 08:21:21', '2023-08-08 08:21:21', NULL),
	('19bad783376d', 'Essen zurückerobern', '', '3c79b99ab424', 'dfa531302823', 'b0c8b778a768', '2023-08-08 08:21:54', '2023-08-08 08:21:54', NULL),
	('cb40dd913e07', 'Bi-Pi Feuer', '', '3c79b99ab424', 'dfa531302823', 'b7d17f628d0f', '2023-08-08 08:22:41', '2023-08-08 08:22:41', NULL),
	('c16fcb5fc83b', 'Heimreise', '', '3c79b99ab424', 'dfa531302823', '5603229c4bbc', '2023-08-08 08:22:57', '2023-08-08 08:22:57', NULL),
	('23e7e54de04c', 'Pfadiversprechen', '', '3c79b99ab424', '1a869b162875', '6546d644c3fc', '2023-08-08 08:23:23', '2023-08-08 08:23:23', NULL),
	('ffd08c52288c', 'Stadtgame', 'Oerlikon', '3c79b99ab424', 'a023e85227ac', 'b255329fab68', '2023-08-08 08:17:36', '2023-08-08 08:24:32', '0dfbeb246ea8'),
	('f72cf8aaed17', 'Anreise', '', '3c79b99ab424', 'dfa531302823', '8152b8296000', '2023-08-08 08:19:25', '2023-08-08 08:25:31', '332e0c387141'),
	('727afdc7407a', 'Lagerbau', '', '3c79b99ab424', '1a869b162875', 'eb47e1360222', '2023-08-08 08:23:10', '2023-08-08 08:29:22', '0dfbeb246ea8'),
	('1d8bff7d2f86', 'Takeoff', '', '3c79b99ab424', 'dfa531302823', '8bb664e5b7fe', '2023-08-08 08:19:40', '2023-08-08 08:34:39', '82547049ea38'),
	('136454f62f6c', 'Flugzeugabsturz', '', '3c79b99ab424', 'dfa531302823', '0e0b0bd06918', '2023-08-08 08:19:55', '2023-08-08 08:35:20', '332e0c387141'),
	('63ad6efc7613', 'Morgenturnen', '', '3c79b99ab424', 'a023e85227ac', '5d44c3fc49b9', '2023-08-08 08:16:48', '2023-08-08 08:39:31', '0dfbeb246ea8'),
	('a1f1a250174e', 'Angriff der Aborigines', '', '3c79b99ab424', 'a023e85227ac', '781de880638a', '2023-08-08 08:18:24', '2023-08-08 08:43:31', '82547049ea38'),
	('bb9111fcab18', 'Pfadiversprechen', '', '3c79b99ab424', 'dfa531302823', 'cf560e560929', '2023-08-08 08:21:34', '2023-08-08 08:49:03', '332e0c387141'),
	('fc2a7692d8ee', 'Atelier', '', '3c79b99ab424', 'dfa531302823', 'e69bd9f304b5', '2023-08-08 08:22:11', '2023-08-08 08:55:36', '6760badb685b'),
	('12616670c53f', 'Vorbereitung Bi-Pi Feuer', '', '3c79b99ab424', 'dfa531302823', 'e45eff01e7c1', '2023-08-08 08:22:29', '2023-08-08 09:05:22', '82547049ea38'),
	('130f9a87373b', 'Lagerabbau', '', '3c79b99ab424', '1a869b162875', '0cc124cdd9f6', '2023-08-08 08:23:36', '2023-08-08 09:10:42', '82547049ea38'),
	('67c5baafae86', 'Zmittag', '', '6973c230d6b1', '0aa473d50266', 'f25f4bc3d7bd', '2023-08-08 09:49:23', '2023-08-08 09:49:23', NULL),
	('b583c998b8cd', 'Zmorge', '', '6973c230d6b1', '0aa473d50266', '6fb71d916699', '2023-08-08 09:51:29', '2023-08-08 09:51:29', NULL),
	('01edc626adcd', 'Znacht', '', '6973c230d6b1', '0aa473d50266', '9ca2281b0cb1', '2023-08-08 09:52:49', '2023-08-08 09:52:49', NULL),
	('3761a6f8a5f6', 'Morgefit', '', '6973c230d6b1', 'd7dfd3fdc611', '4539b072a292', '2023-08-08 09:54:27', '2023-08-08 09:54:27', NULL),
	('b4136aea47a6', 'Morgefit', '', '6973c230d6b1', 'd7dfd3fdc611', '9801114692ff', '2023-08-08 09:54:32', '2023-08-08 09:54:32', NULL),
	('6b7301ee3a6f', 'Morgefit', '', '6973c230d6b1', 'd7dfd3fdc611', '94d14ec8e943', '2023-08-08 09:54:37', '2023-08-08 09:54:37', NULL),
	('bdbac7fdeced', 'Morgefit', '', '6973c230d6b1', 'd7dfd3fdc611', '94b4567ba226', '2023-08-08 09:54:41', '2023-08-08 09:54:41', NULL),
	('5b0623bc5bca', 'Horkrux', '', '6973c230d6b1', 'd7dfd3fdc611', 'd5c9023c2062', '2023-08-08 09:56:01', '2023-08-08 09:56:01', NULL),
	('bea0f3494e6f', 'SpoBlo', '', '6973c230d6b1', 'd7dfd3fdc611', 'd56e854fde29', '2023-08-08 09:56:45', '2023-08-08 09:56:45', NULL),
	('eb5e6909b469', 'Trolle bekämpfen', '', '6973c230d6b1', 'd7dfd3fdc611', 'af53f5935834', '2023-08-08 10:11:42', '2023-08-08 10:11:42', NULL),
	('1cdca8c3c7f4', 'Quidditch finale', '', '6973c230d6b1', 'd7dfd3fdc611', '95bc7e0ad749', '2023-08-08 10:13:58', '2023-08-08 10:13:58', NULL),
	('962c11ecba16', 'Endgame Kampf gegen Voldemort', '', '6973c230d6b1', 'd7dfd3fdc611', 'e10d7ebf7f78', '2023-08-08 10:14:26', '2023-08-08 10:14:26', NULL),
	('fcb508f1ed22', 'Newgames', '', '6973c230d6b1', 'd7dfd3fdc611', '893281692013', '2023-08-08 10:14:57', '2023-08-08 10:14:57', NULL),
	('570e2b1facd0', 'Essen', '', '3c79b99ab424', 'ebfd46a1c181', 'd031de84c3a2', '2023-08-08 08:14:46', '2023-08-08 08:14:46', NULL),
	('77f803f195b7', 'Essen', '', '3c79b99ab424', 'ebfd46a1c181', 'a5ba4c9a7765', '2023-08-08 08:15:06', '2023-08-08 08:15:06', NULL),
	('86fc828f15e4', 'Essen', '', '3c79b99ab424', 'ebfd46a1c181', 'f4cf9e6a1e2c', '2023-08-08 08:15:24', '2023-08-08 08:15:24', NULL),
	('a70891fae871', 'Essen', '', '3c79b99ab424', 'ebfd46a1c181', '36b24a3cca6c', '2023-08-08 08:15:37', '2023-08-08 08:15:37', NULL),
	('71fe21d68351', 'Essen', '', '3c79b99ab424', 'ebfd46a1c181', '418fcc3f761b', '2023-08-08 08:15:52', '2023-08-08 08:15:52', NULL),
	('f20f80f0a2b5', 'Essen', '', '3c79b99ab424', 'ebfd46a1c181', 'a3ddc9c226b0', '2023-08-08 08:16:01', '2023-08-08 08:16:01', NULL),
	('b51c768b1965', 'Essen', '', '3c79b99ab424', 'ebfd46a1c181', '3cf6219fd376', '2023-08-08 08:16:10', '2023-08-08 08:16:10', NULL),
	('5d1f5c1be758', 'Essen', '', '3c79b99ab424', 'ebfd46a1c181', '935894d423cf', '2023-08-08 08:16:22', '2023-08-08 08:16:22', NULL),
	('74755eca6018', 'Essen', '', '3c79b99ab424', 'ebfd46a1c181', '0976d3f311ac', '2023-08-08 08:16:29', '2023-08-08 08:16:29', NULL),
	('f0daf363451d', 'Morgenturnen', '', '3c79b99ab424', 'a023e85227ac', '8d31960310f3', '2023-08-08 08:16:54', '2023-08-08 08:16:54', NULL),
	('d0f1af66fb94', 'Morgenturnen', '', '3c79b99ab424', 'a023e85227ac', '9cef02bbc62f', '2023-08-08 08:17:01', '2023-08-08 08:17:01', NULL),
	('fac85f8a8628', 'Totto Lotto', '', '6973c230d6b1', '8f18191a3125', 'a76b06c3bb55', '2023-08-08 10:15:26', '2023-08-08 10:15:37', NULL),
	('9a67ce62283b', 'Atelier', '', '6973c230d6b1', 'e7559fc16388', 'df1b0979357a', '2023-08-08 10:17:07', '2023-08-08 10:17:13', NULL),
	('9b82ba852386', 'Lagerabbau', '', '6973c230d6b1', 'e7559fc16388', '3b2c006e285c', '2023-08-08 10:18:16', '2023-08-08 10:18:16', NULL),
	('97cc0fcc1f95', 'Lagerabbau', '', '6973c230d6b1', 'e7559fc16388', '04f8d9ac0e54', '2023-08-08 10:18:24', '2023-08-08 10:18:24', NULL),
	('192e9584e2da', 'Fähnliabend Pfadis', '', '6973c230d6b1', '8f18191a3125', '04b830860487', '2023-08-08 10:21:40', '2023-08-08 10:21:40', NULL),
	('f5cb06b8144a', 'LA Lagerbau', 'Lagerplatz', '6973c230d6b1', 'e7559fc16388', '40dad30f1f06', '2023-08-08 10:15:50', '2023-08-08 12:53:57', '91b4aac8f356'),
	('61e2184bb989', 'Sportblock', '', '6973c230d6b1', 'd7dfd3fdc611', '055bc74bad55', '2023-08-08 09:55:13', '2023-08-08 13:05:46', '91b4aac8f356'),
	('74a794949abe', 'Morgefit', '', '6973c230d6b1', 'd7dfd3fdc611', '9e7cd70bbff1', '2023-08-08 09:53:49', '2023-08-08 13:07:59', '91b4aac8f356'),
	('8b6d14842399', 'Quidditch', '', '6973c230d6b1', 'd7dfd3fdc611', '808938f16fc8', '2023-08-08 09:55:35', '2023-08-08 13:18:02', 'ec11662e0149'),
	('dad3a644bdfa', 'Grundlagen Zaubertränke', '', '6973c230d6b1', '8f18191a3125', '0e6163bf956e', '2023-08-08 10:19:57', '2023-08-08 13:20:17', '5878366bd748'),
	('87152d51627b', 'Silent Disco', '', '6973c230d6b1', 'd7dfd3fdc611', '7095586488d0', '2023-08-08 09:56:21', '2023-08-08 13:24:25', 'ec11662e0149'),
	('e0f6fead1630', 'Morgefit', '', '6973c230d6b1', 'd7dfd3fdc611', '544d4ea12726', '2023-08-08 09:54:05', '2023-08-08 13:26:56', '91b4aac8f356'),
	('d9df1b13ec15', 'SpezEx Erste Hilfe', '', '6973c230d6b1', 'e7559fc16388', '2b379e00b5ae', '2023-08-08 10:17:52', '2023-08-08 13:29:53', 'c5fc44b40e80'),
	('9888ec1f74c3', 'Besuch bei Hagrid', '', '6973c230d6b1', '8f18191a3125', 'c49b40c66692', '2023-08-08 10:20:31', '2023-08-08 13:29:58', '5878366bd748'),
	('40564010a85d', 'Spieleabend im Gemeinschaftsraum', '', '6973c230d6b1', '8f18191a3125', '01eee1362ca4', '2023-08-08 10:20:55', '2023-08-08 13:34:29', '5878366bd748'),
	('57cabdd735e4', 'Morgefit', '', '6973c230d6b1', 'd7dfd3fdc611', '190375b61413', '2023-08-08 09:54:22', '2023-08-08 13:35:10', 'c5fc44b40e80'),
	('0d3a28d71926', 'Hajk Flucht vor den Dementoren', '', '6973c230d6b1', 'd7dfd3fdc611', '1f8a891c1ad8', '2023-08-08 10:12:15', '2023-08-08 13:36:55', '91b4aac8f356'),
	('032b6437545d', 'Fühlsch mi Gspürsch mi', '', '6973c230d6b1', '8f18191a3125', 'ac4d1c2c2e1d', '2023-08-08 10:21:16', '2023-08-08 13:39:54', 'ec11662e0149'),
	('c1ca9cec785c', 'Vorbereitung Abschlussabend', '', '6973c230d6b1', '8f18191a3125', 'cbaf83653715', '2023-08-08 10:22:12', '2023-08-08 10:22:12', NULL),
	('e573fd958e04', 'Spieleturnier', '', '6973c230d6b1', '8f18191a3125', 'bcc4998d2eae', '2023-08-08 10:24:56', '2023-08-08 10:24:56', NULL),
	('1b7646db8f73', 'Nachsitzen bei Snape', '', '6973c230d6b1', '8f18191a3125', '2040a886a0fe', '2023-08-08 10:30:47', '2023-08-08 10:30:47', NULL),
	('103f7456a1c9', 'Einbruch Verbotene Abteilung', '', '6973c230d6b1', '8f18191a3125', 'b3b06ed47e3b', '2023-08-08 10:31:35', '2023-08-08 10:31:35', NULL),
	('0a55eff07825', 'Beginn & Anreise', '', '6973c230d6b1', '8f18191a3125', '28d1320a12cc', '2023-08-08 09:53:21', '2023-08-08 12:50:27', 'ec11662e0149'),
	('0df7353512a1', 'Newgames neben Lagerbau', 'Spielwiese', '6973c230d6b1', 'd7dfd3fdc611', '9b05b63b109e', '2023-08-08 10:16:36', '2023-08-08 13:03:20', '5878366bd748'),
	('ee42816874f4', 'Wasserspiele in Badi', '', '6973c230d6b1', 'd7dfd3fdc611', 'dece09ab0223', '2023-08-08 10:13:31', '2023-08-08 13:39:05', '5878366bd748'),
	('05c36faf1dd7', 'SpezEx Erste Hilfe', '', '6973c230d6b1', '8f18191a3125', '1288c093ea45', '2023-08-08 10:25:47', '2023-08-08 13:43:01', 'ec11662e0149'),
    ('3d1e5c91ceb2', 'Frühstück', 'Baumhaus', '9c2447aefe38', '1573d6aa833b', '9ee138de38d1', '2023-08-12 18:00:14', '2023-08-12 18:00:26', '82facb33f552'),
    ('eec64642ee9e', 'Mittagessen', 'Atomschutzbunker', '9c2447aefe38', '1573d6aa833b', '9846c16a51f8', '2023-08-12 18:01:46', '2023-08-12 18:01:46', null),
    ('a7908cf472c6', 'Midnight Snack', 'Moon', '9c2447aefe38', '1573d6aa833b', '154666c4f0d3', '2023-08-12 18:09:07', '2023-08-12 18:09:07', null),
    ('7fdc3e341b71', 'Golf mit Kevin (Optional)', 'Golfplatz 3', '9c2447aefe38', '0e68ebf6246b', '6df3f26910df', '2023-08-12 18:14:03', '2023-08-12 19:15:43', '82facb33f552'),
    ('83c3327183f3', 'Johns casual Run', 'Pilatus', '9c2447aefe38', '664685d4f70d', '7aa7ced7211f', '2023-08-12 18:16:40', '2023-08-12 19:16:14', '82facb33f552'),
    ('bba8f7342631', 'Flower Things', 'Garden', '9c2447aefe38', '296b503f509a', 'f8af96f04bc8', '2023-08-12 18:19:11', '2023-08-12 18:19:11', null),
    ('35274d110bf2', 'Very Sport', 'Sportplatz', '9c2447aefe38', 'b7721601a682', '88bb1d142aca', '2023-08-12 18:27:22', '2023-08-12 18:27:22', null),
    ('8e48cffd2054', 'Band Practice', 'Studio', '9c2447aefe38', '25500127b3c7', 'e9ec0da89d2c', '2023-08-12 18:28:16', '2023-08-12 18:28:16', null),
    ('87374bd06bcf', 'Do the Thing', 'Here', '9c2447aefe38', '08d980d19c77', '4b5f5f327ef3', '2023-08-12 18:31:47', '2023-08-12 18:31:47', null),
    ('eeac01201e14', 'Macarena', 'Anywhere', '9c2447aefe38', 'c5e1bc565094', 'b288dfb4f786', '2023-08-12 18:33:21', '2023-08-12 18:33:21', null),
    ('4b4cc65d0cb9', 'Blachen zerreissen', 'Sarasani', '9c2447aefe38', '2d384fe45589', 'e3344c9ca3cf', '2023-08-12 18:36:20', '2023-08-12 18:36:20', null),
    ('6bc8ce942cab', 'Blachen zerreissen', 'Sarasani', '9c2447aefe38', '2d384fe45589', '20ed0b8eb618', '2023-08-12 18:38:52', '2023-08-12 18:38:52', null),
    ('c20c7cae83c0', 'Monday Walk', 'Trail', '9c2447aefe38', '87fe2eb3d112', 'c8540c7cff9a', '2023-08-12 18:22:36', '2023-08-12 19:15:23', '12ba04938d96'),
    ('3d1127906db5', 'Dancing on the Moon', 'Moon (Obviously)', '9c2447aefe38', 'c5e1bc565094', '4d667e2f8fb9', '2023-08-12 18:30:00', '2023-08-12 19:16:29', '6985410bf1c2'),
    ('5afa0c149a17', 'Abendessen', 'International Space Station', '9c2447aefe38', '1573d6aa833b', 'c4cc88ebf403', '2023-08-12 18:06:35', '2023-08-12 19:16:46', '82facb33f552'),
    ('a9ffcb68206e', 'Nachtruhe', 'Bett', '0969e3c95dfc', '658e4be85031', 'fff09d43aa3b', '2023-08-13 06:39:31', '2023-08-13 06:39:31', null),
    ('5131e8aace13', 'Spielturnier', '', '0969e3c95dfc', '32644f28fa96', '0639e34b166c', '2023-08-13 06:40:43', '2023-08-13 06:40:43', null),
    ('cb805d8058aa', 'Leitersitzung', '', '0969e3c95dfc', '23ffea68cd6d', 'd70aab3f5cdf', '2023-08-13 10:02:36', '2023-08-13 10:02:36', null),
    ('d1ddde42bbfe', 'Die geheimnisvolle Kristallhöhle', '', '0969e3c95dfc', '6e82ac118767', 'e0159ce20e90', '2023-08-13 10:08:27', '2023-08-13 10:08:27', null),
    ('de32567f1707', 'Jedi-Weisheit', '', '0969e3c95dfc', '088f1c8929cf', '5e79056873f5', '2023-08-13 10:10:33', '2023-08-13 10:10:33', null),
    ('54bfe888a3f5', 'Der Angriff auf den Todesstern', '', '0969e3c95dfc', '6e82ac118767', '898048276b16', '2023-08-13 10:13:55', '2023-08-13 10:13:55', null),
    ('8b78d418b5ca', 'Frühstück', '', '0969e3c95dfc', 'c121fd9a2f37', '584a86a56d3f', '2023-08-13 06:35:22', '2023-08-13 10:31:58', '113cb45f8e9d'),
    ('4267794b0d75', 'Mittagessen', '', '0969e3c95dfc', 'c121fd9a2f37', 'bb7cd2c2b085', '2023-08-13 06:36:26', '2023-08-13 10:32:06', '113cb45f8e9d'),
    ('f7edd89794b7', 'Abendessen', '', '0969e3c95dfc', 'c121fd9a2f37', '4f8a50e501de', '2023-08-13 06:37:10', '2023-08-13 10:32:11', '113cb45f8e9d'),
    ('877b3aaf398e', 'Lichtschwert-Training', '', '0969e3c95dfc', '2fe542abe052', 'f34d737a15b1', '2023-08-13 10:04:35', '2023-08-13 10:32:37', 'baf7c6d4baa7'),
    ('2bfcbc675dd0', 'Ämtli', '', '0969e3c95dfc', '3707ce73ad51', 'eb8b64a48a56', '2023-08-13 09:57:08', '2023-08-13 10:32:46', '6e0aa870a845'),
    ('ff671ed8258e', 'Allianz der Rebellen', '', '0969e3c95dfc', '088f1c8929cf', '09ead4386a10', '2023-08-13 10:14:43', '2023-08-13 10:33:36', 'd7755da593b5'),
    ('4ceef9835dfa', 'Raumschiff-Flugsimulation', '', '0969e3c95dfc', '2fe542abe052', '89e223873470', '2023-08-13 10:12:36', '2023-08-13 10:33:48', 'baf7c6d4baa7'),
    ('07d5a46c4293', 'Macht und Verantwortung', '', '0969e3c95dfc', '088f1c8929cf', '2fbbddf153bc', '2023-08-13 10:22:08', '2023-08-13 10:33:59', '113cb45f8e9d'),
    ('933b2256174d', 'Sith-Kräfte und Macht-Training', '', '0969e3c95dfc', '2fe542abe052', '1922799a90f6', '2023-08-13 10:20:55', '2023-08-13 10:34:09', '6e0aa870a845'),
    ('2651acf4611a', 'Die Verlockung der Dunklen Seite', '', '0969e3c95dfc', '6e82ac118767', '20dee4b1d1ce', '2023-08-13 10:19:17', '2023-08-13 10:34:18', '113cb45f8e9d'),
    ('4021468211dd', 'Lagerfeuer', '', '0969e3c95dfc', '32644f28fa96', 'beba1a1f93fe', '2023-08-13 07:03:10', '2023-08-13 10:34:31', '113cb45f8e9d'),
    ('82512e393d2d', 'Galactic Celebration', '', '0969e3c95dfc', '32644f28fa96', '62678544ab73', '2023-08-13 07:05:51', '2023-08-13 10:34:41', '6e0aa870a845');



INSERT INTO public.camp_collaboration (id, inviteemail, invitekeyhash, status, role, collaborationacceptedby, createtime, updatetime, userid, campid) VALUES
	('237abf0bd057', 'e.mail2@test.com', 'myInviteKey2', 'invited', 'member', NULL, '2022-01-23 16:19:10', '2022-01-23 16:19:10', NULL, '6430aecc5422'),
	('0e524d43e799', NULL, NULL, 'established', 'manager', NULL, '2022-01-23 16:19:10', '2022-01-23 16:19:10', 'e7b00084dabf', '6430aecc5422'),
	('2c313fa367b3', NULL, NULL, 'established', 'manager', NULL, '2022-01-23 16:19:10', '2022-01-23 16:19:10', '3b41dca5c568', 'e5027d852487'),
	('b0bdb7202a9d', NULL, NULL, 'established', 'manager', NULL, '2023-08-08 07:53:12', '2023-08-08 07:53:12', '9145944210a7', '3c79b99ab424'),
	('2b3cf1ce6341', 'x@z.com', 'd12ntPWBK0qmPxfMGg/QRWh98XE=', 'invited', 'member', NULL, '2023-08-08 08:03:06', '2023-08-08 08:03:06', NULL, '3c79b99ab424'),
	('dba39edd9910', NULL, NULL, 'established', 'member', NULL, '2023-08-08 07:59:24', '2023-08-08 08:11:28', 'bee7cf5b3871', '3c79b99ab424'),
	('c88fd78c90ea', NULL, NULL, 'established', 'manager', NULL, '2023-08-08 07:58:53', '2023-08-08 08:12:12', 'caeba9f7e728', '3c79b99ab424'),
	('5111b2972441', 'inactive@test.com', 'Vazgl+0DsuUKrcTezKxA+KmBgOA=', 'inactive', 'member', NULL, '2023-08-08 07:59:53', '2023-08-08 09:18:22', NULL, '3c79b99ab424'),
	('68694999fa8d', NULL, NULL, 'established', 'manager', NULL, '2023-08-08 09:22:58', '2023-08-08 09:22:58', '9145944210a7', '6973c230d6b1'),
	('3229d273decd', NULL, '5eO+mQd6F+AQwCITx5mV8dX9/6U=', 'invited', 'manager', NULL, '2023-08-08 09:38:27', '2023-08-08 09:43:11', '130684395770', '6973c230d6b1'),
	('7cae64a7800c', 'e.mail@test.com', '7FUv2lrEcRjMbW/Nb1mTkBaAPOs=', 'invited', 'member', NULL, '2023-08-08 09:37:38', '2023-08-08 09:43:21', NULL, '6973c230d6b1'),
	('878426563205', NULL, NULL, 'established', 'guest', NULL, '2023-08-08 09:36:41', '2023-08-08 09:43:52', '48f00685a292', '6973c230d6b1'),
	('d27ca1d0e6e4', NULL, NULL, 'established', 'member', NULL, '2023-08-08 09:36:01', '2023-08-08 09:44:19', 'bae69a1c9fcc', '6973c230d6b1'),
	('c463d2a19847', NULL, NULL, 'established', 'member', NULL, '2023-08-08 09:38:01', '2023-08-08 09:44:50', 'caeba9f7e728', '6973c230d6b1'),
	('763c0d181b63', NULL, NULL, 'established', 'manager', NULL, '2023-08-08 09:37:16', '2023-08-08 09:45:21', 'bee7cf5b3871', '6973c230d6b1'),
    ('b32db30637c8', null, null, 'established', 'manager', null, '2023-08-12 17:41:55', '2023-08-12 17:41:55', '9145944210a7', '9c2447aefe38'),
    ('b7d93b2fa1be', null, 'mLdsTtaGGptPYSZLUDgX8sAFO54=', 'established', 'member', null, '2023-08-12 19:10:49', '2023-08-12 19:10:49', 'a2f4f3879c85', '9c2447aefe38'),
    ('97fef2195179', null, 'beFB4RqCCr2TYyZ0lJU8jp6bmr0=', 'established', 'guest', null, '2023-08-12 19:10:38', '2023-08-12 19:10:38', '4ca8336b9330', '9c2447aefe38'),
    ('ac1cd0bcbd69', null, 'V30YTcBqBqs5xS7HrFM4ODRrzbw=', 'established', 'member', null, '2023-08-12 19:10:28', '2023-08-12 19:10:28', 'a3d9d86dc23b', '9c2447aefe38'),
    ('8be6d2f6f7dc', null, 'ru6jsdD9fODk8+p8wmI909rJPkQ=', 'established', 'manager', null, '2023-08-12 19:11:03', '2023-08-12 19:11:03', '566aea2c2759', '9c2447aefe38'),
    ('0e26982c9895', null, 'ao9OQRgXWBpCVaD4lGQaUFzvKwI=', 'established', 'member', null, '2023-08-12 19:10:14', '2023-08-12 19:10:14', 'dac7116e02ed', '9c2447aefe38'),
    ('b2f127cb410f', null, null, 'established', 'manager', null, '2023-08-13 06:32:29', '2023-08-13 06:32:29', 'dac7116e02ed', '0969e3c95dfc'),
    ('b00054c3c03e', null, 'XC/b4erYO0iZZTBEXOi3n/4AH9w=', 'invited', 'guest', null, '2023-08-13 10:29:08', '2023-08-13 10:29:08', '9145944210a7', '0969e3c95dfc'),
    ('d806a59915f8', null, 'SuP47raE2s/2hGLsdBiO/icIU0E=', 'invited', 'member', null, '2023-08-13 10:29:25', '2023-08-13 10:29:25', 'a3d9d86dc23b', '0969e3c95dfc'),
    ('8ea7a7f7c103', null, '+qyZi7HJHizWISDGqpuDQlL3qr0=', 'invited', 'member', null, '2023-08-13 10:29:37', '2023-08-13 10:29:37', '4ca8336b9330', '0969e3c95dfc'),
    ('7db6a9ffc210', null, 'yyXTSd6kGh7kNENlcGDeYtq4ftQ=', 'invited', 'guest', null, '2023-08-13 10:29:47', '2023-08-13 10:29:47', 'a2f4f3879c85', '0969e3c95dfc'),
    ('60a470e1aff6', null, 'uGXywHjal9lK+rcdtRBcXh8y5qA=', 'invited', 'manager', null, '2023-08-13 10:29:55', '2023-08-13 10:29:55', '566aea2c2759', '0969e3c95dfc');



INSERT INTO public.activity_responsible (id, createtime, updatetime, activityid, campcollaborationid) VALUES
	('c2e84a852a64', '2022-01-23 16:19:10', '2022-01-23 16:19:10', 'c13b91f0e465', '0e524d43e799'),
	('4df913eee4de', '2022-01-23 16:19:10', '2022-01-23 16:19:10', 'd3cfa12d19f2', '2c313fa367b3'),
	('8ee63b02217a', '2023-08-08 08:24:28', '2023-08-08 08:24:28', 'ffd08c52288c', '5111b2972441'),
	('dec09c47b522', '2023-08-08 08:25:38', '2023-08-08 08:25:38', 'f72cf8aaed17', 'b0bdb7202a9d'),
	('ff9af3229301', '2023-08-08 08:33:53', '2023-08-08 08:33:53', '1d8bff7d2f86', 'dba39edd9910'),
	('3cad6d83632f', '2023-08-08 08:34:47', '2023-08-08 08:34:47', '727afdc7407a', 'b0bdb7202a9d'),
	('bdbd61c4dfd9', '2023-08-08 08:36:18', '2023-08-08 08:36:18', '136454f62f6c', 'c88fd78c90ea'),
	('7c7b846117d2', '2023-08-08 08:38:25', '2023-08-08 08:38:25', '63ad6efc7613', '2b3cf1ce6341'),
	('d469feb88d27', '2023-08-08 08:39:56', '2023-08-08 08:39:56', 'e7d3c4243a60', 'b0bdb7202a9d'),
	('d2a94cdfed6c', '2023-08-08 08:40:44', '2023-08-08 08:40:44', 'd5c536bf2fa3', 'dba39edd9910'),
	('ea4fe9fa382a', '2023-08-08 08:43:27', '2023-08-08 08:43:27', 'a1f1a250174e', 'c88fd78c90ea'),
	('f82346f0186b', '2023-08-08 08:48:56', '2023-08-08 08:48:56', 'bb9111fcab18', '5111b2972441'),
	('04deb037a118', '2023-08-08 08:49:37', '2023-08-08 08:49:37', '19bad783376d', 'b0bdb7202a9d'),
	('dc24ee79adba', '2023-08-08 08:53:02', '2023-08-08 08:53:02', 'f0daf363451d', 'dba39edd9910'),
	('bcffba7472e1', '2023-08-08 08:54:12', '2023-08-08 08:54:12', 'fc2a7692d8ee', 'c88fd78c90ea'),
	('9cb5504b815f', '2023-08-08 08:57:17', '2023-08-08 08:57:17', '23e7e54de04c', 'b0bdb7202a9d'),
	('3cf81243a9a4', '2023-08-08 09:04:49', '2023-08-08 09:04:49', 'f99efc21a720', 'dba39edd9910'),
	('0e5ce3f315e6', '2023-08-08 09:05:18', '2023-08-08 09:05:18', '12616670c53f', 'b0bdb7202a9d'),
	('0b92ab04ea99', '2023-08-08 09:07:11', '2023-08-08 09:07:11', 'cb40dd913e07', 'b0bdb7202a9d'),
	('92aac8164d64', '2023-08-08 09:08:56', '2023-08-08 09:08:56', 'd0f1af66fb94', 'b0bdb7202a9d'),
	('fabc8238b4c3', '2023-08-08 09:10:03', '2023-08-08 09:10:03', '130f9a87373b', 'dba39edd9910'),
	('9d4c074167d0', '2023-08-08 09:11:01', '2023-08-08 09:11:01', 'c16fcb5fc83b', 'b0bdb7202a9d'),
	('6bfda88bc803', '2023-08-08 12:44:20', '2023-08-08 12:44:20', '0a55eff07825', '68694999fa8d'),
	('205bf2a76e2c', '2023-08-08 12:53:47', '2023-08-08 12:53:47', 'f5cb06b8144a', '3229d273decd'),
	('02ef4170b409', '2023-08-08 13:02:51', '2023-08-08 13:02:51', '0df7353512a1', '878426563205'),
	('4e9cef0bd421', '2023-08-08 13:05:42', '2023-08-08 13:05:42', '61e2184bb989', 'c463d2a19847'),
	('6beea6ab3095', '2023-08-08 13:07:57', '2023-08-08 13:07:57', '74a794949abe', '763c0d181b63'),
	('d246caf1686c', '2023-08-08 13:18:04', '2023-08-08 13:18:04', '8b6d14842399', '68694999fa8d'),
	('b792610d292c', '2023-08-08 13:20:15', '2023-08-08 13:20:15', 'dad3a644bdfa', 'd27ca1d0e6e4'),
	('28abde87b2bf', '2023-08-08 13:24:23', '2023-08-08 13:24:23', '87152d51627b', '68694999fa8d'),
	('d91e5889953b', '2023-08-08 13:25:39', '2023-08-08 13:25:39', '192e9584e2da', '7cae64a7800c'),
	('8508b9a8083e', '2023-08-08 13:26:53', '2023-08-08 13:26:53', 'e0f6fead1630', '763c0d181b63'),
	('cdde50dd1de6', '2023-08-08 13:27:16', '2023-08-08 13:27:16', '103f7456a1c9', 'd27ca1d0e6e4'),
	('5dcf02bf2099', '2023-08-08 13:29:37', '2023-08-08 13:29:37', '9888ec1f74c3', '878426563205'),
	('ba495af5f89f', '2023-08-08 13:29:46', '2023-08-08 13:29:46', 'd9df1b13ec15', 'c463d2a19847'),
	('9f90ab2d842c', '2023-08-08 13:33:33', '2023-08-08 13:33:33', 'bea0f3494e6f', '763c0d181b63'),
	('d1bb0a613c5f', '2023-08-08 13:34:26', '2023-08-08 13:34:26', '40564010a85d', '763c0d181b63'),
	('49dbce62c713', '2023-08-08 13:35:06', '2023-08-08 13:35:06', '57cabdd735e4', '68694999fa8d'),
	('8ef5deee3f8e', '2023-08-08 13:35:48', '2023-08-08 13:35:48', 'eb5e6909b469', '3229d273decd'),
	('fa2c85e62a83', '2023-08-08 13:36:51', '2023-08-08 13:36:51', '0d3a28d71926', 'd27ca1d0e6e4'),
	('62663793488b', '2023-08-08 13:39:01', '2023-08-08 13:39:01', 'ee42816874f4', '3229d273decd'),
	('e4f841d56600', '2023-08-08 13:39:51', '2023-08-08 13:39:51', '032b6437545d', '3229d273decd'),
	('23bd83a2fd7c', '2023-08-08 13:40:23', '2023-08-08 13:40:23', 'b4136aea47a6', 'd27ca1d0e6e4'),
	('46ef36a0037a', '2023-08-08 13:41:36', '2023-08-08 13:41:36', '1cdca8c3c7f4', '763c0d181b63'),
	('b9e71c9789a3', '2023-08-08 13:42:32', '2023-08-08 13:42:32', 'e573fd958e04', 'd27ca1d0e6e4'),
	('1bbe8d41a7e6', '2023-08-08 13:42:59', '2023-08-08 13:42:59', '05c36faf1dd7', '3229d273decd'),
	('3441a0559253', '2023-08-08 13:43:28', '2023-08-08 13:43:28', '962c11ecba16', 'c463d2a19847'),
    ('39c9d4b8d860', '2023-08-12 19:15:08', '2023-08-12 19:15:08', 'bba8f7342631', 'ac1cd0bcbd69'),
    ('3e7575f0af0c', '2023-08-12 19:15:09', '2023-08-12 19:15:09', 'bba8f7342631', '0e26982c9895'),
    ('d7d1384417c6', '2023-08-12 19:15:13', '2023-08-12 19:15:13', '3d1e5c91ceb2', '8be6d2f6f7dc'),
    ('06fc232ac5e6', '2023-08-12 19:15:16', '2023-08-12 19:15:16', 'c20c7cae83c0', 'b32db30637c8'),
    ('15e72ca4b16f', '2023-08-12 19:15:20', '2023-08-12 19:15:20', 'eec64642ee9e', 'ac1cd0bcbd69'),
    ('1b8e2da0c29f', '2023-08-12 19:15:44', '2023-08-12 19:15:44', '7fdc3e341b71', 'ac1cd0bcbd69'),
    ('f05512115fd5', '2023-08-12 19:15:46', '2023-08-12 19:15:46', '7fdc3e341b71', '0e26982c9895'),
    ('e69d6e700364', '2023-08-12 19:15:52', '2023-08-12 19:15:52', '35274d110bf2', 'b32db30637c8'),
    ('88d9514b1465', '2023-08-12 19:15:53', '2023-08-12 19:15:53', '35274d110bf2', 'b7d93b2fa1be'),
    ('9f81a2f9885d', '2023-08-12 19:15:59', '2023-08-12 19:15:59', 'a7908cf472c6', '0e26982c9895'),
    ('3b40b6b848aa', '2023-08-12 19:16:11', '2023-08-12 19:16:11', '83c3327183f3', 'ac1cd0bcbd69'),
    ('ba7dd5edb6c5', '2023-08-12 19:16:26', '2023-08-12 19:16:26', '3d1127906db5', 'ac1cd0bcbd69'),
    ('31bcc929887f', '2023-08-12 19:16:26', '2023-08-12 19:16:26', '3d1127906db5', '97fef2195179'),
    ('9d2439dbd3d9', '2023-08-12 19:16:41', '2023-08-12 19:16:41', '5afa0c149a17', '0e26982c9895'),
    ('49a0960fac63', '2023-08-12 19:16:41', '2023-08-12 19:16:41', '5afa0c149a17', '8be6d2f6f7dc'),
    ('b41dd8a5ace9', '2023-08-12 19:16:41', '2023-08-12 19:16:41', '5afa0c149a17', 'ac1cd0bcbd69'),
    ('1bdfca7eb77a', '2023-08-12 19:16:41', '2023-08-12 19:16:41', '5afa0c149a17', '97fef2195179'),
    ('78409371a75e', '2023-08-12 19:16:43', '2023-08-12 19:16:43', '5afa0c149a17', 'b7d93b2fa1be'),
    ('e33d90f31bfe', '2023-08-12 19:16:44', '2023-08-12 19:16:44', '5afa0c149a17', 'b32db30637c8'),
    ('5d1dc4786843', '2023-08-13 10:31:55', '2023-08-13 10:31:55', '8b78d418b5ca', '7db6a9ffc210'),
    ('e1af2d41bc31', '2023-08-13 10:31:56', '2023-08-13 10:31:56', '8b78d418b5ca', 'd806a59915f8'),
    ('65576d4dd8ab', '2023-08-13 10:32:13', '2023-08-13 10:32:13', 'f7edd89794b7', '8ea7a7f7c103'),
    ('b1d2eb254bda', '2023-08-13 10:32:14', '2023-08-13 10:32:14', 'f7edd89794b7', 'b00054c3c03e'),
    ('4c003165674f', '2023-08-13 10:32:20', '2023-08-13 10:32:20', '5131e8aace13', '7db6a9ffc210'),
    ('f3a565afbff3', '2023-08-13 10:32:20', '2023-08-13 10:32:20', '5131e8aace13', 'b2f127cb410f'),
    ('780b5d0a1cbe', '2023-08-13 10:32:20', '2023-08-13 10:32:20', '5131e8aace13', 'b00054c3c03e'),
    ('d585c77b882e', '2023-08-13 10:32:29', '2023-08-13 10:32:29', '877b3aaf398e', '8ea7a7f7c103'),
    ('a678c79384be', '2023-08-13 10:32:29', '2023-08-13 10:32:29', '877b3aaf398e', 'b2f127cb410f'),
    ('1325935678fb', '2023-08-13 10:32:32', '2023-08-13 10:32:32', '877b3aaf398e', '60a470e1aff6'),
    ('b148dd194cbf', '2023-08-13 10:32:41', '2023-08-13 10:32:41', '2bfcbc675dd0', 'd806a59915f8'),
    ('330d08e6cf33', '2023-08-13 10:32:43', '2023-08-13 10:32:43', '2bfcbc675dd0', '8ea7a7f7c103'),
    ('3131696d020b', '2023-08-13 10:32:51', '2023-08-13 10:32:51', 'de32567f1707', '7db6a9ffc210'),
    ('264fee971215', '2023-08-13 10:32:52', '2023-08-13 10:32:52', 'de32567f1707', 'b00054c3c03e'),
    ('2046215f435b', '2023-08-13 10:32:52', '2023-08-13 10:32:52', 'de32567f1707', '8ea7a7f7c103'),
    ('713bd1a40a4b', '2023-08-13 10:33:04', '2023-08-13 10:33:04', 'a9ffcb68206e', '7db6a9ffc210'),
    ('243de98c6469', '2023-08-13 10:33:05', '2023-08-13 10:33:05', 'a9ffcb68206e', 'b00054c3c03e'),
    ('27ea4d4d794e', '2023-08-13 10:33:06', '2023-08-13 10:33:06', 'a9ffcb68206e', 'd806a59915f8'),
    ('c4d2b38d02ed', '2023-08-13 10:33:33', '2023-08-13 10:33:33', 'ff671ed8258e', 'b2f127cb410f'),
    ('de0978b53388', '2023-08-13 10:33:34', '2023-08-13 10:33:34', 'ff671ed8258e', '8ea7a7f7c103'),
    ('642e57b0edad', '2023-08-13 10:33:44', '2023-08-13 10:33:44', '4ceef9835dfa', 'b2f127cb410f'),
    ('c27271a5ec1e', '2023-08-13 10:33:46', '2023-08-13 10:33:46', '4ceef9835dfa', '60a470e1aff6'),
    ('acf9dd7fb855', '2023-08-13 10:34:01', '2023-08-13 10:34:01', '07d5a46c4293', '8ea7a7f7c103'),
    ('8fc1595dc6c5', '2023-08-13 10:34:01', '2023-08-13 10:34:01', '07d5a46c4293', '60a470e1aff6'),
    ('538b6773077b', '2023-08-13 10:34:11', '2023-08-13 10:34:11', '933b2256174d', '7db6a9ffc210'),
    ('357689b7b642', '2023-08-13 10:34:12', '2023-08-13 10:34:12', '933b2256174d', '60a470e1aff6'),
    ('31dcb8c7068f', '2023-08-13 10:34:16', '2023-08-13 10:34:16', '2651acf4611a', '7db6a9ffc210'),
    ('20da93fa86c2', '2023-08-13 10:34:17', '2023-08-13 10:34:17', '2651acf4611a', 'b00054c3c03e'),
    ('7157fe1db3fa', '2023-08-13 10:34:28', '2023-08-13 10:34:28', '4021468211dd', '8ea7a7f7c103'),
    ('ae25af2ceafc', '2023-08-13 10:34:29', '2023-08-13 10:34:29', '4021468211dd', 'b00054c3c03e'),
    ('7902fe1e84e4', '2023-08-13 10:34:39', '2023-08-13 10:34:39', '82512e393d2d', '7db6a9ffc210'),
    ('9d945848d94e', '2023-08-13 10:34:40', '2023-08-13 10:34:40', '82512e393d2d', 'b00054c3c03e');




INSERT INTO public.category_contenttype (category_id, contenttype_id) VALUES
	('84b0ebdf5dc0', '44dcc7493c65'),
	('84b0ebdf5dc0', '318e064ea0c9'),
	('84b0ebdf5dc0', '4f0c657fecef'),
	('84b0ebdf5dc0', 'f17470519474'),
	('84b0ebdf5dc0', 'cfccaecd4bad'),
	('84b0ebdf5dc0', '3ef17bd1df72'),
	('84b0ebdf5dc0', '1a0f84e322c8'),
	('dbc3fbcc684c', '44dcc7493c65'),
	('dbc3fbcc684c', '318e064ea0c9'),
	('dbc3fbcc684c', '4f0c657fecef'),
	('dbc3fbcc684c', 'f17470519474'),
	('dbc3fbcc684c', 'cfccaecd4bad'),
	('dbc3fbcc684c', '3ef17bd1df72'),
	('c8a56ebb4d2a', '44dcc7493c65'),
	('c8a56ebb4d2a', '318e064ea0c9'),
	('c8a56ebb4d2a', '4f0c657fecef'),
	('c8a56ebb4d2a', 'f17470519474'),
	('c8a56ebb4d2a', 'cfccaecd4bad'),
	('c8a56ebb4d2a', '3ef17bd1df72'),
	('a023e85227ac', 'f17470519474'),
	('a023e85227ac', '3ef17bd1df72'),
	('a023e85227ac', '4f0c657fecef'),
	('a023e85227ac', '44dcc7493c65'),
	('a023e85227ac', 'cfccaecd4bad'),
	('a023e85227ac', '318e064ea0c9'),
	('1a869b162875', 'f17470519474'),
	('1a869b162875', '1a0f84e322c8'),
	('1a869b162875', '3ef17bd1df72'),
	('1a869b162875', '4f0c657fecef'),
	('1a869b162875', '44dcc7493c65'),
	('1a869b162875', 'cfccaecd4bad'),
	('1a869b162875', '318e064ea0c9'),
	('dfa531302823', 'f17470519474'),
	('dfa531302823', '3ef17bd1df72'),
	('dfa531302823', '4f0c657fecef'),
	('dfa531302823', '44dcc7493c65'),
	('dfa531302823', 'cfccaecd4bad'),
	('dfa531302823', '318e064ea0c9'),
	('d7dfd3fdc611', 'f17470519474'),
	('d7dfd3fdc611', '3ef17bd1df72'),
	('d7dfd3fdc611', '4f0c657fecef'),
	('d7dfd3fdc611', '44dcc7493c65'),
	('d7dfd3fdc611', 'cfccaecd4bad'),
	('d7dfd3fdc611', '318e064ea0c9'),
	('e7559fc16388', 'f17470519474'),
	('e7559fc16388', '1a0f84e322c8'),
	('e7559fc16388', '3ef17bd1df72'),
	('e7559fc16388', '4f0c657fecef'),
	('e7559fc16388', '44dcc7493c65'),
	('e7559fc16388', 'cfccaecd4bad'),
	('e7559fc16388', '318e064ea0c9'),
	('8f18191a3125', 'f17470519474'),
	('8f18191a3125', '3ef17bd1df72'),
	('8f18191a3125', '4f0c657fecef'),
	('8f18191a3125', '44dcc7493c65'),
	('8f18191a3125', 'cfccaecd4bad'),
	('8f18191a3125', '318e064ea0c9'),
    ('b7721601a682', 'f17470519474'),
    ('b7721601a682', '3ef17bd1df72'),
    ('b7721601a682', '4f0c657fecef'),
    ('b7721601a682', '44dcc7493c65'),
    ('b7721601a682', 'cfccaecd4bad'),
    ('b7721601a682', '318e064ea0c9'),
    ('2d384fe45589', 'f17470519474'),
    ('2d384fe45589', '1a0f84e322c8'),
    ('2d384fe45589', '3ef17bd1df72'),
    ('2d384fe45589', '4f0c657fecef'),
    ('2d384fe45589', '44dcc7493c65'),
    ('2d384fe45589', 'cfccaecd4bad'),
    ('2d384fe45589', '318e064ea0c9'),
    ('08d980d19c77', 'f17470519474'),
    ('08d980d19c77', '3ef17bd1df72'),
    ('08d980d19c77', '4f0c657fecef'),
    ('08d980d19c77', '44dcc7493c65'),
    ('08d980d19c77', 'cfccaecd4bad'),
    ('08d980d19c77', '318e064ea0c9'),
    ('2fe542abe052', 'f17470519474'),
    ('2fe542abe052', '3ef17bd1df72'),
    ('2fe542abe052', '4f0c657fecef'),
    ('2fe542abe052', '44dcc7493c65'),
    ('2fe542abe052', 'cfccaecd4bad'),
    ('2fe542abe052', '318e064ea0c9'),
    ('088f1c8929cf', 'f17470519474'),
    ('088f1c8929cf', '1a0f84e322c8'),
    ('088f1c8929cf', '3ef17bd1df72'),
    ('088f1c8929cf', '4f0c657fecef'),
    ('088f1c8929cf', '44dcc7493c65'),
    ('088f1c8929cf', 'cfccaecd4bad'),
    ('088f1c8929cf', '318e064ea0c9'),
    ('a3563e14e9f6', 'f17470519474'),
    ('a3563e14e9f6', '3ef17bd1df72'),
    ('a3563e14e9f6', '4f0c657fecef'),
    ('a3563e14e9f6', '44dcc7493c65'),
    ('a3563e14e9f6', 'cfccaecd4bad'),
    ('a3563e14e9f6', '318e064ea0c9');



INSERT INTO public.period (id, description, start, "end", createtime, updatetime, campid) VALUES
	('ff755e56fe79', 'Hauptlager', '2024-02-20', '2024-02-20', '2022-01-23 16:19:10', '2022-01-23 16:19:10', '6430aecc5422'),
	('a12a9154b43b', 'Hauptlager', '2021-01-01', '2021-01-01', '2022-01-23 16:19:10', '2022-01-23 16:19:10', 'e5027d852487'),
	('76be24bce434', 'Hauptlager', '2024-05-10', '2024-05-13', '2023-08-08 07:53:12', '2023-08-08 07:53:12', '3c79b99ab424'),
	('fe47dfd2b541', 'Hauptlager', '2024-07-13', '2024-07-20', '2023-08-08 09:22:58', '2023-08-08 09:48:01', '6973c230d6b1'),
    ('7c39a8ebf82f', 'Main', '2028-01-03', '2028-01-09', '2023-08-12 17:41:55', '2023-08-13 06:23:45', '9c2447aefe38'),
    ('c085d1d5ddfa', 'Die Jedi-Akademie', '2025-07-14', '2025-07-16', '2023-08-13 06:32:29', '2023-08-13 06:32:29', '0969e3c95dfc');



INSERT INTO public.day (id, dayoffset, createtime, updatetime, periodid) VALUES
	('9a23375e49ba', 0, '2022-01-23 16:19:10', '2022-01-23 16:19:10', 'ff755e56fe79'),
	('c163dc9c0862', 0, '2022-01-23 16:19:10', '2022-01-23 16:19:10', 'a12a9154b43b'),
	('4b90ff5b42c0', 0, '2023-08-08 07:53:12', '2023-08-08 07:53:12', '76be24bce434'),
	('ac92acd57c49', 1, '2023-08-08 07:53:12', '2023-08-08 07:53:12', '76be24bce434'),
	('1447f15f1e12', 2, '2023-08-08 07:53:12', '2023-08-08 07:53:12', '76be24bce434'),
	('963c3c0639dd', 3, '2023-08-08 07:53:12', '2023-08-08 07:53:12', '76be24bce434'),
	('390b85b68340', 0, '2023-08-08 09:22:58', '2023-08-08 09:22:58', 'fe47dfd2b541'),
	('3bc45b20bb94', 1, '2023-08-08 09:22:58', '2023-08-08 09:22:58', 'fe47dfd2b541'),
	('5fe1d8e68fa3', 2, '2023-08-08 09:22:58', '2023-08-08 09:22:58', 'fe47dfd2b541'),
	('8f451abb73aa', 3, '2023-08-08 09:22:58', '2023-08-08 09:22:58', 'fe47dfd2b541'),
	('732d6fe38183', 4, '2023-08-08 09:22:58', '2023-08-08 09:22:58', 'fe47dfd2b541'),
	('0f892112d036', 5, '2023-08-08 09:22:58', '2023-08-08 09:22:58', 'fe47dfd2b541'),
	('c2dbb672d9b0', 6, '2023-08-08 09:22:58', '2023-08-08 09:22:58', 'fe47dfd2b541'),
	('ff8ee1e8dde3', 7, '2023-08-08 09:22:58', '2023-08-08 09:22:58', 'fe47dfd2b541'),
    ('c962506a6d5e', 0, '2023-08-12 17:41:55', '2023-08-12 17:41:55', '7c39a8ebf82f'),
    ('2ed2f56da136', 1, '2023-08-12 17:41:55', '2023-08-12 17:41:55', '7c39a8ebf82f'),
    ('6f5871d18151', 2, '2023-08-12 17:41:55', '2023-08-12 17:41:55', '7c39a8ebf82f'),
    ('b19f400fe01e', 3, '2023-08-12 17:41:55', '2023-08-12 17:41:55', '7c39a8ebf82f'),
    ('e72047019f67', 4, '2023-08-12 17:41:55', '2023-08-12 17:41:55', '7c39a8ebf82f'),
    ('7c398a57782f', 5, '2023-08-12 17:41:55', '2023-08-12 17:41:55', '7c39a8ebf82f'),
    ('522e2f6bd334', 6, '2023-08-12 17:41:55', '2023-08-12 17:41:55', '7c39a8ebf82f'),
    ('848e197ba34a', 0, '2023-08-13 06:32:29', '2023-08-13 06:32:29', 'c085d1d5ddfa'),
    ('edbe4c4e1591', 1, '2023-08-13 06:32:29', '2023-08-13 06:32:29', 'c085d1d5ddfa'),
    ('d03a57ed49a0', 2, '2023-08-13 06:32:29', '2023-08-13 06:32:29', 'c085d1d5ddfa');



INSERT INTO public.day_responsible (id, createtime, updatetime, dayid, campcollaborationid) VALUES
	('78d5d2ec7036', '2022-01-23 16:19:10', '2022-01-23 16:19:10', '9a23375e49ba', '0e524d43e799'),
	('f3a25527bb83', '2022-01-23 16:19:10', '2022-01-23 16:19:10', 'c163dc9c0862', '2c313fa367b3'),
	('cf442e7381e9', '2023-08-08 08:23:45', '2023-08-08 08:23:45', '4b90ff5b42c0', 'b0bdb7202a9d'),
	('c58a08b98726', '2023-08-08 08:23:53', '2023-08-08 08:23:53', 'ac92acd57c49', '5111b2972441'),
	('db401ffc07e6', '2023-08-08 08:23:56', '2023-08-08 08:23:56', '1447f15f1e12', 'dba39edd9910'),
	('981300f9ef5c', '2023-08-08 08:23:58', '2023-08-08 08:23:58', '963c3c0639dd', 'c88fd78c90ea'),
	('84a122c54c27', '2023-08-08 10:31:48', '2023-08-08 10:31:48', '390b85b68340', '68694999fa8d'),
	('b850348d480d', '2023-08-08 10:31:50', '2023-08-08 10:31:50', 'ff8ee1e8dde3', '68694999fa8d'),
	('e15d656bb3f9', '2023-08-08 10:31:53', '2023-08-08 10:31:53', '3bc45b20bb94', '3229d273decd'),
	('d4da3db759f8', '2023-08-08 10:31:56', '2023-08-08 10:31:56', '5fe1d8e68fa3', '878426563205'),
	('265761090527', '2023-08-08 10:31:59', '2023-08-08 10:31:59', '8f451abb73aa', 'd27ca1d0e6e4'),
	('09384b7ee552', '2023-08-08 10:32:04', '2023-08-08 10:32:04', '732d6fe38183', 'd27ca1d0e6e4'),
	('111018295a65', '2023-08-08 10:32:07', '2023-08-08 10:32:07', '0f892112d036', '878426563205'),
	('59f66d299c82', '2023-08-08 10:32:11', '2023-08-08 10:32:11', 'c2dbb672d9b0', 'c463d2a19847'),
    ('64e2e18cfc12', '2023-08-13 06:21:21', '2023-08-13 06:21:21', 'c962506a6d5e', 'b32db30637c8'),
    ('630fe3dcb6fd', '2023-08-13 06:21:25', '2023-08-13 06:21:25', '2ed2f56da136', '8be6d2f6f7dc'),
    ('881257596626', '2023-08-13 06:21:29', '2023-08-13 06:21:29', '6f5871d18151', '0e26982c9895'),
    ('3dd69a5511a8', '2023-08-13 06:21:34', '2023-08-13 06:21:34', '7c398a57782f', 'b7d93b2fa1be'),
    ('85a6ad21126b', '2023-08-13 06:21:38', '2023-08-13 06:21:38', '522e2f6bd334', '97fef2195179');



INSERT INTO public.material_list (id, materiallistprototypeid, name, createtime, updatetime, campid, campcollaborationid) VALUES
	('9869949f344f', NULL, 'Einkaufsliste', '2022-01-23 16:19:10', '2022-01-23 16:19:10', '6430aecc5422', NULL),
	('d26923cc560d', NULL, 'Lebensmittel', '2022-01-23 16:19:10', '2022-02-04 21:44:16', 'e5027d852487', NULL),
	('a69b2d247be3', NULL, 'Baumarkt', '2022-02-04 21:44:22', '2022-02-04 21:44:22', 'e5027d852487', NULL),
	('387e6dbe2cbb', NULL, 'Pfadiheim', '2022-02-04 21:44:32', '2022-02-04 21:44:32', 'e5027d852487', NULL),
	('58723b211d16', NULL, 'J+S', '2022-02-04 21:44:38', '2022-02-04 21:44:38', 'e5027d852487', NULL),
	('b0d92afc0fc0', 'd26923cc560d', 'Lebensmittel', '2023-08-08 07:53:12', '2023-08-08 07:53:12', '3c79b99ab424', NULL),
	('b1c0b6289684', 'a69b2d247be3', 'Baumarkt', '2023-08-08 07:53:12', '2023-08-08 07:53:12', '3c79b99ab424', NULL),
	('6e57f36875d4', '387e6dbe2cbb', 'Pfadiheim', '2023-08-08 07:53:12', '2023-08-08 07:53:12', '3c79b99ab424', NULL),
	('c58be99bbd24', '58723b211d16', 'J+S', '2023-08-08 07:53:12', '2023-08-08 07:53:12', '3c79b99ab424', NULL),
	('981eb1c8e221', NULL, NULL, '2023-08-08 07:53:12', '2023-08-08 07:53:12', '3c79b99ab424', 'b0bdb7202a9d'),
	('dcb9a30e81d2', NULL, NULL, '2023-08-08 07:58:53', '2023-08-08 07:58:53', '3c79b99ab424', 'c88fd78c90ea'),
	('036d75aa9457', NULL, NULL, '2023-08-08 07:59:24', '2023-08-08 07:59:24', '3c79b99ab424', 'dba39edd9910'),
	('eca56a59f79a', NULL, NULL, '2023-08-08 07:59:53', '2023-08-08 07:59:53', '3c79b99ab424', '5111b2972441'),
	('9b5794e7cb5b', NULL, NULL, '2023-08-08 08:03:06', '2023-08-08 08:03:06', '3c79b99ab424', '2b3cf1ce6341'),
	('6d4a58de6d82', 'a69b2d247be3', 'Baumarkt', '2023-08-08 09:22:58', '2023-08-08 09:22:58', '6973c230d6b1', NULL),
	('3b4556e5eea6', '387e6dbe2cbb', 'Pfadiheim', '2023-08-08 09:22:58', '2023-08-08 09:22:58', '6973c230d6b1', NULL),
	('9210ac5a577d', '58723b211d16', 'J+S', '2023-08-08 09:22:58', '2023-08-08 09:22:58', '6973c230d6b1', NULL),
	('75951090ead6', NULL, NULL, '2023-08-08 09:22:58', '2023-08-08 09:22:58', '6973c230d6b1', '68694999fa8d'),
	('7e0f259f160a', NULL, 'Packliste', '2023-08-08 09:26:09', '2023-08-08 09:26:09', '6973c230d6b1', NULL),
	('c2833b5b4616', 'd26923cc560d', 'Coop', '2023-08-08 09:22:58', '2023-08-08 09:26:25', '6973c230d6b1', NULL),
	('444d025786d4', NULL, NULL, '2023-08-08 09:36:01', '2023-08-08 09:36:01', '6973c230d6b1', 'd27ca1d0e6e4'),
	('33886893d219', NULL, NULL, '2023-08-08 09:36:41', '2023-08-08 09:36:41', '6973c230d6b1', '878426563205'),
	('184ba2a1677d', NULL, NULL, '2023-08-08 09:37:16', '2023-08-08 09:37:16', '6973c230d6b1', '763c0d181b63'),
	('a72fc8ed2fe8', NULL, NULL, '2023-08-08 09:37:38', '2023-08-08 09:37:38', '6973c230d6b1', '7cae64a7800c'),
	('c0aa06f74dc5', NULL, NULL, '2023-08-08 09:38:01', '2023-08-08 09:38:01', '6973c230d6b1', 'c463d2a19847'),
	('a62ef1a251d5', NULL, NULL, '2023-08-08 09:38:27', '2023-08-08 09:38:27', '6973c230d6b1', '3229d273decd'),
    ('5050ed8622d1', 'd26923cc560d', 'Lebensmittel', '2023-08-12 17:41:55', '2023-08-12 17:41:55', '9c2447aefe38', null),
    ('c695bbf6cf4a', 'a69b2d247be3', 'Baumarkt', '2023-08-12 17:41:55', '2023-08-12 17:41:55', '9c2447aefe38', null),
    ('440d66c5d00c', '387e6dbe2cbb', 'Pfadiheim', '2023-08-12 17:41:55', '2023-08-12 17:41:55', '9c2447aefe38', null),
    ('b544925a867f', '58723b211d16', 'J+S', '2023-08-12 17:41:55', '2023-08-12 17:41:55', '9c2447aefe38', null),
    ('99808d932cfd', null, null, '2023-08-12 17:41:55', '2023-08-12 17:41:55', '9c2447aefe38', 'b32db30637c8'),
    ('30d1df452b00', null, null, '2023-08-12 19:10:14', '2023-08-12 19:10:14', '9c2447aefe38', '0e26982c9895'),
    ('087e7991d5c2', null, null, '2023-08-12 19:10:28', '2023-08-12 19:10:28', '9c2447aefe38', 'ac1cd0bcbd69'),
    ('ec25de8cc8d5', null, null, '2023-08-12 19:10:38', '2023-08-12 19:10:38', '9c2447aefe38', '97fef2195179'),
    ('b542208b1b5e', null, null, '2023-08-12 19:10:49', '2023-08-12 19:10:49', '9c2447aefe38', 'b7d93b2fa1be'),
    ('beb4bbf98b7d', null, null, '2023-08-12 19:11:03', '2023-08-12 19:11:03', '9c2447aefe38', '8be6d2f6f7dc'),
    ('c4a795eb0a94', 'd26923cc560d', 'Lebensmittel', '2023-08-13 06:32:29', '2023-08-13 06:32:29', '0969e3c95dfc', null),
    ('bb5ef9a732f8', 'a69b2d247be3', 'Baumarkt', '2023-08-13 06:32:29', '2023-08-13 06:32:29', '0969e3c95dfc', null),
    ('ff69f9eb521c', '387e6dbe2cbb', 'Pfadiheim', '2023-08-13 06:32:29', '2023-08-13 06:32:29', '0969e3c95dfc', null),
    ('a0d5167ea728', '58723b211d16', 'J+S', '2023-08-13 06:32:29', '2023-08-13 06:32:29', '0969e3c95dfc', null),
    ('e0ea59090408', null, null, '2023-08-13 06:32:29', '2023-08-13 06:32:29', '0969e3c95dfc', 'b2f127cb410f'),
    ('6474f3a6fa32', null, null, '2023-08-13 10:29:08', '2023-08-13 10:29:08', '0969e3c95dfc', 'b00054c3c03e'),
    ('eaf86cc2a44b', null, null, '2023-08-13 10:29:25', '2023-08-13 10:29:25', '0969e3c95dfc', 'd806a59915f8'),
    ('26139c405248', null, null, '2023-08-13 10:29:37', '2023-08-13 10:29:37', '0969e3c95dfc', '8ea7a7f7c103'),
    ('43a4034fac49', null, null, '2023-08-13 10:29:47', '2023-08-13 10:29:47', '0969e3c95dfc', '7db6a9ffc210'),
    ('f17a2bee9606', null, null, '2023-08-13 10:29:55', '2023-08-13 10:29:55', '0969e3c95dfc', '60a470e1aff6');



INSERT INTO public.material_item (id, article, quantity, unit, createtime, updatetime, materiallistid, periodid, materialnodeid) VALUES
	('419b8e7addb9', 'Lagerapotheke', 1, NULL, '2022-01-23 16:19:10', '2022-01-23 16:19:10', '9869949f344f', 'ff755e56fe79', NULL),
	('e91ec866d090', 'Lagerapotheke', 1, NULL, '2022-01-23 16:19:10', '2022-01-23 16:19:10', 'd26923cc560d', 'a12a9154b43b', NULL),
	('78cbd5ddb7e2', 'Flugbegleiterin', 1, NULL, '2023-08-08 08:33:00', '2023-08-08 08:33:00', '6e57f36875d4', NULL, 'd935d034f393'),
	('d9aa4a3c3995', 'Sicherheitspersonal', 2, NULL, '2023-08-08 08:33:19', '2023-08-08 08:33:19', '6e57f36875d4', NULL, 'd935d034f393'),
	('a4f2bb6d55ac', 'Kontrollbogen für Sicherheitskontrolle', NULL, NULL, '2023-08-08 08:33:31', '2023-08-08 08:33:31', '036d75aa9457', NULL, 'd935d034f393'),
	('49a5c700b0fa', 'Pflanzenzelt', NULL, NULL, '2023-08-08 08:33:55', '2023-08-08 08:33:55', '036d75aa9457', NULL, 'd935d034f393'),
	('2a756c44ddc4', 'Blachen für Pflanzenzelt zum Flugiverkleiden', 8, NULL, '2023-08-08 08:34:18', '2023-08-08 08:34:28', 'c58be99bbd24', NULL, 'd935d034f393'),
	('dd86b0ecfb08', 'Verletzung für Druckverband', 1, NULL, '2023-08-08 08:36:32', '2023-08-08 08:36:32', 'dcb9a30e81d2', NULL, '6cdf77b5c113'),
	('79d724cc3e89', 'Übungsapotheke', 1, NULL, '2023-08-08 08:36:47', '2023-08-08 08:36:47', '6e57f36875d4', NULL, '6cdf77b5c113'),
	('977aa03ec156', 'Sauerstoffmasken', 20, NULL, '2023-08-08 08:37:03', '2023-08-08 08:37:03', 'dcb9a30e81d2', NULL, '6cdf77b5c113'),
	('db49b2c440a6', 'Flugzeug', 1, NULL, '2023-08-08 08:37:22', '2023-08-08 08:37:22', 'dcb9a30e81d2', NULL, '6cdf77b5c113'),
	('c35522a152d6', 'Sichtmäppli', 5, NULL, '2023-08-08 08:40:59', '2023-08-08 08:40:59', '036d75aa9457', NULL, 'e1ed87708120'),
	('4ee5db6bb36f', 'Tafel Schokolade', 1, NULL, '2023-08-08 08:41:12', '2023-08-08 08:41:12', 'b0d92afc0fc0', NULL, 'e1ed87708120'),
	('5742773b3dff', 'Karten umgebung', 5, NULL, '2023-08-08 08:41:43', '2023-08-08 08:41:43', '036d75aa9457', NULL, 'e1ed87708120'),
	('665cdfd7a13d', 'Apotheke', 1, NULL, '2023-08-08 08:43:49', '2023-08-08 08:43:49', '6e57f36875d4', NULL, '1169fb1d7e32'),
	('46edd7753a27', 'Küche, die Alarm schreit', 1, NULL, '2023-08-08 08:44:01', '2023-08-08 08:44:01', 'dcb9a30e81d2', NULL, '1169fb1d7e32'),
	('f52f8520f9e5', 'Eingeborenen Häuptling', 1, NULL, '2023-08-08 08:44:13', '2023-08-08 08:44:13', '036d75aa9457', NULL, '1169fb1d7e32'),
	('ee48061fca90', 'Eingeborene', 5, NULL, '2023-08-08 08:44:33', '2023-08-08 08:44:33', '981eb1c8e221', NULL, '1169fb1d7e32'),
	('315f717b6f3b', 'Essen', 15, NULL, '2023-08-08 08:44:50', '2023-08-08 08:44:50', '036d75aa9457', NULL, '1169fb1d7e32'),
	('0a96bdf2a877', 'Spielbrett mit Wegen und Lagern', 1, NULL, '2023-08-08 08:45:18', '2023-08-08 08:45:18', 'dcb9a30e81d2', NULL, '1169fb1d7e32'),
	('8eeaeefd9dce', 'Farben Bändeli', 4, NULL, '2023-08-08 08:45:29', '2023-08-08 08:45:29', '6e57f36875d4', NULL, '1169fb1d7e32'),
	('c3a1cb7779ef', 'Papier', NULL, NULL, '2023-08-08 08:47:42', '2023-08-08 08:47:42', '6e57f36875d4', NULL, 'ffee29377fd4'),
	('c361346de4c2', 'Klebeband', NULL, NULL, '2023-08-08 08:47:51', '2023-08-08 08:47:51', '6e57f36875d4', NULL, 'ffee29377fd4'),
	('470c48009755', 'Stifte', NULL, NULL, '2023-08-08 08:48:11', '2023-08-08 08:48:11', '6e57f36875d4', NULL, 'ffee29377fd4'),
	('4a3980052c35', 'Packpapier', 1, NULL, '2023-08-08 08:48:25', '2023-08-08 08:48:25', 'b0d92afc0fc0', NULL, 'ffee29377fd4'),
	('6a119ad4963d', 'Blachen', 6, NULL, '2023-08-08 08:48:37', '2023-08-08 08:48:37', 'c58be99bbd24', NULL, 'ffee29377fd4'),
	('7005c89be47b', 'Federn', 20, NULL, '2023-08-08 08:50:19', '2023-08-08 08:50:19', '981eb1c8e221', NULL, '85faed92b081'),
	('04711c633c6e', 'Essensresten (Zwiebelschalen etc)', 7, NULL, '2023-08-08 08:50:30', '2023-08-08 08:50:30', '036d75aa9457', NULL, '85faed92b081'),
	('4c75446f6d9e', 'Schaufel', 2, NULL, '2023-08-08 08:50:44', '2023-08-08 08:50:44', '6e57f36875d4', NULL, '85faed92b081'),
	('0a4941b23881', 'Ballone', 50, NULL, '2023-08-08 08:51:10', '2023-08-08 08:51:10', '981eb1c8e221', NULL, '85faed92b081'),
	('a4d8934fea2d', 'Zundhölzli', NULL, NULL, '2023-08-08 08:54:21', '2023-08-08 08:54:21', 'dcb9a30e81d2', NULL, '46a0b78d4c29'),
	('7efd180ac8ec', 'Wachs', NULL, NULL, '2023-08-08 08:54:30', '2023-08-08 08:54:30', 'dcb9a30e81d2', NULL, '46a0b78d4c29'),
	('0679897e7b08', 'Flasche für Flaschenpost', 1, NULL, '2023-08-08 08:55:11', '2023-08-08 08:55:11', 'dcb9a30e81d2', NULL, '46a0b78d4c29'),
	('8ec8307051bb', 'Viel Paracord', NULL, NULL, '2023-08-08 08:55:21', '2023-08-08 08:55:21', 'dcb9a30e81d2', NULL, '46a0b78d4c29'),
	('2c79f2349d37', 'Absperrband', 1, NULL, '2023-08-08 08:59:22', '2023-08-08 08:59:22', '036d75aa9457', NULL, '74ae93df8343'),
	('01fa888341f6', 'Leuchtstäbe', 20, NULL, '2023-08-08 08:59:32', '2023-08-08 08:59:32', '6e57f36875d4', NULL, '74ae93df8343'),
	('ed794687a9e6', 'Böxli mit Musik', 1, NULL, '2023-08-08 09:09:05', '2023-08-08 09:09:05', '981eb1c8e221', NULL, 'b9036acaa421'),
	('67237089f91e', 'Karten', 5, 'St', '2023-08-08 09:19:48', '2023-08-08 09:19:48', 'eca56a59f79a', NULL, '2a81640d3449'),
	('24b6593ba0eb', 'Gruppenbillet', 1, NULL, '2023-08-08 12:47:56', '2023-08-08 12:47:56', '75951090ead6', NULL, '322db0cc9e50'),
	('203f3bc4f467', 'Apotheke', 1, NULL, '2023-08-08 12:48:07', '2023-08-08 12:48:07', '75951090ead6', NULL, '322db0cc9e50'),
	('ad310430e173', 'Teilnehmerliste', 1, NULL, '2023-08-08 12:48:19', '2023-08-08 12:48:19', '75951090ead6', NULL, '322db0cc9e50'),
	('b670d07bbc3d', 'Ordner für Notfallblätter', 1, NULL, '2023-08-08 12:48:33', '2023-08-08 12:48:33', '75951090ead6', NULL, '322db0cc9e50'),
	('eced3a382eac', 'Schatzkarten', 5, NULL, '2023-08-08 12:55:07', '2023-08-08 12:55:07', 'a62ef1a251d5', NULL, '8e8787fea6f2'),
	('9be0b27c7d05', 'Süssigkeiten', 1, 'kg', '2023-08-08 12:54:55', '2023-08-08 12:56:34', 'c2833b5b4616', NULL, '8e8787fea6f2'),
	('40c5f6199643', 'Blachen', 6, NULL, '2023-08-08 12:56:36', '2023-08-08 12:56:36', '3b4556e5eea6', NULL, '8e8787fea6f2'),
	('04be1b6159dc', 'Schatztruhe', 1, NULL, '2023-08-08 12:57:04', '2023-08-08 12:57:04', '3b4556e5eea6', NULL, '8e8787fea6f2'),
	('56d20b04dc3d', 'Schatzversteck', 1, NULL, '2023-08-08 13:04:56', '2023-08-08 13:04:56', '7e0f259f160a', NULL, '9dcf58a2ac05'),
	('02de16b92340', 'Tee', 10, 'Liter', '2023-08-08 13:05:12', '2023-08-08 13:05:12', 'c2833b5b4616', NULL, '9dcf58a2ac05'),
	('7280d8addcfd', 'Schnur', 4, 'm', '2023-08-08 13:09:39', '2023-08-08 13:09:39', 'a62ef1a251d5', NULL, '134e2196af92'),
	('05c41d73694d', 'Äpfel', 5, 'kg', '2023-08-08 13:19:30', '2023-08-08 13:19:30', 'c0aa06f74dc5', NULL, '25074e49b902'),
	('db226be3de01', 'Seil', 8, 'm', '2023-08-08 13:19:39', '2023-08-08 13:19:39', '184ba2a1677d', NULL, '25074e49b902'),
	('ddaddb5e6577', 'Verkleidung Dolor', 1, NULL, '2023-08-08 13:19:54', '2023-08-08 13:19:54', '33886893d219', NULL, '25074e49b902'),
	('d68271396783', 'Chips', 8, 'Pack', '2023-08-08 13:22:19', '2023-08-08 13:22:19', 'c2833b5b4616', NULL, '963cec4704d0'),
	('f93c46f939f7', 'MIlch', 10, 'Liter', '2023-08-08 13:22:30', '2023-08-08 13:22:30', 'c2833b5b4616', NULL, '963cec4704d0'),
	('d78383ce3cd8', 'Bändeli', 5, 'Farben', '2023-08-08 13:22:41', '2023-08-08 13:22:41', '3b4556e5eea6', NULL, '963cec4704d0'),
	('d4ffc48a48b6', 'Spaten', 6, NULL, '2023-08-08 13:22:55', '2023-08-08 13:22:55', '9210ac5a577d', NULL, '963cec4704d0'),
	('04c17e1970bd', 'Pizza', 5, 'Stück', '2023-08-08 13:30:36', '2023-08-08 13:30:36', 'c2833b5b4616', NULL, '2a9feb02eef2'),
	('533ee804b3eb', 'Luftballone', 3, NULL, '2023-08-08 13:30:51', '2023-08-08 13:30:51', '444d025786d4', NULL, '2a9feb02eef2'),
	('6f05e7800672', 'Hüpfsäcke', 3, NULL, '2023-08-08 13:31:16', '2023-08-08 13:31:16', 'a62ef1a251d5', NULL, '2a9feb02eef2'),
	('fbfcee74acdb', 'Spitzhacken', 8, NULL, '2023-08-08 13:31:46', '2023-08-08 13:31:46', '9210ac5a577d', NULL, '2a9feb02eef2'),
	('c68957506a15', 'Blacken', 5, NULL, '2023-08-08 13:31:55', '2023-08-08 13:31:55', '9210ac5a577d', NULL, '2a9feb02eef2'),
	('40d09184021d', 'Sugus', 20, NULL, '2023-08-08 13:32:08', '2023-08-08 13:32:08', 'c2833b5b4616', NULL, '2a9feb02eef2'),
	('af92dd411aee', 'Verkleidung Harry Potter', 1, NULL, '2023-08-08 13:32:20', '2023-08-08 13:32:20', '75951090ead6', NULL, '2a9feb02eef2'),
	('1d8f953a935d', 'Äpfel', 10, 'Stück', '2023-08-08 13:32:56', '2023-08-08 13:32:56', '184ba2a1677d', NULL, '2a9feb02eef2'),
	('310d64f0e5e9', 'Knoblauch', 4, NULL, '2023-08-08 13:33:09', '2023-08-08 13:33:09', '184ba2a1677d', NULL, '2a9feb02eef2'),
	('197be0fd966b', 'Zucker', 800, 'g', '2023-08-08 13:33:22', '2023-08-08 13:33:22', '184ba2a1677d', NULL, '2a9feb02eef2'),
    ('0fcb4e4c507b', 'Becher', 30, 'Stück', '2023-08-13 06:16:24', '2023-08-13 06:16:24', 'b544925a867f', '7c39a8ebf82f', null),
    ('476e770bdb2c', 'Gabel', 30, 'Stück', '2023-08-13 06:16:49', '2023-08-13 06:16:49', 'c695bbf6cf4a', '7c39a8ebf82f', null),
    ('8bd26138d059', 'Messer', 20, 'Stück', '2023-08-13 06:17:06', '2023-08-13 06:17:06', '99808d932cfd', '7c39a8ebf82f', null),
    ('40e7dc6a1132', 'Panzer-Klebeband', 3, 'Rollen', '2023-08-13 06:17:47', '2023-08-13 06:17:47', '440d66c5d00c', '7c39a8ebf82f', null),
    ('5540fc01b09a', 'Blachen', 3, 'Bund', '2023-08-13 06:18:12', '2023-08-13 06:18:12', '99808d932cfd', '7c39a8ebf82f', null),
    ('0494e1fb0b74', 'Seil', 3, 'm', '2023-08-13 06:19:42', '2023-08-13 06:19:42', 'c695bbf6cf4a', null, '5c309d8a07bd'),
    ('7c3ae56f400c', 'Zeltheringe', 5, 'Stück', '2023-08-13 06:20:29', '2023-08-13 06:20:29', '087e7991d5c2', null, '5c309d8a07bd');






INSERT INTO public.schedule_entry (id, startoffset, endoffset, "left", width, createtime, updatetime, periodid, activityid) VALUES
	('49334ec99fc4', 600, 660, 0, 1, '2022-01-23 16:19:10', '2022-01-23 16:19:10', 'ff755e56fe79', 'c13b91f0e465'),
	('2dbeb6095bd8', 660, 720, 0, 1, '2022-01-23 16:19:10', '2022-01-23 16:19:10', 'a12a9154b43b', 'd3cfa12d19f2'),
	('54c8d6a938f2', 720, 780, 0, 1, '2022-01-23 16:19:10', '2022-01-23 16:19:10', 'a12a9154b43b', 'd3cfa12d19f2'),
	('c77a928890b0', 1260, 1365, 0, 1, '2023-08-08 08:14:46', '2023-08-08 08:14:46', '76be24bce434', '570e2b1facd0'),
	('4e300a9e7d23', 2190, 2310, 0, 1, '2023-08-08 08:15:24', '2023-08-08 08:15:24', '76be24bce434', '86fc828f15e4'),
	('5927d65dc155', 2550, 2670, 0, 1, '2023-08-08 08:15:37', '2023-08-08 08:15:37', '76be24bce434', 'a70891fae871'),
	('f85765a558cf', 3600, 3660, 0, 1, '2023-08-08 08:16:01', '2023-08-08 08:16:01', '76be24bce434', 'f20f80f0a2b5'),
	('654f76ce88ea', 4020, 4140, 0, 1, '2023-08-08 08:16:10', '2023-08-08 08:16:10', '76be24bce434', 'b51c768b1965'),
	('2b91709fe6db', 4800, 4860, 0, 1, '2023-08-08 08:16:22', '2023-08-08 08:16:22', '76be24bce434', '5d1f5c1be758'),
	('aa98aa5e949b', 5040, 5100, 0, 1, '2023-08-08 08:16:29', '2023-08-08 08:16:29', '76be24bce434', '74755eca6018'),
	('447474278f0e', 4770, 4800, 0, 1, '2023-08-08 08:17:01', '2023-08-08 08:17:01', '76be24bce434', 'd0f1af66fb94'),
	('06e2bcb90f18', 3390, 3450, 0, 1, '2023-08-08 08:15:52', '2023-08-08 08:17:12', '76be24bce434', '71fe21d68351'),
	('14fc7550d334', 3360, 3390, 0, 1, '2023-08-08 08:16:54', '2023-08-08 08:17:14', '76be24bce434', 'f0daf363451d'),
	('51c110ddd923', 1890, 1920, 0, 1, '2023-08-08 08:16:48', '2023-08-08 08:17:17', '76be24bce434', '63ad6efc7613'),
	('1c236c325328', 1920, 1980, 0, 1, '2023-08-08 08:15:06', '2023-08-08 08:17:19', '76be24bce434', '77f803f195b7'),
	('12f34c89ce11', 1020, 1080, 0, 1, '2023-08-08 08:17:36', '2023-08-08 08:17:36', '76be24bce434', 'ffd08c52288c'),
	('272dceb20760', 2100, 2190, 0, 1, '2023-08-08 08:18:02', '2023-08-08 08:18:02', '76be24bce434', 'd5c536bf2fa3'),
	('95bf4c3dd009', 2310, 2460, 0, 1, '2023-08-08 08:18:24', '2023-08-08 08:18:24', '76be24bce434', 'a1f1a250174e'),
	('3db48c4217aa', 3780, 3930, 0, 1, '2023-08-08 08:18:57', '2023-08-08 08:18:57', '76be24bce434', 'f99efc21a720'),
	('661817f7af15', 1080, 1140, 0, 1, '2023-08-08 08:19:25', '2023-08-08 08:19:25', '76be24bce434', 'f72cf8aaed17'),
	('6eac05c33fb7', 1365, 1380, 0, 1, '2023-08-08 08:19:40', '2023-08-08 08:19:40', '76be24bce434', '1d8bff7d2f86'),
	('8737692424f1', 1410, 1500, 0, 1, '2023-08-08 08:19:55', '2023-08-08 08:21:04', '76be24bce434', '136454f62f6c'),
	('151c255d631c', 1980, 2100, 0, 1, '2023-08-08 08:21:21', '2023-08-08 08:21:21', '76be24bce434', 'e7d3c4243a60'),
	('ade24076a1c8', 2460, 2550, 0, 1, '2023-08-08 08:21:34', '2023-08-08 08:21:34', '76be24bce434', 'bb9111fcab18'),
	('3c093fe104ee', 2670, 2790, 0, 1, '2023-08-08 08:21:54', '2023-08-08 08:21:54', '76be24bce434', '19bad783376d'),
	('84c095e518ab', 3450, 3600, 0, 1, '2023-08-08 08:22:11', '2023-08-08 08:22:11', '76be24bce434', 'fc2a7692d8ee'),
	('a89878fc14ba', 3930, 4020, 0, 1, '2023-08-08 08:22:29', '2023-08-08 08:22:29', '76be24bce434', '12616670c53f'),
	('dc35e5974d2b', 4140, 4290, 0, 1, '2023-08-08 08:22:41', '2023-08-08 08:22:41', '76be24bce434', 'cb40dd913e07'),
	('6a4acd98e5c1', 5100, 5220, 0, 1, '2023-08-08 08:22:57', '2023-08-08 08:22:57', '76be24bce434', 'c16fcb5fc83b'),
	('02d50e30edfc', 1140, 1260, 0, 1, '2023-08-08 08:23:10', '2023-08-08 08:23:10', '76be24bce434', '727afdc7407a'),
	('156af85e8d20', 3660, 3780, 0, 1, '2023-08-08 08:23:23', '2023-08-08 08:23:23', '76be24bce434', '23e7e54de04c'),
	('7b91a47fb5a2', 4860, 5040, 0, 1, '2023-08-08 08:23:36', '2023-08-08 08:23:36', '76be24bce434', '130f9a87373b'),
	('ec7390fd08c6', 720, 780, 0, 1, '2023-08-08 09:49:23', '2023-08-08 09:49:23', 'fe47dfd2b541', '67c5baafae86'),
	('fae9e762a888', 2160, 2220, 0, 1, '2023-08-08 09:49:23', '2023-08-08 09:49:23', 'fe47dfd2b541', '67c5baafae86'),
	('6cf1acee8c15', 3600, 3660, 0, 1, '2023-08-08 09:49:23', '2023-08-08 09:49:23', 'fe47dfd2b541', '67c5baafae86'),
	('36f872753c3d', 5040, 5100, 0, 1, '2023-08-08 09:49:23', '2023-08-08 09:49:23', 'fe47dfd2b541', '67c5baafae86'),
	('d6f0b7a6db84', 6480, 6540, 0, 1, '2023-08-08 09:49:23', '2023-08-08 09:49:23', 'fe47dfd2b541', '67c5baafae86'),
	('090d8b8c20ce', 7920, 7980, 0, 1, '2023-08-08 09:49:23', '2023-08-08 09:49:23', 'fe47dfd2b541', '67c5baafae86'),
	('8df2de4613a2', 9360, 9420, 0, 1, '2023-08-08 09:49:23', '2023-08-08 09:49:23', 'fe47dfd2b541', '67c5baafae86'),
	('694606cc35f8', 10800, 10860, 0, 1, '2023-08-08 09:49:23', '2023-08-08 09:49:23', 'fe47dfd2b541', '67c5baafae86'),
	('88d8ff3cead3', 1920, 1980, 0, 1, '2023-08-08 09:51:29', '2023-08-08 09:51:29', 'fe47dfd2b541', 'b583c998b8cd'),
	('3b61ec2ffb53', 3360, 3420, 0, 1, '2023-08-08 09:51:29', '2023-08-08 09:51:29', 'fe47dfd2b541', 'b583c998b8cd'),
	('44557179f82c', 4800, 4860, 0, 1, '2023-08-08 09:51:29', '2023-08-08 09:51:29', 'fe47dfd2b541', 'b583c998b8cd'),
	('436a4fbc5029', 6240, 6300, 0, 1, '2023-08-08 09:51:29', '2023-08-08 09:51:29', 'fe47dfd2b541', 'b583c998b8cd'),
	('646f42ee2f82', 7680, 7740, 0, 1, '2023-08-08 09:51:29', '2023-08-08 09:51:29', 'fe47dfd2b541', 'b583c998b8cd'),
	('b6e39ad221ba', 9120, 9180, 0, 1, '2023-08-08 09:51:29', '2023-08-08 09:51:29', 'fe47dfd2b541', 'b583c998b8cd'),
	('318b208af8e0', 10560, 10620, 0, 1, '2023-08-08 09:51:29', '2023-08-08 09:51:29', 'fe47dfd2b541', 'b583c998b8cd'),
	('2a0759cceb04', 2520, 2580, 0, 1, '2023-08-08 09:52:49', '2023-08-08 09:52:49', 'fe47dfd2b541', '01edc626adcd'),
	('75fd10b7b36c', 3960, 4020, 0, 1, '2023-08-08 09:52:49', '2023-08-08 09:52:49', 'fe47dfd2b541', '01edc626adcd'),
	('fc3b2347517c', 5400, 5460, 0, 1, '2023-08-08 09:52:49', '2023-08-08 09:52:49', 'fe47dfd2b541', '01edc626adcd'),
	('c0c5c5cfad30', 6840, 6900, 0, 1, '2023-08-08 09:52:49', '2023-08-08 09:52:49', 'fe47dfd2b541', '01edc626adcd'),
	('d84ee4eee9c5', 8280, 8340, 0, 1, '2023-08-08 09:52:49', '2023-08-08 09:52:49', 'fe47dfd2b541', '01edc626adcd'),
	('c5f61a07b735', 9720, 9780, 0, 1, '2023-08-08 09:52:49', '2023-08-08 09:52:49', 'fe47dfd2b541', '01edc626adcd'),
	('27bceddd3308', 510, 720, 0, 1, '2023-08-08 09:53:21', '2023-08-08 09:53:21', 'fe47dfd2b541', '0a55eff07825'),
	('aec9b8571c5a', 1890, 1920, 0, 1, '2023-08-08 09:53:49', '2023-08-08 09:53:49', 'fe47dfd2b541', '74a794949abe'),
	('0ab58e029d4f', 3330, 3360, 0, 1, '2023-08-08 09:54:05', '2023-08-08 09:54:14', 'fe47dfd2b541', 'e0f6fead1630'),
	('5ebbea6e9db3', 4770, 4800, 0, 1, '2023-08-08 09:54:22', '2023-08-08 09:54:22', 'fe47dfd2b541', '57cabdd735e4'),
	('9530cb1eadf3', 6210, 6240, 0, 1, '2023-08-08 09:54:27', '2023-08-08 09:54:27', 'fe47dfd2b541', '3761a6f8a5f6'),
	('dbbca5907e70', 7650, 7680, 0, 1, '2023-08-08 09:54:32', '2023-08-08 09:54:32', 'fe47dfd2b541', 'b4136aea47a6'),
	('50a0336a5b1f', 9090, 9120, 0, 1, '2023-08-08 09:54:37', '2023-08-08 09:54:37', 'fe47dfd2b541', '6b7301ee3a6f'),
	('2517c1ddda3b', 10530, 10560, 0, 1, '2023-08-08 09:54:41', '2023-08-08 09:54:41', 'fe47dfd2b541', 'bdbac7fdeced'),
	('1988e7a2052d', 1080, 1200, 0, 1, '2023-08-08 09:52:49', '2023-08-08 09:55:04', 'fe47dfd2b541', '01edc626adcd'),
	('32c7b5d93fdc', 1200, 1260, 0, 1, '2023-08-08 09:55:13', '2023-08-08 09:55:13', 'fe47dfd2b541', '61e2184bb989'),
	('afcd9651c36c', 1980, 2160, 0, 1, '2023-08-08 09:55:35', '2023-08-08 09:55:35', 'fe47dfd2b541', '8b6d14842399'),
	('0ba0063c9195', 2670, 2745, 0, 1, '2023-08-08 09:56:01', '2023-08-08 09:56:01', 'fe47dfd2b541', '5b0623bc5bca'),
	('e73065e5a4ff', 2790, 2850, 0, 1, '2023-08-08 09:56:21', '2023-08-08 09:56:21', 'fe47dfd2b541', '87152d51627b'),
	('da9ef8b7e9c0', 3825, 3915, 0, 1, '2023-08-08 09:56:45', '2023-08-08 09:56:45', 'fe47dfd2b541', 'bea0f3494e6f'),
	('17306dd7890d', 4860, 5040, 0, 1, '2023-08-08 10:11:42', '2023-08-08 10:11:42', 'fe47dfd2b541', 'eb5e6909b469'),
	('698ee65a3663', 5100, 6480, 0, 1, '2023-08-08 10:12:15', '2023-08-08 10:13:13', 'fe47dfd2b541', '0d3a28d71926'),
	('848801b29918', 6540, 6765, 0, 1, '2023-08-08 10:13:31', '2023-08-08 10:13:31', 'fe47dfd2b541', 'ee42816874f4'),
	('0de01bfc808c', 7740, 7830, 0, 1, '2023-08-08 10:13:58', '2023-08-08 10:13:58', 'fe47dfd2b541', '1cdca8c3c7f4'),
	('7510617bc1c9', 8340, 8535, 0, 1, '2023-08-08 10:14:26', '2023-08-08 10:14:26', 'fe47dfd2b541', '962c11ecba16'),
	('9a4173c9bb73', 10980, 11100, 0, 1, '2023-08-08 10:15:26', '2023-08-08 10:15:26', 'fe47dfd2b541', 'fac85f8a8628'),
	('b6668dffbb2b', 780, 1080, 0, 1, '2023-08-08 10:15:50', '2023-08-08 10:15:50', 'fe47dfd2b541', 'f5cb06b8144a'),
	('57f6f524ec0a', 900, 1080, 0, 1, '2023-08-08 10:16:36', '2023-08-08 10:16:43', 'fe47dfd2b541', '0df7353512a1'),
	('846e4897b064', 2220, 2355, 0, 1, '2023-08-08 10:17:07', '2023-08-08 10:17:07', 'fe47dfd2b541', '9a67ce62283b'),
	('999ee55a49cc', 3420, 3600, 0, 1, '2023-08-08 10:17:52', '2023-08-08 10:17:52', 'fe47dfd2b541', 'd9df1b13ec15'),
	('cf2da73fd342', 10620, 10800, 0, 1, '2023-08-08 10:18:24', '2023-08-08 10:18:24', 'fe47dfd2b541', '97cc0fcc1f95'),
	('24b13386ded5', 2355, 2520, 0, 1, '2023-08-08 10:19:57', '2023-08-08 10:19:57', 'fe47dfd2b541', 'dad3a644bdfa'),
	('08d72b07dbb1', 3690, 3795, 0, 1, '2023-08-08 10:20:31', '2023-08-08 10:20:31', 'fe47dfd2b541', '9888ec1f74c3'),
	('acd6cf2a52aa', 4020, 4155, 0, 1, '2023-08-08 10:20:55', '2023-08-08 10:20:55', 'fe47dfd2b541', '40564010a85d'),
	('47bc2e9c3c53', 6915, 7050, 0, 1, '2023-08-08 10:21:16', '2023-08-08 10:21:16', 'fe47dfd2b541', '032b6437545d'),
	('ea572fd38051', 2580, 2760, 0, 1, '2023-08-08 10:21:40', '2023-08-08 10:21:40', 'fe47dfd2b541', '192e9584e2da'),
	('3ca25262dabb', 9435, 9690, 0, 1, '2023-08-08 10:18:16', '2023-08-08 10:22:47', 'fe47dfd2b541', '9b82ba852386'),
	('2ece4db83a09', 9540, 9720, 0, 1, '2023-08-08 10:14:57', '2023-08-08 10:22:53', 'fe47dfd2b541', 'fcb508f1ed22'),
	('5b2149715b01', 9495, 9705, 0, 1, '2023-08-08 10:22:12', '2023-08-08 10:23:01', 'fe47dfd2b541', 'c1ca9cec785c'),
	('5af8a84fb6b7', 7995, 8100, 0, 1, '2023-08-08 10:24:56', '2023-08-08 10:24:56', 'fe47dfd2b541', 'e573fd958e04'),
	('91dfa69079e1', 8145, 8265, 0, 1, '2023-08-08 10:24:56', '2023-08-08 10:27:34', 'fe47dfd2b541', 'e573fd958e04'),
	('96f9eaf8d755', 7995, 8100, 0, 1, '2023-08-08 10:25:47', '2023-08-08 10:28:00', 'fe47dfd2b541', '05c36faf1dd7'),
	('a93e2352c708', 8145, 8270, 0, 1, '2023-08-08 10:25:47', '2023-08-08 10:29:42', 'fe47dfd2b541', '05c36faf1dd7'),
	('f1aa62a30a42', 9180, 9345, 0, 1, '2023-08-08 10:30:47', '2023-08-08 10:30:47', 'fe47dfd2b541', '1b7646db8f73'),
	('ce418acd15f8', 3000, 3120, 0, 1, '2023-08-08 10:31:35', '2023-08-08 10:31:35', 'fe47dfd2b541', '103f7456a1c9'),
    ('74babf44e17a', 480, 540, 0, 1, '2023-08-12 18:00:14', '2023-08-12 18:00:14', '7c39a8ebf82f', '3d1e5c91ceb2'),
    ('9fdddb3cc949', 1920, 1980, 0, 1, '2023-08-12 18:00:14', '2023-08-12 18:00:14', '7c39a8ebf82f', '3d1e5c91ceb2'),
    ('45d79b32c7f4', 3360, 3420, 0, 1, '2023-08-12 18:00:14', '2023-08-12 18:00:14', '7c39a8ebf82f', '3d1e5c91ceb2'),
    ('1cab12fa98a2', 4800, 4860, 0, 1, '2023-08-12 18:00:14', '2023-08-12 18:00:14', '7c39a8ebf82f', '3d1e5c91ceb2'),
    ('4ec0e3913072', 6240, 6300, 0, 1, '2023-08-12 18:00:14', '2023-08-12 18:00:14', '7c39a8ebf82f', '3d1e5c91ceb2'),
    ('a21f08c0b567', 7680, 7740, 0, 1, '2023-08-12 18:00:14', '2023-08-12 18:00:14', '7c39a8ebf82f', '3d1e5c91ceb2'),
    ('fe72f38a67f0', 9120, 9180, 0, 1, '2023-08-12 18:00:14', '2023-08-12 18:00:14', '7c39a8ebf82f', '3d1e5c91ceb2'),
    ('a6bc877376ad', 720, 780, 0, 1, '2023-08-12 18:01:46', '2023-08-12 18:01:46', '7c39a8ebf82f', 'eec64642ee9e'),
    ('6eec19f17247', 2160, 2220, 0, 1, '2023-08-12 18:01:46', '2023-08-12 18:01:46', '7c39a8ebf82f', 'eec64642ee9e'),
    ('0c670bc9f1c2', 3600, 3660, 0, 1, '2023-08-12 18:03:59', '2023-08-12 18:03:59', '7c39a8ebf82f', 'eec64642ee9e'),
    ('27dc5bb6be89', 5040, 5100, 0, 1, '2023-08-12 18:03:59', '2023-08-12 18:03:59', '7c39a8ebf82f', 'eec64642ee9e'),
    ('346e2d7d4a4f', 7920, 7980, 0, 1, '2023-08-12 18:03:59', '2023-08-12 18:03:59', '7c39a8ebf82f', 'eec64642ee9e'),
    ('025084071f79', 6480, 6540, 0, 1, '2023-08-12 18:03:59', '2023-08-12 18:03:59', '7c39a8ebf82f', 'eec64642ee9e'),
    ('96bcf793073a', 9360, 9420, 0, 1, '2023-08-12 18:04:00', '2023-08-12 18:04:00', '7c39a8ebf82f', 'eec64642ee9e'),
    ('19dd5c93b136', 1080, 1140, 0, 1, '2023-08-12 18:06:35', '2023-08-12 18:06:35', '7c39a8ebf82f', '5afa0c149a17'),
    ('ef130a16051d', 2580, 2640, 0, 1, '2023-08-12 18:06:35', '2023-08-12 18:06:35', '7c39a8ebf82f', '5afa0c149a17'),
    ('0ef48358dcfd', 3960, 4020, 0, 1, '2023-08-12 18:06:35', '2023-08-12 18:06:35', '7c39a8ebf82f', '5afa0c149a17'),
    ('f5f0753f34af', 5400, 5460, 0, 1, '2023-08-12 18:06:35', '2023-08-12 18:06:35', '7c39a8ebf82f', '5afa0c149a17'),
    ('0bd243e97796', 6900, 6960, 0, 1, '2023-08-12 18:06:35', '2023-08-12 18:06:35', '7c39a8ebf82f', '5afa0c149a17'),
    ('af3d9fc26751', 8280, 8340, 0, 1, '2023-08-12 18:06:35', '2023-08-12 18:06:35', '7c39a8ebf82f', '5afa0c149a17'),
    ('4671acbbf5fa', 9720, 9780, 0, 1, '2023-08-12 18:06:35', '2023-08-12 18:06:35', '7c39a8ebf82f', '5afa0c149a17'),
    ('114ba9d6346b', 1410, 1470, 0, 1, '2023-08-12 18:09:07', '2023-08-12 18:09:07', '7c39a8ebf82f', 'a7908cf472c6'),
    ('0c426b3fa9fc', 2850, 2910, 0, 1, '2023-08-12 18:09:07', '2023-08-12 18:09:07', '7c39a8ebf82f', 'a7908cf472c6'),
    ('9083179200d5', 4290, 4350, 0, 1, '2023-08-12 18:09:07', '2023-08-12 18:09:07', '7c39a8ebf82f', 'a7908cf472c6'),
    ('59c8ee1c3156', 5730, 5790, 0, 1, '2023-08-12 18:09:07', '2023-08-12 18:09:07', '7c39a8ebf82f', 'a7908cf472c6'),
    ('684e813ddde3', 7170, 7230, 0, 1, '2023-08-12 18:09:07', '2023-08-12 18:09:07', '7c39a8ebf82f', 'a7908cf472c6'),
    ('9c66eddb988e', 8610, 8670, 0, 1, '2023-08-12 18:09:07', '2023-08-12 18:09:07', '7c39a8ebf82f', 'a7908cf472c6'),
    ('1eec304096f4', 420, 540, 0, 1, '2023-08-12 18:14:03', '2023-08-12 18:14:03', '7c39a8ebf82f', '7fdc3e341b71'),
    ('8a781022c963', 1860, 1980, 0, 1, '2023-08-12 18:14:03', '2023-08-12 18:14:03', '7c39a8ebf82f', '7fdc3e341b71'),
    ('759d30f745cd', 3300, 3420, 0, 1, '2023-08-12 18:14:03', '2023-08-12 18:14:03', '7c39a8ebf82f', '7fdc3e341b71'),
    ('c38306a07119', 4740, 4860, 0, 1, '2023-08-12 18:14:03', '2023-08-12 18:14:03', '7c39a8ebf82f', '7fdc3e341b71'),
    ('ae1aecf154f5', 6180, 6315, 0, 1, '2023-08-12 18:14:03', '2023-08-12 18:14:03', '7c39a8ebf82f', '7fdc3e341b71'),
    ('fc13001ec120', 7620, 7785, 0, 1, '2023-08-12 18:14:03', '2023-08-12 18:14:03', '7c39a8ebf82f', '7fdc3e341b71'),
    ('474e7cfb03ff', 3060, 6420, 0, 1, '2023-08-12 18:16:40', '2023-08-12 18:16:40', '7c39a8ebf82f', '83c3327183f3'),
    ('50568abc2e98', 360, 420, 0, 1, '2023-08-12 18:19:11', '2023-08-12 18:19:11', '7c39a8ebf82f', 'bba8f7342631'),
    ('202981c1dbd1', 1800, 1860, 0, 1, '2023-08-12 18:19:11', '2023-08-12 18:19:11', '7c39a8ebf82f', 'bba8f7342631'),
    ('6f70a19e504e', 3240, 3300, 0, 1, '2023-08-12 18:19:11', '2023-08-12 18:19:11', '7c39a8ebf82f', 'bba8f7342631'),
    ('3a87213b47eb', 4680, 4740, 0, 1, '2023-08-12 18:19:11', '2023-08-12 18:19:11', '7c39a8ebf82f', 'bba8f7342631'),
    ('455b591484c2', 6120, 6180, 0, 1, '2023-08-12 18:19:11', '2023-08-12 18:19:11', '7c39a8ebf82f', 'bba8f7342631'),
    ('1cb4de90bcdb', 7560, 7620, 0, 1, '2023-08-12 18:19:11', '2023-08-12 18:19:11', '7c39a8ebf82f', 'bba8f7342631'),
    ('7a894eeb8da8', 540, 600, 0, 1, '2023-08-12 18:22:36', '2023-08-12 18:22:36', '7c39a8ebf82f', 'c20c7cae83c0'),
    ('17118f8aaeee', 600, 630, 0, 1, '2023-08-12 18:22:36', '2023-08-12 18:22:36', '7c39a8ebf82f', 'c20c7cae83c0'),
    ('1efa4c211660', 630, 645, 0, 1, '2023-08-12 18:22:36', '2023-08-12 18:22:36', '7c39a8ebf82f', 'c20c7cae83c0'),
    ('1f5765092cfd', 645, 660, 0, 1, '2023-08-12 18:22:36', '2023-08-12 18:22:36', '7c39a8ebf82f', 'c20c7cae83c0'),
    ('1f3ee732c9c9', 660, 720, 0, 1, '2023-08-12 18:22:36', '2023-08-12 18:22:36', '7c39a8ebf82f', 'c20c7cae83c0'),
    ('3755c56899c5', 720, 735, 0, 1, '2023-08-12 18:22:36', '2023-08-12 18:22:36', '7c39a8ebf82f', 'c20c7cae83c0'),
    ('e3980f0be69f', 735, 750, 0, 1, '2023-08-12 18:22:36', '2023-08-12 18:22:36', '7c39a8ebf82f', 'c20c7cae83c0'),
    ('5e4356e46611', 750, 780, 0, 1, '2023-08-12 18:22:36', '2023-08-12 18:22:36', '7c39a8ebf82f', 'c20c7cae83c0'),
    ('944d3823413e', 840, 900, 0, 1, '2023-08-12 18:22:36', '2023-08-12 18:22:36', '7c39a8ebf82f', 'c20c7cae83c0'),
    ('6d72dcc7efb6', 900, 960, 0, 1, '2023-08-12 18:22:36', '2023-08-12 18:22:36', '7c39a8ebf82f', 'c20c7cae83c0'),
    ('557080c67ed1', 420, 480, 0, 1, '2023-08-12 18:22:36', '2023-08-12 18:22:36', '7c39a8ebf82f', 'c20c7cae83c0'),
    ('1ab04907a820', 1020, 1080, 0, 1, '2023-08-12 18:22:36', '2023-08-12 18:23:10', '7c39a8ebf82f', 'c20c7cae83c0'),
    ('3a7376e7858f', 960, 1020, 0, 1, '2023-08-12 18:22:36', '2023-08-12 18:23:10', '7c39a8ebf82f', 'c20c7cae83c0'),
    ('137c0753df75', 1080, 1140, 0, 1, '2023-08-12 18:22:36', '2023-08-12 18:23:10', '7c39a8ebf82f', 'c20c7cae83c0'),
    ('b7ad42369b25', 1920, 1980, 0, 1, '2023-08-12 18:27:22', '2023-08-12 18:27:22', '7c39a8ebf82f', '35274d110bf2'),
    ('08f90a8fc17e', 1980, 2040, 0, 1, '2023-08-12 18:27:22', '2023-08-12 18:27:22', '7c39a8ebf82f', '35274d110bf2'),
    ('8736e0aaa21d', 2040, 2100, 0, 1, '2023-08-12 18:27:22', '2023-08-12 18:27:22', '7c39a8ebf82f', '35274d110bf2'),
    ('740ba9c1893d', 2100, 2160, 0, 1, '2023-08-12 18:27:22', '2023-08-12 18:27:22', '7c39a8ebf82f', '35274d110bf2'),
    ('036f111caa64', 2160, 2220, 0, 1, '2023-08-12 18:27:22', '2023-08-12 18:27:22', '7c39a8ebf82f', '35274d110bf2'),
    ('af9630ae8647', 2220, 2280, 0, 1, '2023-08-12 18:27:22', '2023-08-12 18:27:22', '7c39a8ebf82f', '35274d110bf2'),
    ('06b5b27ac428', 2280, 2340, 0, 1, '2023-08-12 18:27:22', '2023-08-12 18:27:22', '7c39a8ebf82f', '35274d110bf2'),
    ('e67dbb5114b4', 2340, 2400, 0, 1, '2023-08-12 18:27:22', '2023-08-12 18:27:22', '7c39a8ebf82f', '35274d110bf2'),
    ('453ba99f31a2', 2400, 2460, 0, 1, '2023-08-12 18:27:22', '2023-08-12 18:27:22', '7c39a8ebf82f', '35274d110bf2'),
    ('27787ecc4de7', 2460, 2520, 0, 1, '2023-08-12 18:27:22', '2023-08-12 18:27:22', '7c39a8ebf82f', '35274d110bf2'),
    ('036ac48d32b5', 2520, 2580, 0, 1, '2023-08-12 18:27:22', '2023-08-12 18:27:22', '7c39a8ebf82f', '35274d110bf2'),
    ('ad9c126017df', 2580, 2640, 0, 1, '2023-08-12 18:27:22', '2023-08-12 18:27:22', '7c39a8ebf82f', '35274d110bf2'),
    ('35284a0198e1', 2640, 2700, 0, 1, '2023-08-12 18:27:22', '2023-08-12 18:27:22', '7c39a8ebf82f', '35274d110bf2'),
    ('8670b63e9b53', 6240, 6300, 0, 1, '2023-08-12 18:28:16', '2023-08-12 18:28:16', '7c39a8ebf82f', '8e48cffd2054'),
    ('0d038827205c', 6300, 6360, 0, 1, '2023-08-12 18:28:16', '2023-08-12 18:28:36', '7c39a8ebf82f', '8e48cffd2054'),
    ('6c0d892b8b45', 6240, 6300, 0, 1, '2023-08-12 18:30:00', '2023-08-12 18:30:00', '7c39a8ebf82f', '3d1127906db5'),
    ('3caf034dc481', 6420, 6480, 0, 1, '2023-08-12 18:30:00', '2023-08-12 18:30:00', '7c39a8ebf82f', '3d1127906db5'),
    ('c8576252dcc9', 6540, 6690, 0, 1, '2023-08-12 18:30:00', '2023-08-12 18:30:00', '7c39a8ebf82f', '3d1127906db5'),
    ('b598370c8892', 6780, 6840, 0, 1, '2023-08-12 18:31:47', '2023-08-12 18:31:47', '7c39a8ebf82f', '87374bd06bcf'),
    ('bf723a858161', 6300, 6360, 0, 1, '2023-08-12 18:31:47', '2023-08-12 18:31:47', '7c39a8ebf82f', '87374bd06bcf'),
    ('b8ab105a8158', 6420, 6480, 0, 1, '2023-08-12 18:31:47', '2023-08-12 18:31:47', '7c39a8ebf82f', '87374bd06bcf'),
    ('7e6f1f028f63', 6660, 6720, 0, 1, '2023-08-12 18:31:47', '2023-08-12 18:31:47', '7c39a8ebf82f', '87374bd06bcf'),
    ('c3ae7e1fca06', 6360, 6420, 0, 1, '2023-08-12 18:33:21', '2023-08-12 18:33:21', '7c39a8ebf82f', 'eeac01201e14'),
    ('b7e3264be76f', 6840, 6900, 0, 1, '2023-08-12 18:33:21', '2023-08-12 18:33:37', '7c39a8ebf82f', 'eeac01201e14'),
    ('0f5ef89f672a', 6720, 6780, 0, 1, '2023-08-12 18:33:21', '2023-08-12 18:33:37', '7c39a8ebf82f', 'eeac01201e14'),
    ('50d7d20a9315', 7680, 7740, 0, 1, '2023-08-12 18:36:20', '2023-08-12 18:36:20', '7c39a8ebf82f', '4b4cc65d0cb9'),
    ('4e652e778fbf', 3480, 3540, 0, 1, '2023-08-12 18:38:52', '2023-08-12 18:38:52', '7c39a8ebf82f', '6bc8ce942cab'),
    ('f919e031fccc', 3720, 3780, 0, 1, '2023-08-12 18:38:52', '2023-08-12 18:39:10', '7c39a8ebf82f', '6bc8ce942cab'),
    ('2cf7247de268', 420, 480, 0, 1, '2023-08-13 06:35:22', '2023-08-13 06:35:22', 'c085d1d5ddfa', '8b78d418b5ca'),
    ('720707942345', 1860, 1920, 0, 1, '2023-08-13 06:35:22', '2023-08-13 06:35:22', 'c085d1d5ddfa', '8b78d418b5ca'),
    ('549dd3a84c32', 3300, 3360, 0, 1, '2023-08-13 06:35:22', '2023-08-13 06:35:22', 'c085d1d5ddfa', '8b78d418b5ca'),
    ('4b28b211bd19', 720, 780, 0, 1, '2023-08-13 06:36:26', '2023-08-13 06:36:26', 'c085d1d5ddfa', '4267794b0d75'),
    ('d2f87d46cfb4', 2160, 2220, 0, 1, '2023-08-13 06:36:26', '2023-08-13 06:36:26', 'c085d1d5ddfa', '4267794b0d75'),
    ('c8190eeaa890', 3600, 3660, 0, 1, '2023-08-13 06:36:26', '2023-08-13 06:36:26', 'c085d1d5ddfa', '4267794b0d75'),
    ('6921ebb95774', 1080, 1140, 0, 1, '2023-08-13 06:37:10', '2023-08-13 06:37:10', 'c085d1d5ddfa', 'f7edd89794b7'),
    ('de5d1357e956', 2520, 2580, 0, 1, '2023-08-13 06:37:10', '2023-08-13 06:37:10', 'c085d1d5ddfa', 'f7edd89794b7'),
    ('79cb7a4e25f5', 3960, 4020, 0, 1, '2023-08-13 06:37:10', '2023-08-13 06:37:10', 'c085d1d5ddfa', 'f7edd89794b7'),
    ('06bc80850a0e', 1320, 1380, 0, 1, '2023-08-13 06:39:31', '2023-08-13 06:39:31', 'c085d1d5ddfa', 'a9ffcb68206e'),
    ('0a6c817fd876', 2760, 2820, 0, 1, '2023-08-13 06:39:31', '2023-08-13 06:39:31', 'c085d1d5ddfa', 'a9ffcb68206e'),
    ('ca2fdc0c13e8', 4200, 4260, 0, 1, '2023-08-13 06:39:31', '2023-08-13 06:39:31', 'c085d1d5ddfa', 'a9ffcb68206e'),
    ('bba2787114c2', 1170, 1290, 0, 1, '2023-08-13 06:40:43', '2023-08-13 06:40:43', 'c085d1d5ddfa', '5131e8aace13'),
    ('ab2c1dd368df', 2610, 2730, 0, 1, '2023-08-13 07:03:10', '2023-08-13 07:03:10', 'c085d1d5ddfa', '4021468211dd'),
    ('db948c408ac8', 4050, 4170, 0, 1, '2023-08-13 07:05:51', '2023-08-13 07:05:51', 'c085d1d5ddfa', '82512e393d2d'),
    ('3f0f9476f333', 780, 810, 0, 1, '2023-08-13 09:57:08', '2023-08-13 09:57:08', 'c085d1d5ddfa', '2bfcbc675dd0'),
    ('752df754cddf', 2220, 2250, 0, 1, '2023-08-13 09:57:08', '2023-08-13 09:57:08', 'c085d1d5ddfa', '2bfcbc675dd0'),
    ('eccd5c815461', 3660, 3690, 0, 1, '2023-08-13 09:57:08', '2023-08-13 09:57:08', 'c085d1d5ddfa', '2bfcbc675dd0'),
    ('f254caf82ae2', 3360, 3390, 0, 1, '2023-08-13 09:59:31', '2023-08-13 09:59:31', 'c085d1d5ddfa', '2bfcbc675dd0'),
    ('604af05dec55', 2580, 2610, 0, 1, '2023-08-13 09:59:31', '2023-08-13 09:59:31', 'c085d1d5ddfa', '2bfcbc675dd0'),
    ('0589dbf2cb54', 1920, 1950, 0, 1, '2023-08-13 09:59:31', '2023-08-13 09:59:31', 'c085d1d5ddfa', '2bfcbc675dd0'),
    ('2a464009444f', 1140, 1170, 0, 1, '2023-08-13 09:59:31', '2023-08-13 09:59:31', 'c085d1d5ddfa', '2bfcbc675dd0'),
    ('a32c7aae644f', 480, 510, 0, 1, '2023-08-13 09:59:31', '2023-08-13 09:59:31', 'c085d1d5ddfa', '2bfcbc675dd0'),
    ('95c34d304759', 4020, 4050, 0, 1, '2023-08-13 09:59:31', '2023-08-13 09:59:31', 'c085d1d5ddfa', '2bfcbc675dd0'),
    ('9d65ea92a0fe', 810, 870, 0, 1, '2023-08-13 10:02:36', '2023-08-13 10:02:36', 'c085d1d5ddfa', 'cb805d8058aa'),
    ('a1055391186d', 2250, 2310, 0, 1, '2023-08-13 10:02:36', '2023-08-13 10:02:36', 'c085d1d5ddfa', 'cb805d8058aa'),
    ('3df03ced7c22', 3690, 3750, 0, 1, '2023-08-13 10:02:36', '2023-08-13 10:02:36', 'c085d1d5ddfa', 'cb805d8058aa'),
    ('90afb46e532d', 570, 690, 0, 1, '2023-08-13 10:04:35', '2023-08-13 10:04:35', 'c085d1d5ddfa', '877b3aaf398e'),
    ('c4002829457d', 540, 570, 0, 1, '2023-08-13 10:08:27', '2023-08-13 10:08:27', 'c085d1d5ddfa', 'd1ddde42bbfe'),
    ('e9889b8a6216', 900, 1020, 0, 1, '2023-08-13 10:10:33', '2023-08-13 10:10:46', 'c085d1d5ddfa', 'de32567f1707'),
    ('25fa1ce7bb50', 1980, 2100, 0, 1, '2023-08-13 10:12:36', '2023-08-13 10:12:36', 'c085d1d5ddfa', '4ceef9835dfa'),
    ('b2befb972326', 2340, 2370, 0, 1, '2023-08-13 10:13:55', '2023-08-13 10:13:55', 'c085d1d5ddfa', '54bfe888a3f5'),
    ('8cea89c1b3b7', 2370, 2490, 0, 1, '2023-08-13 10:14:43', '2023-08-13 10:15:02', 'c085d1d5ddfa', 'ff671ed8258e'),
    ('7eaadf8a7485', 3420, 3450, 0, 1, '2023-08-13 10:19:17', '2023-08-13 10:19:17', 'c085d1d5ddfa', '2651acf4611a'),
    ('3863de17c4e8', 3450, 3570, 0, 1, '2023-08-13 10:20:55', '2023-08-13 10:20:55', 'c085d1d5ddfa', '933b2256174d'),
    ('6bb32b832b86', 3780, 3900, 0, 1, '2023-08-13 10:22:08', '2023-08-13 10:22:08', 'c085d1d5ddfa', '07d5a46c4293');



