



INSERT INTO public.content_node (id, slot, "position", instancename, createtime, updatetime, rootid, parentid, contenttypeid, strategy) VALUES
	('cffc0df3cd43', '1', 1, 'dolores', '2022-01-23 16:19:10', '2022-01-23 16:19:10', '63ad36c59b9e', '63ad36c59b9e', '3ef17bd1df72', 'materialnode'),
	('b4c9ff773de8', '1', 1, 'aut', '2022-01-23 16:19:10', '2022-01-23 16:19:10', '63ad36c59b9e', '63ad36c59b9e', '1a0f84e322c8', 'multiselect'),
	('886f1428cadd', '2', 0, NULL, '2022-02-04 21:25:12', '2022-02-04 21:25:37', '645000130f8c', '645000130f8c', '318e064ea0c9', 'singletext'),
	('07198a60db89', '1', 1, 'velit', '2022-01-23 16:19:10', '2022-01-23 16:19:10', '63ad36c59b9e', '63ad36c59b9e', '4f0c657fecef', 'singletext'),
	('fd621d723248', '1', 0, NULL, '2022-02-04 21:27:43', '2022-02-04 21:27:43', '69a1c2680b2b', 'a47e986e9179', 'cfccaecd4bad', 'storyboard'),
	('6c0e4b006607', '2', 1, NULL, '2022-02-04 21:27:51', '2022-02-04 21:27:51', '69a1c2680b2b', 'a47e986e9179', '44dcc7493c65', 'singletext'),
	('075967d2dd93', '2', 2, NULL, '2022-02-04 19:46:02', '2022-02-04 21:30:01', '32e70cad4ec9', '77fe44df2707', '4f0c657fecef', 'singletext'),
	('fdd159859a9f', '1', 1, 'et', '2022-01-23 16:19:10', '2022-01-23 16:19:10', '63ad36c59b9e', '63ad36c59b9e', 'cfccaecd4bad', 'storyboard'),
	('ce2988b91093', '1', 1, NULL, '2022-02-04 21:31:12', '2022-02-04 21:31:12', '3edf02e5fd3d', '51a9f1de497a', '3ef17bd1df72', 'materialnode'),
	('869c7bbcf042', '', 0, 'columnLayout2', '2022-01-23 16:19:10', '2022-01-23 16:19:10', '869c7bbcf042', NULL, 'f17470519474', 'columnlayout'),
	('7956dabc05b1', '2', 0, 'columnLayout2Child', '2022-01-23 16:19:10', '2022-01-23 16:19:10', '869c7bbcf042', '869c7bbcf042', 'f17470519474', 'columnlayout'),
	('cb499c5495f0', '', 0, 'quis', '2022-01-23 16:19:10', '2022-01-23 16:19:10', 'cb499c5495f0', NULL, 'f17470519474', 'columnlayout'),
	('75a94bbedf29', '', 0, 'totam', '2022-01-23 16:19:10', '2022-01-23 16:19:10', '75a94bbedf29', NULL, 'f17470519474', 'columnlayout'),
	('6c8c74499260', '', 0, 'laborum', '2022-01-23 16:19:10', '2022-01-23 16:19:10', '6c8c74499260', NULL, 'f17470519474', 'columnlayout'),
	('63ad36c59b9e', '', 0, 'libero', '2022-01-23 16:19:10', '2022-01-23 16:19:10', '63ad36c59b9e', NULL, 'f17470519474', 'columnlayout'),
	('0b8894aba174', '', 0, 'fuga', '2022-01-23 16:19:10', '2022-01-23 16:19:10', '0b8894aba174', NULL, 'f17470519474', 'columnlayout'),
	('c9ebda9090f5', '', 0, 'exercitationem', '2022-01-23 16:19:10', '2022-01-23 16:19:10', 'c9ebda9090f5', NULL, 'f17470519474', 'columnlayout'),
	('fb21b1c912fd', '', 0, 'est', '2022-01-23 16:19:10', '2022-01-23 16:19:10', 'fb21b1c912fd', NULL, 'f17470519474', 'columnlayout'),
	('645000130f8c', '', 0, 'columnLayout1', '2022-01-23 16:19:10', '2022-01-23 16:19:10', '645000130f8c', NULL, 'f17470519474', 'columnlayout'),
	('b76e3ea5d4a8', '2', 0, NULL, '2022-02-04 21:31:00', '2022-02-04 21:31:40', '3edf02e5fd3d', '51a9f1de497a', '318e064ea0c9', 'singletext'),
	('81d3e8514f06', '', 0, 'nihil', '2022-01-23 16:19:10', '2022-01-23 16:19:10', '81d3e8514f06', NULL, '3ef17bd1df72', 'materialnode'),
	('0c43453c67aa', NULL, 0, NULL, '2022-02-04 19:09:33', '2022-02-04 19:09:33', '0c43453c67aa', NULL, 'f17470519474', 'columnlayout'),
	('0a23aa100e1b', '1', 0, NULL, '2022-02-04 21:42:07', '2022-02-04 21:42:10', '8fa1c8e597c3', '8fa1c8e597c3', 'f17470519474', 'columnlayout'),
	('c686b7b2bf2e', NULL, 0, NULL, '2022-02-04 19:09:58', '2022-02-04 19:09:58', 'c686b7b2bf2e', NULL, 'f17470519474', 'columnlayout'),
	('54eda8108520', '2', 1, NULL, '2022-02-04 21:42:17', '2022-02-04 21:42:17', '8fa1c8e597c3', '0a23aa100e1b', '44dcc7493c65', 'singletext'),
	('3653b3134fc5', NULL, 0, NULL, '2022-02-04 19:10:35', '2022-02-04 19:10:35', '3653b3134fc5', NULL, 'f17470519474', 'columnlayout'),
	('1dd5c52abd01', '1', 0, NULL, '2022-02-04 21:42:24', '2022-02-04 21:42:24', '8fa1c8e597c3', '0a23aa100e1b', 'cfccaecd4bad', 'storyboard'),
	('60434c561273', '1', 0, NULL, '2022-02-04 19:11:18', '2022-02-04 19:11:26', '869c7bbcf042', '869c7bbcf042', 'f17470519474', 'columnlayout'),
	('54f16315d853', '2', 3, NULL, '2022-02-04 21:42:31', '2022-02-04 21:42:31', '8fa1c8e597c3', '0a23aa100e1b', '1a0f84e322c8', 'multiselect'),
	('e9b1e194ed58', '1', 0, NULL, '2022-02-04 19:11:47', '2022-02-04 19:11:47', '869c7bbcf042', '60434c561273', 'cfccaecd4bad', 'storyboard'),
	('91ccfe52ece9', '2', 0, NULL, '2022-02-04 19:11:54', '2022-02-04 19:11:54', '869c7bbcf042', '60434c561273', '318e064ea0c9', 'singletext'),
	('ce2ae0cf8374', '2', 1, NULL, '2022-02-04 19:11:58', '2022-02-04 19:11:58', '869c7bbcf042', '60434c561273', '44dcc7493c65', 'singletext'),
	('c6b3e59f9657', '2', 2, NULL, '2022-02-04 19:12:12', '2022-02-04 19:12:12', '869c7bbcf042', '60434c561273', '4f0c657fecef', 'singletext'),
	('bda80d709f9c', '2', 3, NULL, '2022-02-04 19:12:24', '2022-02-04 19:12:24', '869c7bbcf042', '60434c561273', '1a0f84e322c8', 'multiselect'),
	('1b807f974b0b', '1', 1, NULL, '2022-02-04 19:12:32', '2022-02-04 19:12:32', '869c7bbcf042', '60434c561273', '3ef17bd1df72', 'materialnode'),
	('9dda4a6262eb', '1', 0, NULL, '2022-02-04 21:43:13', '2022-02-04 21:43:13', 'fb21b1c912fd', '5598534f6d7f', 'cfccaecd4bad', 'storyboard'),
	('c8186cf53cba', '1', 0, NULL, '2022-02-04 19:13:26', '2022-02-04 19:13:31', '3653b3134fc5', '3653b3134fc5', 'f17470519474', 'columnlayout'),
	('259021e7e537', '1', 0, NULL, '2022-02-04 19:13:37', '2022-02-04 19:13:37', '3653b3134fc5', 'c8186cf53cba', 'cfccaecd4bad', 'storyboard'),
	('22a0e159fbf7', '2', 0, NULL, '2022-02-04 19:13:42', '2022-02-04 19:13:42', '3653b3134fc5', 'c8186cf53cba', '318e064ea0c9', 'singletext'),
	('adb013cd14ed', '2', 1, NULL, '2022-02-04 19:13:45', '2022-02-04 19:13:45', '3653b3134fc5', 'c8186cf53cba', '44dcc7493c65', 'singletext'),
	('7fb1c3ec46cd', '2', 2, NULL, '2022-02-04 19:13:49', '2022-02-04 19:13:49', '3653b3134fc5', 'c8186cf53cba', '4f0c657fecef', 'singletext'),
	('98d7fcb9a22b', '2', 0, NULL, '2022-02-04 21:43:20', '2022-02-04 21:43:20', 'fb21b1c912fd', '5598534f6d7f', '318e064ea0c9', 'singletext'),
	('537890e46927', '1', 1, NULL, '2022-02-04 19:14:48', '2022-02-04 19:14:48', '3653b3134fc5', 'c8186cf53cba', '3ef17bd1df72', 'materialnode'),
	('7996f3bd8e17', '1', 0, NULL, '2022-02-04 19:15:29', '2022-02-04 19:15:34', '75a94bbedf29', '75a94bbedf29', 'f17470519474', 'columnlayout'),
	('e65a6b99f181', '1', 0, NULL, '2022-02-04 19:15:38', '2022-02-04 19:15:38', '75a94bbedf29', '7996f3bd8e17', 'cfccaecd4bad', 'storyboard'),
	('5df31d5d61dc', '2', 0, NULL, '2022-02-04 19:15:43', '2022-02-04 19:15:43', '75a94bbedf29', '7996f3bd8e17', '318e064ea0c9', 'singletext'),
	('749797e3317b', '2', 2, NULL, '2022-02-04 19:15:55', '2022-02-04 19:15:55', '75a94bbedf29', '7996f3bd8e17', '4f0c657fecef', 'singletext'),
	('280575511eb1', '1', 1, NULL, '2022-02-04 19:15:59', '2022-02-04 19:15:59', '75a94bbedf29', '7996f3bd8e17', '3ef17bd1df72', 'materialnode'),
	('def405e495dd', '2', 1, NULL, '2022-02-04 19:15:47', '2022-02-04 19:16:11', '75a94bbedf29', '7996f3bd8e17', '44dcc7493c65', 'singletext'),
	('e78589d80ab0', '1', 1, NULL, '2022-02-04 19:34:29', '2022-02-04 19:34:29', 'ff2ed0cab03e', 'fec746d4520a', '3ef17bd1df72', 'materialnode'),
	('a6912f41f6c0', '1', 0, NULL, '2022-02-04 19:34:29', '2022-02-04 19:34:29', 'ff2ed0cab03e', 'fec746d4520a', 'cfccaecd4bad', 'storyboard'),
	('eea2ceec04c6', '2', 2, NULL, '2022-02-04 19:34:29', '2022-02-04 19:34:29', 'ff2ed0cab03e', 'fec746d4520a', '4f0c657fecef', 'singletext'),
	('ff2ed0cab03e', NULL, 0, NULL, '2022-02-04 19:34:29', '2022-02-04 19:34:29', 'ff2ed0cab03e', NULL, 'f17470519474', 'columnlayout'),
	('fec746d4520a', '1', 0, NULL, '2022-02-04 19:34:29', '2022-02-04 19:34:29', 'ff2ed0cab03e', 'ff2ed0cab03e', 'f17470519474', 'columnlayout'),
	('9718e0c98748', NULL, 0, NULL, '2022-02-04 19:34:53', '2022-02-04 19:34:53', '9718e0c98748', NULL, 'f17470519474', 'columnlayout'),
	('a0166c64872c', '1', 1, NULL, '2022-02-04 19:35:38', '2022-02-04 19:35:38', 'a2505e2c8aca', '59f56d3c1631', '3ef17bd1df72', 'materialnode'),
	('741f2a741eab', '2', 0, NULL, '2022-02-04 19:35:38', '2022-02-04 19:35:38', 'a2505e2c8aca', '59f56d3c1631', '318e064ea0c9', 'singletext'),
	('2a23bb0cb8df', '2', 2, NULL, '2022-02-04 19:35:38', '2022-02-04 19:35:38', 'a2505e2c8aca', '59f56d3c1631', '4f0c657fecef', 'singletext'),
	('f1f0bd888b9a', '2', 1, NULL, '2022-02-04 19:35:38', '2022-02-04 19:35:38', 'a2505e2c8aca', '59f56d3c1631', '44dcc7493c65', 'singletext'),
	('f81e2d53f972', '1', 0, NULL, '2022-02-04 19:35:38', '2022-02-04 19:35:38', 'a2505e2c8aca', '59f56d3c1631', 'cfccaecd4bad', 'storyboard'),
	('0e9f487ca35a', '2', 0, NULL, '2022-02-04 19:34:29', '2022-02-04 21:10:29', 'ff2ed0cab03e', 'fec746d4520a', '318e064ea0c9', 'singletext'),
	('8b967bf8d778', '2', 1, NULL, '2022-02-04 19:34:29', '2022-02-04 21:12:05', 'ff2ed0cab03e', 'fec746d4520a', '44dcc7493c65', 'singletext'),
	('a2505e2c8aca', '', 0, 'totam', '2022-02-04 19:35:38', '2022-02-04 19:35:38', 'a2505e2c8aca', NULL, 'f17470519474', 'columnlayout'),
	('59f56d3c1631', '1', 0, NULL, '2022-02-04 19:35:38', '2022-02-04 19:35:38', 'a2505e2c8aca', 'a2505e2c8aca', 'f17470519474', 'columnlayout'),
	('f205ea34b059', '2', 1, NULL, '2022-02-04 21:25:22', '2022-02-04 21:25:22', '645000130f8c', '645000130f8c', '1a0f84e322c8', 'multiselect'),
	('8d4f28b35c6c', '2', 2, NULL, '2022-02-04 19:36:21', '2022-02-04 19:36:21', 'a71f929dd156', 'bd796fec1ea0', '4f0c657fecef', 'singletext'),
	('2d95603f58df', '2', 1, NULL, '2022-02-04 19:36:21', '2022-02-04 19:36:21', 'a71f929dd156', 'bd796fec1ea0', '44dcc7493c65', 'singletext'),
	('8245d44306f4', '1', 0, NULL, '2022-02-04 19:36:21', '2022-02-04 19:36:21', 'a71f929dd156', 'bd796fec1ea0', 'cfccaecd4bad', 'storyboard'),
	('a71f929dd156', '', 0, 'totam', '2022-02-04 19:36:21', '2022-02-04 19:36:21', 'a71f929dd156', NULL, 'f17470519474', 'columnlayout'),
	('bd796fec1ea0', '1', 0, NULL, '2022-02-04 19:36:21', '2022-02-04 19:36:21', 'a71f929dd156', 'a71f929dd156', 'f17470519474', 'columnlayout'),
	('90aee6918863', '1', 1, NULL, '2022-02-04 19:37:23', '2022-02-04 19:37:23', 'd62d16c6afb6', '2210bc67a4ce', '3ef17bd1df72', 'materialnode'),
	('2a7e8f49341b', '2', 2, NULL, '2022-02-04 19:37:23', '2022-02-04 19:37:23', 'd62d16c6afb6', '2210bc67a4ce', '4f0c657fecef', 'singletext'),
	('56e5c055ff76', '2', 1, NULL, '2022-02-04 19:37:23', '2022-02-04 19:37:23', 'd62d16c6afb6', '2210bc67a4ce', '44dcc7493c65', 'singletext'),
	('681d9e648543', '1', 0, NULL, '2022-02-04 19:37:23', '2022-02-04 19:37:23', 'd62d16c6afb6', '2210bc67a4ce', 'cfccaecd4bad', 'storyboard'),
	('d62d16c6afb6', '', 0, 'totam', '2022-02-04 19:37:23', '2022-02-04 19:37:23', 'd62d16c6afb6', NULL, 'f17470519474', 'columnlayout'),
	('2210bc67a4ce', '1', 0, NULL, '2022-02-04 19:37:23', '2022-02-04 19:37:23', 'd62d16c6afb6', 'd62d16c6afb6', 'f17470519474', 'columnlayout'),
	('8d7faccc13ce', NULL, 0, NULL, '2022-02-04 19:37:44', '2022-02-04 19:37:44', '8d7faccc13ce', NULL, 'f17470519474', 'columnlayout'),
	('1fe6c624a7f9', '1', 1, NULL, '2022-02-04 19:38:15', '2022-02-04 19:38:15', 'c7a28bcfd35f', '142195e3898c', '3ef17bd1df72', 'materialnode'),
	('068370456651', '1', 0, NULL, '2022-02-04 19:38:15', '2022-02-04 19:38:15', 'c7a28bcfd35f', '142195e3898c', 'cfccaecd4bad', 'storyboard'),
	('445fcf49e6d6', '2', 2, NULL, '2022-02-04 19:38:15', '2022-02-04 19:38:15', 'c7a28bcfd35f', '142195e3898c', '4f0c657fecef', 'singletext'),
	('c7a28bcfd35f', NULL, 0, NULL, '2022-02-04 19:38:15', '2022-02-04 19:38:15', 'c7a28bcfd35f', NULL, 'f17470519474', 'columnlayout'),
	('142195e3898c', '1', 0, NULL, '2022-02-04 19:38:15', '2022-02-04 19:38:15', 'c7a28bcfd35f', 'c7a28bcfd35f', 'f17470519474', 'columnlayout'),
	('86f38eb0029e', '1', 0, NULL, '2022-02-04 19:39:09', '2022-02-04 19:39:09', '83b61af97910', 'f6163448c705', 'cfccaecd4bad', 'storyboard'),
	('1f5be4e2f781', '1', 1, NULL, '2022-02-04 19:39:09', '2022-02-04 19:39:09', '83b61af97910', 'f6163448c705', '3ef17bd1df72', 'materialnode'),
	('83b61af97910', '', 0, 'totam', '2022-02-04 19:39:09', '2022-02-04 19:39:09', '83b61af97910', NULL, 'f17470519474', 'columnlayout'),
	('f6163448c705', '1', 0, NULL, '2022-02-04 19:39:09', '2022-02-04 19:39:09', '83b61af97910', '83b61af97910', 'f17470519474', 'columnlayout'),
	('d4e553c7106b', '2', 1, NULL, '2022-02-04 19:39:53', '2022-02-04 19:39:53', '02823e618716', 'b570ee7e3999', '44dcc7493c65', 'singletext'),
	('8a9bf9f6652a', '1', 1, NULL, '2022-02-04 19:39:53', '2022-02-04 19:39:53', '02823e618716', 'b570ee7e3999', '3ef17bd1df72', 'materialnode'),
	('9b8e168ed0f6', '2', 3, NULL, '2022-02-04 19:39:53', '2022-02-04 19:39:53', '02823e618716', 'b570ee7e3999', '1a0f84e322c8', 'multiselect'),
	('0810d1a172db', '1', 0, NULL, '2022-02-04 19:39:53', '2022-02-04 19:39:53', '02823e618716', 'b570ee7e3999', 'cfccaecd4bad', 'storyboard'),
	('02823e618716', '', 0, 'columnLayout2', '2022-02-04 19:39:53', '2022-02-04 19:39:53', '02823e618716', NULL, 'f17470519474', 'columnlayout'),
	('a0b6db7ca60f', '2', 0, 'columnLayout2Child', '2022-02-04 19:39:53', '2022-02-04 19:39:53', '02823e618716', '02823e618716', 'f17470519474', 'columnlayout'),
	('b570ee7e3999', '1', 0, NULL, '2022-02-04 19:39:53', '2022-02-04 19:39:53', '02823e618716', '02823e618716', 'f17470519474', 'columnlayout'),
	('764477318be2', '1', 0, NULL, '2022-02-04 19:40:24', '2022-02-04 19:40:24', 'c6eb39db9f9c', 'e5618cc0b5e8', 'cfccaecd4bad', 'storyboard'),
	('8a794e0e8bdd', '2', 0, NULL, '2022-02-04 19:40:24', '2022-02-04 19:40:24', 'c6eb39db9f9c', 'e5618cc0b5e8', '318e064ea0c9', 'singletext'),
	('d5a09b34bbe7', '2', 2, NULL, '2022-02-04 19:40:24', '2022-02-04 19:40:24', 'c6eb39db9f9c', 'e5618cc0b5e8', '4f0c657fecef', 'singletext'),
	('ed8d97dfdf29', '1', 1, NULL, '2022-02-04 19:40:24', '2022-02-04 19:40:24', 'c6eb39db9f9c', 'e5618cc0b5e8', '3ef17bd1df72', 'materialnode'),
	('c6eb39db9f9c', '', 0, 'totam', '2022-02-04 19:40:24', '2022-02-04 19:40:24', 'c6eb39db9f9c', NULL, 'f17470519474', 'columnlayout'),
	('e5618cc0b5e8', '1', 0, NULL, '2022-02-04 19:40:24', '2022-02-04 19:40:24', 'c6eb39db9f9c', 'c6eb39db9f9c', 'f17470519474', 'columnlayout'),
	('67dc0c0dbd5a', '1', 1, NULL, '2022-02-04 19:41:39', '2022-02-04 19:41:39', 'cd89a68084ff', '5f33da2c3f83', '3ef17bd1df72', 'materialnode'),
	('1dc712f27811', '1', 0, NULL, '2022-02-04 19:41:39', '2022-02-04 19:41:39', 'cd89a68084ff', '5f33da2c3f83', 'cfccaecd4bad', 'storyboard'),
	('36a26e7f545e', '2', 1, NULL, '2022-02-04 19:41:39', '2022-02-04 19:41:39', 'cd89a68084ff', '5f33da2c3f83', '44dcc7493c65', 'singletext'),
	('2f4e62a5b97e', '2', 0, NULL, '2022-02-04 19:41:39', '2022-02-04 19:41:39', 'cd89a68084ff', '5f33da2c3f83', '318e064ea0c9', 'singletext'),
	('12ecb6e0c6bc', '2', 2, NULL, '2022-02-04 19:41:39', '2022-02-04 19:41:39', 'cd89a68084ff', '5f33da2c3f83', '4f0c657fecef', 'singletext'),
	('cd89a68084ff', NULL, 0, NULL, '2022-02-04 19:41:39', '2022-02-04 19:41:39', 'cd89a68084ff', NULL, 'f17470519474', 'columnlayout'),
	('5f33da2c3f83', '1', 0, NULL, '2022-02-04 19:41:39', '2022-02-04 19:41:39', 'cd89a68084ff', 'cd89a68084ff', 'f17470519474', 'columnlayout'),
	('c8e4a0be93af', NULL, 0, NULL, '2022-02-04 19:42:13', '2022-02-04 19:42:13', 'c8e4a0be93af', NULL, 'f17470519474', 'columnlayout'),
	('d31385bd8cab', '1', 1, NULL, '2022-02-04 19:43:24', '2022-02-04 19:43:24', 'af6d3bd31bfb', '9e734d837c16', '3ef17bd1df72', 'materialnode'),
	('e4ffb5d84c4e', '1', 0, NULL, '2022-02-04 19:43:24', '2022-02-04 19:43:24', 'af6d3bd31bfb', '9e734d837c16', 'cfccaecd4bad', 'storyboard'),
	('83c806859aa1', '2', 1, NULL, '2022-02-04 19:43:24', '2022-02-04 19:43:24', 'af6d3bd31bfb', '9e734d837c16', '44dcc7493c65', 'singletext'),
	('c698a03fbf87', '2', 0, NULL, '2022-02-04 19:43:24', '2022-02-04 19:43:24', 'af6d3bd31bfb', '9e734d837c16', '318e064ea0c9', 'singletext'),
	('e9b8601f2ff6', '2', 2, NULL, '2022-02-04 19:43:24', '2022-02-04 19:43:24', 'af6d3bd31bfb', '9e734d837c16', '4f0c657fecef', 'singletext'),
	('05fd1a6276a0', '2', 0, NULL, '2022-02-04 19:36:21', '2022-02-04 21:13:25', 'a71f929dd156', 'bd796fec1ea0', '318e064ea0c9', 'singletext'),
	('4b28669b41e8', '1', 2, 'Material', '2022-02-04 19:36:21', '2022-02-04 21:15:28', 'a71f929dd156', 'bd796fec1ea0', '3ef17bd1df72', 'materialnode'),
	('283a58df7d9b', '2', 0, NULL, '2022-02-04 19:37:23', '2022-02-04 21:16:37', 'd62d16c6afb6', '2210bc67a4ce', '318e064ea0c9', 'singletext'),
	('651220bcea22', '2', 0, NULL, '2022-02-04 19:38:15', '2022-02-04 21:17:04', 'c7a28bcfd35f', '142195e3898c', '318e064ea0c9', 'singletext'),
	('a70a441e44d0', '2', 1, NULL, '2022-02-04 19:38:15', '2022-02-04 21:18:21', 'c7a28bcfd35f', '142195e3898c', '44dcc7493c65', 'singletext'),
	('063244de52d6', '2', 0, NULL, '2022-02-04 19:39:09', '2022-02-04 21:18:50', '83b61af97910', 'f6163448c705', '318e064ea0c9', 'singletext'),
	('6fa0ee230602', '2', 2, NULL, '2022-02-04 19:39:09', '2022-02-04 21:19:00', '83b61af97910', 'f6163448c705', '4f0c657fecef', 'singletext'),
	('8ec651d8892c', '2', 1, NULL, '2022-02-04 19:39:09', '2022-02-04 21:19:24', '83b61af97910', 'f6163448c705', '44dcc7493c65', 'singletext'),
	('ea63d22b8898', '2', 0, NULL, '2022-02-04 19:39:53', '2022-02-04 21:20:28', '02823e618716', 'b570ee7e3999', '318e064ea0c9', 'singletext'),
	('d80961e7a617', '2', 2, NULL, '2022-02-04 19:39:53', '2022-02-04 21:20:33', '02823e618716', 'b570ee7e3999', '4f0c657fecef', 'singletext'),
	('a2949c251d61', '2', 1, NULL, '2022-02-04 19:40:24', '2022-02-04 21:23:32', 'c6eb39db9f9c', 'e5618cc0b5e8', '44dcc7493c65', 'singletext'),
	('af6d3bd31bfb', NULL, 0, NULL, '2022-02-04 19:43:24', '2022-02-04 19:43:24', 'af6d3bd31bfb', NULL, 'f17470519474', 'columnlayout'),
	('9e734d837c16', '1', 0, NULL, '2022-02-04 19:43:24', '2022-02-04 19:43:24', 'af6d3bd31bfb', 'af6d3bd31bfb', 'f17470519474', 'columnlayout'),
	('ea49fbe4a79b', '1', 0, NULL, '2022-02-04 21:25:26', '2022-02-04 21:25:26', '645000130f8c', '645000130f8c', 'cfccaecd4bad', 'storyboard'),
	('d3b0c2d25c72', NULL, 0, NULL, '2022-02-04 19:44:35', '2022-02-04 19:44:35', 'd3b0c2d25c72', NULL, 'f17470519474', 'columnlayout'),
	('6f71f73439cf', '2', 1, NULL, '2022-02-04 19:46:02', '2022-02-04 21:30:07', '32e70cad4ec9', '77fe44df2707', '44dcc7493c65', 'singletext'),
	('69a1c2680b2b', NULL, 0, NULL, '2022-02-04 19:45:19', '2022-02-04 19:45:19', '69a1c2680b2b', NULL, 'f17470519474', 'columnlayout'),
	('8f568b5563a6', '2', 0, NULL, '2022-02-04 19:48:40', '2022-02-04 21:33:42', '3d211da36cc6', '99ec103f21e4', '318e064ea0c9', 'singletext'),
	('9b7eb54688e6', '1', 0, NULL, '2022-02-04 19:46:02', '2022-02-04 19:46:02', '32e70cad4ec9', '77fe44df2707', 'cfccaecd4bad', 'storyboard'),
	('4ec683b8ebf6', '1', 1, NULL, '2022-02-04 19:46:02', '2022-02-04 19:46:02', '32e70cad4ec9', '77fe44df2707', '3ef17bd1df72', 'materialnode'),
	('07035efc81f8', '2', 0, NULL, '2022-02-04 19:46:02', '2022-02-04 19:46:02', '32e70cad4ec9', '77fe44df2707', '318e064ea0c9', 'singletext'),
	('32e70cad4ec9', '', 0, 'totam', '2022-02-04 19:46:02', '2022-02-04 19:46:02', '32e70cad4ec9', NULL, 'f17470519474', 'columnlayout'),
	('77fe44df2707', '1', 0, NULL, '2022-02-04 19:46:02', '2022-02-04 19:46:02', '32e70cad4ec9', '32e70cad4ec9', 'f17470519474', 'columnlayout'),
	('5b9566186621', '1', 1, NULL, '2022-02-04 19:46:20', '2022-02-04 19:46:20', '25aa0c832b70', 'e9c6cb975605', '3ef17bd1df72', 'materialnode'),
	('9b72b139d082', '2', 3, NULL, '2022-02-04 19:46:20', '2022-02-04 19:46:20', '25aa0c832b70', 'e9c6cb975605', '1a0f84e322c8', 'multiselect'),
	('48f7bc420ed6', '1', 0, NULL, '2022-02-04 19:46:20', '2022-02-04 19:46:20', '25aa0c832b70', 'e9c6cb975605', 'cfccaecd4bad', 'storyboard'),
	('38318996199a', '2', 0, NULL, '2022-02-04 19:46:20', '2022-02-04 19:46:20', '25aa0c832b70', 'e9c6cb975605', '318e064ea0c9', 'singletext'),
	('dc940ff1826a', '2', 1, NULL, '2022-02-04 19:46:20', '2022-02-04 19:46:20', '25aa0c832b70', 'e9c6cb975605', '44dcc7493c65', 'singletext'),
	('6843404033c2', '2', 2, NULL, '2022-02-04 19:46:20', '2022-02-04 19:46:20', '25aa0c832b70', 'e9c6cb975605', '4f0c657fecef', 'singletext'),
	('25aa0c832b70', '', 0, 'columnLayout2', '2022-02-04 19:46:20', '2022-02-04 19:46:20', '25aa0c832b70', NULL, 'f17470519474', 'columnlayout'),
	('e9c6cb975605', '1', 0, NULL, '2022-02-04 19:46:20', '2022-02-04 19:46:20', '25aa0c832b70', '25aa0c832b70', 'f17470519474', 'columnlayout'),
	('09f45cf4b450', '2', 0, 'columnLayout2Child', '2022-02-04 19:46:20', '2022-02-04 19:46:20', '25aa0c832b70', '25aa0c832b70', 'f17470519474', 'columnlayout'),
	('8189c8195acf', '2', 1, NULL, '2022-02-04 19:48:40', '2022-02-04 21:34:31', '3d211da36cc6', '99ec103f21e4', '44dcc7493c65', 'singletext'),
	('f65d5c56cc9e', '1', 0, NULL, '2022-02-04 19:47:02', '2022-02-04 19:47:02', '303e8d9d2e2e', 'f71ace6060ae', 'cfccaecd4bad', 'storyboard'),
	('3bb4727924f2', '2', 0, NULL, '2022-02-04 19:47:02', '2022-02-04 19:47:02', '303e8d9d2e2e', 'f71ace6060ae', '318e064ea0c9', 'singletext'),
	('ca5553bd6bd7', '2', 2, NULL, '2022-02-04 19:47:02', '2022-02-04 19:47:02', '303e8d9d2e2e', 'f71ace6060ae', '4f0c657fecef', 'singletext'),
	('0b25b55fbbfa', '2', 1, NULL, '2022-02-04 19:47:02', '2022-02-04 19:47:02', '303e8d9d2e2e', 'f71ace6060ae', '44dcc7493c65', 'singletext'),
	('c14691d42394', '1', 1, NULL, '2022-02-04 19:47:02', '2022-02-04 19:47:02', '303e8d9d2e2e', 'f71ace6060ae', '3ef17bd1df72', 'materialnode'),
	('303e8d9d2e2e', '', 0, 'totam', '2022-02-04 19:47:02', '2022-02-04 19:47:02', '303e8d9d2e2e', NULL, 'f17470519474', 'columnlayout'),
	('f71ace6060ae', '1', 0, NULL, '2022-02-04 19:47:02', '2022-02-04 19:47:02', '303e8d9d2e2e', '303e8d9d2e2e', 'f17470519474', 'columnlayout'),
	('473e0175effb', '2', 1, NULL, '2022-02-04 19:47:50', '2022-02-04 19:47:50', '160930523ce2', '1f1f866f0cbb', '44dcc7493c65', 'singletext'),
	('8ba0295b8ea8', '2', 0, NULL, '2022-02-04 19:47:50', '2022-02-04 19:47:50', '160930523ce2', '1f1f866f0cbb', '318e064ea0c9', 'singletext'),
	('14e638398f4f', '2', 2, NULL, '2022-02-04 19:47:50', '2022-02-04 19:47:50', '160930523ce2', '1f1f866f0cbb', '4f0c657fecef', 'singletext'),
	('20471f8a92dd', '1', 1, NULL, '2022-02-04 19:47:50', '2022-02-04 19:47:50', '160930523ce2', '1f1f866f0cbb', '3ef17bd1df72', 'materialnode'),
	('e789b6f53771', '2', 3, NULL, '2022-02-04 19:47:50', '2022-02-04 19:47:50', '160930523ce2', '1f1f866f0cbb', '1a0f84e322c8', 'multiselect'),
	('60f7a48c4466', '1', 0, NULL, '2022-02-04 19:47:50', '2022-02-04 19:47:50', '160930523ce2', '1f1f866f0cbb', 'cfccaecd4bad', 'storyboard'),
	('160930523ce2', '', 0, 'columnLayout2', '2022-02-04 19:47:50', '2022-02-04 19:47:50', '160930523ce2', NULL, 'f17470519474', 'columnlayout'),
	('4ab7b088344c', '2', 0, 'columnLayout2Child', '2022-02-04 19:47:50', '2022-02-04 19:47:50', '160930523ce2', '160930523ce2', 'f17470519474', 'columnlayout'),
	('1f1f866f0cbb', '1', 0, NULL, '2022-02-04 19:47:50', '2022-02-04 19:47:50', '160930523ce2', '160930523ce2', 'f17470519474', 'columnlayout'),
	('678166f5bd6c', NULL, 0, NULL, '2022-02-04 19:48:14', '2022-02-04 19:48:14', '678166f5bd6c', NULL, 'f17470519474', 'columnlayout'),
	('93c08ce48916', '1', 1, NULL, '2022-02-04 19:48:40', '2022-02-04 19:48:40', '3d211da36cc6', '99ec103f21e4', '3ef17bd1df72', 'materialnode'),
	('05b712aff209', '1', 0, NULL, '2022-02-04 19:48:40', '2022-02-04 19:48:40', '3d211da36cc6', '99ec103f21e4', 'cfccaecd4bad', 'storyboard'),
	('bdea4e3ff0c2', '2', 2, NULL, '2022-02-04 19:48:40', '2022-02-04 19:48:40', '3d211da36cc6', '99ec103f21e4', '4f0c657fecef', 'singletext'),
	('3d211da36cc6', NULL, 0, NULL, '2022-02-04 19:48:40', '2022-02-04 19:48:40', '3d211da36cc6', NULL, 'f17470519474', 'columnlayout'),
	('99ec103f21e4', '1', 0, NULL, '2022-02-04 19:48:40', '2022-02-04 19:48:40', '3d211da36cc6', '3d211da36cc6', 'f17470519474', 'columnlayout'),
	('ea0f65060295', '1', 0, NULL, '2022-02-04 19:49:02', '2022-02-04 19:49:02', '656295313d5c', '81dda09111d5', 'cfccaecd4bad', 'storyboard'),
	('dce6bdbe1985', '2', 0, NULL, '2022-02-04 19:49:02', '2022-02-04 19:49:02', '656295313d5c', '81dda09111d5', '318e064ea0c9', 'singletext'),
	('70932aca7d32', '2', 2, NULL, '2022-02-04 19:49:02', '2022-02-04 19:49:02', '656295313d5c', '81dda09111d5', '4f0c657fecef', 'singletext'),
	('2d258a7776ca', '2', 1, NULL, '2022-02-04 19:49:02', '2022-02-04 19:49:02', '656295313d5c', '81dda09111d5', '44dcc7493c65', 'singletext'),
	('a27e7d981943', '1', 1, NULL, '2022-02-04 19:49:02', '2022-02-04 19:49:02', '656295313d5c', '81dda09111d5', '3ef17bd1df72', 'materialnode'),
	('656295313d5c', '', 0, 'totam', '2022-02-04 19:49:02', '2022-02-04 19:49:02', '656295313d5c', NULL, 'f17470519474', 'columnlayout'),
	('81dda09111d5', '1', 0, NULL, '2022-02-04 19:49:02', '2022-02-04 19:49:02', '656295313d5c', '656295313d5c', 'f17470519474', 'columnlayout'),
	('d1bc88c0f52e', '1', 0, NULL, '2022-02-04 19:49:34', '2022-02-04 19:49:34', '5bdd84d2ab79', '67be10a1b564', 'cfccaecd4bad', 'storyboard'),
	('dbfa40935e0d', '2', 0, NULL, '2022-02-04 19:49:34', '2022-02-04 19:49:34', '5bdd84d2ab79', '67be10a1b564', '318e064ea0c9', 'singletext'),
	('4febc0e05ba3', '2', 2, NULL, '2022-02-04 19:49:34', '2022-02-04 19:49:34', '5bdd84d2ab79', '67be10a1b564', '4f0c657fecef', 'singletext'),
	('66b3ea2774ec', '2', 1, NULL, '2022-02-04 19:49:34', '2022-02-04 19:49:34', '5bdd84d2ab79', '67be10a1b564', '44dcc7493c65', 'singletext'),
	('b60d11f19ead', '1', 1, NULL, '2022-02-04 19:49:34', '2022-02-04 19:49:34', '5bdd84d2ab79', '67be10a1b564', '3ef17bd1df72', 'materialnode'),
	('5bdd84d2ab79', '', 0, 'totam', '2022-02-04 19:49:34', '2022-02-04 19:49:34', '5bdd84d2ab79', NULL, 'f17470519474', 'columnlayout'),
	('67be10a1b564', '1', 0, NULL, '2022-02-04 19:49:34', '2022-02-04 19:49:34', '5bdd84d2ab79', '5bdd84d2ab79', 'f17470519474', 'columnlayout'),
	('a06477857ced', '1', 1, NULL, '2022-02-04 19:50:07', '2022-02-04 19:50:07', 'a29cff2d1d03', 'af6d5af59785', '3ef17bd1df72', 'materialnode'),
	('e37eb1a06e03', '1', 0, NULL, '2022-02-04 19:50:07', '2022-02-04 19:50:07', 'a29cff2d1d03', 'af6d5af59785', 'cfccaecd4bad', 'storyboard'),
	('bee784c32dff', '2', 1, NULL, '2022-02-04 19:50:07', '2022-02-04 19:50:07', 'a29cff2d1d03', 'af6d5af59785', '44dcc7493c65', 'singletext'),
	('9c680d2e2263', '2', 0, NULL, '2022-02-04 19:50:07', '2022-02-04 19:50:07', 'a29cff2d1d03', 'af6d5af59785', '318e064ea0c9', 'singletext'),
	('64959421f614', '2', 2, NULL, '2022-02-04 19:50:07', '2022-02-04 19:50:07', 'a29cff2d1d03', 'af6d5af59785', '4f0c657fecef', 'singletext'),
	('a29cff2d1d03', NULL, 0, NULL, '2022-02-04 19:50:07', '2022-02-04 19:50:07', 'a29cff2d1d03', NULL, 'f17470519474', 'columnlayout'),
	('af6d5af59785', '1', 0, NULL, '2022-02-04 19:50:07', '2022-02-04 19:50:07', 'a29cff2d1d03', 'a29cff2d1d03', 'f17470519474', 'columnlayout'),
	('718834024a14', '1', 1, NULL, '2022-02-04 21:26:01', '2022-02-04 21:26:01', '645000130f8c', '645000130f8c', '3ef17bd1df72', 'materialnode'),
	('3edf02e5fd3d', NULL, 0, NULL, '2022-02-04 19:50:53', '2022-02-04 19:50:53', '3edf02e5fd3d', NULL, 'f17470519474', 'columnlayout'),
	('a47e986e9179', '1', 0, NULL, '2022-02-04 21:27:33', '2022-02-04 21:27:36', '69a1c2680b2b', '69a1c2680b2b', 'f17470519474', 'columnlayout'),
	('d245021c46fa', '1', 0, NULL, '2022-02-04 19:51:36', '2022-02-04 19:51:36', '6127f9640b45', '2d0de0759cd4', 'cfccaecd4bad', 'storyboard'),
	('e7978f772687', '2', 0, NULL, '2022-02-04 19:51:36', '2022-02-04 19:51:36', '6127f9640b45', '2d0de0759cd4', '318e064ea0c9', 'singletext'),
	('05b63c397dcd', '2', 2, NULL, '2022-02-04 19:51:36', '2022-02-04 19:51:36', '6127f9640b45', '2d0de0759cd4', '4f0c657fecef', 'singletext'),
	('ffc6af8f3159', '2', 1, NULL, '2022-02-04 19:51:36', '2022-02-04 19:51:36', '6127f9640b45', '2d0de0759cd4', '44dcc7493c65', 'singletext'),
	('954819c60f15', '1', 1, NULL, '2022-02-04 19:51:36', '2022-02-04 19:51:36', '6127f9640b45', '2d0de0759cd4', '3ef17bd1df72', 'materialnode'),
	('6127f9640b45', '', 0, 'totam', '2022-02-04 19:51:36', '2022-02-04 19:51:36', '6127f9640b45', NULL, 'f17470519474', 'columnlayout'),
	('2d0de0759cd4', '1', 0, NULL, '2022-02-04 19:51:36', '2022-02-04 19:51:36', '6127f9640b45', '6127f9640b45', 'f17470519474', 'columnlayout'),
	('b0db3093d60e', '1', 1, NULL, '2022-02-04 21:27:57', '2022-02-04 21:27:57', '69a1c2680b2b', 'a47e986e9179', '3ef17bd1df72', 'materialnode'),
	('e0113df37985', '1', 1, NULL, '2022-02-04 19:51:56', '2022-02-04 19:51:56', 'e2ba5d9578b7', 'e44cf76f839d', '3ef17bd1df72', 'materialnode'),
	('90bee6cb8815', '1', 0, NULL, '2022-02-04 19:51:56', '2022-02-04 19:51:56', 'e2ba5d9578b7', 'e44cf76f839d', 'cfccaecd4bad', 'storyboard'),
	('70b8420479aa', '2', 1, NULL, '2022-02-04 19:51:56', '2022-02-04 19:51:56', 'e2ba5d9578b7', 'e44cf76f839d', '44dcc7493c65', 'singletext'),
	('efaafb64e04c', '2', 0, NULL, '2022-02-04 19:51:56', '2022-02-04 19:51:56', 'e2ba5d9578b7', 'e44cf76f839d', '318e064ea0c9', 'singletext'),
	('bac6cf64fd44', '2', 2, NULL, '2022-02-04 19:51:56', '2022-02-04 19:51:56', 'e2ba5d9578b7', 'e44cf76f839d', '4f0c657fecef', 'singletext'),
	('e2ba5d9578b7', NULL, 0, NULL, '2022-02-04 19:51:56', '2022-02-04 19:51:56', 'e2ba5d9578b7', NULL, 'f17470519474', 'columnlayout'),
	('e44cf76f839d', '1', 0, NULL, '2022-02-04 19:51:56', '2022-02-04 19:51:56', 'e2ba5d9578b7', 'e2ba5d9578b7', 'f17470519474', 'columnlayout'),
	('1380618e31e7', '2', 0, NULL, '2022-02-04 21:27:47', '2022-02-04 21:28:41', '69a1c2680b2b', 'a47e986e9179', '318e064ea0c9', 'singletext'),
	('805227053131', '1', 1, NULL, '2022-02-04 19:52:33', '2022-02-04 19:52:33', 'ca9582689c1e', 'baeb0218568b', '3ef17bd1df72', 'materialnode'),
	('d2187a3531af', '1', 0, NULL, '2022-02-04 19:52:33', '2022-02-04 19:52:33', 'ca9582689c1e', 'baeb0218568b', 'cfccaecd4bad', 'storyboard'),
	('f04b6a1372cc', '2', 0, NULL, '2022-02-04 19:52:33', '2022-02-04 19:52:33', 'ca9582689c1e', 'baeb0218568b', '318e064ea0c9', 'singletext'),
	('6c21b66b59f8', '2', 2, NULL, '2022-02-04 19:52:33', '2022-02-04 19:52:33', 'ca9582689c1e', 'baeb0218568b', '4f0c657fecef', 'singletext'),
	('ca9582689c1e', NULL, 0, NULL, '2022-02-04 19:52:33', '2022-02-04 19:52:33', 'ca9582689c1e', NULL, 'f17470519474', 'columnlayout'),
	('baeb0218568b', '1', 0, NULL, '2022-02-04 19:52:33', '2022-02-04 19:52:33', 'ca9582689c1e', 'ca9582689c1e', 'f17470519474', 'columnlayout'),
	('51a9f1de497a', '1', 0, NULL, '2022-02-04 21:30:50', '2022-02-04 21:30:54', '3edf02e5fd3d', '3edf02e5fd3d', 'f17470519474', 'columnlayout'),
	('41463d5e6898', '1', 0, NULL, '2022-02-04 21:31:04', '2022-02-04 21:31:04', '3edf02e5fd3d', '51a9f1de497a', 'cfccaecd4bad', 'storyboard'),
	('0b625c957d44', '1', 0, NULL, '2022-02-04 19:52:59', '2022-02-04 19:52:59', '50172d027864', 'a7c05f91afbc', 'cfccaecd4bad', 'storyboard'),
	('9ffb2b512f1e', '2', 0, NULL, '2022-02-04 19:52:59', '2022-02-04 19:52:59', '50172d027864', 'a7c05f91afbc', '318e064ea0c9', 'singletext'),
	('d63973e52b25', '2', 2, NULL, '2022-02-04 19:52:59', '2022-02-04 19:52:59', '50172d027864', 'a7c05f91afbc', '4f0c657fecef', 'singletext'),
	('27e942280410', '2', 1, NULL, '2022-02-04 19:52:59', '2022-02-04 19:52:59', '50172d027864', 'a7c05f91afbc', '44dcc7493c65', 'singletext'),
	('7d66dde6d514', '1', 1, NULL, '2022-02-04 19:52:59', '2022-02-04 19:52:59', '50172d027864', 'a7c05f91afbc', '3ef17bd1df72', 'materialnode'),
	('50172d027864', '', 0, 'totam', '2022-02-04 19:52:59', '2022-02-04 19:52:59', '50172d027864', NULL, 'f17470519474', 'columnlayout'),
	('a7c05f91afbc', '1', 0, NULL, '2022-02-04 19:52:59', '2022-02-04 19:52:59', '50172d027864', '50172d027864', 'f17470519474', 'columnlayout'),
	('7cb2752737e2', '2', 1, NULL, '2022-02-04 19:52:33', '2022-02-04 21:35:18', 'ca9582689c1e', 'baeb0218568b', '44dcc7493c65', 'singletext'),
	('776dcb8f8664', '1', 0, NULL, '2022-02-04 19:53:09', '2022-02-04 19:53:09', '78904734f1c0', '6e929eaf43e5', 'cfccaecd4bad', 'storyboard'),
	('2ba109507fbc', '2', 0, NULL, '2022-02-04 19:53:09', '2022-02-04 19:53:09', '78904734f1c0', '6e929eaf43e5', '318e064ea0c9', 'singletext'),
	('abb8e234faa9', '2', 2, NULL, '2022-02-04 19:53:09', '2022-02-04 19:53:09', '78904734f1c0', '6e929eaf43e5', '4f0c657fecef', 'singletext'),
	('cf7d2595ac92', '2', 1, NULL, '2022-02-04 19:53:09', '2022-02-04 19:53:09', '78904734f1c0', '6e929eaf43e5', '44dcc7493c65', 'singletext'),
	('d84381075e3e', '1', 1, NULL, '2022-02-04 19:53:09', '2022-02-04 19:53:09', '78904734f1c0', '6e929eaf43e5', '3ef17bd1df72', 'materialnode'),
	('78904734f1c0', '', 0, 'totam', '2022-02-04 19:53:09', '2022-02-04 19:53:09', '78904734f1c0', NULL, 'f17470519474', 'columnlayout'),
	('6e929eaf43e5', '1', 0, NULL, '2022-02-04 19:53:09', '2022-02-04 19:53:09', '78904734f1c0', '78904734f1c0', 'f17470519474', 'columnlayout'),
	('8fa1c8e597c3', NULL, 0, NULL, '2022-02-04 21:41:51', '2022-02-04 21:41:51', '8fa1c8e597c3', NULL, 'f17470519474', 'columnlayout'),
	('1d40f6697b8c', '1', 0, NULL, '2022-02-04 19:53:15', '2022-02-04 19:53:15', '11d4984c77c6', 'f8e595ca2a2a', 'cfccaecd4bad', 'storyboard'),
	('d914d9bc76f4', '2', 0, NULL, '2022-02-04 19:53:15', '2022-02-04 19:53:15', '11d4984c77c6', 'f8e595ca2a2a', '318e064ea0c9', 'singletext'),
	('cce7d3a9f3be', '2', 2, NULL, '2022-02-04 19:53:15', '2022-02-04 19:53:15', '11d4984c77c6', 'f8e595ca2a2a', '4f0c657fecef', 'singletext'),
	('e05269876ccb', '2', 1, NULL, '2022-02-04 19:53:15', '2022-02-04 19:53:15', '11d4984c77c6', 'f8e595ca2a2a', '44dcc7493c65', 'singletext'),
	('74f53a077661', '1', 1, NULL, '2022-02-04 19:53:15', '2022-02-04 19:53:15', '11d4984c77c6', 'f8e595ca2a2a', '3ef17bd1df72', 'materialnode'),
	('11d4984c77c6', '', 0, 'totam', '2022-02-04 19:53:15', '2022-02-04 19:53:15', '11d4984c77c6', NULL, 'f17470519474', 'columnlayout'),
	('f8e595ca2a2a', '1', 0, NULL, '2022-02-04 19:53:15', '2022-02-04 19:53:15', '11d4984c77c6', '11d4984c77c6', 'f17470519474', 'columnlayout'),
	('48c38e095aad', '2', 0, NULL, '2022-02-04 21:42:13', '2022-02-04 21:42:13', '8fa1c8e597c3', '0a23aa100e1b', '318e064ea0c9', 'singletext'),
	('350b44de53b5', '2', 2, NULL, '2022-02-04 21:42:21', '2022-02-04 21:42:21', '8fa1c8e597c3', '0a23aa100e1b', '4f0c657fecef', 'singletext'),
	('9e69a2d0f217', '1', 1, 'Schlechtwetterprogramm', '2022-02-04 21:14:27', '2022-02-04 21:15:40', 'a71f929dd156', 'bd796fec1ea0', 'cfccaecd4bad', 'storyboard'),
	('f0dddbc0b82d', '1', 1, NULL, '2022-02-04 21:42:28', '2022-02-04 21:42:28', '8fa1c8e597c3', '0a23aa100e1b', '3ef17bd1df72', 'materialnode'),
	('5598534f6d7f', '1', 0, NULL, '2022-02-04 21:42:44', '2022-02-04 21:42:57', 'fb21b1c912fd', 'fb21b1c912fd', 'f17470519474', 'columnlayout'),
	('7b11f9f0d2f3', '1', 1, NULL, '2022-02-04 21:43:16', '2022-02-04 21:43:16', 'fb21b1c912fd', '5598534f6d7f', '3ef17bd1df72', 'materialnode'),
	('538610561786', '2', 1, NULL, '2022-02-04 21:43:22', '2022-02-04 21:43:22', 'fb21b1c912fd', '5598534f6d7f', '44dcc7493c65', 'singletext'),
	('6f290281f5cd', '2', 2, NULL, '2022-02-04 21:43:26', '2022-02-04 21:43:26', 'fb21b1c912fd', '5598534f6d7f', '4f0c657fecef', 'singletext'),
	('16c1b1868c60', '1', 0, NULL, '2022-02-04 22:10:52', '2022-02-04 22:10:52', '78c9196140b7', '78c9196140b7', 'f17470519474', 'columnlayout'),
	('fdce2397cf25', '2', 3, NULL, '2022-02-04 21:59:10', '2022-02-04 21:59:10', '51d2e8dd6747', '48393c2e4cd6', '1a0f84e322c8', 'multiselect'),
	('a1488a153b81', '1', 0, NULL, '2022-02-04 21:59:10', '2022-02-04 21:59:10', '51d2e8dd6747', '48393c2e4cd6', 'cfccaecd4bad', 'storyboard'),
	('8d07e57ba2f9', '1', 0, NULL, '2022-02-04 21:59:10', '2022-02-04 21:59:10', 'd0d0bef87638', 'cdc9597bd2c4', 'cfccaecd4bad', 'storyboard'),
	('3139863b3234', '1', 1, NULL, '2022-02-04 21:59:10', '2022-02-04 21:59:10', '51d2e8dd6747', '48393c2e4cd6', '3ef17bd1df72', 'materialnode'),
	('c1b174f0da82', '1', 1, NULL, '2022-02-04 21:59:10', '2022-02-04 21:59:10', 'd0d0bef87638', 'cdc9597bd2c4', '3ef17bd1df72', 'materialnode'),
	('d119a57bb552', '2', 0, NULL, '2022-02-04 21:59:10', '2022-02-04 21:59:10', '51d2e8dd6747', '48393c2e4cd6', '318e064ea0c9', 'singletext'),
	('5a25250e8e9d', '2', 1, NULL, '2022-02-04 21:59:10', '2022-02-04 21:59:10', '51d2e8dd6747', '48393c2e4cd6', '44dcc7493c65', 'singletext'),
	('af1276c8deca', '2', 2, NULL, '2022-02-04 21:59:10', '2022-02-04 21:59:10', '51d2e8dd6747', '48393c2e4cd6', '4f0c657fecef', 'singletext'),
	('635ede089a38', '2', 0, NULL, '2022-02-04 21:59:10', '2022-02-04 21:59:10', 'd0d0bef87638', 'cdc9597bd2c4', '318e064ea0c9', 'singletext'),
	('c60c35894fb8', '2', 1, NULL, '2022-02-04 21:59:10', '2022-02-04 21:59:10', 'd0d0bef87638', 'cdc9597bd2c4', '44dcc7493c65', 'singletext'),
	('15a25d9de36f', '2', 2, NULL, '2022-02-04 21:59:10', '2022-02-04 21:59:10', 'd0d0bef87638', 'cdc9597bd2c4', '4f0c657fecef', 'singletext'),
	('51d2e8dd6747', NULL, 0, NULL, '2022-02-04 21:59:10', '2022-02-04 21:59:10', '51d2e8dd6747', NULL, 'f17470519474', 'columnlayout'),
	('48393c2e4cd6', '1', 0, NULL, '2022-02-04 21:59:10', '2022-02-04 21:59:10', '51d2e8dd6747', '51d2e8dd6747', 'f17470519474', 'columnlayout'),
	('d0d0bef87638', '', 0, 'est', '2022-02-04 21:59:10', '2022-02-04 21:59:10', 'd0d0bef87638', NULL, 'f17470519474', 'columnlayout'),
	('cdc9597bd2c4', '1', 0, NULL, '2022-02-04 21:59:10', '2022-02-04 21:59:10', 'd0d0bef87638', 'd0d0bef87638', 'f17470519474', 'columnlayout'),
	('f9c28b8f6f31', NULL, 0, NULL, '2022-02-04 22:01:09', '2022-02-04 22:01:09', 'f9c28b8f6f31', NULL, 'f17470519474', 'columnlayout'),
	('73eb8501c9b3', NULL, 0, NULL, '2022-02-04 22:02:07', '2022-02-04 22:02:07', '73eb8501c9b3', NULL, 'f17470519474', 'columnlayout'),
	('58a49366f78d', '1', 0, NULL, '2022-02-04 22:02:47', '2022-02-04 22:02:52', 'f9c28b8f6f31', 'f9c28b8f6f31', 'f17470519474', 'columnlayout'),
	('6e187b34baa9', '2', 0, NULL, '2022-02-04 22:02:58', '2022-02-04 22:02:58', 'f9c28b8f6f31', '58a49366f78d', '318e064ea0c9', 'singletext'),
	('032b98986bed', '2', 1, NULL, '2022-02-04 22:03:03', '2022-02-04 22:03:03', 'f9c28b8f6f31', '58a49366f78d', '44dcc7493c65', 'singletext'),
	('2788959ec9c2', '2', 2, NULL, '2022-02-04 22:03:06', '2022-02-04 22:03:06', 'f9c28b8f6f31', '58a49366f78d', '4f0c657fecef', 'singletext'),
	('3160a58d2234', '1', 0, NULL, '2022-02-04 22:03:09', '2022-02-04 22:03:09', 'f9c28b8f6f31', '58a49366f78d', 'cfccaecd4bad', 'storyboard'),
	('c6a2ad50a414', '1', 1, NULL, '2022-02-04 22:03:13', '2022-02-04 22:03:13', 'f9c28b8f6f31', '58a49366f78d', '3ef17bd1df72', 'materialnode'),
	('b49bb0917fdc', '1', 1, NULL, '2022-02-04 22:06:20', '2022-02-04 22:06:20', '985356416a4b', 'cd9a869ea01c', '3ef17bd1df72', 'materialnode'),
	('9a4845d2e259', '1', 0, NULL, '2022-02-04 22:06:20', '2022-02-04 22:06:20', '985356416a4b', 'cd9a869ea01c', 'cfccaecd4bad', 'storyboard'),
	('e5cb8fb74e6c', '2', 2, NULL, '2022-02-04 22:06:20', '2022-02-04 22:06:20', '985356416a4b', 'cd9a869ea01c', '4f0c657fecef', 'singletext'),
	('9a405af3cf69', '2', 1, NULL, '2022-02-04 22:06:20', '2022-02-04 22:06:20', '985356416a4b', 'cd9a869ea01c', '44dcc7493c65', 'singletext'),
	('985356416a4b', '', 0, 'est', '2022-02-04 22:06:20', '2022-02-04 22:06:20', '985356416a4b', NULL, 'f17470519474', 'columnlayout'),
	('cd9a869ea01c', '1', 0, NULL, '2022-02-04 22:06:20', '2022-02-04 22:06:20', '985356416a4b', '985356416a4b', 'f17470519474', 'columnlayout'),
	('765d7592c9d6', '1', 1, NULL, '2022-02-04 22:10:06', '2022-02-04 22:10:06', '37616c74811f', '4d88b71250c5', '3ef17bd1df72', 'materialnode'),
	('f3776b7ba11e', '1', 0, NULL, '2022-02-04 22:10:06', '2022-02-04 22:10:06', '37616c74811f', '4d88b71250c5', 'cfccaecd4bad', 'storyboard'),
	('b82abd3055a8', '2', 0, NULL, '2022-02-04 22:10:06', '2022-02-04 22:10:06', '37616c74811f', '4d88b71250c5', '318e064ea0c9', 'singletext'),
	('ea1ab136a55b', '2', 2, NULL, '2022-02-04 22:10:06', '2022-02-04 22:10:06', '37616c74811f', '4d88b71250c5', '4f0c657fecef', 'singletext'),
	('fd9297b1db56', '2', 1, NULL, '2022-02-04 22:10:06', '2022-02-04 22:10:06', '37616c74811f', '4d88b71250c5', '44dcc7493c65', 'singletext'),
	('37616c74811f', '', 0, 'est', '2022-02-04 22:10:06', '2022-02-04 22:10:06', '37616c74811f', NULL, 'f17470519474', 'columnlayout'),
	('4d88b71250c5', '1', 0, NULL, '2022-02-04 22:10:06', '2022-02-04 22:10:06', '37616c74811f', '37616c74811f', 'f17470519474', 'columnlayout'),
	('07c09b2470ac', '1', 1, NULL, '2022-02-04 22:10:52', '2022-02-04 22:10:52', '78c9196140b7', '16c1b1868c60', '3ef17bd1df72', 'materialnode'),
	('e9d479b98d18', '1', 0, NULL, '2022-02-04 22:10:52', '2022-02-04 22:10:52', '78c9196140b7', '16c1b1868c60', 'cfccaecd4bad', 'storyboard'),
	('80352238933c', '2', 0, NULL, '2022-02-04 22:10:52', '2022-02-04 22:10:52', '78c9196140b7', '16c1b1868c60', '318e064ea0c9', 'singletext'),
	('381c06d8ac17', '2', 1, NULL, '2022-02-04 22:10:52', '2022-02-04 22:10:52', '78c9196140b7', '16c1b1868c60', '44dcc7493c65', 'singletext'),
	('06bce0354cae', '2', 2, NULL, '2022-02-04 22:10:52', '2022-02-04 22:10:52', '78c9196140b7', '16c1b1868c60', '4f0c657fecef', 'singletext'),
	('78c9196140b7', NULL, 0, NULL, '2022-02-04 22:10:52', '2022-02-04 22:10:52', '78c9196140b7', NULL, 'f17470519474', 'columnlayout'),
	('73ce151126d3', '2', 1, NULL, '2022-02-04 22:11:12', '2022-02-04 22:11:12', 'c2eae59077c5', '667d18a76fe6', '44dcc7493c65', 'singletext'),
	('150405a2c876', '2', 0, NULL, '2022-02-04 22:11:12', '2022-02-04 22:11:12', 'c2eae59077c5', '667d18a76fe6', '318e064ea0c9', 'singletext'),
	('7347bb2cee93', '2', 2, NULL, '2022-02-04 22:11:12', '2022-02-04 22:11:12', 'c2eae59077c5', '667d18a76fe6', '4f0c657fecef', 'singletext'),
	('70115970f74b', '2', 3, NULL, '2022-02-04 22:11:12', '2022-02-04 22:11:12', 'c2eae59077c5', '667d18a76fe6', '1a0f84e322c8', 'multiselect'),
	('ef0532ee8da3', '1', 1, NULL, '2022-02-04 22:11:12', '2022-02-04 22:11:12', 'c2eae59077c5', '667d18a76fe6', '3ef17bd1df72', 'materialnode'),
	('00c6fe37b137', '1', 0, NULL, '2022-02-04 22:11:12', '2022-02-04 22:11:12', 'c2eae59077c5', '667d18a76fe6', 'cfccaecd4bad', 'storyboard'),
	('c2eae59077c5', NULL, 0, NULL, '2022-02-04 22:11:12', '2022-02-04 22:11:12', 'c2eae59077c5', NULL, 'f17470519474', 'columnlayout'),
	('667d18a76fe6', '1', 0, NULL, '2022-02-04 22:11:12', '2022-02-04 22:11:12', 'c2eae59077c5', 'c2eae59077c5', 'f17470519474', 'columnlayout'),
	('8ea4175fd5f0', NULL, 0, NULL, '2022-02-04 22:15:20', '2022-02-04 22:15:20', '8ea4175fd5f0', NULL, 'f17470519474', 'columnlayout'),
	('2fb752aa92f2', '1', 1, NULL, '2022-02-04 22:16:56', '2022-02-04 22:16:56', '69fa08a77f38', '3ce6b7ec876f', '3ef17bd1df72', 'materialnode'),
	('78e81d1fbf0d', '1', 0, NULL, '2022-02-04 22:16:56', '2022-02-04 22:16:56', '69fa08a77f38', '3ce6b7ec876f', 'cfccaecd4bad', 'storyboard'),
	('02436896dd4e', '2', 2, NULL, '2022-02-04 22:16:56', '2022-02-04 22:16:56', '69fa08a77f38', '3ce6b7ec876f', '4f0c657fecef', 'singletext'),
	('69fa08a77f38', NULL, 0, NULL, '2022-02-04 22:16:56', '2022-02-04 22:16:56', '69fa08a77f38', NULL, 'f17470519474', 'columnlayout'),
	('7a2282e04097', '2', 0, NULL, '2022-02-04 22:06:20', '2022-02-04 22:35:08', '985356416a4b', 'cd9a869ea01c', '318e064ea0c9', 'singletext'),
	('ac6b2f123ad3', '2', 0, NULL, '2022-02-04 22:16:56', '2022-02-04 22:39:43', '69fa08a77f38', '3ce6b7ec876f', '318e064ea0c9', 'singletext'),
	('ae634c4157a0', '2', 1, NULL, '2022-02-04 22:16:56', '2022-02-04 22:39:47', '69fa08a77f38', '3ce6b7ec876f', '44dcc7493c65', 'singletext'),
	('3ce6b7ec876f', '1', 0, NULL, '2022-02-04 22:16:56', '2022-02-04 22:16:56', '69fa08a77f38', '69fa08a77f38', 'f17470519474', 'columnlayout'),
	('b14c120b5724', '1', 1, NULL, '2022-02-04 22:17:30', '2022-02-04 22:17:30', '5015df0b6259', '69c2c7eceec2', '3ef17bd1df72', 'materialnode'),
	('f5b193a90c4f', '1', 0, NULL, '2022-02-04 22:17:30', '2022-02-04 22:17:30', '5015df0b6259', '69c2c7eceec2', 'cfccaecd4bad', 'storyboard'),
	('a7a4a7ebefe6', '2', 1, NULL, '2022-02-04 22:17:30', '2022-02-04 22:17:30', '5015df0b6259', '69c2c7eceec2', '44dcc7493c65', 'singletext'),
	('b6b6f9bd7be1', '2', 2, NULL, '2022-02-04 22:17:30', '2022-02-04 22:17:30', '5015df0b6259', '69c2c7eceec2', '4f0c657fecef', 'singletext'),
	('5015df0b6259', NULL, 0, NULL, '2022-02-04 22:17:30', '2022-02-04 22:17:30', '5015df0b6259', NULL, 'f17470519474', 'columnlayout'),
	('69c2c7eceec2', '1', 0, NULL, '2022-02-04 22:17:30', '2022-02-04 22:17:30', '5015df0b6259', '5015df0b6259', 'f17470519474', 'columnlayout'),
	('a1a191bf155d', '1', 1, NULL, '2022-02-04 22:18:02', '2022-02-04 22:18:02', 'aff5fa86266e', 'fbc47b8cf426', '3ef17bd1df72', 'materialnode'),
	('e3a4242a7d93', '1', 0, NULL, '2022-02-04 22:18:02', '2022-02-04 22:18:02', 'aff5fa86266e', 'fbc47b8cf426', 'cfccaecd4bad', 'storyboard'),
	('ac1a8d13665d', '2', 0, NULL, '2022-02-04 22:18:02', '2022-02-04 22:18:02', 'aff5fa86266e', 'fbc47b8cf426', '318e064ea0c9', 'singletext'),
	('d0448480da8b', '2', 1, NULL, '2022-02-04 22:18:02', '2022-02-04 22:18:02', 'aff5fa86266e', 'fbc47b8cf426', '44dcc7493c65', 'singletext'),
	('93629214c0da', '2', 2, NULL, '2022-02-04 22:18:02', '2022-02-04 22:18:02', 'aff5fa86266e', 'fbc47b8cf426', '4f0c657fecef', 'singletext'),
	('aff5fa86266e', '', 0, 'est', '2022-02-04 22:18:02', '2022-02-04 22:18:02', 'aff5fa86266e', NULL, 'f17470519474', 'columnlayout'),
	('fbc47b8cf426', '1', 0, NULL, '2022-02-04 22:18:02', '2022-02-04 22:18:02', 'aff5fa86266e', 'aff5fa86266e', 'f17470519474', 'columnlayout'),
	('a3b8c9090ac0', '1', 1, NULL, '2022-02-04 22:18:46', '2022-02-04 22:18:46', '3a9614e39661', 'f63fb7a48ada', '3ef17bd1df72', 'materialnode'),
	('ad3c129b71fd', '1', 0, NULL, '2022-02-04 22:18:46', '2022-02-04 22:18:46', '3a9614e39661', 'f63fb7a48ada', 'cfccaecd4bad', 'storyboard'),
	('f448c128db14', '2', 0, NULL, '2022-02-04 22:18:46', '2022-02-04 22:18:46', '3a9614e39661', 'f63fb7a48ada', '318e064ea0c9', 'singletext'),
	('f2f21f7b5963', '2', 1, NULL, '2022-02-04 22:18:46', '2022-02-04 22:18:46', '3a9614e39661', 'f63fb7a48ada', '44dcc7493c65', 'singletext'),
	('dd551a8cad7e', '2', 2, NULL, '2022-02-04 22:18:46', '2022-02-04 22:18:46', '3a9614e39661', 'f63fb7a48ada', '4f0c657fecef', 'singletext'),
	('3a9614e39661', NULL, 0, NULL, '2022-02-04 22:18:46', '2022-02-04 22:18:46', '3a9614e39661', NULL, 'f17470519474', 'columnlayout'),
	('f63fb7a48ada', '1', 0, NULL, '2022-02-04 22:18:46', '2022-02-04 22:18:46', '3a9614e39661', '3a9614e39661', 'f17470519474', 'columnlayout'),
	('02aa83c29f8e', '1', 1, NULL, '2022-02-04 22:19:53', '2022-02-04 22:19:53', '8e15971caab8', 'ed784a290de3', '3ef17bd1df72', 'materialnode'),
	('e7d30e274563', '1', 0, NULL, '2022-02-04 22:19:53', '2022-02-04 22:19:53', '8e15971caab8', 'ed784a290de3', 'cfccaecd4bad', 'storyboard'),
	('0fada08fb7c1', '2', 1, NULL, '2022-02-04 22:19:53', '2022-02-04 22:19:53', '8e15971caab8', 'ed784a290de3', '44dcc7493c65', 'singletext'),
	('695bc6f08c8d', '2', 2, NULL, '2022-02-04 22:19:53', '2022-02-04 22:19:53', '8e15971caab8', 'ed784a290de3', '4f0c657fecef', 'singletext'),
	('8e15971caab8', '', 0, 'est', '2022-02-04 22:19:53', '2022-02-04 22:19:53', '8e15971caab8', NULL, 'f17470519474', 'columnlayout'),
	('ed784a290de3', '1', 0, NULL, '2022-02-04 22:19:53', '2022-02-04 22:19:53', '8e15971caab8', '8e15971caab8', 'f17470519474', 'columnlayout'),
	('1ca8ad357ef7', '1', 1, NULL, '2022-02-04 22:20:19', '2022-02-04 22:20:19', 'f9ba3a735450', 'c20a38fbe5bd', '3ef17bd1df72', 'materialnode'),
	('94448eaafa0d', '1', 0, NULL, '2022-02-04 22:20:19', '2022-02-04 22:20:19', 'f9ba3a735450', 'c20a38fbe5bd', 'cfccaecd4bad', 'storyboard'),
	('f3491b1d1ed4', '2', 2, NULL, '2022-02-04 22:20:19', '2022-02-04 22:20:19', 'f9ba3a735450', 'c20a38fbe5bd', '4f0c657fecef', 'singletext'),
	('f9ba3a735450', '', 0, 'est', '2022-02-04 22:20:19', '2022-02-04 22:20:19', 'f9ba3a735450', NULL, 'f17470519474', 'columnlayout'),
	('c20a38fbe5bd', '1', 0, NULL, '2022-02-04 22:20:19', '2022-02-04 22:20:19', 'f9ba3a735450', 'f9ba3a735450', 'f17470519474', 'columnlayout'),
	('6481f55d80e3', '1', 1, NULL, '2022-02-04 22:21:03', '2022-02-04 22:21:03', '280031715953', 'd5cd5fd59e4a', '3ef17bd1df72', 'materialnode'),
	('07cec100baae', '2', 2, NULL, '2022-02-04 22:21:03', '2022-02-04 22:21:03', '280031715953', 'd5cd5fd59e4a', '4f0c657fecef', 'singletext'),
	('847374e5e4bf', '1', 0, NULL, '2022-02-04 22:21:03', '2022-02-04 22:21:03', '280031715953', 'd5cd5fd59e4a', 'cfccaecd4bad', 'storyboard'),
	('280031715953', NULL, 0, NULL, '2022-02-04 22:21:03', '2022-02-04 22:21:03', '280031715953', NULL, 'f17470519474', 'columnlayout'),
	('d5cd5fd59e4a', '1', 0, NULL, '2022-02-04 22:21:03', '2022-02-04 22:21:03', '280031715953', '280031715953', 'f17470519474', 'columnlayout'),
	('0ef300877289', '1', 1, NULL, '2022-02-04 22:21:35', '2022-02-04 22:21:35', 'd4fe28437432', 'a046328425df', '3ef17bd1df72', 'materialnode'),
	('1516a64c5940', '2', 2, NULL, '2022-02-04 22:21:35', '2022-02-04 22:21:35', 'd4fe28437432', 'a046328425df', '4f0c657fecef', 'singletext'),
	('3127de277825', '1', 0, NULL, '2022-02-04 22:21:35', '2022-02-04 22:21:35', 'd4fe28437432', 'a046328425df', 'cfccaecd4bad', 'storyboard'),
	('d4fe28437432', NULL, 0, NULL, '2022-02-04 22:21:35', '2022-02-04 22:21:35', 'd4fe28437432', NULL, 'f17470519474', 'columnlayout'),
	('a046328425df', '1', 0, NULL, '2022-02-04 22:21:35', '2022-02-04 22:21:35', 'd4fe28437432', 'd4fe28437432', 'f17470519474', 'columnlayout'),
	('0837f85cfe1f', '1', 1, NULL, '2022-02-04 22:21:58', '2022-02-04 22:21:58', 'b46ab3cde287', '23b945a9df75', '3ef17bd1df72', 'materialnode'),
	('8af65594aee7', '1', 0, NULL, '2022-02-04 22:21:58', '2022-02-04 22:21:58', 'b46ab3cde287', '23b945a9df75', 'cfccaecd4bad', 'storyboard'),
	('85ff80d78768', '2', 0, NULL, '2022-02-04 22:21:58', '2022-02-04 22:21:58', 'b46ab3cde287', '23b945a9df75', '318e064ea0c9', 'singletext'),
	('cb29303491f5', '2', 2, NULL, '2022-02-04 22:21:58', '2022-02-04 22:21:58', 'b46ab3cde287', '23b945a9df75', '4f0c657fecef', 'singletext'),
	('1f648080582d', '2', 1, NULL, '2022-02-04 22:21:58', '2022-02-04 22:21:58', 'b46ab3cde287', '23b945a9df75', '44dcc7493c65', 'singletext'),
	('b46ab3cde287', '', 0, 'est', '2022-02-04 22:21:58', '2022-02-04 22:21:58', 'b46ab3cde287', NULL, 'f17470519474', 'columnlayout'),
	('23b945a9df75', '1', 0, NULL, '2022-02-04 22:21:58', '2022-02-04 22:21:58', 'b46ab3cde287', 'b46ab3cde287', 'f17470519474', 'columnlayout'),
	('6183cacb2dbd', '1', 1, NULL, '2022-02-04 22:22:15', '2022-02-04 22:22:15', '7792c9c855ce', '60dad45d3561', '3ef17bd1df72', 'materialnode'),
	('e5c2b710898d', '2', 1, NULL, '2022-02-04 22:22:15', '2022-02-04 22:22:15', '7792c9c855ce', '60dad45d3561', '44dcc7493c65', 'singletext'),
	('94bce49e1f03', '2', 0, NULL, '2022-02-04 22:17:30', '2022-02-04 22:42:11', '5015df0b6259', '69c2c7eceec2', '318e064ea0c9', 'singletext'),
	('3de702618ab9', '2', 0, NULL, '2022-02-04 22:19:53', '2022-02-04 22:45:00', '8e15971caab8', 'ed784a290de3', '318e064ea0c9', 'singletext'),
	('17ec8168365a', '2', 0, NULL, '2022-02-04 22:20:19', '2022-02-04 22:47:57', 'f9ba3a735450', 'c20a38fbe5bd', '318e064ea0c9', 'singletext'),
	('b3f5cbd532da', '2', 1, NULL, '2022-02-04 22:20:19', '2022-02-04 22:48:00', 'f9ba3a735450', 'c20a38fbe5bd', '44dcc7493c65', 'singletext'),
	('d9b4103a0ab1', '2', 0, NULL, '2022-02-04 22:21:03', '2022-02-04 22:50:58', '280031715953', 'd5cd5fd59e4a', '318e064ea0c9', 'singletext'),
	('84b40e43160a', '2', 1, NULL, '2022-02-04 22:21:03', '2022-02-04 22:51:03', '280031715953', 'd5cd5fd59e4a', '44dcc7493c65', 'singletext'),
	('7d7fc79c95fd', '2', 0, NULL, '2022-02-04 22:21:35', '2022-02-04 22:52:52', 'd4fe28437432', 'a046328425df', '318e064ea0c9', 'singletext'),
	('22d8c12d7df3', '2', 1, NULL, '2022-02-04 22:21:35', '2022-02-04 22:52:56', 'd4fe28437432', 'a046328425df', '44dcc7493c65', 'singletext'),
	('307055b3b9ca', '2', 0, NULL, '2022-02-04 22:22:15', '2022-02-04 22:55:45', '7792c9c855ce', '60dad45d3561', '318e064ea0c9', 'singletext'),
	('19a002b15f6e', '2', 2, NULL, '2022-02-04 22:22:15', '2022-02-04 22:22:15', '7792c9c855ce', '60dad45d3561', '4f0c657fecef', 'singletext'),
	('7fb4b671a287', '1', 0, NULL, '2022-02-04 22:22:15', '2022-02-04 22:22:15', '7792c9c855ce', '60dad45d3561', 'cfccaecd4bad', 'storyboard'),
	('7792c9c855ce', NULL, 0, NULL, '2022-02-04 22:22:15', '2022-02-04 22:22:15', '7792c9c855ce', NULL, 'f17470519474', 'columnlayout'),
	('60dad45d3561', '1', 0, NULL, '2022-02-04 22:22:15', '2022-02-04 22:22:15', '7792c9c855ce', '7792c9c855ce', 'f17470519474', 'columnlayout'),
	('d7da8f2a7a39', '2', 0, NULL, '2022-02-04 22:22:38', '2022-02-04 22:22:38', '2b3f79233387', '8d3112f28a34', '318e064ea0c9', 'singletext'),
	('ef877113c101', '2', 3, NULL, '2022-02-04 22:22:38', '2022-02-04 22:22:38', '2b3f79233387', '8d3112f28a34', '1a0f84e322c8', 'multiselect'),
	('6e35e5b1c7b6', '1', 1, NULL, '2022-02-04 22:22:38', '2022-02-04 22:22:38', '2b3f79233387', '8d3112f28a34', '3ef17bd1df72', 'materialnode'),
	('1a978f02a760', '1', 0, NULL, '2022-02-04 22:22:38', '2022-02-04 22:22:38', '2b3f79233387', '8d3112f28a34', 'cfccaecd4bad', 'storyboard'),
	('2b3f79233387', NULL, 0, NULL, '2022-02-04 22:22:38', '2022-02-04 22:22:38', '2b3f79233387', NULL, 'f17470519474', 'columnlayout'),
	('8d3112f28a34', '1', 0, NULL, '2022-02-04 22:22:38', '2022-02-04 22:22:38', '2b3f79233387', '2b3f79233387', 'f17470519474', 'columnlayout'),
	('06f9dd59b932', '1', 1, NULL, '2022-02-04 22:22:56', '2022-02-04 22:22:56', '475f7b34581a', '0c57930a0e67', '3ef17bd1df72', 'materialnode'),
	('f28ae87dfdcd', '1', 0, NULL, '2022-02-04 22:22:56', '2022-02-04 22:22:56', '475f7b34581a', '0c57930a0e67', 'cfccaecd4bad', 'storyboard'),
	('3ff909ce1ec3', '2', 2, NULL, '2022-02-04 22:22:56', '2022-02-04 22:22:56', '475f7b34581a', '0c57930a0e67', '4f0c657fecef', 'singletext'),
	('475f7b34581a', '', 0, 'est', '2022-02-04 22:22:56', '2022-02-04 22:22:56', '475f7b34581a', NULL, 'f17470519474', 'columnlayout'),
	('0c57930a0e67', '1', 0, NULL, '2022-02-04 22:22:56', '2022-02-04 22:22:56', '475f7b34581a', '475f7b34581a', 'f17470519474', 'columnlayout'),
	('5e2c29b70cfa', '1', 1, NULL, '2022-02-04 22:23:30', '2022-02-04 22:23:30', '3ddaa17f2649', '706d570b83cc', '3ef17bd1df72', 'materialnode'),
	('89a401571d37', '2', 1, NULL, '2022-02-04 22:23:30', '2022-02-04 22:23:30', '3ddaa17f2649', '706d570b83cc', '44dcc7493c65', 'singletext'),
	('0820aba5bf82', '2', 0, NULL, '2022-02-04 22:23:30', '2022-02-04 22:23:30', '3ddaa17f2649', '706d570b83cc', '318e064ea0c9', 'singletext'),
	('012b2427c138', '2', 2, NULL, '2022-02-04 22:23:30', '2022-02-04 22:23:30', '3ddaa17f2649', '706d570b83cc', '4f0c657fecef', 'singletext'),
	('3a94193d3f6e', '1', 0, NULL, '2022-02-04 22:23:30', '2022-02-04 22:23:30', '3ddaa17f2649', '706d570b83cc', 'cfccaecd4bad', 'storyboard'),
	('3ddaa17f2649', NULL, 0, NULL, '2022-02-04 22:23:30', '2022-02-04 22:23:30', '3ddaa17f2649', NULL, 'f17470519474', 'columnlayout'),
	('706d570b83cc', '1', 0, NULL, '2022-02-04 22:23:30', '2022-02-04 22:23:30', '3ddaa17f2649', '3ddaa17f2649', 'f17470519474', 'columnlayout'),
	('b5b83ee77172', '1', 1, NULL, '2022-02-04 22:24:04', '2022-02-04 22:24:04', 'd81a9dae4316', '945b99f32295', '3ef17bd1df72', 'materialnode'),
	('7fe23d0fc00f', '2', 1, NULL, '2022-02-04 22:24:04', '2022-02-04 22:24:04', 'd81a9dae4316', '945b99f32295', '44dcc7493c65', 'singletext'),
	('be5172d10d31', '2', 0, NULL, '2022-02-04 22:24:04', '2022-02-04 22:24:04', 'd81a9dae4316', '945b99f32295', '318e064ea0c9', 'singletext'),
	('7224fb425b43', '2', 2, NULL, '2022-02-04 22:24:04', '2022-02-04 22:24:04', 'd81a9dae4316', '945b99f32295', '4f0c657fecef', 'singletext'),
	('8e2119b66e8f', '1', 0, NULL, '2022-02-04 22:24:04', '2022-02-04 22:24:04', 'd81a9dae4316', '945b99f32295', 'cfccaecd4bad', 'storyboard'),
	('d81a9dae4316', NULL, 0, NULL, '2022-02-04 22:24:04', '2022-02-04 22:24:04', 'd81a9dae4316', NULL, 'f17470519474', 'columnlayout'),
	('945b99f32295', '1', 0, NULL, '2022-02-04 22:24:04', '2022-02-04 22:24:04', 'd81a9dae4316', 'd81a9dae4316', 'f17470519474', 'columnlayout'),
	('3b87f372f2c0', '1', 1, NULL, '2022-02-04 22:24:36', '2022-02-04 22:24:36', 'e460f03e79b4', 'e69cb9c4d43c', '3ef17bd1df72', 'materialnode'),
	('bbc4c3603119', '1', 0, NULL, '2022-02-04 22:24:36', '2022-02-04 22:24:36', 'e460f03e79b4', 'e69cb9c4d43c', 'cfccaecd4bad', 'storyboard'),
	('9ea9e4308d6d', '2', 0, NULL, '2022-02-04 22:24:36', '2022-02-04 22:24:36', 'e460f03e79b4', 'e69cb9c4d43c', '318e064ea0c9', 'singletext'),
	('681b18ac428c', '2', 2, NULL, '2022-02-04 22:24:36', '2022-02-04 22:24:36', 'e460f03e79b4', 'e69cb9c4d43c', '4f0c657fecef', 'singletext'),
	('e460f03e79b4', '', 0, 'est', '2022-02-04 22:24:36', '2022-02-04 22:24:36', 'e460f03e79b4', NULL, 'f17470519474', 'columnlayout'),
	('e69cb9c4d43c', '1', 0, NULL, '2022-02-04 22:24:36', '2022-02-04 22:24:36', 'e460f03e79b4', 'e460f03e79b4', 'f17470519474', 'columnlayout'),
	('95cd1a28febb', '2', 1, NULL, '2022-02-04 22:27:21', '2022-02-04 22:27:21', '13d74b9d52b8', '09b019b76b75', '44dcc7493c65', 'singletext'),
	('8a6db3771533', '2', 0, NULL, '2022-02-04 22:27:21', '2022-02-04 22:27:21', '13d74b9d52b8', '09b019b76b75', '318e064ea0c9', 'singletext'),
	('683906f8cecc', '2', 2, NULL, '2022-02-04 22:27:21', '2022-02-04 22:27:21', '13d74b9d52b8', '09b019b76b75', '4f0c657fecef', 'singletext'),
	('84220fafa5f9', '2', 3, NULL, '2022-02-04 22:27:21', '2022-02-04 22:27:21', '13d74b9d52b8', '09b019b76b75', '1a0f84e322c8', 'multiselect'),
	('9c8298640dc5', '1', 1, NULL, '2022-02-04 22:27:21', '2022-02-04 22:27:21', '13d74b9d52b8', '09b019b76b75', '3ef17bd1df72', 'materialnode'),
	('ac207e1f00cb', '1', 0, NULL, '2022-02-04 22:27:21', '2022-02-04 22:27:21', '13d74b9d52b8', '09b019b76b75', 'cfccaecd4bad', 'storyboard'),
	('13d74b9d52b8', NULL, 0, NULL, '2022-02-04 22:27:21', '2022-02-04 22:27:21', '13d74b9d52b8', NULL, 'f17470519474', 'columnlayout'),
	('09b019b76b75', '1', 0, NULL, '2022-02-04 22:27:21', '2022-02-04 22:27:21', '13d74b9d52b8', '13d74b9d52b8', 'f17470519474', 'columnlayout'),
	('862273087c64', NULL, 0, NULL, '2022-02-04 22:27:43', '2022-02-04 22:27:43', '862273087c64', NULL, 'f17470519474', 'columnlayout'),
	('477ab452908b', '1', 1, NULL, '2022-02-04 22:27:57', '2022-02-04 22:27:57', '193c3491fa23', '604b01a8ece1', '3ef17bd1df72', 'materialnode'),
	('dbed0f43dd70', '2', 1, NULL, '2022-02-04 22:27:57', '2022-02-04 22:27:57', '193c3491fa23', '604b01a8ece1', '44dcc7493c65', 'singletext'),
	('344a2b71b081', '2', 0, NULL, '2022-02-04 22:27:57', '2022-02-04 22:27:57', '193c3491fa23', '604b01a8ece1', '318e064ea0c9', 'singletext'),
	('d01cfe99e760', '2', 2, NULL, '2022-02-04 22:27:57', '2022-02-04 22:27:57', '193c3491fa23', '604b01a8ece1', '4f0c657fecef', 'singletext'),
	('8fc6eca9bc8a', '1', 0, NULL, '2022-02-04 22:27:57', '2022-02-04 22:27:57', '193c3491fa23', '604b01a8ece1', 'cfccaecd4bad', 'storyboard'),
	('193c3491fa23', NULL, 0, NULL, '2022-02-04 22:27:57', '2022-02-04 22:27:57', '193c3491fa23', NULL, 'f17470519474', 'columnlayout'),
	('604b01a8ece1', '1', 0, NULL, '2022-02-04 22:27:57', '2022-02-04 22:27:57', '193c3491fa23', '193c3491fa23', 'f17470519474', 'columnlayout'),
	('aed759625d01', '1', 1, NULL, '2022-02-04 22:28:12', '2022-02-04 22:28:12', '980885505aad', '82b8c7554597', '3ef17bd1df72', 'materialnode'),
	('799121cc9c4b', '1', 0, NULL, '2022-02-04 22:28:12', '2022-02-04 22:28:12', '980885505aad', '82b8c7554597', 'cfccaecd4bad', 'storyboard'),
	('2b12a73ce7b9', '2', 0, NULL, '2022-02-04 22:28:12', '2022-02-04 22:28:12', '980885505aad', '82b8c7554597', '318e064ea0c9', 'singletext'),
	('6adc7e08d593', '2', 2, NULL, '2022-02-04 22:28:12', '2022-02-04 22:28:12', '980885505aad', '82b8c7554597', '4f0c657fecef', 'singletext'),
	('980885505aad', '', 0, 'est', '2022-02-04 22:28:12', '2022-02-04 22:28:12', '980885505aad', NULL, 'f17470519474', 'columnlayout'),
	('fb7c4182a43f', '2', 2, 'Ziele', '2022-02-04 22:22:38', '2022-02-04 22:58:43', '2b3f79233387', '8d3112f28a34', '4f0c657fecef', 'singletext'),
	('21bca97eadd7', '2', 1, NULL, '2022-02-04 22:22:38', '2022-02-04 22:59:16', '2b3f79233387', '8d3112f28a34', '44dcc7493c65', 'singletext'),
	('47b94d9ba46b', '2', 0, NULL, '2022-02-04 22:22:56', '2022-02-04 23:01:09', '475f7b34581a', '0c57930a0e67', '318e064ea0c9', 'singletext'),
	('49d09f48b287', '2', 1, NULL, '2022-02-04 22:22:56', '2022-02-04 23:01:15', '475f7b34581a', '0c57930a0e67', '44dcc7493c65', 'singletext'),
	('d5114af3e81e', '2', 1, NULL, '2022-02-04 22:24:36', '2022-02-04 23:03:57', 'e460f03e79b4', 'e69cb9c4d43c', '44dcc7493c65', 'singletext'),
	('7c03a78afcce', '2', 1, NULL, '2022-02-04 22:28:12', '2022-02-04 22:28:12', '980885505aad', '82b8c7554597', '44dcc7493c65', 'singletext'),
	('82b8c7554597', '1', 0, NULL, '2022-02-04 22:28:12', '2022-02-04 22:28:12', '980885505aad', '980885505aad', 'f17470519474', 'columnlayout'),
	('697312a460a8', NULL, 0, NULL, '2022-02-04 23:10:41', '2022-02-04 23:10:41', '697312a460a8', NULL, 'f17470519474', 'columnlayout'),
	('9b0e779f3238', NULL, 0, NULL, '2022-02-04 23:11:03', '2022-02-04 23:11:03', '9b0e779f3238', NULL, 'f17470519474', 'columnlayout'),
	('3790643b388a', '1', 0, NULL, '2022-02-04 23:11:39', '2022-02-04 23:11:45', '9b0e779f3238', '9b0e779f3238', 'f17470519474', 'columnlayout'),
	('3eaff9779e2b', '2', 0, NULL, '2022-02-04 23:11:49', '2022-02-04 23:11:49', '9b0e779f3238', '3790643b388a', '318e064ea0c9', 'singletext'),
	('e6a88d775b88', '2', 2, NULL, '2022-02-04 23:11:54', '2022-02-04 23:11:54', '9b0e779f3238', '3790643b388a', '4f0c657fecef', 'singletext'),
	('c110b87081cc', '2', 1, NULL, '2022-02-04 23:12:02', '2022-02-04 23:12:05', '9b0e779f3238', '3790643b388a', '44dcc7493c65', 'singletext'),
	('0a86ef1c4503', '1', 0, NULL, '2022-02-04 23:12:11', '2022-02-04 23:12:11', '9b0e779f3238', '3790643b388a', 'cfccaecd4bad', 'storyboard'),
	('a78e316e2a51', '1', 1, NULL, '2022-02-04 23:12:25', '2022-02-04 23:12:25', '9b0e779f3238', '3790643b388a', '3ef17bd1df72', 'materialnode');



INSERT INTO public.abstract_content_node_owner (id, createtime, updatetime, rootcontentnodeid, entitytype) VALUES
	('cf2586caa87c', '2022-01-23 16:19:10', '2022-01-23 16:19:10', '0b8894aba174', 'category'),
	('7be390586b33', '2022-01-23 16:19:10', '2022-01-23 16:19:10', 'cb499c5495f0', 'activity'),
	('c13b91f0e465', '2022-01-23 16:19:10', '2022-01-23 16:19:10', '63ad36c59b9e', 'activity'),
	('d3cfa12d19f2', '2022-01-23 16:19:10', '2022-01-23 16:19:10', 'c9ebda9090f5', 'activity'),
	('ce9edfa3a000', '2022-01-23 16:19:10', '2022-02-04 19:07:19', '869c7bbcf042', 'category'),
	('546f8f6116b3', '2022-01-23 16:19:10', '2022-02-04 19:08:41', '75a94bbedf29', 'category'),
	('28a5d64af21e', '2022-02-04 19:09:33', '2022-02-04 19:09:33', '0c43453c67aa', 'category'),
	('7c3f65b38832', '2022-02-04 19:09:58', '2022-02-04 19:09:58', 'c686b7b2bf2e', 'category'),
	('330a052f5d2d', '2022-02-04 19:10:35', '2022-02-04 19:10:35', '3653b3134fc5', 'category'),
	('a08b26f637fd', '2022-02-04 19:34:53', '2022-02-04 19:34:53', '9718e0c98748', 'activity'),
	('a6bd9f6c86fb', '2022-02-04 19:36:21', '2022-02-04 19:36:35', 'a71f929dd156', 'activity'),
	('b9690aa9d0d1', '2022-02-04 19:35:38', '2022-02-04 19:36:52', 'a2505e2c8aca', 'activity'),
	('cce5fa2a015e', '2022-02-04 19:37:23', '2022-02-04 19:37:23', 'd62d16c6afb6', 'activity'),
	('dc3324f7a88b', '2022-02-04 19:37:44', '2022-02-04 19:37:44', '8d7faccc13ce', 'activity'),
	('27e9acadda02', '2022-02-04 19:38:15', '2022-02-04 19:38:15', 'c7a28bcfd35f', 'activity'),
	('cf90c77076cd', '2022-02-04 19:39:09', '2022-02-04 19:39:09', '83b61af97910', 'activity'),
	('12c2ae3694cd', '2022-02-04 19:39:53', '2022-02-04 19:39:53', '02823e618716', 'activity'),
	('6ce55d8ce277', '2022-02-04 19:41:39', '2022-02-04 19:41:39', 'cd89a68084ff', 'activity'),
	('1f6fe9849b0f', '2022-02-04 19:42:13', '2022-02-04 19:42:13', 'c8e4a0be93af', 'activity'),
	('8f1126e31ddb', '2022-01-23 16:19:10', '2022-02-04 19:42:48', '645000130f8c', 'activity'),
	('a64086cadc96', '2022-02-04 19:43:24', '2022-02-04 19:43:24', 'af6d3bd31bfb', 'activity'),
	('e8ec39cfdc53', '2022-02-04 19:44:35', '2022-02-04 19:44:35', 'd3b0c2d25c72', 'activity'),
	('8692e4ae6c37', '2022-02-04 19:45:19', '2022-02-04 19:45:19', '69a1c2680b2b', 'activity'),
	('05a34df11f79', '2022-02-04 19:46:20', '2022-02-04 19:46:20', '25aa0c832b70', 'activity'),
	('3f74dc9975a2', '2022-02-04 19:47:02', '2022-02-04 19:47:02', '303e8d9d2e2e', 'activity'),
	('cbcc7c441c8a', '2022-02-04 19:47:50', '2022-02-04 19:47:50', '160930523ce2', 'activity'),
	('3fd88d20fe9b', '2022-02-04 19:48:14', '2022-02-04 19:48:14', '678166f5bd6c', 'activity'),
	('5809bfd12a91', '2022-02-04 19:48:40', '2022-02-04 19:48:40', '3d211da36cc6', 'activity'),
	('8e36ab75bcf3', '2022-02-04 19:49:02', '2022-02-04 19:49:02', '656295313d5c', 'activity'),
	('dee39a1a4170', '2022-02-04 19:49:34', '2022-02-04 19:49:34', '5bdd84d2ab79', 'activity'),
	('082242275a00', '2022-02-04 19:50:07', '2022-02-04 19:50:07', 'a29cff2d1d03', 'activity'),
	('e8991fd53177', '2022-02-04 19:50:53', '2022-02-04 19:50:53', '3edf02e5fd3d', 'activity'),
	('2e8a48ca589b', '2022-02-04 19:51:36', '2022-02-04 19:51:36', '6127f9640b45', 'activity'),
	('4a1f81738c99', '2022-02-04 19:51:56', '2022-02-04 19:51:56', 'e2ba5d9578b7', 'activity'),
	('fd44afa1f37e', '2022-02-04 19:52:33', '2022-02-04 19:52:33', 'ca9582689c1e', 'activity'),
	('7341faac0de7', '2022-02-04 19:52:59', '2022-02-04 19:52:59', '50172d027864', 'activity'),
	('556b2538e09a', '2022-02-04 19:53:09', '2022-02-04 19:53:09', '78904734f1c0', 'activity'),
	('c1640d40a76f', '2022-02-04 19:53:15', '2022-02-04 19:53:15', '11d4984c77c6', 'activity'),
	('fbc7e0c7eb37', '2022-02-04 19:34:29', '2022-02-04 21:12:53', 'ff2ed0cab03e', 'activity'),
	('4ae5c4626953', '2022-02-04 19:40:24', '2022-02-04 21:23:27', 'c6eb39db9f9c', 'activity'),
	('a668e4f6deb0', '2022-02-04 19:46:02', '2022-02-04 21:30:22', '32e70cad4ec9', 'activity'),
	('84b0ebdf5dc0', '2022-02-04 21:41:51', '2022-02-04 21:41:51', '8fa1c8e597c3', 'category'),
	('dbc3fbcc684c', '2022-01-23 16:19:10', '2022-02-04 21:43:57', 'fb21b1c912fd', 'category'),
	('a47a60594096', '2022-02-04 21:59:10', '2022-02-04 21:59:10', '51d2e8dd6747', 'category'),
	('9af703a10a9c', '2022-02-04 21:59:10', '2022-02-04 21:59:10', 'd0d0bef87638', 'category'),
	('6adced5270de', '2022-02-04 22:02:07', '2022-02-04 22:02:07', '73eb8501c9b3', 'category'),
	('7f33c504d878', '2022-02-04 22:06:20', '2022-02-04 22:06:20', '985356416a4b', 'activity'),
	('d63efb5e5671', '2022-02-04 22:10:06', '2022-02-04 22:10:06', '37616c74811f', 'activity'),
	('0af9f5378baf', '2022-02-04 22:10:52', '2022-02-04 22:10:52', '78c9196140b7', 'activity'),
	('e2513752077e', '2022-02-04 22:11:12', '2022-02-04 22:11:12', 'c2eae59077c5', 'activity'),
	('3ff87a61bc3d', '2022-02-04 22:15:20', '2022-02-04 22:15:20', '8ea4175fd5f0', 'activity'),
	('3944911efcf7', '2022-02-04 22:16:56', '2022-02-04 22:16:56', '69fa08a77f38', 'activity'),
	('9e80c5b5f542', '2022-02-04 22:17:30', '2022-02-04 22:17:30', '5015df0b6259', 'activity'),
	('68eea44d535f', '2022-02-04 22:18:02', '2022-02-04 22:18:02', 'aff5fa86266e', 'activity'),
	('0d2e8cce34d3', '2022-02-04 22:18:46', '2022-02-04 22:18:46', '3a9614e39661', 'activity'),
	('3bcd08318a93', '2022-02-04 22:19:53', '2022-02-04 22:19:53', '8e15971caab8', 'activity'),
	('31e2853a122d', '2022-02-04 22:20:19', '2022-02-04 22:20:19', 'f9ba3a735450', 'activity'),
	('e04002fab127', '2022-02-04 22:21:03', '2022-02-04 22:21:03', '280031715953', 'activity'),
	('2a99033ce9c3', '2022-02-04 22:21:35', '2022-02-04 22:21:35', 'd4fe28437432', 'activity'),
	('9918af9af418', '2022-02-04 22:21:58', '2022-02-04 22:21:58', 'b46ab3cde287', 'activity'),
	('dc7d63607b36', '2022-02-04 22:22:15', '2022-02-04 22:22:15', '7792c9c855ce', 'activity'),
	('7b4dfe7501f9', '2022-02-04 22:22:38', '2022-02-04 22:22:38', '2b3f79233387', 'activity'),
	('a8b02940529b', '2022-02-04 22:22:56', '2022-02-04 22:22:56', '475f7b34581a', 'activity'),
	('c0ca9948b03c', '2022-02-04 22:23:30', '2022-02-04 22:23:30', '3ddaa17f2649', 'activity'),
	('b790b08a6b47', '2022-02-04 22:24:04', '2022-02-04 22:24:04', 'd81a9dae4316', 'activity'),
	('1c6f1a4ce113', '2022-02-04 22:24:36', '2022-02-04 22:24:36', 'e460f03e79b4', 'activity'),
	('a2caed7409a2', '2022-02-04 22:27:21', '2022-02-04 22:27:21', '13d74b9d52b8', 'activity'),
	('414a0df65593', '2022-02-04 22:27:43', '2022-02-04 22:27:43', '862273087c64', 'activity'),
	('4e63364bba02', '2022-02-04 22:27:57', '2022-02-04 22:27:57', '193c3491fa23', 'activity'),
	('743ca0d2f37d', '2022-02-04 22:28:12', '2022-02-04 22:28:12', '980885505aad', 'activity'),
	('505e3fdf9e90', '2022-02-04 22:01:09', '2022-02-04 22:37:23', 'f9c28b8f6f31', 'category'),
	('9b3a5138cbcf', '2022-02-04 23:10:41', '2022-02-04 23:10:41', '697312a460a8', 'category'),
	('c8a56ebb4d2a', '2022-02-04 23:11:03', '2022-02-04 23:11:34', '9b0e779f3238', 'category');



INSERT INTO public.profile (id, email, username, firstname, surname, nickname, language, roles, createtime, updatetime) VALUES
	('5e387cad273d', 'test@example.com', 'test-user', 'Robert', 'Baden-Powell', 'Bi-Pi', 'en', '["ROLE_USER"]', '2022-01-23 16:19:10', '2022-01-23 16:19:10'),
	('e5433660140b', 'joan.doyle@lynch.net', 'unrelated-user', 'Wanda', 'Koelpin', 'sit', 'en', '["ROLE_USER"]', '2022-01-23 16:19:10', '2022-01-23 16:19:10'),
	('711ad2e96f9f', 'admin@example.com', 'admin', 'Admi', 'Nistrator', 'Administrator', 'de', '["ROLE_USER"]', '2022-01-23 16:19:10', '2022-01-23 16:19:10'),
	('d36197370d44', 'evonrueden@hotmail.com', 'fresh-user', 'Clifford', 'Beier', 'sed', 'en', '["ROLE_USER"]', '2022-01-23 16:19:10', '2022-01-23 16:19:10'),
	('f9f1a2f9af25', 'reichel.zetta@hotmail.com', 'member-user', 'Zora', 'Steuber', 'Baghira', 'en', '["ROLE_USER"]', '2022-01-23 16:19:10', '2022-02-04 19:18:01'),
	('0870635edda6', 'lane65@yahoo.com', 'guest-user', 'Tremaine', 'Kohler', 'Idefix', 'en', '["ROLE_USER"]', '2022-01-23 16:19:10', '2022-02-04 19:18:43'),
	('22dce794d4e2', 'ivy.mann@hotmail.com', 'inactive-user', 'Pat', 'Fadel', 'Snoopy', 'en', '["ROLE_USER"]', '2022-01-23 16:19:10', '2022-02-04 19:19:40'),
	('4cda72af2704', 'rdooley@gmail.com', 'user6invited', 'Karlie', 'Terry', 'ET', 'en', '["ROLE_USER"]', '2022-01-23 16:19:10', '2022-02-04 19:21:43'),
	('7d03c967be7e', 'hans.muster@example2.com', 'castor', 'Hans', 'Muster', 'Castor', 'de', '["ROLE_USER"]', '2022-02-04 19:25:07', '2022-02-04 23:07:57'),
	('d46337a76a2c', 'fritz.mueller@example.com', 'salamander', 'Fritz', 'Mller', 'Salamander', 'de', '["ROLE_USER"]', '2022-02-04 19:26:22', '2022-02-04 23:08:12');



INSERT INTO public."user" (id, state, activationkeyhash, password, createtime, updatetime, profileid) VALUES
	('e7b00084dabf', 'activated', NULL, '$argon2id$v=19$m=65536,t=4,p=1$/RC8YWMDDXR19wB4or6bBA$Kq5haK2SACQgo4CB7eDUibsD3QXCE32w25ZwhKg1SGw', '2022-01-23 16:19:10', '2022-01-23 16:19:10', 'e5433660140b'),
	('be69ef467190', 'activated', NULL, '$argon2id$v=19$m=65536,t=4,p=1$/RC8YWMDDXR19wB4or6bBA$Kq5haK2SACQgo4CB7eDUibsD3QXCE32w25ZwhKg1SGw', '2022-01-23 16:19:10', '2022-01-23 16:19:10', 'd36197370d44'),
	('bae69a1c9fcc', 'activated', NULL, '$argon2id$v=19$m=65536,t=4,p=1$/RC8YWMDDXR19wB4or6bBA$Kq5haK2SACQgo4CB7eDUibsD3QXCE32w25ZwhKg1SGw', '2022-01-23 16:19:10', '2022-02-04 19:17:40', 'f9f1a2f9af25'),
	('130684395770', 'activated', NULL, '$argon2id$v=19$m=65536,t=4,p=1$/RC8YWMDDXR19wB4or6bBA$Kq5haK2SACQgo4CB7eDUibsD3QXCE32w25ZwhKg1SGw', '2022-01-23 16:19:10', '2022-02-04 19:19:22', '22dce794d4e2'),
	('e89f74da0089', 'activated', NULL, '$argon2id$v=19$m=65536,t=4,p=1$/RC8YWMDDXR19wB4or6bBA$Kq5haK2SACQgo4CB7eDUibsD3QXCE32w25ZwhKg1SGw', '2022-01-23 16:19:10', '2022-02-04 19:21:35', '4cda72af2704'),
	('9145944210a7', 'activated', NULL, '$argon2id$v=19$m=65536,t=4,p=1$/RC8YWMDDXR19wB4or6bBA$Kq5haK2SACQgo4CB7eDUibsD3QXCE32w25ZwhKg1SGw', '2022-01-23 16:19:10', '2022-02-04 19:00:00', '5e387cad273d'),
	('3b41dca5c568', 'activated', NULL, '$argon2id$v=19$m=65536,t=4,p=1$/RC8YWMDDXR19wB4or6bBA$Kq5haK2SACQgo4CB7eDUibsD3QXCE32w25ZwhKg1SGw', '2022-01-23 16:19:10', '2022-02-04 21:39:57', '711ad2e96f9f'),
	('bee7cf5b3871', 'registered', '6e3137243c989bbad0d8dc466764fd14', '$argon2id$v=19$m=65536,t=4,p=1$/RC8YWMDDXR19wB4or6bBA$Kq5haK2SACQgo4CB7eDUibsD3QXCE32w25ZwhKg1SGw', '2022-02-04 19:26:22', '2022-02-04 19:26:22', 'd46337a76a2c'),
	('48f00685a292', 'activated', NULL, '$argon2id$v=19$m=65536,t=4,p=1$/RC8YWMDDXR19wB4or6bBA$Kq5haK2SACQgo4CB7eDUibsD3QXCE32w25ZwhKg1SGw', '2022-01-23 16:19:10', '2022-02-04 19:18:21', '0870635edda6'),
	('caeba9f7e728', 'registered', 'c2729478da044b9159e5efdd206d7f82', '$argon2id$v=19$m=65536,t=4,p=1$/RC8YWMDDXR19wB4or6bBA$Kq5haK2SACQgo4CB7eDUibsD3QXCE32w25ZwhKg1SGw', '2022-02-04 19:25:07', '2022-02-04 23:15:39', '7d03c967be7e');



INSERT INTO public.camp (id, campprototypeid, isprototype, name, title, motto, addressname, addressstreet, addresszipcode, addresscity, createtime, updatetime, creatorid, ownerid) VALUES
	('6430aecc5422', NULL, false, 'CampUnrelated', 'vero', 'Officia id corporis incidunt saepe provident esse hic eligendi.', 'quos', '57654 Ondricka Trace Suite 792
Port Asiaton, MN 44798-0182', '10529', 'New Kaylinfort', '2022-01-23 16:19:10', '2022-01-23 16:19:10', '3b41dca5c568', '3b41dca5c568'),
	('05ce4b9836e9', NULL, false, 'Sola 2023', 'Harry Potter Lager', 'Harry Potter', 'Oskar Hugentobler', 'Rainweg 23', '1999', 'Les Bois', '2022-01-23 16:19:10', '2022-02-04 19:01:39', 'bae69a1c9fcc', '9145944210a7'),
	('e5027d852487', NULL, true, 'J+S', 'J+S', '', '', '', '', '', '2022-01-23 16:19:10', '2022-02-04 21:45:19', '3b41dca5c568', '3b41dca5c568'),
	('c4cca3a51342', 'e5027d852487', false, 'Pfila 2023', 'GRGR', 'Grandiose RealityTV Show', NULL, NULL, NULL, NULL, '2022-02-04 21:59:10', '2022-02-04 21:59:10', '9145944210a7', '9145944210a7');



INSERT INTO public.category (id, categoryprototypeid, short, name, color, numberingstyle, campid) VALUES
	('cf2586caa87c', NULL, 'LS', 'Lagersport', '#4CAF50', '1', '6430aecc5422'),
	('dbc3fbcc684c', NULL, 'LS', 'Lagersport', '#4CAF50', '1', 'e5027d852487'),
	('ce9edfa3a000', NULL, 'LA', 'Lageraktivitt', '#FF9800', 'A', '05ce4b9836e9'),
	('546f8f6116b3', NULL, 'LP', 'Lagerprogramm', '#2879CA', '1', '05ce4b9836e9'),
	('28a5d64af21e', NULL, 'VL', 'Voil', '#DA00FF', '1', '05ce4b9836e9'),
	('7c3f65b38832', NULL, 'ES', 'Essen', '#bbbbbb', '1', '05ce4b9836e9'),
	('330a052f5d2d', NULL, 'LS', 'Lagersport', '#4CAF50', '1', '05ce4b9836e9'),
	('84b0ebdf5dc0', NULL, 'LA', 'Lageraktivitt', '#FF9800', 'A', 'e5027d852487'),
	('a47a60594096', '84b0ebdf5dc0', 'LA', 'Lageraktivitt', '#FF9800', 'A', 'c4cca3a51342'),
	('9af703a10a9c', 'dbc3fbcc684c', 'LS', 'Lagersport', '#4CAF50', '1', 'c4cca3a51342'),
	('6adced5270de', NULL, 'ES', 'Essen', '#bbbbbb', '1', 'c4cca3a51342'),
	('505e3fdf9e90', NULL, 'LP', 'Lagerprogramm', '#90B7E4', '1', 'c4cca3a51342'),
	('9b3a5138cbcf', NULL, 'ES', 'Essen', '#bbbbbb', '1', 'e5027d852487'),
	('c8a56ebb4d2a', NULL, 'LP', 'Lagerprogramm', '#9EC5F1', '1', 'e5027d852487');



INSERT INTO public.activity (id, title, location, campid, categoryid) VALUES
	('7be390586b33', 'Activity 2', 'Ducimus aperiam nesciunt est quia.', '05ce4b9836e9', '546f8f6116b3'),
	('c13b91f0e465', 'nisi', 'Quidem ut sunt et quidem est accusamus aut nemo.', '6430aecc5422', 'cf2586caa87c'),
	('d3cfa12d19f2', 'iure', 'Cum culpa rem aut rerum.', 'e5027d852487', 'dbc3fbcc684c'),
	('a08b26f637fd', 'Zmittag', '', '05ce4b9836e9', '7c3f65b38832'),
	('a6bd9f6c86fb', 'Aufbau', 'Lagerplatz', '05ce4b9836e9', '546f8f6116b3'),
	('b9690aa9d0d1', 'mtli und Siesta', 'Lagerplatz', '05ce4b9836e9', '546f8f6116b3'),
	('cce5fa2a015e', 'Einfhrung RF', 'Wiese', '05ce4b9836e9', '546f8f6116b3'),
	('dc3324f7a88b', 'Znacht & mtli', '', '05ce4b9836e9', '7c3f65b38832'),
	('27e9acadda02', 'Sportblock', 'Lagerplatz', '05ce4b9836e9', '330a052f5d2d'),
	('cf90c77076cd', 'Erklrung Lagergame', 'Aufenthaltszelt', '05ce4b9836e9', '546f8f6116b3'),
	('12c2ae3694cd', 'Regeln abmachen mit G&V Lauf', 'Lagerplatz', '05ce4b9836e9', 'ce9edfa3a000'),
	('6ce55d8ce277', 'Morgefit', 'Spielwiese', '05ce4b9836e9', '330a052f5d2d'),
	('1f6fe9849b0f', 'Zmorge & mtli', '', '05ce4b9836e9', '7c3f65b38832'),
	('8f1126e31ddb', 'Spez-Exer', 'Lagerplatz', '05ce4b9836e9', 'ce9edfa3a000'),
	('a64086cadc96', 'Quidditch', 'Lagerplatz', '05ce4b9836e9', '330a052f5d2d'),
	('e8ec39cfdc53', 'Zmittag', 'Aufenthaltszelt', '05ce4b9836e9', '7c3f65b38832'),
	('8692e4ae6c37', 'Sportblock', 'grosse Wiese', '05ce4b9836e9', '28a5d64af21e'),
	('05a34df11f79', 'Aufbau', 'Lagerplatz', '05ce4b9836e9', 'ce9edfa3a000'),
	('3f74dc9975a2', 'Ateliers', 'Lagerplatz', '05ce4b9836e9', '546f8f6116b3'),
	('cbcc7c441c8a', 'Pfa-Tech Postenlauf Aufbau', 'Lagerplatz', '05ce4b9836e9', 'ce9edfa3a000'),
	('3fd88d20fe9b', 'Znacht & mtli', '', '05ce4b9836e9', '7c3f65b38832'),
	('5809bfd12a91', 'Horkrux', '', '05ce4b9836e9', '330a052f5d2d'),
	('8e36ab75bcf3', 'Herzblatt', 'Lagerplatz', '05ce4b9836e9', '546f8f6116b3'),
	('dee39a1a4170', 'Silent Disco', 'Lichtung', '05ce4b9836e9', '546f8f6116b3'),
	('082242275a00', 'Silent Disco', '', '05ce4b9836e9', '330a052f5d2d'),
	('e8991fd53177', 'Blutiger Baron', 'Lagerfeuer', '05ce4b9836e9', '28a5d64af21e'),
	('2e8a48ca589b', 'Seilbahn bauen', 'Wald', '05ce4b9836e9', '546f8f6116b3'),
	('4a1f81738c99', 'SpoBlo', '', '05ce4b9836e9', '330a052f5d2d'),
	('fd44afa1f37e', 'Silent Disco', 'Lichtung', '05ce4b9836e9', '330a052f5d2d'),
	('7341faac0de7', 'Test', 'Aufenthaltszelt', '05ce4b9836e9', '546f8f6116b3'),
	('fbc7e0c7eb37', 'Beginn & Anreise', 'Heim - Lagerplatz', '05ce4b9836e9', '330a052f5d2d'),
	('4ae5c4626953', 'TABS & Nachtruhe', 'Lagerplatz', '05ce4b9836e9', '546f8f6116b3'),
	('a668e4f6deb0', 'mtli und Siesta', 'Lagerplatz', '05ce4b9836e9', '546f8f6116b3'),
	('7f33c504d878', 'Stadt Game', 'Oerlikon', 'c4cca3a51342', '9af703a10a9c'),
	('0af9f5378baf', 'Anreise', '', 'c4cca3a51342', '505e3fdf9e90'),
	('e2513752077e', 'Lagerbau', '', 'c4cca3a51342', 'a47a60594096'),
	('3ff87a61bc3d', 'Essen', '', 'c4cca3a51342', '6adced5270de'),
	('3944911efcf7', 'Takeoff', '', 'c4cca3a51342', '505e3fdf9e90'),
	('9e80c5b5f542', 'Flugzeugabsturz', '', 'c4cca3a51342', '505e3fdf9e90'),
	('68eea44d535f', 'Morgenturnen', '', 'c4cca3a51342', '9af703a10a9c'),
	('0d2e8cce34d3', 'Lagerbau', '', 'c4cca3a51342', '505e3fdf9e90'),
	('3bcd08318a93', 'Insel erkunden', '', 'c4cca3a51342', '9af703a10a9c'),
	('31e2853a122d', 'Angriff der Aborigines', '', 'c4cca3a51342', '9af703a10a9c'),
	('e04002fab127', 'Pfadiversprechen', '', 'c4cca3a51342', '505e3fdf9e90'),
	('2a99033ce9c3', 'Essen zurckerobern', '', 'c4cca3a51342', '505e3fdf9e90'),
	('9918af9af418', 'Morgenturnern', '', 'c4cca3a51342', '9af703a10a9c'),
	('dc7d63607b36', 'Atelier', '', 'c4cca3a51342', '505e3fdf9e90'),
	('7b4dfe7501f9', 'Pfadiversprechen', '', 'c4cca3a51342', 'a47a60594096'),
	('a8b02940529b', 'Abschluss gelndegame', '', 'c4cca3a51342', '9af703a10a9c'),
	('c0ca9948b03c', 'Vorbereitung BiPi Feuer', '', 'c4cca3a51342', '505e3fdf9e90'),
	('b790b08a6b47', 'Bi-Pi Feuer', '', 'c4cca3a51342', '505e3fdf9e90'),
	('1c6f1a4ce113', 'Morgenturnen', '', 'c4cca3a51342', '9af703a10a9c'),
	('a2caed7409a2', 'Lagerabbau', '', 'c4cca3a51342', 'a47a60594096'),
	('414a0df65593', 'Essen', '', 'c4cca3a51342', '6adced5270de'),
	('4e63364bba02', 'Heimreise', '', 'c4cca3a51342', '505e3fdf9e90');



INSERT INTO public.camp_collaboration (id, inviteemail, invitekey, status, role, collaborationacceptedby, createtime, updatetime, userid, campid) VALUES
	('f08468783b7a', NULL, NULL, 'established', 'manager', NULL, '2022-01-23 16:19:10', '2022-01-23 16:19:10', '9145944210a7', '05ce4b9836e9'),
	('b2ef8a3b319f', NULL, NULL, 'established', 'member', NULL, '2022-01-23 16:19:10', '2022-01-23 16:19:10', 'bae69a1c9fcc', '05ce4b9836e9'),
	('490f4b599034', NULL, NULL, 'established', 'guest', NULL, '2022-01-23 16:19:10', '2022-01-23 16:19:10', '48f00685a292', '05ce4b9836e9'),
	('83f4171a5c12', 'e.mail@test.com', 'myInviteKey', 'invited', 'member', NULL, '2022-01-23 16:19:10', '2022-01-23 16:19:10', NULL, '05ce4b9836e9'),
	('c43d5c10b01d', NULL, NULL, 'inactive', 'manager', NULL, '2022-01-23 16:19:10', '2022-01-23 16:19:10', '130684395770', '05ce4b9836e9'),
	('237abf0bd057', 'e.mail2@test.com', 'myInviteKey2', 'invited', 'member', NULL, '2022-01-23 16:19:10', '2022-01-23 16:19:10', NULL, '6430aecc5422'),
	('0e524d43e799', NULL, NULL, 'established', 'manager', NULL, '2022-01-23 16:19:10', '2022-01-23 16:19:10', 'e7b00084dabf', '6430aecc5422'),
	('2c313fa367b3', NULL, NULL, 'established', 'manager', NULL, '2022-01-23 16:19:10', '2022-01-23 16:19:10', '3b41dca5c568', 'e5027d852487'),
	('b7c896a8bce0', NULL, '70f9c7bf3df20c42b1c9497f3ac7c27ff07e009a7c4a3121d6ea8fe161a6e336', 'invited', 'manager', NULL, '2022-02-04 19:27:45', '2022-02-04 19:27:45', 'bee7cf5b3871', '05ce4b9836e9'),
	('1fc9c8f42991', NULL, '6c4d8b8232ba8002414df23dfc364fe55884012eaff9f0a6a86e4a1b058d9e15', 'invited', 'member', NULL, '2022-02-04 19:28:43', '2022-02-04 19:28:43', 'caeba9f7e728', '05ce4b9836e9'),
	('c7b5dd15649f', NULL, NULL, 'established', 'manager', NULL, '2022-02-04 21:59:10', '2022-02-04 21:59:10', '9145944210a7', 'c4cca3a51342'),
	('73558f9c6483', 'e.mail@test.com', '42e0b2299f06ea2bf3cebd3876b15367bacff09ff5572f02cdd05b33fe112a95', 'invited', 'member', NULL, '2022-02-04 22:04:42', '2022-02-04 22:04:42', NULL, 'c4cca3a51342'),
	('fe6557a4b89f', NULL, NULL, 'established', 'manager', NULL, '2022-02-04 22:05:24', '2022-02-04 22:05:24', 'caeba9f7e728', 'c4cca3a51342'),
	('58dc1b96dcce', NULL, NULL, 'established', 'member', NULL, '2022-02-04 22:05:02', '2022-02-04 22:05:02', 'bee7cf5b3871', 'c4cca3a51342');



INSERT INTO public.activity_responsible (id, createtime, updatetime, activityid, campcollaborationid) VALUES
	('b4b496570cd5', '2022-01-23 16:19:10', '2022-01-23 16:19:10', '8f1126e31ddb', 'f08468783b7a'),
	('02527639ad4e', '2022-01-23 16:19:10', '2022-01-23 16:19:10', '7be390586b33', 'b2ef8a3b319f'),
	('c2e84a852a64', '2022-01-23 16:19:10', '2022-01-23 16:19:10', 'c13b91f0e465', '0e524d43e799'),
	('4df913eee4de', '2022-01-23 16:19:10', '2022-01-23 16:19:10', 'd3cfa12d19f2', '2c313fa367b3');



INSERT INTO public.category_contenttype (category_id, contenttype_id) VALUES
	('ce9edfa3a000', '44dcc7493c65'),
	('ce9edfa3a000', '318e064ea0c9'),
	('ce9edfa3a000', '4f0c657fecef'),
	('ce9edfa3a000', 'f17470519474'),
	('ce9edfa3a000', 'cfccaecd4bad'),
	('ce9edfa3a000', '3ef17bd1df72'),
	('ce9edfa3a000', '1a0f84e322c8'),
	('546f8f6116b3', '44dcc7493c65'),
	('546f8f6116b3', '318e064ea0c9'),
	('546f8f6116b3', '4f0c657fecef'),
	('546f8f6116b3', 'f17470519474'),
	('546f8f6116b3', 'cfccaecd4bad'),
	('546f8f6116b3', '3ef17bd1df72'),
	('28a5d64af21e', '318e064ea0c9'),
	('28a5d64af21e', '44dcc7493c65'),
	('28a5d64af21e', '4f0c657fecef'),
	('28a5d64af21e', 'f17470519474'),
	('28a5d64af21e', 'cfccaecd4bad'),
	('28a5d64af21e', '3ef17bd1df72'),
	('330a052f5d2d', '44dcc7493c65'),
	('330a052f5d2d', '318e064ea0c9'),
	('330a052f5d2d', '4f0c657fecef'),
	('330a052f5d2d', 'f17470519474'),
	('330a052f5d2d', 'cfccaecd4bad'),
	('330a052f5d2d', '3ef17bd1df72'),
	('84b0ebdf5dc0', '44dcc7493c65'),
	('84b0ebdf5dc0', '318e064ea0c9'),
	('84b0ebdf5dc0', '4f0c657fecef'),
	('84b0ebdf5dc0', 'f17470519474'),
	('84b0ebdf5dc0', 'cfccaecd4bad'),
	('84b0ebdf5dc0', '3ef17bd1df72'),
	('84b0ebdf5dc0', '1a0f84e322c8'),
	('dbc3fbcc684c', '44dcc7493c65'),
	('dbc3fbcc684c', '318e064ea0c9'),
	('dbc3fbcc684c', '4f0c657fecef'),
	('dbc3fbcc684c', 'f17470519474'),
	('dbc3fbcc684c', 'cfccaecd4bad'),
	('dbc3fbcc684c', '3ef17bd1df72'),
	('a47a60594096', '44dcc7493c65'),
	('a47a60594096', '318e064ea0c9'),
	('a47a60594096', '4f0c657fecef'),
	('a47a60594096', 'f17470519474'),
	('a47a60594096', 'cfccaecd4bad'),
	('a47a60594096', '3ef17bd1df72'),
	('a47a60594096', '1a0f84e322c8'),
	('9af703a10a9c', '44dcc7493c65'),
	('9af703a10a9c', '318e064ea0c9'),
	('9af703a10a9c', '4f0c657fecef'),
	('9af703a10a9c', 'f17470519474'),
	('9af703a10a9c', 'cfccaecd4bad'),
	('9af703a10a9c', '3ef17bd1df72'),
	('505e3fdf9e90', '44dcc7493c65'),
	('505e3fdf9e90', '318e064ea0c9'),
	('505e3fdf9e90', '4f0c657fecef'),
	('505e3fdf9e90', 'f17470519474'),
	('505e3fdf9e90', 'cfccaecd4bad'),
	('505e3fdf9e90', '3ef17bd1df72'),
	('6adced5270de', 'cfccaecd4bad'),
	('6adced5270de', '3ef17bd1df72'),
	('c8a56ebb4d2a', '44dcc7493c65'),
	('c8a56ebb4d2a', '318e064ea0c9'),
	('c8a56ebb4d2a', '4f0c657fecef'),
	('c8a56ebb4d2a', 'f17470519474'),
	('c8a56ebb4d2a', 'cfccaecd4bad'),
	('c8a56ebb4d2a', '3ef17bd1df72');



INSERT INTO public.content_node_columnlayout (id, columns) VALUES
	('869c7bbcf042', '[{"slot":"1","width":12}]'),
	('7956dabc05b1', '[{"slot":"1","width":12}]'),
	('cb499c5495f0', '[{"slot":"1","width":12}]'),
	('75a94bbedf29', '[{"slot":"1","width":12}]'),
	('6c8c74499260', '[{"slot":"1","width":12}]'),
	('63ad36c59b9e', '[{"slot":"1","width":12}]'),
	('0b8894aba174', '[{"slot":"1","width":12}]'),
	('c9ebda9090f5', '[{"slot":"1","width":12}]'),
	('fb21b1c912fd', '[{"slot":"1","width":12}]'),
	('645000130f8c', '[{"slot":"1","width":6},{"slot":"2","width":6}]'),
	('0c43453c67aa', '[{"slot":"1","width":12}]'),
	('c686b7b2bf2e', '[{"slot":"1","width":12}]'),
	('3653b3134fc5', '[{"slot":"1","width":12}]'),
	('60434c561273', '[{"slot":"1","width":9},{"slot":"2","width":3}]'),
	('c8186cf53cba', '[{"slot":"1","width":9},{"slot":"2","width":3}]'),
	('7996f3bd8e17', '[{"slot":"1","width":9},{"slot":"2","width":3}]'),
	('ff2ed0cab03e', '[{"slot":"1","width":12}]'),
	('fec746d4520a', '[{"slot":"1","width":9},{"slot":"2","width":3}]'),
	('9718e0c98748', '[{"slot":"1","width":12}]'),
	('a2505e2c8aca', '[{"slot":"1","width":12}]'),
	('59f56d3c1631', '[{"slot":"1","width":9},{"slot":"2","width":3}]'),
	('a71f929dd156', '[{"slot":"1","width":12}]'),
	('bd796fec1ea0', '[{"slot":"1","width":9},{"slot":"2","width":3}]'),
	('d62d16c6afb6', '[{"slot":"1","width":12}]'),
	('2210bc67a4ce', '[{"slot":"1","width":9},{"slot":"2","width":3}]'),
	('8d7faccc13ce', '[{"slot":"1","width":12}]'),
	('c7a28bcfd35f', '[{"slot":"1","width":12}]'),
	('142195e3898c', '[{"slot":"1","width":9},{"slot":"2","width":3}]'),
	('83b61af97910', '[{"slot":"1","width":12}]'),
	('f6163448c705', '[{"slot":"1","width":9},{"slot":"2","width":3}]'),
	('02823e618716', '[{"slot":"1","width":12}]'),
	('a0b6db7ca60f', '[{"slot":"1","width":12}]'),
	('b570ee7e3999', '[{"slot":"1","width":9},{"slot":"2","width":3}]'),
	('c6eb39db9f9c', '[{"slot":"1","width":12}]'),
	('e5618cc0b5e8', '[{"slot":"1","width":9},{"slot":"2","width":3}]'),
	('cd89a68084ff', '[{"slot":"1","width":12}]'),
	('5f33da2c3f83', '[{"slot":"1","width":9},{"slot":"2","width":3}]'),
	('c8e4a0be93af', '[{"slot":"1","width":12}]'),
	('af6d3bd31bfb', '[{"slot":"1","width":12}]'),
	('9e734d837c16', '[{"slot":"1","width":9},{"slot":"2","width":3}]'),
	('d3b0c2d25c72', '[{"slot":"1","width":12}]'),
	('69a1c2680b2b', '[{"slot":"1","width":12}]'),
	('32e70cad4ec9', '[{"slot":"1","width":12}]'),
	('77fe44df2707', '[{"slot":"1","width":9},{"slot":"2","width":3}]'),
	('25aa0c832b70', '[{"slot":"1","width":12}]'),
	('e9c6cb975605', '[{"slot":"1","width":9},{"slot":"2","width":3}]'),
	('09f45cf4b450', '[{"slot":"1","width":12}]'),
	('303e8d9d2e2e', '[{"slot":"1","width":12}]'),
	('f71ace6060ae', '[{"slot":"1","width":9},{"slot":"2","width":3}]'),
	('160930523ce2', '[{"slot":"1","width":12}]'),
	('4ab7b088344c', '[{"slot":"1","width":12}]'),
	('1f1f866f0cbb', '[{"slot":"1","width":9},{"slot":"2","width":3}]'),
	('678166f5bd6c', '[{"slot":"1","width":12}]'),
	('3d211da36cc6', '[{"slot":"1","width":12}]'),
	('99ec103f21e4', '[{"slot":"1","width":9},{"slot":"2","width":3}]'),
	('656295313d5c', '[{"slot":"1","width":12}]'),
	('81dda09111d5', '[{"slot":"1","width":9},{"slot":"2","width":3}]'),
	('5bdd84d2ab79', '[{"slot":"1","width":12}]'),
	('67be10a1b564', '[{"slot":"1","width":9},{"slot":"2","width":3}]'),
	('a29cff2d1d03', '[{"slot":"1","width":12}]'),
	('af6d5af59785', '[{"slot":"1","width":9},{"slot":"2","width":3}]'),
	('3edf02e5fd3d', '[{"slot":"1","width":12}]'),
	('6127f9640b45', '[{"slot":"1","width":12}]'),
	('2d0de0759cd4', '[{"slot":"1","width":9},{"slot":"2","width":3}]'),
	('e2ba5d9578b7', '[{"slot":"1","width":12}]'),
	('e44cf76f839d', '[{"slot":"1","width":9},{"slot":"2","width":3}]'),
	('ca9582689c1e', '[{"slot":"1","width":12}]'),
	('baeb0218568b', '[{"slot":"1","width":9},{"slot":"2","width":3}]'),
	('50172d027864', '[{"slot":"1","width":12}]'),
	('a7c05f91afbc', '[{"slot":"1","width":9},{"slot":"2","width":3}]'),
	('78904734f1c0', '[{"slot":"1","width":12}]'),
	('6e929eaf43e5', '[{"slot":"1","width":9},{"slot":"2","width":3}]'),
	('11d4984c77c6', '[{"slot":"1","width":12}]'),
	('f8e595ca2a2a', '[{"slot":"1","width":9},{"slot":"2","width":3}]'),
	('a47e986e9179', '[{"slot":"1","width":9},{"slot":"2","width":3}]'),
	('51a9f1de497a', '[{"slot":"1","width":9},{"slot":"2","width":3}]'),
	('8fa1c8e597c3', '[{"slot":"1","width":12}]'),
	('0a23aa100e1b', '[{"slot":"1","width":9},{"slot":"2","width":3}]'),
	('5598534f6d7f', '[{"slot":"1","width":9},{"slot":"2","width":3}]'),
	('51d2e8dd6747', '[{"slot":"1","width":12}]'),
	('48393c2e4cd6', '[{"slot":"1","width":9},{"slot":"2","width":3}]'),
	('d0d0bef87638', '[{"slot":"1","width":12}]'),
	('cdc9597bd2c4', '[{"slot":"1","width":9},{"slot":"2","width":3}]'),
	('f9c28b8f6f31', '[{"slot":"1","width":12}]'),
	('73eb8501c9b3', '[{"slot":"1","width":12}]'),
	('58a49366f78d', '[{"slot":"1","width":9},{"slot":"2","width":3}]'),
	('985356416a4b', '[{"slot":"1","width":12}]'),
	('cd9a869ea01c', '[{"slot":"1","width":9},{"slot":"2","width":3}]'),
	('37616c74811f', '[{"slot":"1","width":12}]'),
	('4d88b71250c5', '[{"slot":"1","width":9},{"slot":"2","width":3}]'),
	('78c9196140b7', '[{"slot":"1","width":12}]'),
	('16c1b1868c60', '[{"slot":"1","width":9},{"slot":"2","width":3}]'),
	('c2eae59077c5', '[{"slot":"1","width":12}]'),
	('667d18a76fe6', '[{"slot":"1","width":9},{"slot":"2","width":3}]'),
	('8ea4175fd5f0', '[{"slot":"1","width":12}]'),
	('69fa08a77f38', '[{"slot":"1","width":12}]'),
	('3ce6b7ec876f', '[{"slot":"1","width":9},{"slot":"2","width":3}]'),
	('5015df0b6259', '[{"slot":"1","width":12}]'),
	('69c2c7eceec2', '[{"slot":"1","width":9},{"slot":"2","width":3}]'),
	('aff5fa86266e', '[{"slot":"1","width":12}]'),
	('fbc47b8cf426', '[{"slot":"1","width":9},{"slot":"2","width":3}]'),
	('3a9614e39661', '[{"slot":"1","width":12}]'),
	('f63fb7a48ada', '[{"slot":"1","width":9},{"slot":"2","width":3}]'),
	('8e15971caab8', '[{"slot":"1","width":12}]'),
	('ed784a290de3', '[{"slot":"1","width":9},{"slot":"2","width":3}]'),
	('f9ba3a735450', '[{"slot":"1","width":12}]'),
	('c20a38fbe5bd', '[{"slot":"1","width":9},{"slot":"2","width":3}]'),
	('280031715953', '[{"slot":"1","width":12}]'),
	('d5cd5fd59e4a', '[{"slot":"1","width":9},{"slot":"2","width":3}]'),
	('d4fe28437432', '[{"slot":"1","width":12}]'),
	('a046328425df', '[{"slot":"1","width":9},{"slot":"2","width":3}]'),
	('b46ab3cde287', '[{"slot":"1","width":12}]'),
	('23b945a9df75', '[{"slot":"1","width":9},{"slot":"2","width":3}]'),
	('7792c9c855ce', '[{"slot":"1","width":12}]'),
	('60dad45d3561', '[{"slot":"1","width":9},{"slot":"2","width":3}]'),
	('2b3f79233387', '[{"slot":"1","width":12}]'),
	('8d3112f28a34', '[{"slot":"1","width":9},{"slot":"2","width":3}]'),
	('475f7b34581a', '[{"slot":"1","width":12}]'),
	('0c57930a0e67', '[{"slot":"1","width":9},{"slot":"2","width":3}]'),
	('3ddaa17f2649', '[{"slot":"1","width":12}]'),
	('706d570b83cc', '[{"slot":"1","width":9},{"slot":"2","width":3}]'),
	('d81a9dae4316', '[{"slot":"1","width":12}]'),
	('945b99f32295', '[{"slot":"1","width":9},{"slot":"2","width":3}]'),
	('e460f03e79b4', '[{"slot":"1","width":12}]'),
	('e69cb9c4d43c', '[{"slot":"1","width":9},{"slot":"2","width":3}]'),
	('13d74b9d52b8', '[{"slot":"1","width":12}]'),
	('09b019b76b75', '[{"slot":"1","width":9},{"slot":"2","width":3}]'),
	('862273087c64', '[{"slot":"1","width":12}]'),
	('193c3491fa23', '[{"slot":"1","width":12}]'),
	('604b01a8ece1', '[{"slot":"1","width":9},{"slot":"2","width":3}]'),
	('980885505aad', '[{"slot":"1","width":12}]'),
	('82b8c7554597', '[{"slot":"1","width":9},{"slot":"2","width":3}]'),
	('697312a460a8', '[{"slot":"1","width":12}]'),
	('9b0e779f3238', '[{"slot":"1","width":12}]'),
	('3790643b388a', '[{"slot":"1","width":9},{"slot":"2","width":3}]');



INSERT INTO public.content_node_materialnode (id) VALUES
	('81d3e8514f06'),
	('cffc0df3cd43'),
	('1b807f974b0b'),
	('537890e46927'),
	('280575511eb1'),
	('e78589d80ab0'),
	('a0166c64872c'),
	('4b28669b41e8'),
	('90aee6918863'),
	('1fe6c624a7f9'),
	('1f5be4e2f781'),
	('8a9bf9f6652a'),
	('ed8d97dfdf29'),
	('67dc0c0dbd5a'),
	('d31385bd8cab'),
	('4ec683b8ebf6'),
	('5b9566186621'),
	('c14691d42394'),
	('20471f8a92dd'),
	('93c08ce48916'),
	('a27e7d981943'),
	('b60d11f19ead'),
	('a06477857ced'),
	('954819c60f15'),
	('e0113df37985'),
	('805227053131'),
	('7d66dde6d514'),
	('d84381075e3e'),
	('74f53a077661'),
	('718834024a14'),
	('b0db3093d60e'),
	('ce2988b91093'),
	('f0dddbc0b82d'),
	('7b11f9f0d2f3'),
	('3139863b3234'),
	('c1b174f0da82'),
	('c6a2ad50a414'),
	('b49bb0917fdc'),
	('765d7592c9d6'),
	('07c09b2470ac'),
	('ef0532ee8da3'),
	('2fb752aa92f2'),
	('b14c120b5724'),
	('a1a191bf155d'),
	('a3b8c9090ac0'),
	('02aa83c29f8e'),
	('1ca8ad357ef7'),
	('6481f55d80e3'),
	('0ef300877289'),
	('0837f85cfe1f'),
	('6183cacb2dbd'),
	('6e35e5b1c7b6'),
	('06f9dd59b932'),
	('5e2c29b70cfa'),
	('b5b83ee77172'),
	('3b87f372f2c0'),
	('9c8298640dc5'),
	('477ab452908b'),
	('aed759625d01'),
	('a78e316e2a51');



INSERT INTO public.content_node_multiselect (id) VALUES
	('b4c9ff773de8'),
	('bda80d709f9c'),
	('9b8e168ed0f6'),
	('9b72b139d082'),
	('e789b6f53771'),
	('f205ea34b059'),
	('54f16315d853'),
	('fdce2397cf25'),
	('70115970f74b'),
	('ef877113c101'),
	('84220fafa5f9');



INSERT INTO public.content_node_multiselect_option (id, translatekey, checked, createtime, updatetime, "position", multiselectid) VALUES
	('e89811f0ef28', 'aut', true, '2022-01-23 16:19:10', '2022-01-23 16:19:10', 0, 'b4c9ff773de8'),
	('bbc7012cc496', 'outdoorTechnique', false, '2022-02-04 19:12:24', '2022-02-04 19:12:24', 0, 'bda80d709f9c'),
	('f6b98ed03f94', 'security', false, '2022-02-04 19:12:24', '2022-02-04 19:12:24', 1, 'bda80d709f9c'),
	('4dd43a9b7999', 'natureAndEnvironment', false, '2022-02-04 19:12:24', '2022-02-04 19:12:24', 2, 'bda80d709f9c'),
	('1470f035f059', 'pioneeringTechnique', false, '2022-02-04 19:12:24', '2022-02-04 19:12:24', 3, 'bda80d709f9c'),
	('8e2c9fbd4b95', 'campsiteAndSurroundings', false, '2022-02-04 19:12:24', '2022-02-04 19:12:24', 4, 'bda80d709f9c'),
	('a91dc656e070', 'preventionAndIntegration', false, '2022-02-04 19:12:24', '2022-02-04 19:12:24', 5, 'bda80d709f9c'),
	('d6cd744f6a4c', 'outdoorTechnique', false, '2022-02-04 19:39:53', '2022-02-04 19:39:53', 0, '9b8e168ed0f6'),
	('35e15c4c38e3', 'security', false, '2022-02-04 19:39:53', '2022-02-04 19:39:53', 1, '9b8e168ed0f6'),
	('4707a3f751fd', 'natureAndEnvironment', false, '2022-02-04 19:39:53', '2022-02-04 19:39:53', 2, '9b8e168ed0f6'),
	('1daef66b121b', 'pioneeringTechnique', false, '2022-02-04 19:39:53', '2022-02-04 19:39:53', 3, '9b8e168ed0f6'),
	('6b036b5a9a13', 'campsiteAndSurroundings', false, '2022-02-04 19:39:53', '2022-02-04 19:39:53', 4, '9b8e168ed0f6'),
	('4739e62ec65f', 'outdoorTechnique', false, '2022-02-04 19:46:20', '2022-02-04 19:46:20', 0, '9b72b139d082'),
	('fdde1e5d64e1', 'security', false, '2022-02-04 19:46:20', '2022-02-04 19:46:20', 1, '9b72b139d082'),
	('f8039f138c6b', 'natureAndEnvironment', false, '2022-02-04 19:46:20', '2022-02-04 19:46:20', 2, '9b72b139d082'),
	('e86fdd7ebe69', 'pioneeringTechnique', false, '2022-02-04 19:46:20', '2022-02-04 19:46:20', 3, '9b72b139d082'),
	('5fb7cb3f96b3', 'campsiteAndSurroundings', false, '2022-02-04 19:46:20', '2022-02-04 19:46:20', 4, '9b72b139d082'),
	('196df2777f4f', 'preventionAndIntegration', false, '2022-02-04 19:46:20', '2022-02-04 19:46:20', 5, '9b72b139d082'),
	('680debf36033', 'outdoorTechnique', false, '2022-02-04 19:47:50', '2022-02-04 19:47:50', 0, 'e789b6f53771'),
	('a8e21d8076ec', 'security', false, '2022-02-04 19:47:50', '2022-02-04 19:47:50', 1, 'e789b6f53771'),
	('11a942b56efe', 'natureAndEnvironment', false, '2022-02-04 19:47:50', '2022-02-04 19:47:50', 2, 'e789b6f53771'),
	('e75bb9e8338b', 'pioneeringTechnique', false, '2022-02-04 19:47:50', '2022-02-04 19:47:50', 3, 'e789b6f53771'),
	('d309bbab638d', 'campsiteAndSurroundings', false, '2022-02-04 19:47:50', '2022-02-04 19:47:50', 4, 'e789b6f53771'),
	('065f5947083d', 'preventionAndIntegration', false, '2022-02-04 19:47:50', '2022-02-04 19:47:50', 5, 'e789b6f53771'),
	('ad2a749d350e', 'preventionAndIntegration', true, '2022-02-04 19:39:53', '2022-02-04 21:22:45', 5, '9b8e168ed0f6'),
	('0e51180a573a', 'security', false, '2022-02-04 21:25:22', '2022-02-04 21:25:22', 1, 'f205ea34b059'),
	('cb0cba52a768', 'natureAndEnvironment', false, '2022-02-04 21:25:22', '2022-02-04 21:25:22', 2, 'f205ea34b059'),
	('27cba4a7453b', 'pioneeringTechnique', false, '2022-02-04 21:25:22', '2022-02-04 21:25:22', 3, 'f205ea34b059'),
	('a68706e68343', 'campsiteAndSurroundings', false, '2022-02-04 21:25:22', '2022-02-04 21:25:22', 4, 'f205ea34b059'),
	('a7393b7171cd', 'preventionAndIntegration', false, '2022-02-04 21:25:22', '2022-02-04 21:25:22', 5, 'f205ea34b059'),
	('e5d713d624d1', 'outdoorTechnique', true, '2022-02-04 21:25:22', '2022-02-04 21:26:46', 0, 'f205ea34b059'),
	('10ae2335f0d1', 'outdoorTechnique', false, '2022-02-04 21:42:31', '2022-02-04 21:42:31', 0, '54f16315d853'),
	('ccc45be55f57', 'security', false, '2022-02-04 21:42:31', '2022-02-04 21:42:31', 1, '54f16315d853'),
	('09af18789483', 'natureAndEnvironment', false, '2022-02-04 21:42:31', '2022-02-04 21:42:31', 2, '54f16315d853'),
	('6715f7f754e2', 'pioneeringTechnique', false, '2022-02-04 21:42:31', '2022-02-04 21:42:31', 3, '54f16315d853'),
	('d3832971527a', 'campsiteAndSurroundings', false, '2022-02-04 21:42:31', '2022-02-04 21:42:31', 4, '54f16315d853'),
	('93d24cf54ebb', 'preventionAndIntegration', false, '2022-02-04 21:42:31', '2022-02-04 21:42:31', 5, '54f16315d853'),
	('ccd9d40cd228', 'outdoorTechnique', false, '2022-02-04 21:59:10', '2022-02-04 21:59:10', 0, 'fdce2397cf25'),
	('a96d2e0efa04', 'security', false, '2022-02-04 21:59:10', '2022-02-04 21:59:10', 1, 'fdce2397cf25'),
	('f1320ad214bb', 'natureAndEnvironment', false, '2022-02-04 21:59:10', '2022-02-04 21:59:10', 2, 'fdce2397cf25'),
	('82defee6c496', 'pioneeringTechnique', false, '2022-02-04 21:59:10', '2022-02-04 21:59:10', 3, 'fdce2397cf25'),
	('8ee0bc808833', 'campsiteAndSurroundings', false, '2022-02-04 21:59:10', '2022-02-04 21:59:10', 4, 'fdce2397cf25'),
	('177f882a1f94', 'preventionAndIntegration', false, '2022-02-04 21:59:10', '2022-02-04 21:59:10', 5, 'fdce2397cf25'),
	('39dacd2e34d9', 'outdoorTechnique', false, '2022-02-04 22:11:12', '2022-02-04 22:11:12', 0, '70115970f74b'),
	('fa1bff89bd80', 'security', false, '2022-02-04 22:11:12', '2022-02-04 22:11:12', 1, '70115970f74b'),
	('361267727aba', 'natureAndEnvironment', false, '2022-02-04 22:11:12', '2022-02-04 22:11:12', 2, '70115970f74b'),
	('7e8479a3266c', 'pioneeringTechnique', false, '2022-02-04 22:11:12', '2022-02-04 22:11:12', 3, '70115970f74b'),
	('a3e98b7b4215', 'campsiteAndSurroundings', false, '2022-02-04 22:11:12', '2022-02-04 22:11:12', 4, '70115970f74b'),
	('5954b50ffa9a', 'preventionAndIntegration', false, '2022-02-04 22:11:12', '2022-02-04 22:11:12', 5, '70115970f74b'),
	('9141f5f22b42', 'outdoorTechnique', false, '2022-02-04 22:22:38', '2022-02-04 22:22:38', 0, 'ef877113c101'),
	('649eac7ec5b9', 'security', false, '2022-02-04 22:22:38', '2022-02-04 22:22:38', 1, 'ef877113c101'),
	('7e5c55801556', 'natureAndEnvironment', false, '2022-02-04 22:22:38', '2022-02-04 22:22:38', 2, 'ef877113c101'),
	('a22dc1ad73d9', 'pioneeringTechnique', false, '2022-02-04 22:22:38', '2022-02-04 22:22:38', 3, 'ef877113c101'),
	('f106bec25c51', 'campsiteAndSurroundings', false, '2022-02-04 22:22:38', '2022-02-04 22:22:38', 4, 'ef877113c101'),
	('4baec0309523', 'security', false, '2022-02-04 22:27:21', '2022-02-04 22:27:21', 1, '84220fafa5f9'),
	('579e06e029c4', 'preventionAndIntegration', false, '2022-02-04 22:27:21', '2022-02-04 22:27:21', 5, '84220fafa5f9'),
	('06614bcc0c4d', 'preventionAndIntegration', true, '2022-02-04 22:22:38', '2022-02-04 22:59:00', 5, 'ef877113c101'),
	('bab441204192', 'outdoorTechnique', true, '2022-02-04 22:27:21', '2022-02-04 23:04:28', 0, '84220fafa5f9'),
	('cd311cbdd388', 'pioneeringTechnique', true, '2022-02-04 22:27:21', '2022-02-04 23:04:30', 3, '84220fafa5f9'),
	('6db44a5e9233', 'natureAndEnvironment', false, '2022-02-04 22:27:21', '2022-02-04 23:04:33', 2, '84220fafa5f9'),
	('79fe036fd321', 'campsiteAndSurroundings', true, '2022-02-04 22:27:21', '2022-02-04 23:04:34', 4, '84220fafa5f9');



INSERT INTO public.content_node_singletext (id, text) VALUES
	('07198a60db89', 'qui'),
	('91ccfe52ece9', NULL),
	('ce2ae0cf8374', NULL),
	('c6b3e59f9657', NULL),
	('22a0e159fbf7', NULL),
	('adb013cd14ed', NULL),
	('7fb1c3ec46cd', NULL),
	('5df31d5d61dc', NULL),
	('749797e3317b', NULL),
	('d80961e7a617', '<p>- Keine Energy Drinks, Alkohol, Zigaretten etc.</p><p>- Einander zuhren</p><p>- Die Leiter respektieren so wie auch die anderen Teilnehmer respektieren.</p><p>- Nachtruhe einhalten.</p><p>- Der Lagerplatz nicht verlassen</p><p>- Fr Schanzmatt Material immer ein Leiter fragen</p><p>- Kein Mobbing</p>'),
	('def405e495dd', '<p>Alle tragen Wanderschuhe</p>'),
	('eea2ceec04c6', NULL),
	('741f2a741eab', NULL),
	('2a23bb0cb8df', NULL),
	('f1f0bd888b9a', '<p>Alle tragen Wanderschuhe</p>'),
	('8d4f28b35c6c', NULL),
	('2d95603f58df', '<p>Alle tragen Wanderschuhe</p>'),
	('2a7e8f49341b', NULL),
	('56e5c055ff76', '<p>Alle tragen Wanderschuhe</p>'),
	('445fcf49e6d6', NULL),
	('d4e553c7106b', NULL),
	('8a794e0e8bdd', NULL),
	('d5a09b34bbe7', NULL),
	('36a26e7f545e', NULL),
	('2f4e62a5b97e', NULL),
	('12ecb6e0c6bc', NULL),
	('83c806859aa1', NULL),
	('c698a03fbf87', NULL),
	('e9b8601f2ff6', NULL),
	('07035efc81f8', NULL),
	('38318996199a', NULL),
	('dc940ff1826a', NULL),
	('6843404033c2', NULL),
	('3bb4727924f2', NULL),
	('ca5553bd6bd7', NULL),
	('0b25b55fbbfa', '<p>Alle tragen Wanderschuhe</p>'),
	('473e0175effb', NULL),
	('8ba0295b8ea8', NULL),
	('14e638398f4f', NULL),
	('bdea4e3ff0c2', NULL),
	('dce6bdbe1985', NULL),
	('70932aca7d32', NULL),
	('2d258a7776ca', '<p>Alle tragen Wanderschuhe</p>'),
	('dbfa40935e0d', NULL),
	('4febc0e05ba3', NULL),
	('66b3ea2774ec', '<p>Alle tragen Wanderschuhe</p>'),
	('bee784c32dff', NULL),
	('9c680d2e2263', NULL),
	('64959421f614', NULL),
	('e7978f772687', NULL),
	('05b63c397dcd', NULL),
	('ffc6af8f3159', '<p>Alle tragen Wanderschuhe</p>'),
	('70b8420479aa', NULL),
	('efaafb64e04c', NULL),
	('bac6cf64fd44', NULL),
	('f04b6a1372cc', NULL),
	('6c21b66b59f8', NULL),
	('9ffb2b512f1e', NULL),
	('d63973e52b25', NULL),
	('27e942280410', '<p>Alle tragen Wanderschuhe</p>'),
	('2ba109507fbc', NULL),
	('abb8e234faa9', NULL),
	('cf7d2595ac92', '<p>Alle tragen Wanderschuhe</p>'),
	('d914d9bc76f4', NULL),
	('cce7d3a9f3be', NULL),
	('e05269876ccb', '<p>Alle tragen Wanderschuhe</p>'),
	('0e9f487ca35a', '<p>Wir machen uns auf den Weg ins Hogwarts-Sommer-Camp.</p>'),
	('8b967bf8d778', '<p>Velomechs auf der <strong>Strecke</strong>:</p><ul><li><p>Velos - Motos Ryser, Musterdorf, 077 123 45 67</p></li><li><p>Radprofi Weibel, Ennetda, 021 123 45 67</p></li></ul>'),
	('05fd1a6276a0', '<p>Ein Sommercamp baut sich nicht von alleine auf -&gt; das tun wir jetzt.</p>'),
	('283a58df7d9b', '<p>Die Teilnehmer erreichen Das Hogwarts-Sommercamp und erfahren dessen wahre Bedeutung - wir wollen Harry''s Horkruxe zerstren und ihn so wieder zu dem liebenswerten Zauberer machen, den wir alle kennen und lieben. Denn seit dem Ende der Buchserie ist einige Zeit vergangen und Harry ist der Erfolg zu Kopf gestiegen. Schtig nach Macht hat auch er, wahrscheinlich durch die hinterlassenen Spuren des Daseins als Voldemort''s Horkrux, sieben Horkruxe erschaffen. Unsere Aufgabe ist es nun, diese zu finden und zu zerstren, so dass Harry''s Seele wieder ganz wird. Da wir offiziell aber natrlich das Image des Hogwarts-Sommercamps aufrecht erhalten mssen, werden die Teilnehmer in vier Huser aufgeteilt (20 TN --&gt; 4 Gruppen  5). Dies sind die Zeltgruppen und in ihnen knnen die TN Punkte fr ihre Huser sammeln indem sie z.B. das erste komplett anwesende Zelt sind wenn es pfeift etc. Die Hogwarts-Huser competition wird also auch in unserem "Sommercamp" weitergefhrt. Leiter des Camps is Albus Potter, Harry''s Sohn.</p><p>Die Figuren stellen sich vor: Hauslehrer</p><p>Farfalla: Gryffindor</p><p>Castor: Slytherin</p><p>Biber: Ravenclaw</p><p>Salamander: Hufflepuff</p><p>Adler: Filch</p><p>Pandora: Irgende WEasly</p><p>Weiter mgliche Personen:</p><p>Albus Potter, Ted Lupin, Rose oder Hugo Weasly, Scorpius Malfoy, Swagrid</p><p>Allgemeine Dinge ber das Harry Potter universum werden erzhlt:</p><p>- huser, Hogwarts, verbotener wald, zaubersprche, das ministerium, spezielle wesen wie zentauren phnix etc., denkarium..?</p>'),
	('651220bcea22', '<p>Zum die Horkrux zu sammeln mssen wir zusammen halten. Dadurch spielen wir verschiedene Spiele um uns besser kennen zu lernen.</p>'),
	('a70a441e44d0', '<p>Apotheke mitnehmen</p>'),
	('063244de52d6', '<p>Damit wir herausfinden, warum Harry bse wurde, mssen wir uns in seine Rolle versetzen, bevor er bse wurde. In Hogwarts gibt es verschiedene Gestalten, in die wir uns vertiefen wollen.</p>'),
	('6fa0ee230602', '<p>Die ganze Erklrung des Games auf externem Sheet.</p>'),
	('8ec651d8892c', ''),
	('ea63d22b8898', '<p>In unserem Sommercamp brauchen wir Regeln, wie es sie in Hogwarts auch gibt (nicht in den Verbotenen Wald etc.) Deshalb machen wir uns nun daran, diese Regeln festzulegen.</p>'),
	('a2949c251d61', ''),
	('886f1428cadd', '<p>Jeder Zauber braucht eine Spezialfhigkeit. Die hier angebotenen sind besonders wichtig im Kampf gegen Horkruxe, deshalb bentigen wir Experten auf jedem der Gebiete. Quasi Wahlfach des Sommercamps</p>'),
	('6c0e4b006607', NULL),
	('1380618e31e7', '<p>cooler roter Faden</p>'),
	('075967d2dd93', '<p>jhasjkdhaskjdhasdas</p>'),
	('6f71f73439cf', ''),
	('b76e3ea5d4a8', '<p>Roter Baron:</p><p>Er hatte den Auftrag, seine Geliebte wieder zurck zu holen, als sie sich jedoch weigerte, hatte er einen Wutausbruch und brachte sie um. Seitdem trgt er Ketten, um Busse zu tun. Er bereut diese Tat zutieftst und mchte mit uns anschauen, wie man seine Gefhle im Griff hat.</p>'),
	('8189c8195acf', '<h3>Gefhrliche Stellen werden abgesperrt</h3><p><strong>Apotheke vor ort</strong></p>'),
	('8f568b5563a6', '<p>asdf</p>'),
	('48c38e095aad', NULL),
	('7cb2752737e2', '<p>alle tragen einen Schoner whrend den <em>Tanzbewegungen</em> und eine Schutzbrille</p>'),
	('54eda8108520', NULL),
	('350b44de53b5', NULL),
	('98d7fcb9a22b', NULL),
	('538610561786', NULL),
	('6f290281f5cd', NULL),
	('d119a57bb552', NULL),
	('5a25250e8e9d', NULL),
	('af1276c8deca', NULL),
	('635ede089a38', NULL),
	('c60c35894fb8', NULL),
	('15a25d9de36f', NULL),
	('6e187b34baa9', NULL),
	('032b98986bed', NULL),
	('2788959ec9c2', NULL),
	('e5cb8fb74e6c', NULL),
	('9a405af3cf69', NULL),
	('b82abd3055a8', NULL),
	('ea1ab136a55b', NULL),
	('fd9297b1db56', NULL),
	('80352238933c', NULL),
	('381c06d8ac17', NULL),
	('06bce0354cae', NULL),
	('73ce151126d3', NULL),
	('150405a2c876', NULL),
	('7347bb2cee93', NULL),
	('02436896dd4e', NULL),
	('a7a4a7ebefe6', NULL),
	('b6b6f9bd7be1', NULL),
	('ac1a8d13665d', NULL),
	('d0448480da8b', NULL),
	('93629214c0da', NULL),
	('f448c128db14', NULL),
	('f2f21f7b5963', NULL),
	('dd551a8cad7e', NULL),
	('0fada08fb7c1', NULL),
	('695bc6f08c8d', NULL),
	('f3491b1d1ed4', NULL),
	('07cec100baae', NULL),
	('1516a64c5940', NULL),
	('85ff80d78768', NULL),
	('cb29303491f5', NULL),
	('1f648080582d', NULL),
	('e5c2b710898d', NULL),
	('19a002b15f6e', NULL),
	('d7da8f2a7a39', NULL),
	('3ff909ce1ec3', NULL),
	('89a401571d37', NULL),
	('0820aba5bf82', NULL),
	('012b2427c138', NULL),
	('7fe23d0fc00f', NULL),
	('be5172d10d31', NULL),
	('7224fb425b43', NULL),
	('9ea9e4308d6d', NULL),
	('681b18ac428c', NULL),
	('95cd1a28febb', NULL),
	('8a6db3771533', NULL),
	('683906f8cecc', NULL),
	('dbed0f43dd70', NULL),
	('344a2b71b081', NULL),
	('d01cfe99e760', NULL),
	('2b12a73ce7b9', NULL),
	('6adc7e08d593', NULL),
	('7c03a78afcce', NULL),
	('7a2282e04097', '<p>Unsere Flugtickets sind davongeflogen (Wind) wir mssen sie wieder einsammeln</p>'),
	('ac6b2f123ad3', '<p>Wir fliegen Ab. Die Flugbegleiter erklren uns wie wir in Notfallsituationen handeln mssen.</p>'),
	('ae634c4157a0', '<p>Apotheke in Aufenthaltszelt oder Matzelt (Nach SIKO)</p>'),
	('94bce49e1f03', '<p>Wir strzen ab. Der Pilot verlsst das Flugzeug frher, weil die Steuerung nicht mehr funktioniert und er der Meinung ist, dass wir in die Insel strzen wrden und er nicht sterben will. oder so hnlch de Pilot isch denn eifach verscholle</p>'),
	('3de702618ab9', '<p>Wir mssen die Insel erkunden</p>'),
	('17ec8168365a', '<p>Die eingeborenen greifen uns an und klauen uns unser essen.</p>'),
	('b3f5cbd532da', '<p>Apotheke mitnehmen, Gelnde vorher absuchen wegen Gefahren</p>'),
	('d9b4103a0ab1', '<p>Pfadigesetzt und Pfadiversprechen durch verschiedene Methoden lernen</p>'),
	('84b40e43160a', '<p>Apotheke im Aufenthalts / Matzelt (Nach SIKO)</p>'),
	('7d7fc79c95fd', '<p>wir mssen uns unser Essen zurckholen (evtl. Lasergame oder suscht was Geils)</p>'),
	('22d8c12d7df3', '<p>Gelende vorher Rekken (wespenneste etc)</p><p>Apotheke und handy dabei</p>'),
	('307055b3b9ca', '<p>Was knnte man machen um Rettung zu holen? Blubb meint wir sollten warten bis wir gerettet werden und uns ein wenig die Zeit vertreiben</p>'),
	('fb7c4182a43f', '<p>Wir lernen das Pfadigeetz und wie wir damit leben.</p>'),
	('21bca97eadd7', '<p>Apotheke und Handy vor Ort</p>'),
	('47b94d9ba46b', '<p>Plottwist der Pilot hat sich zum Anfhrer der eingeborenen hochgekmpft. und wir mssen ein Notsignal senden</p>'),
	('49d09f48b287', '<p>Apotheke mitnehmen, Gelnde vorher absuchen wegen Gefahren. Drei mal Pfeifen = besammeln beim neutralen Posten.</p>'),
	('d5114af3e81e', '<p>Handy bei leiter</p><p>Aputheke ist auf lagergelende vorhanden</p>'),
	('3eaff9779e2b', NULL),
	('e6a88d775b88', NULL),
	('c110b87081cc', NULL);



INSERT INTO public.content_node_storyboard (id) VALUES
	('fdd159859a9f'),
	('e9b1e194ed58'),
	('259021e7e537'),
	('e65a6b99f181'),
	('a6912f41f6c0'),
	('f81e2d53f972'),
	('8245d44306f4'),
	('681d9e648543'),
	('068370456651'),
	('86f38eb0029e'),
	('0810d1a172db'),
	('764477318be2'),
	('1dc712f27811'),
	('e4ffb5d84c4e'),
	('9b7eb54688e6'),
	('48f7bc420ed6'),
	('f65d5c56cc9e'),
	('60f7a48c4466'),
	('05b712aff209'),
	('ea0f65060295'),
	('d1bc88c0f52e'),
	('e37eb1a06e03'),
	('d245021c46fa'),
	('90bee6cb8815'),
	('d2187a3531af'),
	('0b625c957d44'),
	('776dcb8f8664'),
	('1d40f6697b8c'),
	('9e69a2d0f217'),
	('ea49fbe4a79b'),
	('fd621d723248'),
	('41463d5e6898'),
	('1dd5c52abd01'),
	('9dda4a6262eb'),
	('a1488a153b81'),
	('8d07e57ba2f9'),
	('3160a58d2234'),
	('9a4845d2e259'),
	('f3776b7ba11e'),
	('e9d479b98d18'),
	('00c6fe37b137'),
	('78e81d1fbf0d'),
	('f5b193a90c4f'),
	('e3a4242a7d93'),
	('ad3c129b71fd'),
	('e7d30e274563'),
	('94448eaafa0d'),
	('847374e5e4bf'),
	('3127de277825'),
	('8af65594aee7'),
	('7fb4b671a287'),
	('1a978f02a760'),
	('f28ae87dfdcd'),
	('3a94193d3f6e'),
	('8e2119b66e8f'),
	('bbc4c3603119'),
	('ac207e1f00cb'),
	('8fc6eca9bc8a'),
	('799121cc9c4b'),
	('0a86ef1c4503');



INSERT INTO public.content_node_storyboard_section (id, column1, column2, column3, createtime, updatetime, "position", storyboardid) VALUES
	('d3d4ba4ca59b', 'culpa', 'natus', 'consequatur', '2022-01-23 16:19:10', '2022-01-23 16:19:10', 0, 'fdd159859a9f'),
	('3300d3c6526e', '<p>00:00</p>', '<p>Einreihen der Velos &amp; Luftkontrolle</p>', '<p>Castor</p>', '2022-02-04 21:10:32', '2022-02-04 21:10:46', 0, 'a6912f41f6c0'),
	('c2e811a887a3', '<p>''00 - ''15</p>', '<p>Als bergang zum TABS erklrt Farfalla was das Pafdivereprechen ist und wie es in Zusammenhang mit den Pfadigesetzen steht. Dann werden die TN darauf hingewiesen, dass sie im Lager die Mglichkeit haben werden das Versprechen abzulegen (jngere TN Vorversprechen) und sie sich Gedanken machen sollen, ob sie dies tun wollen oder nicht. Bei Fragen sollen sie sich bei Farfalla melden.</p>', '<p>Farfalla</p>', '2022-02-04 21:23:04', '2022-02-04 21:23:23', 0, '764477318be2'),
	('23a5eb29077d', '<p>''00</p>', '<p>bermittlung: Skippy, Castor</p><p>Kochen: Daniel Dsentrieb,</p><p>Ttschmeischter: Salamander</p><p>Sport: Adler &amp; Taifun &amp; Pandora</p><p>Pionier: Biber</p><p>Den TN werden zu Beginn die einzelnen Spez-Exer vorgestellt und sie knnen sich dann entscheiden, welchen sie machen mchten. Wenn sich fr ein Spez-Exer nur ein TN begeistert, wird dieser leider nicht durchgefhrt. Die Leiter die keinen fixen Spez-Exer haben, helfen den anderen wo ntig.</p>', NULL, '2022-02-04 21:25:38', '2022-02-04 21:25:52', 0, 'ea49fbe4a79b'),
	('41f57f88c17e', NULL, '<p>Hallo Velo Gigs</p>', NULL, '2022-02-04 21:28:07', '2022-02-04 21:28:12', 1, 'fd621d723248'),
	('227eb5f12656', '<p>00:10</p>', '<p>Begrssung &amp; Einsammeln von NFBs</p><p>Einleitung RF</p>', '<p>Farfalla</p>', '2022-02-04 21:11:06', '2022-02-04 21:11:41', 1, 'a6912f41f6c0'),
	('ef2bd62c8161', '<p>00:20</p>', '<p>Einteilung in schnelle und langsame Gruppe</p>', '<p>selbstndig</p>', '2022-02-04 21:11:08', '2022-02-04 21:11:48', 2, 'a6912f41f6c0'),
	('e7f982875d56', '<p>00:30</p>', '<p>Abfahrt</p><p>Trinkpausen sind in der MZB vermerkt</p>', '<p>Castor &amp; Taifun</p>', '2022-02-04 21:11:10', '2022-02-04 21:11:55', 3, 'a6912f41f6c0'),
	('2f644303a63f', NULL, '<p>test</p>', NULL, '2022-02-04 21:33:55', '2022-02-04 21:33:58', 0, '05b712aff209'),
	('0e20e1b1dff6', NULL, '<p>Die TN erledigen in ihren 4 mtligruppen die mtli:</p><p>- Abwaschen</p><p>- Holzen</p><p>- Joker (+ immer einmal pro Tag Lagertagebuch)</p><p>- Wasser auffllen</p><p>Ein Leiter bleibt bei den TN whrenddem die anderen hcken (nicht der Ta-Che) und "berwacht" die mtli: gibt Material frs Holzen heraus (je nach Alter TN und Fhigkeit), schaut dass das Abwaschen speditiv luft (Abwaschwasser gekocht etc.)</p><p>Sind die TN fertig mit ihren mtlis (von Leiter abgenommen und besttigt) haben sie Siesta --&gt; Freizeit: Sie knnen die Voil Freizeitangebote nutzen, die Leiter knnen nach ihrem Hck Spiele anbieten (wenn Zeit &amp; Lust) z.B. Volleyball. In dieser Zeit brieft der Ta-Che den Leiter, der nicht am Hck dabei war.</p>', NULL, '2022-02-04 21:13:04', '2022-02-04 21:13:07', 0, 'f81e2d53f972'),
	('856d17635097', '<p>5''</p>', '<p>Chanel 3 ist Russendisko</p><p>Chanel 1 ist nur Harry Potter Musik</p>', NULL, '2022-02-04 21:34:55', '2022-02-04 21:35:09', 1, 'd2187a3531af'),
	('f55456862941', NULL, '<p>Alle Gruppen waren bei allen Posten. Nun mssen sie die Tickets zusammensetzten</p>', NULL, '2022-02-04 22:34:32', '2022-02-04 22:34:56', 3, '9a4845d2e259'),
	('90d1b5a70397', '<p>''00 - ''120</p>', '<p>Aufteilung in Gruppen:</p><p>Gruppe 1 (5TN + 1 Leiter): Zelte aufstellen</p><p>Gruppe 2 (3TN + 1 Leiter): Latrine buddeln</p><p>Gruppe 3 (7TN + 1 Leiter): Aufenthaltszelt (Blachen knpfen und hochziehen)</p><p>Gruppe 4 (5TN + 1 Leiter): Kchenzelt, Kochstelle, Sickergrube</p><p>(ab und zu Trinkpausen machen)</p>', NULL, '2022-02-04 21:13:30', '2022-02-04 21:13:59', 0, '8245d44306f4'),
	('f6bf4c1984a0', '<p>''120 - ''140</p>', '<p>Z''Vieri</p>', NULL, '2022-02-04 21:13:32', '2022-02-04 21:14:02', 1, '8245d44306f4'),
	('3e6e22d61509', '<p>''140-''200</p>', '<p>weiter aufbauen (je nach Gruppenstimmung Gruppen wechseln)</p>', NULL, '2022-02-04 21:13:34', '2022-02-04 21:14:05', 2, '8245d44306f4'),
	('17502f244cdd', '<p>''200 - ''210</p>', '<p>gemeinsame Trinkpause und kurzes Spiel (Ritter auf Ritter ab)</p>', NULL, '2022-02-04 21:13:36', '2022-02-04 21:14:07', 3, '8245d44306f4'),
	('abc8ec81a53e', '<p>''200 - ''240</p>', '<p>Zelte wahrscheinlich fertig, dann:</p><p>J&amp;S Material holen (mit Veloanhnger)</p><p>Wasserschlauch von Waldran bis Lagerplatz anschliessen</p>', NULL, '2022-02-04 21:13:38', '2022-02-04 21:14:10', 4, '8245d44306f4'),
	('3b9221aa6e71', NULL, '<p>Zelte mssen trotzdem aufgebaut werden.</p><p>Zvieri bei Unterstand</p>', NULL, '2022-02-04 21:15:41', '2022-02-04 21:16:06', 0, '9e69a2d0f217'),
	('a6c259c27015', '<p>00:00</p>', '<p>Besammlung auf dem Lagerplatz. Wir spielen verschiedene Kurzspiele.</p><p>Zum Aufwrmen spielen wir ein kurzes Zitigls</p>', '<p>Pandora</p>', '2022-02-04 21:17:06', '2022-02-04 21:18:11', 0, '068370456651'),
	('34e8a4dd71e2', '<p>00:10</p>', '<p>Wir spielen ein British Bulldog.</p>', '<p>Pandora</p>', '2022-02-04 21:17:08', '2022-02-04 21:18:11', 1, '068370456651'),
	('a27f9e95f219', '<p>00:20</p>', '<p>Als nchstes spielen wir ein Stock im Kreis.</p>', '<p>Pandora</p>', '2022-02-04 21:17:10', '2022-02-04 21:18:12', 2, '068370456651'),
	('0c993d57a5df', '<p>00:30</p>', '<p>Jeder nimmt sich ein TN von der anderen Abteilung. Danach spielen wir ein Blinzlerspiel.</p>', '<p>Pandora</p>', '2022-02-04 21:17:12', '2022-02-04 21:18:12', 3, '068370456651'),
	('cf84fe747342', '<p>00:40</p>', '<p>Als nchstes Spielen wir ein Seilziehen in den mtli Gruppen.</p><p>Regeln vorher erklren: Niemand darf abrupt loslassen, gengend Abstand zu Bumen, wenn man merkt, dass man nicht mehr kann sagt man es und lsst nicht einfach los, Seil nicht um Handgelenk wickeln, nur halten ...</p>', '<p>Pandora</p>', '2022-02-04 21:17:14', '2022-02-04 21:18:13', 4, '068370456651'),
	('455589c526fb', '<p>00:55</p>', '<p>Zum Schluss machen wir ein Gordischer Knoten.</p>', '<p>Pandora</p>', '2022-02-04 21:17:40', '2022-02-04 21:18:14', 5, '068370456651'),
	('9c9ee531c062', '<p>00:00</p>', '<p>Erklrung des Ablaufs (verschiedene Phasen)</p><p>Erklrung der Special-Hogwarts-Features</p><p>Vorlesen der einzelnen Charakteren.</p><p>ausgedruckte Liste mit Charakteren aufhngen!</p>', '<p>Castor</p>', '2022-02-04 21:19:12', '2022-02-04 21:19:37', 0, '86f38eb0029e'),
	('4e1599d60183', '<p>''10</p>', '<p>Der Postenlauf beginnt, es gibt vier Posten  zwei Pfadigesetze, jeder Posten ist von mind. einem Leiter besetzt.</p><p>Die TN haben 10'' Zeit pro Posten und dann 5'' zum Wechseln.</p><p>Der gesamte Postenlauf dauert also 60 Minuten. es pfeift wenn gewechselt wird.</p><p>Die letzte Gruppe bei einem Posten hilft dann dem Leiter mit allem Material zurck zum Aufenthaltszelt- / platz zu kommen.</p><p>Beim Posten bespricht die Gruppe zuerst kurz was diese Pfadigesetze genau bedeuten und berlegt sich dann Reglen dazu, die im Lager ntzlich sein knnten. Der Postenbetreuer kann Inputs geben, falls die TN keine Idee mehr haben und schreibt die Regeln der TN auf. Am Ende des Postenlaufs streicht er dann alle doppelten Regeln, sodass nur noch die brigbleiben, die dann auf den Lagerpakt kommen.</p>', NULL, '2022-02-04 21:20:39', '2022-02-04 21:21:14', 1, '0810d1a172db'),
	('7b2e68cb2cd8', '<p>''00</p>', '<p>Erklrung RF und Postenlauf, die TN absolvieren den Postenlauf in ihren Huser-Gruppen (So lernen sie sich gleich besser kennen)</p>', '<p>Farfalla</p>', '2022-02-04 21:20:37', '2022-02-04 21:21:26', 0, '0810d1a172db'),
	('b27f81a08918', '<p>''70-''90</p>', '<p>Die Regeln werden zusammengetragen, ergnzt was sonst noch auf den Lagerpakt gehrt (TN wird erklrt, dass diese Regeln sicherheitsrelevant sind und daher nicht zwingend aus dem Pfadigesetz abgeleitet werden knnen) und dann mit allen TN durchgegeangen. Am Schluss unterschreiben alle TN den Lagerpakt.</p>', '<p>Farfalla</p>', '2022-02-04 21:20:42', '2022-02-04 21:21:33', 3, '0810d1a172db'),
	('0722fe21d3a7', '<p>''10 - ''70</p>', '<p>Posten 1: Offen und ehrlich sein und Freude suchen und weitergeben</p><p>(mgliche Regeln: Sagen wenn etwas kaputt geht, zu seinen Missgeschicken stehen etc.)</p><p>Posten 2: andere verstehen und achten und miteinander teilen</p><p>(Mgliche Regeln: kein Mobbing, einander zuhren, wenn Leiter sprechen ist es still...)</p><p>Posten 3: unsere Hilfe anbieten und uns entscheiden und Verantwortung tragen</p><p>(Mgliche Regeln: den Jngeren helfen, sein mtli sauber und korrekt erledigen etc,)</p><p>Psoten 4: Sorge tragen zur Natur und allem Leben und Schwierigkeiten mit Zuversicht begegnen</p><p>(Mgliche Regeln: Abfall in Abfallsack, wenn man ein Problem hat um Hilfe bitten, aber auch Verstand einsetzen ... )</p>', '<p>Postenbetreuer</p>', '2022-02-04 21:20:41', '2022-02-04 21:21:30', 2, '0810d1a172db'),
	('e76218c44124', '<p>''15 - ''30</p>', '<p>Wir singen im Kreis ein Bajuschki-Baju und der Ta-Che schliesst den Tag ab (kann selbst entscheiden wie, sicher den TN sagen ab wann Nachtruhe, wie viel Zeit sie zum Zhneputzen etc. haben)</p>', NULL, '2022-02-04 21:23:05', '2022-02-04 21:23:19', 1, '764477318be2'),
	('30940a279fee', NULL, NULL, NULL, '2022-02-04 21:28:05', '2022-02-04 21:28:05', 0, 'fd621d723248'),
	('c941d9362c2a', NULL, '<p>sdfdsfds</p>', NULL, '2022-02-04 21:29:54', '2022-02-04 21:29:56', 0, '9b7eb54688e6'),
	('7aeaaa96ec13', '<p>01:50</p>', '<p>Alles Essen wurde leider geklaut, Spielende. Wir gehen zurck zum Lagerplatz</p>', NULL, '2022-02-04 22:46:48', '2022-02-04 22:47:32', 4, '94448eaafa0d'),
	('fc2ec3d0e9d6', NULL, '<p>Titel/Thema:</p><p>Blutiger Baron - Wut</p><p>Zielgruppe:</p><p>Pfadistufenkinder 11-14Jahre</p><p>LeiterIn:</p><p>Castor, Salamander</p><p>Zeit:</p><p>30 min. (07.07.201522:30 - 23:00)</p><p>Ort/ Gelnde:</p><p>Spielwiese</p><p>Ziele:</p><p>Die TN erweitern ihren Handlungsspielraum im Umgang mit Wut.</p>', NULL, '2022-02-04 21:31:30', '2022-02-04 21:31:48', 0, '41463d5e6898'),
	('64faff942a2f', '<p>5''</p>', '<p>Einstieg:</p><p>Blutiger Baron stsst zu uns und erklrt uns seine missliche Lage.</p><p>Er zeigt uns vllig demtig seine Ketten.</p><p>Ketten &amp; Kugeln (vom Leiterfest)</p>', '<p>Salamander (blutiger Baron)</p>', '2022-02-04 21:31:32', '2022-02-04 21:32:01', 1, '41463d5e6898'),
	('20f8f3882f11', '<p>20''</p>', '<p>Hauptteil:</p><p>Die TN hocken in den Huser (4 Gruppen) zusammen und machen ein Theterli zum Thema WUT. Davon machen sie eine schlechte und eine gute Variante.</p><p>Oberbegriffe  Ideen zu den Theterli</p><p>-Schule</p><p>-Pfadi</p><p>-Eltern</p><p>-ffentlichkeit</p><p> Schlange stehen</p><p>5'' Vorbereitungszeit</p><p>Danach Auffhrung der Theterli. Nach jedem Theater kurze Diskussion angeregt durch den Baron.</p><p>5'' Um uns im Ruhigbleiben zu ben schlgt der Baron einen magischen Augenkampf vor.</p><p>Immer 2 zusammen, man muss einander in die Augen schauen und dabei mglichst ruhig bleiben.</p>', NULL, '2022-02-04 21:31:33', '2022-02-04 21:32:08', 2, '41463d5e6898'),
	('1e2db9a1e967', '<p>5i</p>', '<p>Abschluss</p><p>Der blutige Baron ist sehr zufrieden mit unseren Tns. Da er der Hausgeist von Slytherin ist und wir wissen, dass das Haussymbol der Slytherins eine Schlange ist, machen wir zum Abschluss einen Der Schlange ihre Tanz.</p>', NULL, '2022-02-04 21:31:35', '2022-02-04 21:32:27', 3, '41463d5e6898'),
	('77f6eb3edeed', '<p>0''</p>', '<p>Kopfhrer holen und looos</p>', NULL, '2022-02-04 21:34:53', '2022-02-04 21:35:05', 0, 'd2187a3531af'),
	('65ea440f50c7', NULL, '<p>Wir besammeln uns beim Bahnhof Oerlikon und gehen nach der Besammlung zum MFO-Park.</p><p>Die Leiter haben leider die Flugtickets verloren. Die Einzelteile sind nun in ganz Oerlikon verteilt. Wir mssen sie nun wieder einsammeln.</p>', NULL, '2022-02-04 22:34:26', '2022-02-04 22:34:40', 0, '9a4845d2e259'),
	('ba90e536e088', NULL, '<p>Um die Gruppen einzuteilen machen wir ein Atmle: Es rennen alle durcheinander und eine Leitperson sagt eine Zahl. Nun mssen die TN''s sich in Gruppen dieser Anzahl stellen. Alle die nicht in einer Gruppe (einem Atom) sind scheiden aus und werden in Gruppen eingeteilt</p>', NULL, '2022-02-04 22:34:28', '2022-02-04 22:34:47', 1, '9a4845d2e259'),
	('d69b5b763725', NULL, '<p>Jede Gruppe bekommt eine Karte und es findet ein Stern-OL statt.</p><p>Bei jedem Posten finden sie einen Teil des Tickets</p><p>Jede Gruppe muss bei jedem Posten vorbei.</p>', NULL, '2022-02-04 22:34:30', '2022-02-04 22:34:51', 2, '9a4845d2e259'),
	('5814cc91534e', NULL, '<p>Wir treffen uns um 18:00 am Bahnhof Oerlikon.</p>', NULL, '2022-02-04 22:35:30', '2022-02-04 22:35:43', 0, 'e9d479b98d18'),
	('6dd320aca835', NULL, '<p>Wir nahmen den 10er in Zrich Bhf Oerlikon Ost richtung Flughafen um 18:31 ankunft 1844 in zrich Flughafen</p>', NULL, '2022-02-04 22:35:32', '2022-02-04 22:35:49', 1, 'e9d479b98d18'),
	('82d2a79399f2', NULL, '<p>18:49 BUS 524 8063 Richtung Oberembrach, Dorf bis nach Lufigen Augwil. Ankunft 18:58</p>', NULL, '2022-02-04 22:35:34', '2022-02-04 22:35:53', 2, 'e9d479b98d18'),
	('4c2906abc8f8', NULL, '<p>Wir laufen zum Lagerplatz</p>', NULL, '2022-02-04 22:35:36', '2022-02-04 22:35:57', 3, 'e9d479b98d18'),
	('4c9195299bfe', NULL, '<p>Wir machen vier Gruppen.</p><p>Gruppe1 Kche-Aufenthalt-Essenszelt</p><p>Gruppe2 Schlafzelter</p><p>Gruppe3 Kcheninneneinrichtung</p><p>Gruppe4 Latrine</p>', NULL, '2022-02-04 22:38:13', '2022-02-04 22:38:22', 0, '00c6fe37b137'),
	('9e9e6773aa33', NULL, '<p>Alle Gruppe berlegen wo sie Ihre Zelter / Bauten Aufstellen mchten und zeichnen ein Plan-Krokki auf ein Packpapier. Fr Ausbesserungen und Fragen steht Tassilo bereit.</p>', NULL, '2022-02-04 22:38:15', '2022-02-04 22:38:28', 1, '00c6fe37b137'),
	('017c12813f27', NULL, '<p>Gruppe2 beginnt mit dem Aufbau der Schlafzelter</p><p>Dazu zeigt der Gruppenleiter zuerst vor, wie man in einer 3er Gruppe einen Spatz aufstellt. Dann werden 3 er Gruppen gebildet und die TN wiederholen das gezeigte mit dem Aufbau von weiteren Spatzen. </p><p>Gruppe1, Gruppe3 und Gruppe4 Der Gruppenleiter zeigt vor, wie gewisse Ttigkeiten (Seil spannen, Blachen mit Seil spannen, Blachen knpfen) richtig gemacht werden. Dann wiederholen die TN das gezeigte an den weiteren Stellen, wo das gemacht werden muss.</p>', NULL, '2022-02-04 22:38:16', '2022-02-04 22:38:32', 2, '00c6fe37b137'),
	('2cf0a4effc12', NULL, '<p>Alle Zelter sind Aufgestellt und besprechen wo es Schwierigkeiten gegeben hat und wie man es besser lsen knnte.</p>', NULL, '2022-02-04 22:38:18', '2022-02-04 22:38:36', 3, '00c6fe37b137'),
	('4b11ebf61fdf', '<p>0:15</p>', '<p>Um zum Flugzeug zu kommen laufen wir mit einem Flughafenmensch  entlang der Flugpiste (mit Kerzen oder Leuchtstbli abgesteckt). Wir setzen uns alle im Flugzeug (Pflanzentunnel Familie Amacher, alternative: jedes Kind liegt schon an seinen Schlafplatz symbolisch fr Sitzplatz) in Reihen hin (wie im Flugi). Die Flugbegleiterin / Der Flugbegleiter erklrt uns die Sicherheitsregeln und der Pilot wnscht uns einen guten Flug.</p>', '<p>Snoopy, Idefix</p>', '2022-02-04 22:38:53', '2022-02-04 22:39:37', 1, '78e81d1fbf0d'),
	('fd2c5e228adb', '<p>0:30</p>', '<p>Da wir uns auf einem Langstreckenflug befinden, knnen die mden Passagiere sich auf die Schlafpltze begeben (Zhneputzen und in die Zelter gehen). Der Flug beginnt.</p>', '<p>Snoopy, Idefix</p>', '2022-02-04 22:38:55', '2022-02-04 22:39:38', 2, '78e81d1fbf0d'),
	('136dd095cc12', '<p>00:00</p>', '<p>Die TN werden von lautem Sirenengeheul geweckt. Ein Triebwerk des Flugzeugs, in dem wir fliegen, ist ausgefalllen. Alle mssen sofort auf ihre Sitzpltze und die Gurte anschnallen.</p>', NULL, '2022-02-04 22:41:32', '2022-02-04 22:41:58', 0, 'f5b193a90c4f'),
	('2a3c0020d188', '<p>00:15</p>', '<p>Alle Kinder sind auf ihren Sitzpltzen angeschnallt, dann beginnt eines der Triebwerke zu brennen und die Sauerstoffmasken kommen aus der Decke, sie mssen diese alle Anziehen.</p>', NULL, '2022-02-04 22:41:34', '2022-02-04 22:42:01', 1, 'f5b193a90c4f'),
	('5adace9e0a6a', '<p>0:00</p>', '<p>Um unsere Reise sicher zu starten mssen wir alle durch die Sicherheitskontrolle: Holz Bogen mit Lichter etc wie am Flughafen, Sicherheitskontrolle bei Security (abtasten). Bei einigen TN''s piepst es und wir schmuggeln ihnen unerlaubte Gegenstnde wie Wasserpistolen, Trinkflaschen etc. unter. Die TN''s mit unerlaubten Gegenstnde mssen als Strafe 5 mal um die Zelter rennen und 10 Liegesttzen machen. Sobald alle durch die Kontrolle sind knnen wir ins Flugzeug.</p>', '<p>Snoopy, Idefix</p>', '2022-02-04 22:38:51', '2022-02-04 22:39:34', 0, '78e81d1fbf0d'),
	('5a2cf8cb9fcd', '<p>00.20</p>', '<p>Triffdenddel: Alle stehen in einem Kreis und man wirft eine mit Wassergefllten Pet Flasche einer Person zu und die Person mus die Flasche einhndig fangen wenn er sie nicht fngt mus er um den kreis rennen und man kann ihn abwerfen er muss solang er getroffen wird rundenen rennen bis er es ihn seine lcke schafft.</p>', NULL, '2022-02-04 23:02:57', '2022-02-04 23:03:20', 1, 'bbc4c3603119'),
	('7205b3e85428', '<p>00:10</p>', '<p>Spielerklrung (Ikarus):</p><p>Auf einem Spielfeld ist das Lager eingezeichnet, und 3 verschiedene Wege, die zu 3 verschiedenen Lagern fhren. Auf jedem Weg ist ein Eingeborener, der das Essen aus dem Lager klauen will. Bei jedem Lager sind 5 Essen, die geklaut werden knnen, wenn eine Gruppe kein Essen mehr hat, hat sie verloren. Jedes mal, wenn ein Eingeborener es bis ins Lager geschafft hat, ist ein Essen weg. Jede Viertelstunde kann ein TN pro Gruppe zum neutralen Posten kommen, und mit Bndeli Wrfelwrfe kaufen. Mit jedem Wrfelwurf kann man einen Eingeborenen bewegen, es ist aber egal, welchen. Wenn man aber den Eingeborenen auf einem anderen Weg nher an deren Lager fhrt, dann werden die Eingeborenen natrlich diesen weiter bewegen, da dieser eher Essen klauen wird.</p><p>Die Eingeborenen sind natrlich auch eine Gruppe, die versucht, mglichst viel Essen zu klauen, und auch mit Bndeli Wrfelwrfe kauft, die sie jede Viertelstunde eintauscht. Jede Gruppe hat an einem Gruppenplatz einen Knuel mit der eigenen Bndelifarbe.</p><p>Sobald der Eingeborene das Essen gelaut hat, ist er wieder auf dem Startfeld</p><p>Neutraler Posten: Ikarus</p><p>Eingeborene: Tassilo, Blinky, Jiminy, Swuppi, Zera, Blubb</p>', NULL, '2022-02-04 22:46:38', '2022-02-04 22:47:21', 1, '94448eaafa0d'),
	('cabbf57a8dd1', '<p>02:00</p>', '<p>Ende</p>', NULL, '2022-02-04 22:47:08', '2022-02-04 22:47:35', 5, '94448eaafa0d'),
	('91a943219db6', NULL, '<p>Beim Aufenthaltszelt wird den Kindern erklrt was eine A Blache und was eine B Blache ist. Nun mssen die Kinder die A Blachen von den B Blachen trennen und ein Leiter demonstriert ihnen wie man eine Reepschnur korrekt einfdelt. Die Kinder machen das nach und fassen die Blachen in 10erhufen zusammen.  Am schluss machen sie zuerst gemeinsam mit einem Leiter und dann alleine Blachenbnde.</p>', NULL, '2022-02-04 23:04:11', '2022-02-04 23:04:23', 2, 'ac207e1f00cb'),
	('8c1b7cd7f93d', '<p>0.20</p>', '<p>Es werden 3er Gruppen gebildet, jede Gruppe bekommt ein Couvert. Im Couvert finden sie, die Stze des Pfadigesetze sin Stcke geschnitten. Ziel ist es zu dritt das Pfadigesetz wieder zusammen zu setzen z.B. auf einer Blache vor dem Aufenthaltszelt Stze zusammen kleben</p><p>Sobald das Pfadigesetz zusammen gesetzt ist, sollen sich die Gruppe den wichtigsten Satz aus dem Gesetz heraussuchen.</p>', NULL, '2022-02-04 22:50:07', '2022-02-04 22:50:40', 1, '847374e5e4bf'),
	('33f8809caed0', '<p>0.50</p>', '<p>Anschliessend treffen sich alle wieder im Aufenthaltszelt und jede Gruppe stellt den fr sie wichtigsten Satz aus dem Pfadigesetz vor und es wird diskutiert warum dies sein kann oder nicht.</p>', NULL, '2022-02-04 22:50:08', '2022-02-04 22:50:44', 2, '847374e5e4bf'),
	('cceb8b974c0c', '<p>00.20</p>', '<p>Auf ihrem Vorrat (ein loch) hat es aufgeblasene Ballone und essensreste (schweine magen, also weisse ballone), die wir zuerst verplatzen mssen. ein teil der Kinder lenkt die Aboriginis ab (ohne berhren) und die andern mssen die Ballone verplatzen gehen und haben drei leere Ballone dabei. Doch bei jedem platzen, rennt ein aborgini los und versucht den TN zu catchen, wenn ers geschafft hat muss der Tn ihm ein Ballon abgeben. Die TNs mssen hinter eine sicherheits linie rennen und dort sind sie dann safe. Fr neue Ballone mssen die Tns fragen beantworten oder Aufgaben machen. Ziel ist, dass alle ballone im Vorrat geplatzt sind und wir unser essen zurck holen knnen.</p>', NULL, '2022-02-04 22:52:15', '2022-02-04 22:52:41', 2, '3127de277825'),
	('dc79c54c280d', '<p>0010</p>', '<p>Wir machen ein Triff den Ddel. Alle stehen im Kreis und ein Ball wird gegnseitig zugespielt. Der Ball darf nur mit einer Hand geworfen und gefangen werden. Wenn man den Ball nicht fngt muss man eine runde um den kreis rennen. wenn man wrend dieser runde vom Ball getroffen wird, muss man nochmals rennen. Wenn man einen schlechten passt schiesst muss man auch rennen. Die rennende person kann mehrmals wieder abgeschossen werden</p>', NULL, '2022-02-04 22:54:31', '2022-02-04 22:54:50', 1, '8af65594aee7'),
	('e3602eadc6ef', NULL, '<p>Diverse Bastelspass mit Blubb</p><p>Wir knpfen Bndeli auf spezielle Art (Beispielbndeli von Blubb)</p><p>Wir lernen wie man einen Kranich faltet. (Bei 1000 Kranich hat man einen Wunsch frei. Wir knnten uns wnschen, dass wir gerettet werden)</p><p>How to make a Hexaflexagon.</p>', NULL, '2022-02-04 22:55:06', '2022-02-04 22:55:24', 1, '7fb4b671a287'),
	('1e7ebcd243bd', NULL, '<p>Nach einer Weile spielen wir ein Paar spiele um uns wieder etwas zu bewegen.</p><p>Amerikanische Buldoggen</p><p>Schreimauer. Es giebt einen Sender und einen Empfnger. Der Sender muss dem Empfnger eine Nachricht schreien. Die restlichen personen mssen das verhindern indem sie eine Lrmwand machen zwischen dem Sender und dem Empfnger und in dei Reichtung des Senders schreien.</p>', NULL, '2022-02-04 22:55:13', '2022-02-04 22:55:38', 4, '7fb4b671a287'),
	('72b1adb23ca9', '<p>00:10</p>', '<p>SPIELERKLRUNG (Blinky):</p><p>Es muss ein Notsignal gesendet werden. Beide Parteien haben dafr je ein mit Absperrband abgesperrter Bereich im Wald (ca5x5m) mit je 10 Leuchtstbchen. Beide Teams mssen versuchen ein Leuchtstbchen vom Gegnerischen Bereich Klauen und zu ihrer eigenen Base bringen. Wer am meisten Leuchtstbchen in seiner Base hat gewonnen und darf das Notsignal mit den Stbchen schreiben. Umeinander davon abzuhalten ihre Leuchtstbchen zu klauen kann 3 mal auf den rcken des Angreifers geklopft werden (wenn dieser ein Leuchstbchen hat muss er dieses zurck gebeb). Der beklopfte muss dann auf der stelle 5 Liegesttzen machen und zurck zur seiner Base gehen.</p><p>Die Eingeborenen klauen whrenddessen immer wieder Leuchtstbchen weil sie diese fr Magische Stckchen halten.</p><p>Die Leuchtstchen knnen dann wieder an einem neutralen Posten mit PfadiTech Wissen oder wenn 2 gegnerische TNs ein Leuchtstbchen wollen mit einer Challenge zurckerobert werden.</p><p>SPIELABRUCH/ENDE:</p><p>3x pfeifen</p>', NULL, '2022-02-04 22:59:40', '2022-02-04 23:00:45', 2, 'f28ae87dfdcd'),
	('e013f6eefaf2', '<p>01:40</p>', '<p>Spielende</p><p>Alle TNs besammeln sich. Sie schauen sich zusammen mit den Eingeborenen die Notsignale an. Die Eingeborenen sind beidruckt und helfen beim aufrumen drfen dafr aber die Leuchtstbe behalten. Der Pilot ist abgehauen -&gt; wieder als Leiter anwesend</p>', NULL, '2022-02-04 22:59:48', '2022-02-04 23:00:58', 5, 'f28ae87dfdcd'),
	('ed357d92cc86', NULL, '<p>laufen die Kinder (vereinzelt) zurck zum Lagerplatz wenn sie alles berdenkt haben.</p><p> Danach gibt es das Lagerfeuer-feeling in der Kche mit Schoggi-Bananen und Marshmallows.</p>', NULL, '2022-02-04 23:02:15', '2022-02-04 23:02:27', 2, '8e2119b66e8f'),
	('869aa7803e5e', '<p>00:20</p>', '<p>Ein Triebwerk explodiert und kurz darauf schlagen wir auf, die Leiter stossen alle Kinder durcheinander und werfen die "Sthle" um, um den Absturz zu simulieren.</p>', NULL, '2022-02-04 22:41:35', '2022-02-04 22:42:04', 2, 'f5b193a90c4f'),
	('c2539b5d9c2e', '<p>00:25</p>', '<p>Wir regen uns langsam am Boden, um uns herum das zerstrte und brennende Flugzeug. Einem Leiter wurde der Arm aufgeschlitzt (Blinky) und er blutet stark, um erste Hilfe zu leisten suchen wir die Apotheke im Flugzeug. Wir versuchen, Rettungskrfte zu kontaktieren, haben aber kein Netz. Nachdem wir festgestellt haben, dass alle da sind und der verletzte Leiter versorgt ist, teilen wir Wachen  ein (nur die Leiter, die wachen nicht wirklich sondern gehen dann schlafen) und schicken die TN wieder ins Bett.</p>', NULL, '2022-02-04 22:41:37', '2022-02-04 22:42:08', 3, 'f5b193a90c4f'),
	('da7fe032485a', '<p>00:00</p>', '<p>Die TN sitzen mit Ikarus gemtlich im Aufenthaltszelt, als pltzlich die Kche schreit: Alarm Alarm. Wir rennen sofort zur Kche und sehen noch einen Eingeborenen (Tassilo) mit einem Leib Brot davon rennen. Wir nehmen natrlich sofort die Verfolgung auf und rennen ihm hinterher. Er rennt zu einer Gruppe Eingeborenen mit einem Huptling (Blubb) und diese bleiben stehen. Sie sind so viele, dass wir nicht direkt angreifen. Wir schreien ihn an, dass er sofort das Brot zurck geben muss. Der Huptling findet, das ist sein Land und wir sollten sofort verschwinden. Wir sagen wir hatten einen Flugzeugabsturz und warten auf Hilfe und knnen nicht weg, da wir nicht wissen, wohin. Der Huptling hlt uns aber fr bse Dmonen, die er vernichten muss, wir werden nie ruhig schlafen und essen auf seinem Land, bis wir weg sind. Dann verschwinden die Eingeborenen im Wald, und das Game beginnt.</p>', NULL, '2022-02-04 22:46:36', '2022-02-04 22:47:17', 0, '94448eaafa0d'),
	('da1970ada3d7', '<p>00:20</p>', '<p>Jede Gruppe sucht sich einen Gruppenplatz und bindet sich das Bndli an.</p>', NULL, '2022-02-04 22:46:40', '2022-02-04 22:47:26', 2, '94448eaafa0d'),
	('101e07c2a1f9', '<p>00.30</p>', '<p>Gordischer Knoten :Einer geht 1 minute weg und die restlichen Personen mssen sich so gut wies geht verknoten das ziel ist das die eine person den knoten wieder aufmacht. SS</p>', NULL, '2022-02-04 23:02:59', '2022-02-04 23:03:23', 2, 'bbc4c3603119'),
	('707018292bda', NULL, '<p>Bei den Schlafzelten zeigen die Leiter den Teilnehmern wie sie ein Spatz korrekt abbauen und reinigen. Die Kinder machen das nach.</p>', NULL, '2022-02-04 23:04:09', '2022-02-04 23:04:20', 1, 'ac207e1f00cb'),
	('b4faba7e807b', '<p>1.20</p>', '<p>Nach der Diskussion bleibt Zeit zu 2. oder zu 3. das Pfadiversprechen zu reptieren und zu lernen wer will kann Stift und Papiere haben oder es den Leitern vorsagen</p>', NULL, '2022-02-04 22:50:11', '2022-02-04 22:50:47', 3, '847374e5e4bf'),
	('ab86b3328ada', '<p>00.00</p>', '<p>Wir finden eine essens-, federspur und folgen dieser, weil das ja sciher die aboriginis waren</p>', NULL, '2022-02-04 22:52:11', '2022-02-04 22:52:35', 0, '3127de277825'),
	('227bc3f5e5d6', '<p>1.10</p>', '<p>Die Aboriginis sind geschlagen, wir haben unser essen wieder und laufen glcklich zum lagerplatz zurck.</p>', NULL, '2022-02-04 22:52:16', '2022-02-04 22:52:46', 3, '3127de277825'),
	('c0ddcf9c9198', '<p>0030</p>', '<p>Ende und wir gehen Zmorgen essen</p>', NULL, '2022-02-04 22:54:33', '2022-02-04 22:54:53', 2, '8af65594aee7'),
	('ce22edd22759', NULL, '<p>Was giebt es besseres als zu Snacken beim Warten. Wir erklren den Kindern wie man Brennesselchips macht.</p><p>1. Die Brennnesseln am besten mit Handschuhen schneiden und die Bltter abpflcken</p><p>2. Bltter waschen und in Salatschleuder trocknen. Sobald die Brennnesseln gewaschen sind, brennen sie nicht mehr!</p><p>3. Kokosfett oder Rapsl in der Pfanne heiss werden lassen, die Brennnesselbltter beifgen und mit der Kelle vorsichtig wenden</p><p>5. Wenn die Bltter knusprig sind, auf Kchenpapier abtropfen lassen</p><p>6. Mit Salz, Curry oder anderen Gewrzen bestreuen und sofort geniessen</p>', NULL, '2022-02-04 22:55:08', '2022-02-04 22:55:27', 2, '7fb4b671a287'),
	('118a941d5b7f', '<p>00.00</p>', '<p>Jemand liest das Verspechen lauf vor.</p><p>Wir machen vier (Je nach anmeldungen fnf) Gruppen.</p><p>in Posten besprechen sie mit einem Leiter ein Stck des Versprechens.</p><p>bedeutung, umsetzung etc.</p><p>Posten 1: Ich verspreche/ mein Mglichstes zu tun</p><p>Posten 2: mich immer von neuem mit dem Pfadigesetz auseinanderzusetzen</p><p>Posten3:mich in jeder Gemeinschaft einzusetzen, in der ich lebe</p><p>Posten4:Nach Sinn und Ziel meines Lebens zu suchen</p><p>Posten5:zusammen mit euch allen</p>', NULL, '2022-02-04 22:57:28', '2022-02-04 22:58:18', 0, '1a978f02a760'),
	('a9c164613e61', '<p>14:20</p>', '<p>Bagheera und Maki werden ber das bevorstehende Game aufgeklrt. Sie mssen je eine kleine rolle bernehmen. Beide mchten von dieser Insel weg jedoch die andere Person bzw Gruppe nicht dabei haben.</p>', NULL, '2022-02-04 22:59:37', '2022-02-04 23:00:39', 0, 'f28ae87dfdcd'),
	('0d1107eb519c', '<p>00:20</p>', '<p>Spielstart</p><p>Tassilo(Pilot) und Blinky(Eingeborener) verkleiden sich fr spter.</p>', NULL, '2022-02-04 22:59:43', '2022-02-04 23:00:49', 3, 'f28ae87dfdcd'),
	('c8467492f673', '<p>01:50</p>', '<p>Zurcklaufen mit Tassilo. Eingeborene laufen zurck in den Wald.</p>', NULL, '2022-02-04 22:59:50', '2022-02-04 23:01:01', 6, 'f28ae87dfdcd'),
	('f7310f31c767', NULL, '<p>Wir Treffen uns vor der Kche und alle Kinder werfen ihren Anonymen Brief in denn Pfaditopf. Danach wird nachmals der ganze Ablauf erklrt. </p><p>1. Still zum Bi-Pi Feuer laufen.</p><p>2. Feuer anznden</p><p>3. Brief</p><p>4. Abteilungslied singen</p><p>5. Private Zettel vorlessen</p>', NULL, '2022-02-04 23:02:12', '2022-02-04 23:02:20', 0, '8e2119b66e8f'),
	('10cd9ac18ca3', '<p>0010</p>', '<p>Zum einwrmen machen wir ein Pferderennen. Dabei klatschen sich alle mit den Hnden auf die Oberschenkel um das Hufgetrappel zu simulieren. Der Spielleiter gibt dann kommandos welche dann von allen durchgefhrt werden mssen wenn jemand ein Kommando verpasst oder ein Kommado falsch macht muss 3 Liegesttze machen. z.B. bei der Linkskurve lehnen alle nach links</p>', NULL, '2022-02-04 22:43:23', '2022-02-04 22:43:43', 0, 'e3a4242a7d93'),
	('50f77ad2a232', '<p>0025</p>', '<p>Als Hauptteil gehen wir in der nheren umgebung Joggen. Die Leitperson gibt immer wieder Kommandos vor bei welchen alle die vorgegebene bung machen mssen. z.B. bei 1 mssen alle springen.</p>', NULL, '2022-02-04 22:43:25', '2022-02-04 22:43:45', 1, 'e3a4242a7d93'),
	('fd662ae8e53b', '<p>0030</p>', '<p>Zum Abschluss spielen wir noch ein Peng. Dabei wird zuerst ein Thema definiert z. B. Produkte aus der Migros. Das Ziel des Spiels ist es, dass man bis zum Schluss nicht ausgeschieden wird. Dann stellen sich immer zwei Personen Rcken an Rcken und gehen los. Dann sagt der Spielleiter einen Buchstaben und die Kinder mssen sich umdrehen und so schnell wie mglich ein Migros Produkt sagen, dass mit diesem Buchstaben anfngt. Wenn man verliert wird man ausgeschieden.</p>', NULL, '2022-02-04 22:43:27', '2022-02-04 22:43:48', 2, 'e3a4242a7d93'),
	('4593b11e31e9', NULL, '<p>Wir bessern aus was auszubessern ist</p>', NULL, '2022-02-04 22:44:05', '2022-02-04 22:44:08', 0, 'ad3c129b71fd'),
	('f15835e62afe', '<p>00.05</p>', '<p>Aufwecken mit Musik</p>', NULL, '2022-02-04 23:02:53', '2022-02-04 23:03:17', 0, 'bbc4c3603119'),
	('7874ae728819', '<p>0130</p>', '<p>Zum abschluss spielen wir ein Schoggispiel. Dabei muss sich eine Person winterhandschuhe und diverse utensilien anziehen und darf dann beginnen mit Messer und Gabel eine in in Zeitund eingepackte Schokoladentafel zu essen. Die anderen versuchen mit Wrfeln eine 6 zu wrfeln. wenn ihnen das gelingt muss die essende Person alle utensilien ablegen und die neue Person muss sie anlegen und darf versuchen die schokolade zu essen. vor jedem wrfeln muss man einen Hampelmann machen.</p>', NULL, '2022-02-04 22:44:26', '2022-02-04 22:44:54', 2, 'e7d30e274563'),
	('8dbe3d0b9c61', NULL, '<p>Wir laufen 1420 los</p>', NULL, '2022-02-04 23:04:47', '2022-02-04 23:04:52', 0, '8fc6eca9bc8a'),
	('b63b74dc8292', '<p>0115</p>', '<p>Wir machein einen OL bei dem Jede gruppe zuerst einen Teil der Karte bekommt. nun ist ein Punkt auf einem Sichtmpli eingezeichnet an dem der Posten sein muss. Sie mssen nun entweder abschtzen wo der neue Kartenteil sein knnte oder mit den anderen Gruppen zusammenarbeiten um dei Posten zu finden.</p>', NULL, '2022-02-04 22:44:22', '2022-02-04 22:44:47', 0, 'e7d30e274563'),
	('22c4651d8c57', '<p>0015</p>', '<p>Um unseren oreinteierungssinn zu schrfen wird in einem definierten Feld ein gegenstand geworfen den man mit glocken hrt. Nun knnen die Teilnehmer (sie haben sich die Augen verbunden) mithilfe ihres gehrssinnes versuchen diesen gegenstand zu finden. Dieses Spiel wird mehrmals wiederholt bis wir unsere Sinne geschrft haben.</p>', NULL, '2022-02-04 22:44:24', '2022-02-04 22:45:29', 1, 'e7d30e274563'),
	('186d9eaa93bb', '<p>00:30</p>', '<p>Alle Gruppen haben Bndli angebunden und den Gruppenplatz bestimmt, Spielstart</p>', NULL, '2022-02-04 22:46:42', '2022-02-04 22:47:29', 3, '94448eaafa0d'),
	('1c62367edd7f', '<p>0.00</p>', '<p>Wir schreiben gemeinsam das  Pfadiversprechen und das Pfadigesetz auf (TN''s sollen sagen was sie schon wissen, wir ergnzen): </p><p>Versprechen:</p><p>Ich verspreche, mein mglichstes zu tun, um </p><p>mich immer von neuem mit dem Pfadigesetz auseinanderzusetzen</p><p>nach Sinn und Ziel meines Lebens zu suchen</p><p>mich in jeder Gemeinschaft einzusetzen, in der ich lebe</p><p>(Im Vertrauen auf Gott und) Zusammen mit Euch allen versuche ich, nach diesem Versprechen zu leben. </p><p>Gesetz:</p><p>Wir Pfadi wollen...</p><p>...offen und ehrlich sein</p><p>...Freude suchen und weitergeben</p><p>...unsere Hilfe anbieten</p><p>...uns entscheiden und Verantwortung tragen</p><p>...andere verstehen und achten</p><p>...miteinander teilen</p><p>...Sorge tragen zur Natur und allem Leben</p><p>...Schwierigkeiten mit Zuversicht begegnen</p>', NULL, '2022-02-04 22:50:05', '2022-02-04 22:50:35', 0, '847374e5e4bf'),
	('9fb1cf8cd05d', '<p>1.50</p>', '<p>Wir treffen uns nochmals im Aufenthaltszelt um Fragen zu klren. Wir versuchen nochmals alle Teile des Pfadiversprechens und Pfadigesetzt zusammen zu bringen (mndlich)</p>', NULL, '2022-02-04 22:50:13', '2022-02-04 22:50:50', 4, '847374e5e4bf'),
	('5d8db3cd4d59', '<p>00.15</p>', '<p>Wir finden das Aboriginis versteck, jedoch bewachen sie ihren Vorrat und wir berlegen uns wie wir sie ablenken knnen. (Sackmesser, Taschenlampen, musik, einfach neue dinge, die sie nicht kennen)</p>', NULL, '2022-02-04 22:52:13', '2022-02-04 22:52:38', 1, '3127de277825'),
	('b516b77b8269', '<p>0000</p>', '<p>Aufwecken mit Musik</p>', NULL, '2022-02-04 22:54:29', '2022-02-04 22:54:48', 0, '8af65594aee7'),
	('5820c26d3384', NULL, '<p>Wir besammeln uns im Aufenthaltszelt und besprechen was wir machen knnten. Die Leiter disskutieren Laut ob wir eventuell ein Notsignalfeuer machen knnten. Andere meinen wir knnten mit steinen einen Hilferuf schreiben, damit man diesen aus der Luft sehen wrde. Blubb ist der Meinung, dass wir warten sollten bis hilfe kommt und uns etwas die Zeit vertreiben sollten. wir machen Posten an denen man verschiedene Sachen lernen kann.</p>', NULL, '2022-02-04 22:55:04', '2022-02-04 22:55:19', 0, '7fb4b671a287'),
	('f1df09d6a960', NULL, '<p>Fr diejenigen die doch noch ewas sinnvolles machen wollen zeigen wir ihnen wie man Zundhlzli wasserdicht macht. Dazu schmilzt man etwas wachs und legt sie im Wachs ein sodass eine Schicht Wachs um das Streichholz entsteht. Dasselbe macht man nun mit dem Anzndstreifen und Voila Wasserdicht.</p><p>Flaschenpost.</p><p>Die Kinder drfen frei eine Nachricht entwerfen die wir in eine Flaschenpost tun. Diese Flaschenpost werden wir dann in irgend einer bung in einem Halben Jahr wiederfinden.</p><p>Ausserdem kann man ein paar Zundhlzlirtsel machen: </p><p>Aus sechs Streichhlzern 4 gleich grosse Dreiecke machen</p><p>Aus 4 Streichhlzern 5 Rechtecke machen</p><p>Die mnze aus der Schaufel nehmen</p>', NULL, '2022-02-04 22:55:10', '2022-02-04 22:55:33', 3, '7fb4b671a287'),
	('088ff7862e85', '<p>1.00</p>', '<p>Wir lernen das Pfadiversprechen mit dem "Ich packe in meinen Rucksack"-Spiel </p><p>Es beginnt jeamd und sagt "Ich..." und dann der reihe nach immer wieder holen was die andern zuvor gesagt haben und das nchste Wort des Versprechens nennen.</p>', NULL, '2022-02-04 22:57:29', '2022-02-04 22:57:52', 1, '1a978f02a760'),
	('5a32884b6a15', '<p>00:00</p>', '<p>Bagheera und Maki streiten im Aufenthaltszelt. Blinky bildet 2 Gruppen -&gt; Der Grsse nach aufstellen und auf 2 nummerieren. </p><p>Blinky luft dann mit beiden Gruppen in den Wald</p>', NULL, '2022-02-04 22:59:38', '2022-02-04 23:00:42', 1, 'f28ae87dfdcd'),
	('ccbf68d8e638', '<p>00:30</p>', '<p>Pilot (Tassilo)und eingeborene(alle Leiter) klauen Stbchen min. 1 Eingeborener ist hierbei beim neutralen Posten (erste paar Minuten Blinky).</p>', NULL, '2022-02-04 22:59:45', '2022-02-04 23:00:54', 4, 'f28ae87dfdcd'),
	('6f1975b376c1', NULL, '<p>Zusammen Laufen wir zum Bi-Pi Feuer und geniessen unser Ritual.</p><p>1. Der Feuermeister macht Feuer</p><p>2. Zera liest den Letzten Brief von Bi-Pi vor</p><p>3. Wir Singen das Abteilungslied</p><p>4. Wir geben denn Kessel durch und jeder zieht einen Zettel der er vorliest</p>', NULL, '2022-02-04 23:02:13', '2022-02-04 23:02:24', 1, '8e2119b66e8f'),
	('bff19405d956', NULL, '<p>Nach dem Zvieri Sagen wir den Kindern, dass es heute Abend ein Bi-Pi Feuer geben wird. Wir erklren, was das Bi-Pi Feuer ist. Fr das Bi-Pi Feuer mssen natrlich vorbereitungen getroffen:</p><p>Zum einen muss jeder etwas gutes, etwas schlechtes (zur Pfadi) und einen Wunsch sowie ein Danke oder einen Glckwunsch aufschreiben (alles Anonym)</p><p>Ausserdem werden auch zwei freiwillige das Feuer nach Anleitung vorbereiten.</p><p>Das Bi-Pi Feuer ist eine Tradition die die Pfadi schon seit ewigkeiten durchfhrt beim Bi-Pi Feuer wird der Letzte Brief von Bi-Pi vorgelesen und der Rest ist relativ Frei. Dennoch gibt es viele Regeln die eingehalten werden mssen.</p><p>-Es besteht aus einem Inneren und einem ausseren Steinkreis</p><p>-Die untersten zwei Hlzer sind nach der Nord-Sdachse ausgerichtet</p><p>-Das Feuer darf nur mit einer Fackel oder einer glhenden Kohle angezndet werden</p><p>-Am Anfang wird ein Feuerwchter bestimmt der das Feuer entfacht</p><p>-Nur der Feuerwchter darf in den 2. Steinkreis hinein und auch nur wenn er einen Stein entfernt</p><p>-Die Kohle wird direkt nach dem Anznden in das Feuer gelegt</p><p>-Das Feuer muss ausbrennen und darf nicht ausgelscht werden</p><p>-Wenn die Glut ausgekhlt ist bekommen alle anwesenden ein bisschen Kohle die sie dann im nchsten Bi-Pi Feuer wieder verwendet werden knnen. So brennt das Feuer immer weiter</p>', NULL, '2022-02-04 23:01:56', '2022-02-04 23:02:03', 0, '3a94193d3f6e'),
	('fb2757b5cf60', NULL, '<p>Wir bilden Gruppen in denen wir die einzelnen Lagerbauten wieder korrekt versorgen.</p><p>Gruppe eins: Schlafzelte</p><p>Gruppe zwei: Aufenthaltszelt + Latrine</p>', NULL, '2022-02-04 23:04:08', '2022-02-04 23:04:16', 0, 'ac207e1f00cb'),
	('f21f14c10c93', NULL, '<p>14:44 BUS 520 15613 Richtung Zrich Flughafen, Bahnhof /nach Zrich Flughafen, Bahnhof /Ankunft 14:55</p><p>15:01 Zug S 16 19657 Richtung Herrliberg-Feldmeilen / nach Zrich Oerlikon, Gleis 6 /Ankunft 15:05</p>', NULL, '2022-02-04 23:04:52', '2022-02-04 23:04:57', 1, '8fc6eca9bc8a');



INSERT INTO public.period (id, description, start, "end", createtime, updatetime, campid) VALUES
	('ff755e56fe79', 'Hauptlager', '2024-02-20', '2024-02-20', '2022-01-23 16:19:10', '2022-01-23 16:19:10', '6430aecc5422'),
	('a12a9154b43b', 'Hauptlager', '2021-01-01', '2021-01-01', '2022-01-23 16:19:10', '2022-01-23 16:19:10', 'e5027d852487'),
	('e8c03e4285cb', 'Hauptlager', '2023-07-03', '2023-07-08', '2022-01-23 16:19:10', '2022-02-04 19:30:48', '05ce4b9836e9'),
	('16b2fcffdd8e', 'Hauptlager', '2023-05-05', '2023-05-08', '2022-02-04 21:59:10', '2022-02-04 21:59:10', 'c4cca3a51342');



INSERT INTO public.day (id, dayoffset, createtime, updatetime, periodid) VALUES
	('ad21560b27b3', 0, '2022-01-23 16:19:10', '2022-01-23 16:19:10', 'e8c03e4285cb'),
	('65d73042d34e', 1, '2022-01-23 16:19:10', '2022-01-23 16:19:10', 'e8c03e4285cb'),
	('f036e9302f65', 2, '2022-01-23 16:19:10', '2022-01-23 16:19:10', 'e8c03e4285cb'),
	('9a23375e49ba', 0, '2022-01-23 16:19:10', '2022-01-23 16:19:10', 'ff755e56fe79'),
	('c163dc9c0862', 0, '2022-01-23 16:19:10', '2022-01-23 16:19:10', 'a12a9154b43b'),
	('f036e9302f66', 3, '2022-01-23 16:19:10', '2022-01-23 16:19:10', 'e8c03e4285cb'),
	('f036e9302f67', 0, '2022-01-23 16:19:10', '2022-01-23 16:19:10', '16b2fcffdd8e'),
	('f036e9302f68', 1, '2022-01-23 16:19:10', '2022-01-23 16:19:10', '16b2fcffdd8e'),
	('f036e9302f69', 2, '2022-01-23 16:19:10', '2022-01-23 16:19:10', '16b2fcffdd8e'),
	('f036e9302f70', 3, '2022-01-23 16:19:10', '2022-01-23 16:19:10', '16b2fcffdd8e');



INSERT INTO public.day_responsible (id, createtime, updatetime, dayid, campcollaborationid) VALUES
	('5c321135d5e9', '2022-01-23 16:19:10', '2022-01-23 16:19:10', 'ad21560b27b3', 'f08468783b7a'),
	('b0364210ca51', '2022-01-23 16:19:10', '2022-01-23 16:19:10', '65d73042d34e', 'f08468783b7a'),
	('78d5d2ec7036', '2022-01-23 16:19:10', '2022-01-23 16:19:10', '9a23375e49ba', '0e524d43e799'),
	('f3a25527bb83', '2022-01-23 16:19:10', '2022-01-23 16:19:10', 'c163dc9c0862', '2c313fa367b3');



INSERT INTO public.material_list (id, materiallistprototypeid, name, createtime, updatetime, campid) VALUES
	('bea5c374e5f5', NULL, 'Packliste', '2022-01-23 16:19:10', '2022-01-23 16:19:10', '05ce4b9836e9'),
	('9869949f344f', NULL, 'Einkaufsliste', '2022-01-23 16:19:10', '2022-01-23 16:19:10', '6430aecc5422'),
	('754f7f21fb38', NULL, 'Coop', '2022-02-04 19:31:36', '2022-02-04 19:31:36', '05ce4b9836e9'),
	('023e852d8343', NULL, 'Taifun', '2022-02-04 19:31:45', '2022-02-04 19:31:45', '05ce4b9836e9'),
	('ca4303857716', NULL, 'Castor', '2022-02-04 19:31:55', '2022-02-04 19:31:55', '05ce4b9836e9'),
	('c3aa0055ddb8', NULL, 'Baghira', '2022-02-04 19:32:13', '2022-02-04 19:32:13', '05ce4b9836e9'),
	('2ba13d7ebd3e', NULL, 'Bi Pi', '2022-02-04 19:32:27', '2022-02-04 19:32:27', '05ce4b9836e9'),
	('c7cf171a587d', NULL, 'Idefix', '2022-02-04 19:32:47', '2022-02-04 19:32:47', '05ce4b9836e9'),
	('61d49e282180', NULL, 'Snoopy', '2022-02-04 19:33:06', '2022-02-04 19:33:06', '05ce4b9836e9'),
	('2dc021613c94', NULL, 'Pfadiheim', '2022-02-04 21:28:55', '2022-02-04 21:28:55', '05ce4b9836e9'),
	('d26923cc560d', NULL, 'Lebensmittel', '2022-01-23 16:19:10', '2022-02-04 21:44:16', 'e5027d852487'),
	('a69b2d247be3', NULL, 'Baumarkt', '2022-02-04 21:44:22', '2022-02-04 21:44:22', 'e5027d852487'),
	('387e6dbe2cbb', NULL, 'Pfadiheim', '2022-02-04 21:44:32', '2022-02-04 21:44:32', 'e5027d852487'),
	('58723b211d16', NULL, 'J+S', '2022-02-04 21:44:38', '2022-02-04 21:44:38', 'e5027d852487'),
	('40cedec3bc8b', 'd26923cc560d', 'Lebensmittel', '2022-02-04 21:59:10', '2022-02-04 21:59:10', 'c4cca3a51342'),
	('7449c7d8e4a3', 'a69b2d247be3', 'Baumarkt', '2022-02-04 21:59:10', '2022-02-04 21:59:10', 'c4cca3a51342'),
	('38a28bc6e4b7', '387e6dbe2cbb', 'Pfadiheim', '2022-02-04 21:59:10', '2022-02-04 21:59:10', 'c4cca3a51342'),
	('3f3d1b4da46a', '58723b211d16', 'J+S', '2022-02-04 21:59:10', '2022-02-04 21:59:10', 'c4cca3a51342'),
	('40abf25cb33e', NULL, 'Bi Pi', '2022-02-04 22:36:43', '2022-02-04 22:36:43', 'c4cca3a51342'),
	('044ad25c2c25', NULL, 'Salamander', '2022-02-04 22:36:50', '2022-02-04 22:36:50', 'c4cca3a51342'),
	('4e688b4eea5f', NULL, 'Idefix', '2022-02-04 22:37:09', '2022-02-04 22:37:09', 'c4cca3a51342'),
	('c5ac484eb310', NULL, 'Snoopy', '2022-02-04 22:37:39', '2022-02-04 22:37:39', 'c4cca3a51342');



INSERT INTO public.material_item (id, article, quantity, unit, createtime, updatetime, materiallistid, periodid, materialnodeid) VALUES
	('419b8e7addb9', 'Lagerapotheke', 1, NULL, '2022-01-23 16:19:10', '2022-01-23 16:19:10', '9869949f344f', 'ff755e56fe79', NULL),
	('e91ec866d090', 'Lagerapotheke', 1, NULL, '2022-01-23 16:19:10', '2022-01-23 16:19:10', 'd26923cc560d', 'a12a9154b43b', NULL),
	('9b8529cb95e2', 'Karte mit eingezeichneter Route', 2, NULL, '2022-02-04 21:12:31', '2022-02-04 21:12:31', '023e852d8343', NULL, 'e78589d80ab0'),
	('2713f32b92a1', 'ausgedruckte Liste mit Charakter', 1, NULL, '2022-02-04 21:19:58', '2022-02-04 21:19:58', 'ca4303857716', NULL, '1f5be4e2f781'),
	('53b7160264a5', 'Bltter fr Regeln', 16, NULL, '2022-02-04 21:22:17', '2022-02-04 21:22:17', '754f7f21fb38', NULL, '8a9bf9f6652a'),
	('b2cc8ae57cf6', 'Papierrolle', 1, NULL, '2022-02-04 21:22:28', '2022-02-04 21:22:28', '754f7f21fb38', NULL, '8a9bf9f6652a'),
	('0a8f54957d8c', 'Gitarre, Ipod und Bxli', NULL, NULL, '2022-02-04 21:26:20', '2022-02-04 21:26:20', 'c3aa0055ddb8', NULL, '718834024a14'),
	('502dbbbe1d49', 'J+S Broschren', NULL, NULL, '2022-02-04 21:26:32', '2022-02-04 21:26:32', 'c3aa0055ddb8', NULL, '718834024a14'),
	('bdeeb57a0c3e', 'Blaues Knotenbchlein', NULL, NULL, '2022-02-04 21:26:39', '2022-02-04 21:26:39', '2ba13d7ebd3e', NULL, '718834024a14'),
	('904028f77d2d', 'Spatz-Zelte', 2, 'Stk', '2022-02-04 21:29:36', '2022-02-04 21:29:36', '2dc021613c94', NULL, 'b0db3093d60e'),
	('ab7daf9a833e', 'Gruppenzelte', 5, 'Stk', '2022-02-04 21:36:44', '2022-02-04 21:36:44', '2dc021613c94', 'e8c03e4285cb', NULL),
	('4b613c7c2e99', 'Gruppenbillet', 1, NULL, '2022-02-04 22:36:22', '2022-02-04 22:37:56', 'c5ac484eb310', NULL, '07c09b2470ac'),
	('9e18a8a597c3', 'Blachen fr Pflanzenzelt zum Flugiverkleiden ', NULL, NULL, '2022-02-04 22:40:02', '2022-02-04 22:40:02', '3f3d1b4da46a', NULL, '2fb752aa92f2'),
	('7b9198492d43', 'Pflanzenzelt', NULL, NULL, '2022-02-04 22:40:15', '2022-02-04 22:40:15', '4e688b4eea5f', NULL, '2fb752aa92f2'),
	('47329b79e52d', 'Kontrollbogen fr Sicherheitskontrolle', NULL, NULL, '2022-02-04 22:40:38', '2022-02-04 22:40:38', '044ad25c2c25', NULL, '2fb752aa92f2'),
	('7ab652f96fa6', 'Sicherheitspersonal', 2, NULL, '2022-02-04 22:41:00', '2022-02-04 22:41:00', '38a28bc6e4b7', NULL, '2fb752aa92f2'),
	('50a6637c0b06', 'Flugbegleiterin', 1, NULL, '2022-02-04 22:41:15', '2022-02-04 22:41:15', '38a28bc6e4b7', NULL, '2fb752aa92f2'),
	('92494ffe5efb', 'Flugzeug', 1, NULL, '2022-02-04 22:42:22', '2022-02-04 22:42:22', '40abf25cb33e', NULL, 'b14c120b5724'),
	('6e8ad44528d0', 'Sauerstoffmasken', 20, NULL, '2022-02-04 22:42:37', '2022-02-04 22:42:37', '40abf25cb33e', NULL, 'b14c120b5724'),
	('821190cbccdf', 'bungsapotheke', 1, NULL, '2022-02-04 22:42:51', '2022-02-04 22:42:51', '38a28bc6e4b7', NULL, 'b14c120b5724'),
	('dd21d4df818e', 'Verletzung fr Druckverband', 1, NULL, '2022-02-04 22:43:05', '2022-02-04 22:43:05', '40abf25cb33e', NULL, 'b14c120b5724'),
	('0c7b6661919a', 'Karten umgebung', 5, NULL, '2022-02-04 22:45:52', '2022-02-04 22:45:52', '044ad25c2c25', NULL, '02aa83c29f8e'),
	('a80cf562c169', 'Tafel Schokolade', 1, NULL, '2022-02-04 22:46:10', '2022-02-04 22:46:10', '40cedec3bc8b', NULL, '02aa83c29f8e'),
	('8810f69b5cd0', 'Sichtmppli', 5, NULL, '2022-02-04 22:46:21', '2022-02-04 22:46:21', '044ad25c2c25', NULL, '02aa83c29f8e'),
	('595be21c6abb', 'Farben Bndeli', 4, NULL, '2022-02-04 22:48:18', '2022-02-04 22:48:18', '38a28bc6e4b7', NULL, '1ca8ad357ef7'),
	('28d3358c63d4', 'Spielbrett mit Wegen und Lagern', 1, NULL, '2022-02-04 22:48:32', '2022-02-04 22:48:32', '40abf25cb33e', NULL, '1ca8ad357ef7'),
	('3a7279b01fe1', 'Essen', 15, NULL, '2022-02-04 22:48:45', '2022-02-04 22:48:45', '40abf25cb33e', NULL, '1ca8ad357ef7'),
	('57f21c9ccee8', 'Eingeborene', 5, NULL, '2022-02-04 22:49:01', '2022-02-04 22:49:01', '40abf25cb33e', NULL, '1ca8ad357ef7'),
	('bf0ba5755f50', 'Eingeborenen Huptling', 1, NULL, '2022-02-04 22:49:22', '2022-02-04 22:49:22', '044ad25c2c25', NULL, '1ca8ad357ef7'),
	('2f56113cbd63', 'Kche, die Alarm schreit', 1, NULL, '2022-02-04 22:49:35', '2022-02-04 22:49:35', '40abf25cb33e', NULL, '1ca8ad357ef7'),
	('897f583cf14c', 'Apotheke', 1, NULL, '2022-02-04 22:49:50', '2022-02-04 22:49:50', '38a28bc6e4b7', NULL, '1ca8ad357ef7'),
	('df5b1e41e522', 'Blachen', 6, NULL, '2022-02-04 22:51:19', '2022-02-04 22:51:19', '3f3d1b4da46a', NULL, '6481f55d80e3'),
	('0eca1dc1b715', 'Packpapier', 1, NULL, '2022-02-04 22:51:29', '2022-02-04 22:51:29', '40cedec3bc8b', NULL, '6481f55d80e3'),
	('f8545c1fdf55', 'Stifte', NULL, NULL, '2022-02-04 22:51:39', '2022-02-04 22:51:39', '38a28bc6e4b7', NULL, '6481f55d80e3'),
	('06a3ed916e8e', 'Klebeband', NULL, NULL, '2022-02-04 22:51:50', '2022-02-04 22:51:50', '38a28bc6e4b7', NULL, '6481f55d80e3'),
	('8c5bfff8d1da', 'Papier', NULL, NULL, '2022-02-04 22:51:58', '2022-02-04 22:51:58', '38a28bc6e4b7', NULL, '6481f55d80e3'),
	('d0fac7e311ef', 'Ballone', 50, NULL, '2022-02-04 22:53:14', '2022-02-04 22:53:14', '4e688b4eea5f', NULL, '0ef300877289'),
	('a7d5ea5bd7d8', 'Schaufel', 2, NULL, '2022-02-04 22:53:26', '2022-02-04 22:53:26', '38a28bc6e4b7', NULL, '0ef300877289'),
	('db84545586cc', 'Essensresten (Zwiebelschalen etc)', 7, NULL, '2022-02-04 22:53:52', '2022-02-04 22:53:52', '044ad25c2c25', NULL, '0ef300877289'),
	('7ede404417f6', 'Federn', 20, NULL, '2022-02-04 22:54:07', '2022-02-04 22:54:07', 'c5ac484eb310', NULL, '0ef300877289'),
	('b5795aa99a5b', 'Viel Paracord', NULL, NULL, '2022-02-04 22:56:28', '2022-02-04 22:56:33', 'c5ac484eb310', NULL, '6183cacb2dbd'),
	('c09817a5e782', 'Flasche fr Flaschenpost', 1, NULL, '2022-02-04 22:56:50', '2022-02-04 22:56:50', 'c5ac484eb310', NULL, '6183cacb2dbd'),
	('5a0b71fcfd88', 'Wachs', NULL, NULL, '2022-02-04 22:56:58', '2022-02-04 22:56:58', 'c5ac484eb310', NULL, '6183cacb2dbd'),
	('c3345dc60a9e', 'Zunhlzli', NULL, NULL, '2022-02-04 22:57:10', '2022-02-04 22:57:10', 'c5ac484eb310', NULL, '6183cacb2dbd'),
	('c0f1659c2724', 'Absperrband', 1, NULL, '2022-02-04 23:01:39', '2022-02-04 23:01:39', '044ad25c2c25', NULL, '06f9dd59b932'),
	('b4454f81d98b', 'Leuchtstbe', 20, NULL, '2022-02-04 23:01:30', '2022-02-04 23:01:44', '38a28bc6e4b7', NULL, '06f9dd59b932'),
	('7076d85101ad', 'Pet flasche', 1, NULL, '2022-02-04 23:03:37', '2022-02-04 23:03:37', '4e688b4eea5f', NULL, '3b87f372f2c0'),
	('cf70bbe61af3', 'Bxli mit Musik', 1, NULL, '2022-02-04 23:03:49', '2022-02-04 23:03:49', '4e688b4eea5f', NULL, '3b87f372f2c0');



INSERT INTO public.schedule_entry (id, periodoffset, length, "left", width, createtime, updatetime, periodid, activityid) VALUES
	('49334ec99fc4', 600, 60, 0, 1, '2022-01-23 16:19:10', '2022-01-23 16:19:10', 'ff755e56fe79', 'c13b91f0e465'),
	('2dbeb6095bd8', 660, 60, 0, 1, '2022-01-23 16:19:10', '2022-01-23 16:19:10', 'a12a9154b43b', 'd3cfa12d19f2'),
	('54c8d6a938f2', 720, 60, 0, 1, '2022-01-23 16:19:10', '2022-01-23 16:19:10', 'a12a9154b43b', 'd3cfa12d19f2'),
	('a17207edea05', 495, 225, 0, 1, '2022-02-04 19:34:29', '2022-02-04 19:34:29', 'e8c03e4285cb', 'fbc7e0c7eb37'),
	('00dad16a537a', 720, 45, 0, 1, '2022-02-04 19:34:53', '2022-02-04 19:34:53', 'e8c03e4285cb', 'a08b26f637fd'),
	('436c8d05cd29', 765, 75, 0, 1, '2022-02-04 19:35:38', '2022-02-04 19:35:38', 'e8c03e4285cb', 'b9690aa9d0d1'),
	('cca7c79f9a75', 840, 180, 0, 1, '2022-02-04 19:36:21', '2022-02-04 19:36:21', 'e8c03e4285cb', 'a6bd9f6c86fb'),
	('e4a5360dc6a6', 1020, 30, 0, 1, '2022-02-04 19:37:23', '2022-02-04 19:37:23', 'e8c03e4285cb', 'cce5fa2a015e'),
	('a58da2941515', 1050, 150, 0, 1, '2022-02-04 19:37:44', '2022-02-04 19:37:44', 'e8c03e4285cb', 'dc3324f7a88b'),
	('1b70b3797971', 1200, 60, 0, 1, '2022-02-04 19:38:15', '2022-02-04 19:38:15', 'e8c03e4285cb', '27e9acadda02'),
	('fe610337ee5f', 1260, 30, 0, 1, '2022-02-04 19:39:09', '2022-02-04 19:39:09', 'e8c03e4285cb', 'cf90c77076cd'),
	('ddbc6dac8d3a', 1395, 15, 0, 1, '2022-02-04 19:40:24', '2022-02-04 19:40:40', 'e8c03e4285cb', '4ae5c4626953'),
	('5f994cde7a07', 1290, 105, 0, 1, '2022-02-04 19:39:53', '2022-02-04 19:40:47', 'e8c03e4285cb', '12c2ae3694cd'),
	('78fa7441838a', 1890, 30, 0, 1, '2022-02-04 19:41:39', '2022-02-04 19:41:39', 'e8c03e4285cb', '6ce55d8ce277'),
	('63de0be77737', 1920, 60, 0, 1, '2022-02-04 19:42:13', '2022-02-04 19:42:13', 'e8c03e4285cb', '1f6fe9849b0f'),
	('5622eab7c333', 1980, 165, 0, 1, '2022-02-04 19:43:24', '2022-02-04 19:43:38', 'e8c03e4285cb', 'a64086cadc96'),
	('542bed6a6b03', 1980, 165, 0, 1, '2022-01-23 16:19:10', '2022-02-04 19:43:42', 'e8c03e4285cb', '8f1126e31ddb'),
	('d87b8992a48c', 2145, 45, 0, 1, '2022-02-04 19:44:35', '2022-02-04 19:44:47', 'e8c03e4285cb', 'e8ec39cfdc53'),
	('d0b9dee5d5e9', 2190, 105, 0, 1, '2022-02-04 19:45:19', '2022-02-04 19:45:19', 'e8c03e4285cb', '8692e4ae6c37'),
	('6199649a0562', 2295, 135, 0, 1, '2022-02-04 19:46:02', '2022-02-04 19:46:02', 'e8c03e4285cb', 'a668e4f6deb0'),
	('5157efe2685e', 2295, 135, 0, 1, '2022-02-04 19:46:20', '2022-02-04 19:46:25', 'e8c03e4285cb', '05a34df11f79'),
	('c9ccf9562c0d', 2430, 60, 0, 1, '2022-02-04 19:47:02', '2022-02-04 19:47:11', 'e8c03e4285cb', '3f74dc9975a2'),
	('0be13d15876d', 2490, 60, 0, 1, '2022-02-04 19:47:50', '2022-02-04 19:47:50', 'e8c03e4285cb', 'cbcc7c441c8a'),
	('b9e45a564cfd', 2550, 105, 0, 1, '2022-02-04 19:48:14', '2022-02-04 19:48:14', 'e8c03e4285cb', '3fd88d20fe9b'),
	('a86777bdedf8', 2655, 90, 0, 1, '2022-02-04 19:48:40', '2022-02-04 19:48:47', 'e8c03e4285cb', '5809bfd12a91'),
	('7f5cae0cdfa7', 2745, 75, 0, 1, '2022-02-04 19:49:02', '2022-02-04 19:49:02', 'e8c03e4285cb', '8e36ab75bcf3'),
	('0215a586a475', 2820, 60, 0, 1, '2022-02-04 19:49:34', '2022-02-04 19:49:34', 'e8c03e4285cb', 'dee39a1a4170'),
	('6950ae9fd598', 2790, 60, 0, 1, '2022-02-04 19:50:07', '2022-02-04 19:50:17', 'e8c03e4285cb', '082242275a00'),
	('ff09175e6941', 2820, 45, 0, 1, '2022-02-04 19:50:53', '2022-02-04 19:50:53', 'e8c03e4285cb', 'e8991fd53177'),
	('cd5ac2a16375', 3705, 75, 0, 1, '2022-02-04 19:51:36', '2022-02-04 19:51:36', 'e8c03e4285cb', '2e8a48ca589b'),
	('38d87fbdc561', 3855, 135, 0, 1, '2022-02-04 19:51:56', '2022-02-04 19:52:03', 'e8c03e4285cb', '4a1f81738c99'),
	('caff951a6e52', 4095, 165, 0, 1, '2022-02-04 19:52:33', '2022-02-04 19:52:33', 'e8c03e4285cb', 'fd44afa1f37e'),
	('bf0ba53ad0d7', 4860, 105, 0, 1, '2022-02-04 19:52:59', '2022-02-04 19:52:59', 'e8c03e4285cb', '7341faac0de7'),
	('4bc1873a73f2', 1020, 60, 0, 1, '2022-02-04 22:06:20', '2022-02-04 22:06:20', '16b2fcffdd8e', '7f33c504d878'),
	('c3d36cd00544', 1080, 60, 0, 1, '2022-02-04 22:10:52', '2022-02-04 22:10:52', '16b2fcffdd8e', '0af9f5378baf'),
	('c7cdd9cc23bc', 1140, 120, 0, 1, '2022-02-04 22:11:12', '2022-02-04 22:11:12', '16b2fcffdd8e', 'e2513752077e'),
	('60a0b0635d46', 1260, 105, 0, 1, '2022-02-04 22:15:20', '2022-02-04 22:15:20', '16b2fcffdd8e', '3ff87a61bc3d'),
	('3dcbe2a92578', 3390, 60, 0, 1, '2022-02-04 22:15:20', '2022-02-04 22:15:20', '16b2fcffdd8e', '3ff87a61bc3d'),
	('a3389bd0ea0f', 3600, 60, 0, 1, '2022-02-04 22:15:20', '2022-02-04 22:15:20', '16b2fcffdd8e', '3ff87a61bc3d'),
	('b7057d701add', 4800, 60, 0, 1, '2022-02-04 22:15:20', '2022-02-04 22:15:20', '16b2fcffdd8e', '3ff87a61bc3d'),
	('b12d0af13de0', 1365, 15, 0, 1, '2022-02-04 22:16:56', '2022-02-04 22:16:56', '16b2fcffdd8e', '3944911efcf7'),
	('4b4f2d67ee32', 1410, 29, 0, 1, '2022-02-04 22:17:30', '2022-02-04 22:17:30', '16b2fcffdd8e', '9e80c5b5f542'),
	('9377c93f08e1', 1980, 60, 0, 1, '2022-02-04 22:15:20', '2022-02-04 22:19:14', '16b2fcffdd8e', '3ff87a61bc3d'),
	('47239db6a8e4', 1950, 15, 0, 1, '2022-02-04 22:18:02', '2022-02-04 22:19:16', '16b2fcffdd8e', '68eea44d535f'),
	('79ab44e7d96a', 2040, 60, 0, 1, '2022-02-04 22:18:46', '2022-02-04 22:19:33', '16b2fcffdd8e', '0d2e8cce34d3'),
	('3935f7974ef8', 2190, 120, 0, 1, '2022-02-04 22:15:20', '2022-02-04 22:19:39', '16b2fcffdd8e', '3ff87a61bc3d'),
	('46cad2b11017', 2100, 90, 0, 1, '2022-02-04 22:19:53', '2022-02-04 22:19:53', '16b2fcffdd8e', '3bcd08318a93'),
	('9c5b963da5e1', 2310, 135, 0, 1, '2022-02-04 22:20:19', '2022-02-04 22:20:32', '16b2fcffdd8e', '31e2853a122d'),
	('8efed0b671f0', 2550, 120, 0, 1, '2022-02-04 22:15:20', '2022-02-04 22:20:39', '16b2fcffdd8e', '3ff87a61bc3d'),
	('d28860c99b46', 4020, 120, 0, 1, '2022-02-04 22:15:20', '2022-02-04 22:20:45', '16b2fcffdd8e', '3ff87a61bc3d'),
	('f2923b997126', 2445, 105, 0, 1, '2022-02-04 22:21:03', '2022-02-04 22:21:03', '16b2fcffdd8e', 'e04002fab127'),
	('3da4545af722', 2670, 105, 0, 1, '2022-02-04 22:21:35', '2022-02-04 22:21:35', '16b2fcffdd8e', '2a99033ce9c3'),
	('2be7a86b82f3', 3360, 30, 0, 1, '2022-02-04 22:21:58', '2022-02-04 22:21:58', '16b2fcffdd8e', '9918af9af418'),
	('69226b3e49d7', 3450, 150, 0, 1, '2022-02-04 22:22:15', '2022-02-04 22:22:15', '16b2fcffdd8e', 'dc7d63607b36'),
	('6ee7b9aa5f9b', 3660, 135, 0, 1, '2022-02-04 22:22:38', '2022-02-04 22:23:08', '16b2fcffdd8e', '7b4dfe7501f9'),
	('a3d6ebc0b3ee', 3945, 75, 0, 1, '2022-02-04 22:23:30', '2022-02-04 22:23:42', '16b2fcffdd8e', 'c0ca9948b03c'),
	('501abe71a6ab', 3795, 150, 0, 1, '2022-02-04 22:22:56', '2022-02-04 22:23:45', '16b2fcffdd8e', 'a8b02940529b'),
	('6128f7aa752f', 4140, 165, 0, 1, '2022-02-04 22:24:04', '2022-02-04 22:24:04', '16b2fcffdd8e', 'b790b08a6b47'),
	('c76ea4bae834', 4770, 30, 0, 1, '2022-02-04 22:24:36', '2022-02-04 22:24:36', '16b2fcffdd8e', '1c6f1a4ce113'),
	('97cf16fb8cae', 4860, 180, 0, 1, '2022-02-04 22:27:21', '2022-02-04 22:27:21', '16b2fcffdd8e', 'a2caed7409a2'),
	('9020d417c38f', 5040, 60, 0, 1, '2022-02-04 22:27:43', '2022-02-04 22:27:43', '16b2fcffdd8e', '414a0df65593'),
	('159f28246128', 5100, 120, 0, 1, '2022-02-04 22:27:57', '2022-02-04 22:28:18', '16b2fcffdd8e', '4e63364bba02');



