



INSERT INTO public.profile (id, email, username, firstname, surname, nickname, language, roles, createtime, updatetime, googleid, pbsmidataid, cevidbid, untrustedemail, untrustedemailkeyhash) VALUES
	('5e387cad273d', 'test@example.com', 'test-user', 'Robert', 'Baden-Powell', 'Bi-Pi', 'en', '["ROLE_USER"]', '2022-01-23 16:19:10', '2022-01-23 16:19:10', NULL, NULL, NULL, NULL, NULL),
	('e5433660140b', 'joan.doyle@lynch.net', 'unrelated-user', 'Wanda', 'Koelpin', 'sit', 'en', '["ROLE_USER"]', '2022-01-23 16:19:10', '2022-01-23 16:19:10', NULL, NULL, NULL, NULL, NULL),
	('711ad2e96f9f', 'admin@example.com', 'admin', 'Admi', 'Nistrator', 'Administrator', 'de', '["ROLE_USER", "ROLE_ADMIN"]', '2022-01-23 16:19:10', '2022-01-23 16:19:10', NULL, NULL, NULL, NULL, NULL),
	('d36197370d44', 'evonrueden@hotmail.com', 'fresh-user', 'Clifford', 'Beier', 'sed', 'en', '["ROLE_USER"]', '2022-01-23 16:19:10', '2022-01-23 16:19:10', NULL, NULL, NULL, NULL, NULL),
	('f9f1a2f9af25', 'reichel.zetta@hotmail.com', 'member-user', 'Zora', 'Steuber', 'Baghira', 'en', '["ROLE_USER"]', '2022-01-23 16:19:10', '2022-02-04 19:18:01', NULL, NULL, NULL, NULL, NULL),
	('0870635edda6', 'lane65@yahoo.com', 'guest-user', 'Tremaine', 'Kohler', 'Idefix', 'en', '["ROLE_USER"]', '2022-01-23 16:19:10', '2022-02-04 19:18:43', NULL, NULL, NULL, NULL, NULL),
	('22dce794d4e2', 'ivy.mann@hotmail.com', 'inactive-user', 'Pat', 'Fadel', 'Snoopy', 'en', '["ROLE_USER"]', '2022-01-23 16:19:10', '2022-02-04 19:19:40', NULL, NULL, NULL, NULL, NULL),
	('4cda72af2704', 'rdooley@gmail.com', 'user6invited', 'Karlie', 'Terry', 'ET', 'en', '["ROLE_USER"]', '2022-01-23 16:19:10', '2022-02-04 19:21:43', NULL, NULL, NULL, NULL, NULL),
	('7d03c967be7e', 'hans.muster@example2.com', 'castor', 'Hans', 'Muster', 'Castor', 'de', '["ROLE_USER"]', '2022-02-04 19:25:07', '2022-02-04 23:07:57', NULL, NULL, NULL, NULL, NULL),
	('d46337a76a2c', 'fritz.mueller@example.com', 'salamander', 'Fritz', 'Müller', 'Salamander', 'de', '["ROLE_USER"]', '2022-02-04 19:26:22', '2022-02-04 23:08:12', NULL, NULL, NULL, NULL, NULL);



INSERT INTO public."user" (id, state, activationkeyhash, password, createtime, updatetime, profileid, passwordresetkeyhash) VALUES
	('e7b00084dabf', 'activated', NULL, '$argon2id$v=19$m=65536,t=4,p=1$/RC8YWMDDXR19wB4or6bBA$Kq5haK2SACQgo4CB7eDUibsD3QXCE32w25ZwhKg1SGw', '2022-01-23 16:19:10', '2022-01-23 16:19:10', 'e5433660140b', NULL),
	('be69ef467190', 'activated', NULL, '$argon2id$v=19$m=65536,t=4,p=1$/RC8YWMDDXR19wB4or6bBA$Kq5haK2SACQgo4CB7eDUibsD3QXCE32w25ZwhKg1SGw', '2022-01-23 16:19:10', '2022-01-23 16:19:10', 'd36197370d44', NULL),
	('bae69a1c9fcc', 'activated', NULL, '$argon2id$v=19$m=65536,t=4,p=1$/RC8YWMDDXR19wB4or6bBA$Kq5haK2SACQgo4CB7eDUibsD3QXCE32w25ZwhKg1SGw', '2022-01-23 16:19:10', '2022-02-04 19:17:40', 'f9f1a2f9af25', NULL),
	('130684395770', 'activated', NULL, '$argon2id$v=19$m=65536,t=4,p=1$/RC8YWMDDXR19wB4or6bBA$Kq5haK2SACQgo4CB7eDUibsD3QXCE32w25ZwhKg1SGw', '2022-01-23 16:19:10', '2022-02-04 19:19:22', '22dce794d4e2', NULL),
	('e89f74da0089', 'activated', NULL, '$argon2id$v=19$m=65536,t=4,p=1$/RC8YWMDDXR19wB4or6bBA$Kq5haK2SACQgo4CB7eDUibsD3QXCE32w25ZwhKg1SGw', '2022-01-23 16:19:10', '2022-02-04 19:21:35', '4cda72af2704', NULL),
	('3b41dca5c568', 'activated', NULL, '$argon2id$v=19$m=65536,t=4,p=1$/RC8YWMDDXR19wB4or6bBA$Kq5haK2SACQgo4CB7eDUibsD3QXCE32w25ZwhKg1SGw', '2022-01-23 16:19:10', '2022-02-04 21:39:57', '711ad2e96f9f', NULL),
	('bee7cf5b3871', 'registered', '6e3137243c989bbad0d8dc466764fd14', '$argon2id$v=19$m=65536,t=4,p=1$/RC8YWMDDXR19wB4or6bBA$Kq5haK2SACQgo4CB7eDUibsD3QXCE32w25ZwhKg1SGw', '2022-02-04 19:26:22', '2022-02-04 19:26:22', 'd46337a76a2c', NULL),
	('48f00685a292', 'activated', NULL, '$argon2id$v=19$m=65536,t=4,p=1$/RC8YWMDDXR19wB4or6bBA$Kq5haK2SACQgo4CB7eDUibsD3QXCE32w25ZwhKg1SGw', '2022-01-23 16:19:10', '2022-02-04 19:18:21', '0870635edda6', NULL),
	('caeba9f7e728', 'registered', 'c2729478da044b9159e5efdd206d7f82', '$argon2id$v=19$m=65536,t=4,p=1$/RC8YWMDDXR19wB4or6bBA$Kq5haK2SACQgo4CB7eDUibsD3QXCE32w25ZwhKg1SGw', '2022-02-04 19:25:07', '2022-02-04 23:15:39', '7d03c967be7e', NULL),
	('9145944210a7', 'activated', NULL, '$2y$13$KTCSklVQHNvbwJQ3Awl8Ee7t0wJB1gfRBXDANeQlBblqwJ4wgOEmC', '2022-01-23 16:19:10', '2022-09-11 17:51:16', '5e387cad273d', NULL);



INSERT INTO public.camp (id, campprototypeid, isprototype, name, title, motto, addressname, addressstreet, addresszipcode, addresscity, createtime, updatetime, creatorid, ownerid) VALUES
	('6430aecc5422', NULL, false, 'CampUnrelated', 'vero', 'Officia id corporis incidunt saepe provident esse hic eligendi.', 'quos', '57654 Ondricka Trace Suite 792
Port Asiaton, MN 44798-0182', '10529', 'New Kaylinfort', '2022-01-23 16:19:10', '2022-01-23 16:19:10', '3b41dca5c568', '3b41dca5c568'),
	('05ce4b9836e9', NULL, false, 'Sola 2023', 'Harry Potter Lager', 'Harry Potter', 'Oskar Hugentobler', 'Rainweg 23', '1999', 'Les Bois', '2022-01-23 16:19:10', '2022-02-04 19:01:39', 'bae69a1c9fcc', '9145944210a7'),
	('e5027d852487', NULL, true, 'J+S', 'J+S', '', '', '', '', '', '2022-01-23 16:19:10', '2022-02-04 21:45:19', '3b41dca5c568', '3b41dca5c568'),
	('c4cca3a51342', 'e5027d852487', false, 'Pfila 2023', 'GRGR', 'Grandiose RealityTV Show', NULL, NULL, NULL, NULL, '2022-02-04 21:59:10', '2022-02-04 21:59:10', '9145944210a7', '9145944210a7');



INSERT INTO public.content_node (id, slot, "position", instancename, createtime, updatetime, rootid, parentid, contenttypeid, strategy, data) VALUES
	('cffc0df3cd43', '1', 1, 'dolores', '2022-01-23 16:19:10', '2022-01-23 16:19:10', '63ad36c59b9e', '63ad36c59b9e', '3ef17bd1df72', 'materialnode', NULL),
	('ce2988b91093', '1', 1, NULL, '2022-02-04 21:31:12', '2022-02-04 21:31:12', '3edf02e5fd3d', '51a9f1de497a', '3ef17bd1df72', 'materialnode', NULL),
	('1b807f974b0b', '1', 1, NULL, '2022-02-04 19:12:32', '2022-02-04 19:12:32', '869c7bbcf042', '60434c561273', '3ef17bd1df72', 'materialnode', NULL),
	('537890e46927', '1', 1, NULL, '2022-02-04 19:14:48', '2022-02-04 19:14:48', '3653b3134fc5', 'c8186cf53cba', '3ef17bd1df72', 'materialnode', NULL),
	('280575511eb1', '1', 1, NULL, '2022-02-04 19:15:59', '2022-02-04 19:15:59', '75a94bbedf29', '7996f3bd8e17', '3ef17bd1df72', 'materialnode', NULL),
	('e78589d80ab0', '1', 1, NULL, '2022-02-04 19:34:29', '2022-02-04 19:34:29', 'ff2ed0cab03e', 'fec746d4520a', '3ef17bd1df72', 'materialnode', NULL),
	('a0166c64872c', '1', 1, NULL, '2022-02-04 19:35:38', '2022-02-04 19:35:38', 'a2505e2c8aca', '59f56d3c1631', '3ef17bd1df72', 'materialnode', NULL),
	('869c7bbcf042', '', 0, 'columnLayout2', '2022-01-23 16:19:10', '2022-01-23 16:19:10', '869c7bbcf042', NULL, 'f17470519474', 'columnlayout', '{"columns": [{"slot": "1", "width": 12}]}'),
	('90aee6918863', '1', 1, NULL, '2022-02-04 19:37:23', '2022-02-04 19:37:23', 'd62d16c6afb6', '2210bc67a4ce', '3ef17bd1df72', 'materialnode', NULL),
	('1fe6c624a7f9', '1', 1, NULL, '2022-02-04 19:38:15', '2022-02-04 19:38:15', 'c7a28bcfd35f', '142195e3898c', '3ef17bd1df72', 'materialnode', NULL),
	('1f5be4e2f781', '1', 1, NULL, '2022-02-04 19:39:09', '2022-02-04 19:39:09', '83b61af97910', 'f6163448c705', '3ef17bd1df72', 'materialnode', NULL),
	('8a9bf9f6652a', '1', 1, NULL, '2022-02-04 19:39:53', '2022-02-04 19:39:53', '02823e618716', 'b570ee7e3999', '3ef17bd1df72', 'materialnode', NULL),
	('ed8d97dfdf29', '1', 1, NULL, '2022-02-04 19:40:24', '2022-02-04 19:40:24', 'c6eb39db9f9c', 'e5618cc0b5e8', '3ef17bd1df72', 'materialnode', NULL),
	('67dc0c0dbd5a', '1', 1, NULL, '2022-02-04 19:41:39', '2022-02-04 19:41:39', 'cd89a68084ff', '5f33da2c3f83', '3ef17bd1df72', 'materialnode', NULL),
	('d31385bd8cab', '1', 1, NULL, '2022-02-04 19:43:24', '2022-02-04 19:43:24', 'af6d3bd31bfb', '9e734d837c16', '3ef17bd1df72', 'materialnode', NULL),
	('4b28669b41e8', '1', 2, 'Material', '2022-02-04 19:36:21', '2022-02-04 21:15:28', 'a71f929dd156', 'bd796fec1ea0', '3ef17bd1df72', 'materialnode', NULL),
	('4ec683b8ebf6', '1', 1, NULL, '2022-02-04 19:46:02', '2022-02-04 19:46:02', '32e70cad4ec9', '77fe44df2707', '3ef17bd1df72', 'materialnode', NULL),
	('5b9566186621', '1', 1, NULL, '2022-02-04 19:46:20', '2022-02-04 19:46:20', '25aa0c832b70', 'e9c6cb975605', '3ef17bd1df72', 'materialnode', NULL),
	('c14691d42394', '1', 1, NULL, '2022-02-04 19:47:02', '2022-02-04 19:47:02', '303e8d9d2e2e', 'f71ace6060ae', '3ef17bd1df72', 'materialnode', NULL),
	('20471f8a92dd', '1', 1, NULL, '2022-02-04 19:47:50', '2022-02-04 19:47:50', '160930523ce2', '1f1f866f0cbb', '3ef17bd1df72', 'materialnode', NULL),
	('93c08ce48916', '1', 1, NULL, '2022-02-04 19:48:40', '2022-02-04 19:48:40', '3d211da36cc6', '99ec103f21e4', '3ef17bd1df72', 'materialnode', NULL),
	('a27e7d981943', '1', 1, NULL, '2022-02-04 19:49:02', '2022-02-04 19:49:02', '656295313d5c', '81dda09111d5', '3ef17bd1df72', 'materialnode', NULL),
	('b60d11f19ead', '1', 1, NULL, '2022-02-04 19:49:34', '2022-02-04 19:49:34', '5bdd84d2ab79', '67be10a1b564', '3ef17bd1df72', 'materialnode', NULL),
	('a06477857ced', '1', 1, NULL, '2022-02-04 19:50:07', '2022-02-04 19:50:07', 'a29cff2d1d03', 'af6d5af59785', '3ef17bd1df72', 'materialnode', NULL),
	('718834024a14', '1', 1, NULL, '2022-02-04 21:26:01', '2022-02-04 21:26:01', '645000130f8c', '645000130f8c', '3ef17bd1df72', 'materialnode', NULL),
	('954819c60f15', '1', 1, NULL, '2022-02-04 19:51:36', '2022-02-04 19:51:36', '6127f9640b45', '2d0de0759cd4', '3ef17bd1df72', 'materialnode', NULL),
	('b0db3093d60e', '1', 1, NULL, '2022-02-04 21:27:57', '2022-02-04 21:27:57', '69a1c2680b2b', 'a47e986e9179', '3ef17bd1df72', 'materialnode', NULL),
	('e0113df37985', '1', 1, NULL, '2022-02-04 19:51:56', '2022-02-04 19:51:56', 'e2ba5d9578b7', 'e44cf76f839d', '3ef17bd1df72', 'materialnode', NULL),
	('805227053131', '1', 1, NULL, '2022-02-04 19:52:33', '2022-02-04 19:52:33', 'ca9582689c1e', 'baeb0218568b', '3ef17bd1df72', 'materialnode', NULL),
	('7d66dde6d514', '1', 1, NULL, '2022-02-04 19:52:59', '2022-02-04 19:52:59', '50172d027864', 'a7c05f91afbc', '3ef17bd1df72', 'materialnode', NULL),
	('d84381075e3e', '1', 1, NULL, '2022-02-04 19:53:09', '2022-02-04 19:53:09', '78904734f1c0', '6e929eaf43e5', '3ef17bd1df72', 'materialnode', NULL),
	('74f53a077661', '1', 1, NULL, '2022-02-04 19:53:15', '2022-02-04 19:53:15', '11d4984c77c6', 'f8e595ca2a2a', '3ef17bd1df72', 'materialnode', NULL),
	('f0dddbc0b82d', '1', 1, NULL, '2022-02-04 21:42:28', '2022-02-04 21:42:28', '8fa1c8e597c3', '0a23aa100e1b', '3ef17bd1df72', 'materialnode', NULL),
	('7b11f9f0d2f3', '1', 1, NULL, '2022-02-04 21:43:16', '2022-02-04 21:43:16', 'fb21b1c912fd', '5598534f6d7f', '3ef17bd1df72', 'materialnode', NULL),
	('3139863b3234', '1', 1, NULL, '2022-02-04 21:59:10', '2022-02-04 21:59:10', '51d2e8dd6747', '48393c2e4cd6', '3ef17bd1df72', 'materialnode', NULL),
	('c1b174f0da82', '1', 1, NULL, '2022-02-04 21:59:10', '2022-02-04 21:59:10', 'd0d0bef87638', 'cdc9597bd2c4', '3ef17bd1df72', 'materialnode', NULL),
	('c6a2ad50a414', '1', 1, NULL, '2022-02-04 22:03:13', '2022-02-04 22:03:13', 'f9c28b8f6f31', '58a49366f78d', '3ef17bd1df72', 'materialnode', NULL),
	('b49bb0917fdc', '1', 1, NULL, '2022-02-04 22:06:20', '2022-02-04 22:06:20', '985356416a4b', 'cd9a869ea01c', '3ef17bd1df72', 'materialnode', NULL),
	('765d7592c9d6', '1', 1, NULL, '2022-02-04 22:10:06', '2022-02-04 22:10:06', '37616c74811f', '4d88b71250c5', '3ef17bd1df72', 'materialnode', NULL),
	('07c09b2470ac', '1', 1, NULL, '2022-02-04 22:10:52', '2022-02-04 22:10:52', '78c9196140b7', '16c1b1868c60', '3ef17bd1df72', 'materialnode', NULL),
	('ef0532ee8da3', '1', 1, NULL, '2022-02-04 22:11:12', '2022-02-04 22:11:12', 'c2eae59077c5', '667d18a76fe6', '3ef17bd1df72', 'materialnode', NULL),
	('2fb752aa92f2', '1', 1, NULL, '2022-02-04 22:16:56', '2022-02-04 22:16:56', '69fa08a77f38', '3ce6b7ec876f', '3ef17bd1df72', 'materialnode', NULL),
	('b14c120b5724', '1', 1, NULL, '2022-02-04 22:17:30', '2022-02-04 22:17:30', '5015df0b6259', '69c2c7eceec2', '3ef17bd1df72', 'materialnode', NULL),
	('a1a191bf155d', '1', 1, NULL, '2022-02-04 22:18:02', '2022-02-04 22:18:02', 'aff5fa86266e', 'fbc47b8cf426', '3ef17bd1df72', 'materialnode', NULL),
	('a3b8c9090ac0', '1', 1, NULL, '2022-02-04 22:18:46', '2022-02-04 22:18:46', '3a9614e39661', 'f63fb7a48ada', '3ef17bd1df72', 'materialnode', NULL),
	('02aa83c29f8e', '1', 1, NULL, '2022-02-04 22:19:53', '2022-02-04 22:19:53', '8e15971caab8', 'ed784a290de3', '3ef17bd1df72', 'materialnode', NULL),
	('1ca8ad357ef7', '1', 1, NULL, '2022-02-04 22:20:19', '2022-02-04 22:20:19', 'f9ba3a735450', 'c20a38fbe5bd', '3ef17bd1df72', 'materialnode', NULL),
	('6481f55d80e3', '1', 1, NULL, '2022-02-04 22:21:03', '2022-02-04 22:21:03', '280031715953', 'd5cd5fd59e4a', '3ef17bd1df72', 'materialnode', NULL),
	('0ef300877289', '1', 1, NULL, '2022-02-04 22:21:35', '2022-02-04 22:21:35', 'd4fe28437432', 'a046328425df', '3ef17bd1df72', 'materialnode', NULL),
	('0837f85cfe1f', '1', 1, NULL, '2022-02-04 22:21:58', '2022-02-04 22:21:58', 'b46ab3cde287', '23b945a9df75', '3ef17bd1df72', 'materialnode', NULL),
	('6183cacb2dbd', '1', 1, NULL, '2022-02-04 22:22:15', '2022-02-04 22:22:15', '7792c9c855ce', '60dad45d3561', '3ef17bd1df72', 'materialnode', NULL),
	('6e35e5b1c7b6', '1', 1, NULL, '2022-02-04 22:22:38', '2022-02-04 22:22:38', '2b3f79233387', '8d3112f28a34', '3ef17bd1df72', 'materialnode', NULL),
	('06f9dd59b932', '1', 1, NULL, '2022-02-04 22:22:56', '2022-02-04 22:22:56', '475f7b34581a', '0c57930a0e67', '3ef17bd1df72', 'materialnode', NULL),
	('5e2c29b70cfa', '1', 1, NULL, '2022-02-04 22:23:30', '2022-02-04 22:23:30', '3ddaa17f2649', '706d570b83cc', '3ef17bd1df72', 'materialnode', NULL),
	('b5b83ee77172', '1', 1, NULL, '2022-02-04 22:24:04', '2022-02-04 22:24:04', 'd81a9dae4316', '945b99f32295', '3ef17bd1df72', 'materialnode', NULL),
	('3b87f372f2c0', '1', 1, NULL, '2022-02-04 22:24:36', '2022-02-04 22:24:36', 'e460f03e79b4', 'e69cb9c4d43c', '3ef17bd1df72', 'materialnode', NULL),
	('9c8298640dc5', '1', 1, NULL, '2022-02-04 22:27:21', '2022-02-04 22:27:21', '13d74b9d52b8', '09b019b76b75', '3ef17bd1df72', 'materialnode', NULL),
	('477ab452908b', '1', 1, NULL, '2022-02-04 22:27:57', '2022-02-04 22:27:57', '193c3491fa23', '604b01a8ece1', '3ef17bd1df72', 'materialnode', NULL),
	('aed759625d01', '1', 1, NULL, '2022-02-04 22:28:12', '2022-02-04 22:28:12', '980885505aad', '82b8c7554597', '3ef17bd1df72', 'materialnode', NULL),
	('a78e316e2a51', '1', 1, NULL, '2022-02-04 23:12:25', '2022-02-04 23:12:25', '9b0e779f3238', '3790643b388a', '3ef17bd1df72', 'materialnode', NULL),
	('7956dabc05b1', '2', 0, 'columnLayout2Child', '2022-01-23 16:19:10', '2022-01-23 16:19:10', '869c7bbcf042', '869c7bbcf042', 'f17470519474', 'columnlayout', '{"columns": [{"slot": "1", "width": 12}]}'),
	('cb499c5495f0', '', 0, 'quis', '2022-01-23 16:19:10', '2022-01-23 16:19:10', 'cb499c5495f0', NULL, 'f17470519474', 'columnlayout', '{"columns": [{"slot": "1", "width": 12}]}'),
	('75a94bbedf29', '', 0, 'totam', '2022-01-23 16:19:10', '2022-01-23 16:19:10', '75a94bbedf29', NULL, 'f17470519474', 'columnlayout', '{"columns": [{"slot": "1", "width": 12}]}'),
	('6c8c74499260', '', 0, 'laborum', '2022-01-23 16:19:10', '2022-01-23 16:19:10', '6c8c74499260', NULL, 'f17470519474', 'columnlayout', '{"columns": [{"slot": "1", "width": 12}]}'),
	('63ad36c59b9e', '', 0, 'libero', '2022-01-23 16:19:10', '2022-01-23 16:19:10', '63ad36c59b9e', NULL, 'f17470519474', 'columnlayout', '{"columns": [{"slot": "1", "width": 12}]}'),
	('0b8894aba174', '', 0, 'fuga', '2022-01-23 16:19:10', '2022-01-23 16:19:10', '0b8894aba174', NULL, 'f17470519474', 'columnlayout', '{"columns": [{"slot": "1", "width": 12}]}'),
	('c9ebda9090f5', '', 0, 'exercitationem', '2022-01-23 16:19:10', '2022-01-23 16:19:10', 'c9ebda9090f5', NULL, 'f17470519474', 'columnlayout', '{"columns": [{"slot": "1", "width": 12}]}'),
	('fb21b1c912fd', '', 0, 'est', '2022-01-23 16:19:10', '2022-01-23 16:19:10', 'fb21b1c912fd', NULL, 'f17470519474', 'columnlayout', '{"columns": [{"slot": "1", "width": 12}]}'),
	('645000130f8c', '', 0, 'columnLayout1', '2022-01-23 16:19:10', '2022-01-23 16:19:10', '645000130f8c', NULL, 'f17470519474', 'columnlayout', '{"columns": [{"slot": "1", "width": 6}, {"slot": "2", "width": 6}]}'),
	('0c43453c67aa', NULL, 0, NULL, '2022-02-04 19:09:33', '2022-02-04 19:09:33', '0c43453c67aa', NULL, 'f17470519474', 'columnlayout', '{"columns": [{"slot": "1", "width": 12}]}'),
	('c686b7b2bf2e', NULL, 0, NULL, '2022-02-04 19:09:58', '2022-02-04 19:09:58', 'c686b7b2bf2e', NULL, 'f17470519474', 'columnlayout', '{"columns": [{"slot": "1", "width": 12}]}'),
	('3653b3134fc5', NULL, 0, NULL, '2022-02-04 19:10:35', '2022-02-04 19:10:35', '3653b3134fc5', NULL, 'f17470519474', 'columnlayout', '{"columns": [{"slot": "1", "width": 12}]}'),
	('60434c561273', '1', 0, NULL, '2022-02-04 19:11:18', '2022-02-04 19:11:26', '869c7bbcf042', '869c7bbcf042', 'f17470519474', 'columnlayout', '{"columns": [{"slot": "1", "width": 9}, {"slot": "2", "width": 3}]}'),
	('c8186cf53cba', '1', 0, NULL, '2022-02-04 19:13:26', '2022-02-04 19:13:31', '3653b3134fc5', '3653b3134fc5', 'f17470519474', 'columnlayout', '{"columns": [{"slot": "1", "width": 9}, {"slot": "2", "width": 3}]}'),
	('7996f3bd8e17', '1', 0, NULL, '2022-02-04 19:15:29', '2022-02-04 19:15:34', '75a94bbedf29', '75a94bbedf29', 'f17470519474', 'columnlayout', '{"columns": [{"slot": "1", "width": 9}, {"slot": "2", "width": 3}]}'),
	('ff2ed0cab03e', NULL, 0, NULL, '2022-02-04 19:34:29', '2022-02-04 19:34:29', 'ff2ed0cab03e', NULL, 'f17470519474', 'columnlayout', '{"columns": [{"slot": "1", "width": 12}]}'),
	('fec746d4520a', '1', 0, NULL, '2022-02-04 19:34:29', '2022-02-04 19:34:29', 'ff2ed0cab03e', 'ff2ed0cab03e', 'f17470519474', 'columnlayout', '{"columns": [{"slot": "1", "width": 9}, {"slot": "2", "width": 3}]}'),
	('9718e0c98748', NULL, 0, NULL, '2022-02-04 19:34:53', '2022-02-04 19:34:53', '9718e0c98748', NULL, 'f17470519474', 'columnlayout', '{"columns": [{"slot": "1", "width": 12}]}'),
	('a2505e2c8aca', '', 0, 'totam', '2022-02-04 19:35:38', '2022-02-04 19:35:38', 'a2505e2c8aca', NULL, 'f17470519474', 'columnlayout', '{"columns": [{"slot": "1", "width": 12}]}'),
	('59f56d3c1631', '1', 0, NULL, '2022-02-04 19:35:38', '2022-02-04 19:35:38', 'a2505e2c8aca', 'a2505e2c8aca', 'f17470519474', 'columnlayout', '{"columns": [{"slot": "1", "width": 9}, {"slot": "2", "width": 3}]}'),
	('a71f929dd156', '', 0, 'totam', '2022-02-04 19:36:21', '2022-02-04 19:36:21', 'a71f929dd156', NULL, 'f17470519474', 'columnlayout', '{"columns": [{"slot": "1", "width": 12}]}'),
	('bd796fec1ea0', '1', 0, NULL, '2022-02-04 19:36:21', '2022-02-04 19:36:21', 'a71f929dd156', 'a71f929dd156', 'f17470519474', 'columnlayout', '{"columns": [{"slot": "1", "width": 9}, {"slot": "2", "width": 3}]}'),
	('d62d16c6afb6', '', 0, 'totam', '2022-02-04 19:37:23', '2022-02-04 19:37:23', 'd62d16c6afb6', NULL, 'f17470519474', 'columnlayout', '{"columns": [{"slot": "1", "width": 12}]}'),
	('2210bc67a4ce', '1', 0, NULL, '2022-02-04 19:37:23', '2022-02-04 19:37:23', 'd62d16c6afb6', 'd62d16c6afb6', 'f17470519474', 'columnlayout', '{"columns": [{"slot": "1", "width": 9}, {"slot": "2", "width": 3}]}'),
	('8d7faccc13ce', NULL, 0, NULL, '2022-02-04 19:37:44', '2022-02-04 19:37:44', '8d7faccc13ce', NULL, 'f17470519474', 'columnlayout', '{"columns": [{"slot": "1", "width": 12}]}'),
	('c7a28bcfd35f', NULL, 0, NULL, '2022-02-04 19:38:15', '2022-02-04 19:38:15', 'c7a28bcfd35f', NULL, 'f17470519474', 'columnlayout', '{"columns": [{"slot": "1", "width": 12}]}'),
	('142195e3898c', '1', 0, NULL, '2022-02-04 19:38:15', '2022-02-04 19:38:15', 'c7a28bcfd35f', 'c7a28bcfd35f', 'f17470519474', 'columnlayout', '{"columns": [{"slot": "1", "width": 9}, {"slot": "2", "width": 3}]}'),
	('83b61af97910', '', 0, 'totam', '2022-02-04 19:39:09', '2022-02-04 19:39:09', '83b61af97910', NULL, 'f17470519474', 'columnlayout', '{"columns": [{"slot": "1", "width": 12}]}'),
	('f6163448c705', '1', 0, NULL, '2022-02-04 19:39:09', '2022-02-04 19:39:09', '83b61af97910', '83b61af97910', 'f17470519474', 'columnlayout', '{"columns": [{"slot": "1", "width": 9}, {"slot": "2", "width": 3}]}'),
	('02823e618716', '', 0, 'columnLayout2', '2022-02-04 19:39:53', '2022-02-04 19:39:53', '02823e618716', NULL, 'f17470519474', 'columnlayout', '{"columns": [{"slot": "1", "width": 12}]}'),
	('a0b6db7ca60f', '2', 0, 'columnLayout2Child', '2022-02-04 19:39:53', '2022-02-04 19:39:53', '02823e618716', '02823e618716', 'f17470519474', 'columnlayout', '{"columns": [{"slot": "1", "width": 12}]}'),
	('b570ee7e3999', '1', 0, NULL, '2022-02-04 19:39:53', '2022-02-04 19:39:53', '02823e618716', '02823e618716', 'f17470519474', 'columnlayout', '{"columns": [{"slot": "1", "width": 9}, {"slot": "2", "width": 3}]}'),
	('c6eb39db9f9c', '', 0, 'totam', '2022-02-04 19:40:24', '2022-02-04 19:40:24', 'c6eb39db9f9c', NULL, 'f17470519474', 'columnlayout', '{"columns": [{"slot": "1", "width": 12}]}'),
	('e5618cc0b5e8', '1', 0, NULL, '2022-02-04 19:40:24', '2022-02-04 19:40:24', 'c6eb39db9f9c', 'c6eb39db9f9c', 'f17470519474', 'columnlayout', '{"columns": [{"slot": "1", "width": 9}, {"slot": "2", "width": 3}]}'),
	('cd89a68084ff', NULL, 0, NULL, '2022-02-04 19:41:39', '2022-02-04 19:41:39', 'cd89a68084ff', NULL, 'f17470519474', 'columnlayout', '{"columns": [{"slot": "1", "width": 12}]}'),
	('5f33da2c3f83', '1', 0, NULL, '2022-02-04 19:41:39', '2022-02-04 19:41:39', 'cd89a68084ff', 'cd89a68084ff', 'f17470519474', 'columnlayout', '{"columns": [{"slot": "1", "width": 9}, {"slot": "2", "width": 3}]}'),
	('c8e4a0be93af', NULL, 0, NULL, '2022-02-04 19:42:13', '2022-02-04 19:42:13', 'c8e4a0be93af', NULL, 'f17470519474', 'columnlayout', '{"columns": [{"slot": "1", "width": 12}]}'),
	('af6d3bd31bfb', NULL, 0, NULL, '2022-02-04 19:43:24', '2022-02-04 19:43:24', 'af6d3bd31bfb', NULL, 'f17470519474', 'columnlayout', '{"columns": [{"slot": "1", "width": 12}]}'),
	('9e734d837c16', '1', 0, NULL, '2022-02-04 19:43:24', '2022-02-04 19:43:24', 'af6d3bd31bfb', 'af6d3bd31bfb', 'f17470519474', 'columnlayout', '{"columns": [{"slot": "1", "width": 9}, {"slot": "2", "width": 3}]}'),
	('d3b0c2d25c72', NULL, 0, NULL, '2022-02-04 19:44:35', '2022-02-04 19:44:35', 'd3b0c2d25c72', NULL, 'f17470519474', 'columnlayout', '{"columns": [{"slot": "1", "width": 12}]}'),
	('69a1c2680b2b', NULL, 0, NULL, '2022-02-04 19:45:19', '2022-02-04 19:45:19', '69a1c2680b2b', NULL, 'f17470519474', 'columnlayout', '{"columns": [{"slot": "1", "width": 12}]}'),
	('32e70cad4ec9', '', 0, 'totam', '2022-02-04 19:46:02', '2022-02-04 19:46:02', '32e70cad4ec9', NULL, 'f17470519474', 'columnlayout', '{"columns": [{"slot": "1", "width": 12}]}'),
	('77fe44df2707', '1', 0, NULL, '2022-02-04 19:46:02', '2022-02-04 19:46:02', '32e70cad4ec9', '32e70cad4ec9', 'f17470519474', 'columnlayout', '{"columns": [{"slot": "1", "width": 9}, {"slot": "2", "width": 3}]}'),
	('25aa0c832b70', '', 0, 'columnLayout2', '2022-02-04 19:46:20', '2022-02-04 19:46:20', '25aa0c832b70', NULL, 'f17470519474', 'columnlayout', '{"columns": [{"slot": "1", "width": 12}]}'),
	('e9c6cb975605', '1', 0, NULL, '2022-02-04 19:46:20', '2022-02-04 19:46:20', '25aa0c832b70', '25aa0c832b70', 'f17470519474', 'columnlayout', '{"columns": [{"slot": "1", "width": 9}, {"slot": "2", "width": 3}]}'),
	('09f45cf4b450', '2', 0, 'columnLayout2Child', '2022-02-04 19:46:20', '2022-02-04 19:46:20', '25aa0c832b70', '25aa0c832b70', 'f17470519474', 'columnlayout', '{"columns": [{"slot": "1", "width": 12}]}'),
	('303e8d9d2e2e', '', 0, 'totam', '2022-02-04 19:47:02', '2022-02-04 19:47:02', '303e8d9d2e2e', NULL, 'f17470519474', 'columnlayout', '{"columns": [{"slot": "1", "width": 12}]}'),
	('f71ace6060ae', '1', 0, NULL, '2022-02-04 19:47:02', '2022-02-04 19:47:02', '303e8d9d2e2e', '303e8d9d2e2e', 'f17470519474', 'columnlayout', '{"columns": [{"slot": "1", "width": 9}, {"slot": "2", "width": 3}]}'),
	('160930523ce2', '', 0, 'columnLayout2', '2022-02-04 19:47:50', '2022-02-04 19:47:50', '160930523ce2', NULL, 'f17470519474', 'columnlayout', '{"columns": [{"slot": "1", "width": 12}]}'),
	('4ab7b088344c', '2', 0, 'columnLayout2Child', '2022-02-04 19:47:50', '2022-02-04 19:47:50', '160930523ce2', '160930523ce2', 'f17470519474', 'columnlayout', '{"columns": [{"slot": "1", "width": 12}]}'),
	('1f1f866f0cbb', '1', 0, NULL, '2022-02-04 19:47:50', '2022-02-04 19:47:50', '160930523ce2', '160930523ce2', 'f17470519474', 'columnlayout', '{"columns": [{"slot": "1", "width": 9}, {"slot": "2", "width": 3}]}'),
	('678166f5bd6c', NULL, 0, NULL, '2022-02-04 19:48:14', '2022-02-04 19:48:14', '678166f5bd6c', NULL, 'f17470519474', 'columnlayout', '{"columns": [{"slot": "1", "width": 12}]}'),
	('3d211da36cc6', NULL, 0, NULL, '2022-02-04 19:48:40', '2022-02-04 19:48:40', '3d211da36cc6', NULL, 'f17470519474', 'columnlayout', '{"columns": [{"slot": "1", "width": 12}]}'),
	('99ec103f21e4', '1', 0, NULL, '2022-02-04 19:48:40', '2022-02-04 19:48:40', '3d211da36cc6', '3d211da36cc6', 'f17470519474', 'columnlayout', '{"columns": [{"slot": "1", "width": 9}, {"slot": "2", "width": 3}]}'),
	('656295313d5c', '', 0, 'totam', '2022-02-04 19:49:02', '2022-02-04 19:49:02', '656295313d5c', NULL, 'f17470519474', 'columnlayout', '{"columns": [{"slot": "1", "width": 12}]}'),
	('81dda09111d5', '1', 0, NULL, '2022-02-04 19:49:02', '2022-02-04 19:49:02', '656295313d5c', '656295313d5c', 'f17470519474', 'columnlayout', '{"columns": [{"slot": "1", "width": 9}, {"slot": "2", "width": 3}]}'),
	('5bdd84d2ab79', '', 0, 'totam', '2022-02-04 19:49:34', '2022-02-04 19:49:34', '5bdd84d2ab79', NULL, 'f17470519474', 'columnlayout', '{"columns": [{"slot": "1", "width": 12}]}'),
	('67be10a1b564', '1', 0, NULL, '2022-02-04 19:49:34', '2022-02-04 19:49:34', '5bdd84d2ab79', '5bdd84d2ab79', 'f17470519474', 'columnlayout', '{"columns": [{"slot": "1", "width": 9}, {"slot": "2", "width": 3}]}'),
	('a29cff2d1d03', NULL, 0, NULL, '2022-02-04 19:50:07', '2022-02-04 19:50:07', 'a29cff2d1d03', NULL, 'f17470519474', 'columnlayout', '{"columns": [{"slot": "1", "width": 12}]}'),
	('af6d5af59785', '1', 0, NULL, '2022-02-04 19:50:07', '2022-02-04 19:50:07', 'a29cff2d1d03', 'a29cff2d1d03', 'f17470519474', 'columnlayout', '{"columns": [{"slot": "1", "width": 9}, {"slot": "2", "width": 3}]}'),
	('3edf02e5fd3d', NULL, 0, NULL, '2022-02-04 19:50:53', '2022-02-04 19:50:53', '3edf02e5fd3d', NULL, 'f17470519474', 'columnlayout', '{"columns": [{"slot": "1", "width": 12}]}'),
	('6127f9640b45', '', 0, 'totam', '2022-02-04 19:51:36', '2022-02-04 19:51:36', '6127f9640b45', NULL, 'f17470519474', 'columnlayout', '{"columns": [{"slot": "1", "width": 12}]}'),
	('2d0de0759cd4', '1', 0, NULL, '2022-02-04 19:51:36', '2022-02-04 19:51:36', '6127f9640b45', '6127f9640b45', 'f17470519474', 'columnlayout', '{"columns": [{"slot": "1", "width": 9}, {"slot": "2", "width": 3}]}'),
	('e2ba5d9578b7', NULL, 0, NULL, '2022-02-04 19:51:56', '2022-02-04 19:51:56', 'e2ba5d9578b7', NULL, 'f17470519474', 'columnlayout', '{"columns": [{"slot": "1", "width": 12}]}'),
	('e44cf76f839d', '1', 0, NULL, '2022-02-04 19:51:56', '2022-02-04 19:51:56', 'e2ba5d9578b7', 'e2ba5d9578b7', 'f17470519474', 'columnlayout', '{"columns": [{"slot": "1", "width": 9}, {"slot": "2", "width": 3}]}'),
	('ca9582689c1e', NULL, 0, NULL, '2022-02-04 19:52:33', '2022-02-04 19:52:33', 'ca9582689c1e', NULL, 'f17470519474', 'columnlayout', '{"columns": [{"slot": "1", "width": 12}]}'),
	('baeb0218568b', '1', 0, NULL, '2022-02-04 19:52:33', '2022-02-04 19:52:33', 'ca9582689c1e', 'ca9582689c1e', 'f17470519474', 'columnlayout', '{"columns": [{"slot": "1", "width": 9}, {"slot": "2", "width": 3}]}'),
	('50172d027864', '', 0, 'totam', '2022-02-04 19:52:59', '2022-02-04 19:52:59', '50172d027864', NULL, 'f17470519474', 'columnlayout', '{"columns": [{"slot": "1", "width": 12}]}'),
	('a7c05f91afbc', '1', 0, NULL, '2022-02-04 19:52:59', '2022-02-04 19:52:59', '50172d027864', '50172d027864', 'f17470519474', 'columnlayout', '{"columns": [{"slot": "1", "width": 9}, {"slot": "2", "width": 3}]}'),
	('78904734f1c0', '', 0, 'totam', '2022-02-04 19:53:09', '2022-02-04 19:53:09', '78904734f1c0', NULL, 'f17470519474', 'columnlayout', '{"columns": [{"slot": "1", "width": 12}]}'),
	('6e929eaf43e5', '1', 0, NULL, '2022-02-04 19:53:09', '2022-02-04 19:53:09', '78904734f1c0', '78904734f1c0', 'f17470519474', 'columnlayout', '{"columns": [{"slot": "1", "width": 9}, {"slot": "2", "width": 3}]}'),
	('11d4984c77c6', '', 0, 'totam', '2022-02-04 19:53:15', '2022-02-04 19:53:15', '11d4984c77c6', NULL, 'f17470519474', 'columnlayout', '{"columns": [{"slot": "1", "width": 12}]}'),
	('f8e595ca2a2a', '1', 0, NULL, '2022-02-04 19:53:15', '2022-02-04 19:53:15', '11d4984c77c6', '11d4984c77c6', 'f17470519474', 'columnlayout', '{"columns": [{"slot": "1", "width": 9}, {"slot": "2", "width": 3}]}'),
	('a47e986e9179', '1', 0, NULL, '2022-02-04 21:27:33', '2022-02-04 21:27:36', '69a1c2680b2b', '69a1c2680b2b', 'f17470519474', 'columnlayout', '{"columns": [{"slot": "1", "width": 9}, {"slot": "2", "width": 3}]}'),
	('51a9f1de497a', '1', 0, NULL, '2022-02-04 21:30:50', '2022-02-04 21:30:54', '3edf02e5fd3d', '3edf02e5fd3d', 'f17470519474', 'columnlayout', '{"columns": [{"slot": "1", "width": 9}, {"slot": "2", "width": 3}]}'),
	('8fa1c8e597c3', NULL, 0, NULL, '2022-02-04 21:41:51', '2022-02-04 21:41:51', '8fa1c8e597c3', NULL, 'f17470519474', 'columnlayout', '{"columns": [{"slot": "1", "width": 12}]}'),
	('0a23aa100e1b', '1', 0, NULL, '2022-02-04 21:42:07', '2022-02-04 21:42:10', '8fa1c8e597c3', '8fa1c8e597c3', 'f17470519474', 'columnlayout', '{"columns": [{"slot": "1", "width": 9}, {"slot": "2", "width": 3}]}'),
	('5598534f6d7f', '1', 0, NULL, '2022-02-04 21:42:44', '2022-02-04 21:42:57', 'fb21b1c912fd', 'fb21b1c912fd', 'f17470519474', 'columnlayout', '{"columns": [{"slot": "1", "width": 9}, {"slot": "2", "width": 3}]}'),
	('51d2e8dd6747', NULL, 0, NULL, '2022-02-04 21:59:10', '2022-02-04 21:59:10', '51d2e8dd6747', NULL, 'f17470519474', 'columnlayout', '{"columns": [{"slot": "1", "width": 12}]}'),
	('48393c2e4cd6', '1', 0, NULL, '2022-02-04 21:59:10', '2022-02-04 21:59:10', '51d2e8dd6747', '51d2e8dd6747', 'f17470519474', 'columnlayout', '{"columns": [{"slot": "1", "width": 9}, {"slot": "2", "width": 3}]}'),
	('d0d0bef87638', '', 0, 'est', '2022-02-04 21:59:10', '2022-02-04 21:59:10', 'd0d0bef87638', NULL, 'f17470519474', 'columnlayout', '{"columns": [{"slot": "1", "width": 12}]}'),
	('cdc9597bd2c4', '1', 0, NULL, '2022-02-04 21:59:10', '2022-02-04 21:59:10', 'd0d0bef87638', 'd0d0bef87638', 'f17470519474', 'columnlayout', '{"columns": [{"slot": "1", "width": 9}, {"slot": "2", "width": 3}]}'),
	('f9c28b8f6f31', NULL, 0, NULL, '2022-02-04 22:01:09', '2022-02-04 22:01:09', 'f9c28b8f6f31', NULL, 'f17470519474', 'columnlayout', '{"columns": [{"slot": "1", "width": 12}]}'),
	('73eb8501c9b3', NULL, 0, NULL, '2022-02-04 22:02:07', '2022-02-04 22:02:07', '73eb8501c9b3', NULL, 'f17470519474', 'columnlayout', '{"columns": [{"slot": "1", "width": 12}]}'),
	('58a49366f78d', '1', 0, NULL, '2022-02-04 22:02:47', '2022-02-04 22:02:52', 'f9c28b8f6f31', 'f9c28b8f6f31', 'f17470519474', 'columnlayout', '{"columns": [{"slot": "1", "width": 9}, {"slot": "2", "width": 3}]}'),
	('985356416a4b', '', 0, 'est', '2022-02-04 22:06:20', '2022-02-04 22:06:20', '985356416a4b', NULL, 'f17470519474', 'columnlayout', '{"columns": [{"slot": "1", "width": 12}]}'),
	('cd9a869ea01c', '1', 0, NULL, '2022-02-04 22:06:20', '2022-02-04 22:06:20', '985356416a4b', '985356416a4b', 'f17470519474', 'columnlayout', '{"columns": [{"slot": "1", "width": 9}, {"slot": "2", "width": 3}]}'),
	('37616c74811f', '', 0, 'est', '2022-02-04 22:10:06', '2022-02-04 22:10:06', '37616c74811f', NULL, 'f17470519474', 'columnlayout', '{"columns": [{"slot": "1", "width": 12}]}'),
	('4d88b71250c5', '1', 0, NULL, '2022-02-04 22:10:06', '2022-02-04 22:10:06', '37616c74811f', '37616c74811f', 'f17470519474', 'columnlayout', '{"columns": [{"slot": "1", "width": 9}, {"slot": "2", "width": 3}]}'),
	('78c9196140b7', NULL, 0, NULL, '2022-02-04 22:10:52', '2022-02-04 22:10:52', '78c9196140b7', NULL, 'f17470519474', 'columnlayout', '{"columns": [{"slot": "1", "width": 12}]}'),
	('16c1b1868c60', '1', 0, NULL, '2022-02-04 22:10:52', '2022-02-04 22:10:52', '78c9196140b7', '78c9196140b7', 'f17470519474', 'columnlayout', '{"columns": [{"slot": "1", "width": 9}, {"slot": "2", "width": 3}]}'),
	('c2eae59077c5', NULL, 0, NULL, '2022-02-04 22:11:12', '2022-02-04 22:11:12', 'c2eae59077c5', NULL, 'f17470519474', 'columnlayout', '{"columns": [{"slot": "1", "width": 12}]}'),
	('667d18a76fe6', '1', 0, NULL, '2022-02-04 22:11:12', '2022-02-04 22:11:12', 'c2eae59077c5', 'c2eae59077c5', 'f17470519474', 'columnlayout', '{"columns": [{"slot": "1", "width": 9}, {"slot": "2", "width": 3}]}'),
	('8ea4175fd5f0', NULL, 0, NULL, '2022-02-04 22:15:20', '2022-02-04 22:15:20', '8ea4175fd5f0', NULL, 'f17470519474', 'columnlayout', '{"columns": [{"slot": "1", "width": 12}]}'),
	('69fa08a77f38', NULL, 0, NULL, '2022-02-04 22:16:56', '2022-02-04 22:16:56', '69fa08a77f38', NULL, 'f17470519474', 'columnlayout', '{"columns": [{"slot": "1", "width": 12}]}'),
	('3ce6b7ec876f', '1', 0, NULL, '2022-02-04 22:16:56', '2022-02-04 22:16:56', '69fa08a77f38', '69fa08a77f38', 'f17470519474', 'columnlayout', '{"columns": [{"slot": "1", "width": 9}, {"slot": "2", "width": 3}]}'),
	('5015df0b6259', NULL, 0, NULL, '2022-02-04 22:17:30', '2022-02-04 22:17:30', '5015df0b6259', NULL, 'f17470519474', 'columnlayout', '{"columns": [{"slot": "1", "width": 12}]}'),
	('69c2c7eceec2', '1', 0, NULL, '2022-02-04 22:17:30', '2022-02-04 22:17:30', '5015df0b6259', '5015df0b6259', 'f17470519474', 'columnlayout', '{"columns": [{"slot": "1", "width": 9}, {"slot": "2", "width": 3}]}'),
	('aff5fa86266e', '', 0, 'est', '2022-02-04 22:18:02', '2022-02-04 22:18:02', 'aff5fa86266e', NULL, 'f17470519474', 'columnlayout', '{"columns": [{"slot": "1", "width": 12}]}'),
	('fbc47b8cf426', '1', 0, NULL, '2022-02-04 22:18:02', '2022-02-04 22:18:02', 'aff5fa86266e', 'aff5fa86266e', 'f17470519474', 'columnlayout', '{"columns": [{"slot": "1", "width": 9}, {"slot": "2", "width": 3}]}'),
	('3a9614e39661', NULL, 0, NULL, '2022-02-04 22:18:46', '2022-02-04 22:18:46', '3a9614e39661', NULL, 'f17470519474', 'columnlayout', '{"columns": [{"slot": "1", "width": 12}]}'),
	('f63fb7a48ada', '1', 0, NULL, '2022-02-04 22:18:46', '2022-02-04 22:18:46', '3a9614e39661', '3a9614e39661', 'f17470519474', 'columnlayout', '{"columns": [{"slot": "1", "width": 9}, {"slot": "2", "width": 3}]}'),
	('8e15971caab8', '', 0, 'est', '2022-02-04 22:19:53', '2022-02-04 22:19:53', '8e15971caab8', NULL, 'f17470519474', 'columnlayout', '{"columns": [{"slot": "1", "width": 12}]}'),
	('ed784a290de3', '1', 0, NULL, '2022-02-04 22:19:53', '2022-02-04 22:19:53', '8e15971caab8', '8e15971caab8', 'f17470519474', 'columnlayout', '{"columns": [{"slot": "1", "width": 9}, {"slot": "2", "width": 3}]}'),
	('f9ba3a735450', '', 0, 'est', '2022-02-04 22:20:19', '2022-02-04 22:20:19', 'f9ba3a735450', NULL, 'f17470519474', 'columnlayout', '{"columns": [{"slot": "1", "width": 12}]}'),
	('c20a38fbe5bd', '1', 0, NULL, '2022-02-04 22:20:19', '2022-02-04 22:20:19', 'f9ba3a735450', 'f9ba3a735450', 'f17470519474', 'columnlayout', '{"columns": [{"slot": "1", "width": 9}, {"slot": "2", "width": 3}]}'),
	('280031715953', NULL, 0, NULL, '2022-02-04 22:21:03', '2022-02-04 22:21:03', '280031715953', NULL, 'f17470519474', 'columnlayout', '{"columns": [{"slot": "1", "width": 12}]}'),
	('d5cd5fd59e4a', '1', 0, NULL, '2022-02-04 22:21:03', '2022-02-04 22:21:03', '280031715953', '280031715953', 'f17470519474', 'columnlayout', '{"columns": [{"slot": "1", "width": 9}, {"slot": "2", "width": 3}]}'),
	('d4fe28437432', NULL, 0, NULL, '2022-02-04 22:21:35', '2022-02-04 22:21:35', 'd4fe28437432', NULL, 'f17470519474', 'columnlayout', '{"columns": [{"slot": "1", "width": 12}]}'),
	('a046328425df', '1', 0, NULL, '2022-02-04 22:21:35', '2022-02-04 22:21:35', 'd4fe28437432', 'd4fe28437432', 'f17470519474', 'columnlayout', '{"columns": [{"slot": "1", "width": 9}, {"slot": "2", "width": 3}]}'),
	('b46ab3cde287', '', 0, 'est', '2022-02-04 22:21:58', '2022-02-04 22:21:58', 'b46ab3cde287', NULL, 'f17470519474', 'columnlayout', '{"columns": [{"slot": "1", "width": 12}]}'),
	('23b945a9df75', '1', 0, NULL, '2022-02-04 22:21:58', '2022-02-04 22:21:58', 'b46ab3cde287', 'b46ab3cde287', 'f17470519474', 'columnlayout', '{"columns": [{"slot": "1", "width": 9}, {"slot": "2", "width": 3}]}'),
	('7792c9c855ce', NULL, 0, NULL, '2022-02-04 22:22:15', '2022-02-04 22:22:15', '7792c9c855ce', NULL, 'f17470519474', 'columnlayout', '{"columns": [{"slot": "1", "width": 12}]}'),
	('60dad45d3561', '1', 0, NULL, '2022-02-04 22:22:15', '2022-02-04 22:22:15', '7792c9c855ce', '7792c9c855ce', 'f17470519474', 'columnlayout', '{"columns": [{"slot": "1", "width": 9}, {"slot": "2", "width": 3}]}'),
	('2b3f79233387', NULL, 0, NULL, '2022-02-04 22:22:38', '2022-02-04 22:22:38', '2b3f79233387', NULL, 'f17470519474', 'columnlayout', '{"columns": [{"slot": "1", "width": 12}]}'),
	('8d3112f28a34', '1', 0, NULL, '2022-02-04 22:22:38', '2022-02-04 22:22:38', '2b3f79233387', '2b3f79233387', 'f17470519474', 'columnlayout', '{"columns": [{"slot": "1", "width": 9}, {"slot": "2", "width": 3}]}'),
	('475f7b34581a', '', 0, 'est', '2022-02-04 22:22:56', '2022-02-04 22:22:56', '475f7b34581a', NULL, 'f17470519474', 'columnlayout', '{"columns": [{"slot": "1", "width": 12}]}'),
	('0c57930a0e67', '1', 0, NULL, '2022-02-04 22:22:56', '2022-02-04 22:22:56', '475f7b34581a', '475f7b34581a', 'f17470519474', 'columnlayout', '{"columns": [{"slot": "1", "width": 9}, {"slot": "2", "width": 3}]}'),
	('3ddaa17f2649', NULL, 0, NULL, '2022-02-04 22:23:30', '2022-02-04 22:23:30', '3ddaa17f2649', NULL, 'f17470519474', 'columnlayout', '{"columns": [{"slot": "1", "width": 12}]}'),
	('706d570b83cc', '1', 0, NULL, '2022-02-04 22:23:30', '2022-02-04 22:23:30', '3ddaa17f2649', '3ddaa17f2649', 'f17470519474', 'columnlayout', '{"columns": [{"slot": "1", "width": 9}, {"slot": "2", "width": 3}]}'),
	('d81a9dae4316', NULL, 0, NULL, '2022-02-04 22:24:04', '2022-02-04 22:24:04', 'd81a9dae4316', NULL, 'f17470519474', 'columnlayout', '{"columns": [{"slot": "1", "width": 12}]}'),
	('945b99f32295', '1', 0, NULL, '2022-02-04 22:24:04', '2022-02-04 22:24:04', 'd81a9dae4316', 'd81a9dae4316', 'f17470519474', 'columnlayout', '{"columns": [{"slot": "1", "width": 9}, {"slot": "2", "width": 3}]}'),
	('e460f03e79b4', '', 0, 'est', '2022-02-04 22:24:36', '2022-02-04 22:24:36', 'e460f03e79b4', NULL, 'f17470519474', 'columnlayout', '{"columns": [{"slot": "1", "width": 12}]}'),
	('e69cb9c4d43c', '1', 0, NULL, '2022-02-04 22:24:36', '2022-02-04 22:24:36', 'e460f03e79b4', 'e460f03e79b4', 'f17470519474', 'columnlayout', '{"columns": [{"slot": "1", "width": 9}, {"slot": "2", "width": 3}]}'),
	('13d74b9d52b8', NULL, 0, NULL, '2022-02-04 22:27:21', '2022-02-04 22:27:21', '13d74b9d52b8', NULL, 'f17470519474', 'columnlayout', '{"columns": [{"slot": "1", "width": 12}]}'),
	('09b019b76b75', '1', 0, NULL, '2022-02-04 22:27:21', '2022-02-04 22:27:21', '13d74b9d52b8', '13d74b9d52b8', 'f17470519474', 'columnlayout', '{"columns": [{"slot": "1", "width": 9}, {"slot": "2", "width": 3}]}'),
	('862273087c64', NULL, 0, NULL, '2022-02-04 22:27:43', '2022-02-04 22:27:43', '862273087c64', NULL, 'f17470519474', 'columnlayout', '{"columns": [{"slot": "1", "width": 12}]}'),
	('193c3491fa23', NULL, 0, NULL, '2022-02-04 22:27:57', '2022-02-04 22:27:57', '193c3491fa23', NULL, 'f17470519474', 'columnlayout', '{"columns": [{"slot": "1", "width": 12}]}'),
	('604b01a8ece1', '1', 0, NULL, '2022-02-04 22:27:57', '2022-02-04 22:27:57', '193c3491fa23', '193c3491fa23', 'f17470519474', 'columnlayout', '{"columns": [{"slot": "1", "width": 9}, {"slot": "2", "width": 3}]}'),
	('980885505aad', '', 0, 'est', '2022-02-04 22:28:12', '2022-02-04 22:28:12', '980885505aad', NULL, 'f17470519474', 'columnlayout', '{"columns": [{"slot": "1", "width": 12}]}'),
	('82b8c7554597', '1', 0, NULL, '2022-02-04 22:28:12', '2022-02-04 22:28:12', '980885505aad', '980885505aad', 'f17470519474', 'columnlayout', '{"columns": [{"slot": "1", "width": 9}, {"slot": "2", "width": 3}]}'),
	('697312a460a8', NULL, 0, NULL, '2022-02-04 23:10:41', '2022-02-04 23:10:41', '697312a460a8', NULL, 'f17470519474', 'columnlayout', '{"columns": [{"slot": "1", "width": 12}]}'),
	('9b0e779f3238', NULL, 0, NULL, '2022-02-04 23:11:03', '2022-02-04 23:11:03', '9b0e779f3238', NULL, 'f17470519474', 'columnlayout', '{"columns": [{"slot": "1", "width": 12}]}'),
	('3790643b388a', '1', 0, NULL, '2022-02-04 23:11:39', '2022-02-04 23:11:45', '9b0e779f3238', '9b0e779f3238', 'f17470519474', 'columnlayout', '{"columns": [{"slot": "1", "width": 9}, {"slot": "2", "width": 3}]}'),
	('07198a60db89', '1', 1, 'velit', '2022-01-23 16:19:10', '2022-01-23 16:19:10', '63ad36c59b9e', '63ad36c59b9e', '4f0c657fecef', 'singletext', '{"text": "qui"}'),
	('91ccfe52ece9', '2', 0, NULL, '2022-02-04 19:11:54', '2022-02-04 19:11:54', '869c7bbcf042', '60434c561273', '318e064ea0c9', 'singletext', '{"text": ""}'),
	('ce2ae0cf8374', '2', 1, NULL, '2022-02-04 19:11:58', '2022-02-04 19:11:58', '869c7bbcf042', '60434c561273', '44dcc7493c65', 'singletext', '{"text": ""}'),
	('c6b3e59f9657', '2', 2, NULL, '2022-02-04 19:12:12', '2022-02-04 19:12:12', '869c7bbcf042', '60434c561273', '4f0c657fecef', 'singletext', '{"text": ""}'),
	('22a0e159fbf7', '2', 0, NULL, '2022-02-04 19:13:42', '2022-02-04 19:13:42', '3653b3134fc5', 'c8186cf53cba', '318e064ea0c9', 'singletext', '{"text": ""}'),
	('adb013cd14ed', '2', 1, NULL, '2022-02-04 19:13:45', '2022-02-04 19:13:45', '3653b3134fc5', 'c8186cf53cba', '44dcc7493c65', 'singletext', '{"text": ""}'),
	('7fb1c3ec46cd', '2', 2, NULL, '2022-02-04 19:13:49', '2022-02-04 19:13:49', '3653b3134fc5', 'c8186cf53cba', '4f0c657fecef', 'singletext', '{"text": ""}'),
	('5df31d5d61dc', '2', 0, NULL, '2022-02-04 19:15:43', '2022-02-04 19:15:43', '75a94bbedf29', '7996f3bd8e17', '318e064ea0c9', 'singletext', '{"text": ""}'),
	('749797e3317b', '2', 2, NULL, '2022-02-04 19:15:55', '2022-02-04 19:15:55', '75a94bbedf29', '7996f3bd8e17', '4f0c657fecef', 'singletext', '{"text": ""}'),
	('d80961e7a617', '2', 2, NULL, '2022-02-04 19:39:53', '2022-02-04 21:20:33', '02823e618716', 'b570ee7e3999', '4f0c657fecef', 'singletext', '{"text": "<p>- Keine Energy Drinks, Alkohol, Zigaretten etc.</p><p>- Einander zuhören</p><p>- Die Leiter respektieren so wie auch die anderen Teilnehmer respektieren.</p><p>- Nachtruhe einhalten.</p><p>- Der Lagerplatz nicht verlassen</p><p>- Für Schanzmatt Material immer ein Leiter fragen</p><p>- Kein Mobbing</p>"}'),
	('def405e495dd', '2', 1, NULL, '2022-02-04 19:15:47', '2022-02-04 19:16:11', '75a94bbedf29', '7996f3bd8e17', '44dcc7493c65', 'singletext', '{"text": "<p>Alle tragen Wanderschuhe</p>"}'),
	('eea2ceec04c6', '2', 2, NULL, '2022-02-04 19:34:29', '2022-02-04 19:34:29', 'ff2ed0cab03e', 'fec746d4520a', '4f0c657fecef', 'singletext', '{"text": ""}'),
	('741f2a741eab', '2', 0, NULL, '2022-02-04 19:35:38', '2022-02-04 19:35:38', 'a2505e2c8aca', '59f56d3c1631', '318e064ea0c9', 'singletext', '{"text": ""}'),
	('2a23bb0cb8df', '2', 2, NULL, '2022-02-04 19:35:38', '2022-02-04 19:35:38', 'a2505e2c8aca', '59f56d3c1631', '4f0c657fecef', 'singletext', '{"text": ""}'),
	('f1f0bd888b9a', '2', 1, NULL, '2022-02-04 19:35:38', '2022-02-04 19:35:38', 'a2505e2c8aca', '59f56d3c1631', '44dcc7493c65', 'singletext', '{"text": "<p>Alle tragen Wanderschuhe</p>"}'),
	('8d4f28b35c6c', '2', 2, NULL, '2022-02-04 19:36:21', '2022-02-04 19:36:21', 'a71f929dd156', 'bd796fec1ea0', '4f0c657fecef', 'singletext', '{"text": ""}'),
	('2d95603f58df', '2', 1, NULL, '2022-02-04 19:36:21', '2022-02-04 19:36:21', 'a71f929dd156', 'bd796fec1ea0', '44dcc7493c65', 'singletext', '{"text": "<p>Alle tragen Wanderschuhe</p>"}'),
	('2a7e8f49341b', '2', 2, NULL, '2022-02-04 19:37:23', '2022-02-04 19:37:23', 'd62d16c6afb6', '2210bc67a4ce', '4f0c657fecef', 'singletext', '{"text": ""}'),
	('56e5c055ff76', '2', 1, NULL, '2022-02-04 19:37:23', '2022-02-04 19:37:23', 'd62d16c6afb6', '2210bc67a4ce', '44dcc7493c65', 'singletext', '{"text": "<p>Alle tragen Wanderschuhe</p>"}'),
	('445fcf49e6d6', '2', 2, NULL, '2022-02-04 19:38:15', '2022-02-04 19:38:15', 'c7a28bcfd35f', '142195e3898c', '4f0c657fecef', 'singletext', '{"text": ""}'),
	('d4e553c7106b', '2', 1, NULL, '2022-02-04 19:39:53', '2022-02-04 19:39:53', '02823e618716', 'b570ee7e3999', '44dcc7493c65', 'singletext', '{"text": ""}'),
	('8a794e0e8bdd', '2', 0, NULL, '2022-02-04 19:40:24', '2022-02-04 19:40:24', 'c6eb39db9f9c', 'e5618cc0b5e8', '318e064ea0c9', 'singletext', '{"text": ""}'),
	('d5a09b34bbe7', '2', 2, NULL, '2022-02-04 19:40:24', '2022-02-04 19:40:24', 'c6eb39db9f9c', 'e5618cc0b5e8', '4f0c657fecef', 'singletext', '{"text": ""}'),
	('36a26e7f545e', '2', 1, NULL, '2022-02-04 19:41:39', '2022-02-04 19:41:39', 'cd89a68084ff', '5f33da2c3f83', '44dcc7493c65', 'singletext', '{"text": ""}'),
	('2f4e62a5b97e', '2', 0, NULL, '2022-02-04 19:41:39', '2022-02-04 19:41:39', 'cd89a68084ff', '5f33da2c3f83', '318e064ea0c9', 'singletext', '{"text": ""}'),
	('12ecb6e0c6bc', '2', 2, NULL, '2022-02-04 19:41:39', '2022-02-04 19:41:39', 'cd89a68084ff', '5f33da2c3f83', '4f0c657fecef', 'singletext', '{"text": ""}'),
	('83c806859aa1', '2', 1, NULL, '2022-02-04 19:43:24', '2022-02-04 19:43:24', 'af6d3bd31bfb', '9e734d837c16', '44dcc7493c65', 'singletext', '{"text": ""}'),
	('c698a03fbf87', '2', 0, NULL, '2022-02-04 19:43:24', '2022-02-04 19:43:24', 'af6d3bd31bfb', '9e734d837c16', '318e064ea0c9', 'singletext', '{"text": ""}'),
	('e9b8601f2ff6', '2', 2, NULL, '2022-02-04 19:43:24', '2022-02-04 19:43:24', 'af6d3bd31bfb', '9e734d837c16', '4f0c657fecef', 'singletext', '{"text": ""}'),
	('07035efc81f8', '2', 0, NULL, '2022-02-04 19:46:02', '2022-02-04 19:46:02', '32e70cad4ec9', '77fe44df2707', '318e064ea0c9', 'singletext', '{"text": ""}'),
	('38318996199a', '2', 0, NULL, '2022-02-04 19:46:20', '2022-02-04 19:46:20', '25aa0c832b70', 'e9c6cb975605', '318e064ea0c9', 'singletext', '{"text": ""}'),
	('dc940ff1826a', '2', 1, NULL, '2022-02-04 19:46:20', '2022-02-04 19:46:20', '25aa0c832b70', 'e9c6cb975605', '44dcc7493c65', 'singletext', '{"text": ""}'),
	('6843404033c2', '2', 2, NULL, '2022-02-04 19:46:20', '2022-02-04 19:46:20', '25aa0c832b70', 'e9c6cb975605', '4f0c657fecef', 'singletext', '{"text": ""}'),
	('3bb4727924f2', '2', 0, NULL, '2022-02-04 19:47:02', '2022-02-04 19:47:02', '303e8d9d2e2e', 'f71ace6060ae', '318e064ea0c9', 'singletext', '{"text": ""}'),
	('ca5553bd6bd7', '2', 2, NULL, '2022-02-04 19:47:02', '2022-02-04 19:47:02', '303e8d9d2e2e', 'f71ace6060ae', '4f0c657fecef', 'singletext', '{"text": ""}'),
	('0b25b55fbbfa', '2', 1, NULL, '2022-02-04 19:47:02', '2022-02-04 19:47:02', '303e8d9d2e2e', 'f71ace6060ae', '44dcc7493c65', 'singletext', '{"text": "<p>Alle tragen Wanderschuhe</p>"}'),
	('473e0175effb', '2', 1, NULL, '2022-02-04 19:47:50', '2022-02-04 19:47:50', '160930523ce2', '1f1f866f0cbb', '44dcc7493c65', 'singletext', '{"text": ""}'),
	('8ba0295b8ea8', '2', 0, NULL, '2022-02-04 19:47:50', '2022-02-04 19:47:50', '160930523ce2', '1f1f866f0cbb', '318e064ea0c9', 'singletext', '{"text": ""}'),
	('14e638398f4f', '2', 2, NULL, '2022-02-04 19:47:50', '2022-02-04 19:47:50', '160930523ce2', '1f1f866f0cbb', '4f0c657fecef', 'singletext', '{"text": ""}'),
	('bdea4e3ff0c2', '2', 2, NULL, '2022-02-04 19:48:40', '2022-02-04 19:48:40', '3d211da36cc6', '99ec103f21e4', '4f0c657fecef', 'singletext', '{"text": ""}'),
	('dce6bdbe1985', '2', 0, NULL, '2022-02-04 19:49:02', '2022-02-04 19:49:02', '656295313d5c', '81dda09111d5', '318e064ea0c9', 'singletext', '{"text": ""}'),
	('70932aca7d32', '2', 2, NULL, '2022-02-04 19:49:02', '2022-02-04 19:49:02', '656295313d5c', '81dda09111d5', '4f0c657fecef', 'singletext', '{"text": ""}'),
	('2d258a7776ca', '2', 1, NULL, '2022-02-04 19:49:02', '2022-02-04 19:49:02', '656295313d5c', '81dda09111d5', '44dcc7493c65', 'singletext', '{"text": "<p>Alle tragen Wanderschuhe</p>"}'),
	('dbfa40935e0d', '2', 0, NULL, '2022-02-04 19:49:34', '2022-02-04 19:49:34', '5bdd84d2ab79', '67be10a1b564', '318e064ea0c9', 'singletext', '{"text": ""}'),
	('4febc0e05ba3', '2', 2, NULL, '2022-02-04 19:49:34', '2022-02-04 19:49:34', '5bdd84d2ab79', '67be10a1b564', '4f0c657fecef', 'singletext', '{"text": ""}'),
	('66b3ea2774ec', '2', 1, NULL, '2022-02-04 19:49:34', '2022-02-04 19:49:34', '5bdd84d2ab79', '67be10a1b564', '44dcc7493c65', 'singletext', '{"text": "<p>Alle tragen Wanderschuhe</p>"}'),
	('bee784c32dff', '2', 1, NULL, '2022-02-04 19:50:07', '2022-02-04 19:50:07', 'a29cff2d1d03', 'af6d5af59785', '44dcc7493c65', 'singletext', '{"text": ""}'),
	('9c680d2e2263', '2', 0, NULL, '2022-02-04 19:50:07', '2022-02-04 19:50:07', 'a29cff2d1d03', 'af6d5af59785', '318e064ea0c9', 'singletext', '{"text": ""}'),
	('64959421f614', '2', 2, NULL, '2022-02-04 19:50:07', '2022-02-04 19:50:07', 'a29cff2d1d03', 'af6d5af59785', '4f0c657fecef', 'singletext', '{"text": ""}'),
	('e7978f772687', '2', 0, NULL, '2022-02-04 19:51:36', '2022-02-04 19:51:36', '6127f9640b45', '2d0de0759cd4', '318e064ea0c9', 'singletext', '{"text": ""}'),
	('05b63c397dcd', '2', 2, NULL, '2022-02-04 19:51:36', '2022-02-04 19:51:36', '6127f9640b45', '2d0de0759cd4', '4f0c657fecef', 'singletext', '{"text": ""}'),
	('ffc6af8f3159', '2', 1, NULL, '2022-02-04 19:51:36', '2022-02-04 19:51:36', '6127f9640b45', '2d0de0759cd4', '44dcc7493c65', 'singletext', '{"text": "<p>Alle tragen Wanderschuhe</p>"}'),
	('70b8420479aa', '2', 1, NULL, '2022-02-04 19:51:56', '2022-02-04 19:51:56', 'e2ba5d9578b7', 'e44cf76f839d', '44dcc7493c65', 'singletext', '{"text": ""}'),
	('efaafb64e04c', '2', 0, NULL, '2022-02-04 19:51:56', '2022-02-04 19:51:56', 'e2ba5d9578b7', 'e44cf76f839d', '318e064ea0c9', 'singletext', '{"text": ""}'),
	('bac6cf64fd44', '2', 2, NULL, '2022-02-04 19:51:56', '2022-02-04 19:51:56', 'e2ba5d9578b7', 'e44cf76f839d', '4f0c657fecef', 'singletext', '{"text": ""}'),
	('f04b6a1372cc', '2', 0, NULL, '2022-02-04 19:52:33', '2022-02-04 19:52:33', 'ca9582689c1e', 'baeb0218568b', '318e064ea0c9', 'singletext', '{"text": ""}'),
	('6c21b66b59f8', '2', 2, NULL, '2022-02-04 19:52:33', '2022-02-04 19:52:33', 'ca9582689c1e', 'baeb0218568b', '4f0c657fecef', 'singletext', '{"text": ""}'),
	('9ffb2b512f1e', '2', 0, NULL, '2022-02-04 19:52:59', '2022-02-04 19:52:59', '50172d027864', 'a7c05f91afbc', '318e064ea0c9', 'singletext', '{"text": ""}'),
	('d63973e52b25', '2', 2, NULL, '2022-02-04 19:52:59', '2022-02-04 19:52:59', '50172d027864', 'a7c05f91afbc', '4f0c657fecef', 'singletext', '{"text": ""}'),
	('27e942280410', '2', 1, NULL, '2022-02-04 19:52:59', '2022-02-04 19:52:59', '50172d027864', 'a7c05f91afbc', '44dcc7493c65', 'singletext', '{"text": "<p>Alle tragen Wanderschuhe</p>"}'),
	('2ba109507fbc', '2', 0, NULL, '2022-02-04 19:53:09', '2022-02-04 19:53:09', '78904734f1c0', '6e929eaf43e5', '318e064ea0c9', 'singletext', '{"text": ""}'),
	('abb8e234faa9', '2', 2, NULL, '2022-02-04 19:53:09', '2022-02-04 19:53:09', '78904734f1c0', '6e929eaf43e5', '4f0c657fecef', 'singletext', '{"text": ""}'),
	('cf7d2595ac92', '2', 1, NULL, '2022-02-04 19:53:09', '2022-02-04 19:53:09', '78904734f1c0', '6e929eaf43e5', '44dcc7493c65', 'singletext', '{"text": "<p>Alle tragen Wanderschuhe</p>"}'),
	('d914d9bc76f4', '2', 0, NULL, '2022-02-04 19:53:15', '2022-02-04 19:53:15', '11d4984c77c6', 'f8e595ca2a2a', '318e064ea0c9', 'singletext', '{"text": ""}'),
	('cce7d3a9f3be', '2', 2, NULL, '2022-02-04 19:53:15', '2022-02-04 19:53:15', '11d4984c77c6', 'f8e595ca2a2a', '4f0c657fecef', 'singletext', '{"text": ""}'),
	('e05269876ccb', '2', 1, NULL, '2022-02-04 19:53:15', '2022-02-04 19:53:15', '11d4984c77c6', 'f8e595ca2a2a', '44dcc7493c65', 'singletext', '{"text": "<p>Alle tragen Wanderschuhe</p>"}'),
	('0e9f487ca35a', '2', 0, NULL, '2022-02-04 19:34:29', '2022-02-04 21:10:29', 'ff2ed0cab03e', 'fec746d4520a', '318e064ea0c9', 'singletext', '{"text": "<p>Wir machen uns auf den Weg ins Hogwarts-Sommer-Camp.</p>"}'),
	('8b967bf8d778', '2', 1, NULL, '2022-02-04 19:34:29', '2022-02-04 21:12:05', 'ff2ed0cab03e', 'fec746d4520a', '44dcc7493c65', 'singletext', '{"text": "<p>Velomechs auf der <strong>Strecke</strong>:</p><ul><li><p>Velos - Motos Ryser, Musterdorf, 077 123 45 67</p></li><li><p>Radprofi Weibel, Ennetda, 021 123 45 67</p></li></ul>"}'),
	('05fd1a6276a0', '2', 0, NULL, '2022-02-04 19:36:21', '2022-02-04 21:13:25', 'a71f929dd156', 'bd796fec1ea0', '318e064ea0c9', 'singletext', '{"text": "<p>Ein Sommercamp baut sich nicht von alleine auf -&gt; das tun wir jetzt.</p>"}'),
	('ea1ab136a55b', '2', 2, NULL, '2022-02-04 22:10:06', '2022-02-04 22:10:06', '37616c74811f', '4d88b71250c5', '4f0c657fecef', 'singletext', '{"text": ""}'),
	('fd9297b1db56', '2', 1, NULL, '2022-02-04 22:10:06', '2022-02-04 22:10:06', '37616c74811f', '4d88b71250c5', '44dcc7493c65', 'singletext', '{"text": ""}'),
	('80352238933c', '2', 0, NULL, '2022-02-04 22:10:52', '2022-02-04 22:10:52', '78c9196140b7', '16c1b1868c60', '318e064ea0c9', 'singletext', '{"text": ""}'),
	('283a58df7d9b', '2', 0, NULL, '2022-02-04 19:37:23', '2022-02-04 21:16:37', 'd62d16c6afb6', '2210bc67a4ce', '318e064ea0c9', 'singletext', '{"text": "<p>Die Teilnehmer erreichen Das Hogwarts-Sommercamp und erfahren dessen wahre Bedeutung - wir wollen Harry''s Horkruxe zerstören und ihn so wieder zu dem liebenswerten Zauberer machen, den wir alle kennen und lieben. Denn seit dem Ende der Buchserie ist einige Zeit vergangen und Harry ist der Erfolg zu Kopf gestiegen. Süchtig nach Macht hat auch er, wahrscheinlich durch die hinterlassenen Spuren des Daseins als Voldemort''s Horkrux, sieben Horkruxe erschaffen. Unsere Aufgabe ist es nun, diese zu finden und zu zerstören, so dass Harry''s Seele wieder ganz wird. Da wir offiziell aber natürlich das Image des Hogwarts-Sommercamps aufrecht erhalten müssen, werden die Teilnehmer in vier Häuser aufgeteilt (20 TN --&gt; 4 Gruppen à 5). Dies sind die Zeltgruppen und in ihnen können die TN Punkte für ihre Häuser sammeln indem sie z.B. das erste komplett anwesende Zelt sind wenn es pfeift etc. Die Hogwarts-Häuser competition wird also auch in unserem \"Sommercamp\" weitergeführt. Leiter des Camps is Albus Potter, Harry''s Sohn.</p><p>Die Figuren stellen sich vor: Hauslehrer</p><p>Farfalla: Gryffindor</p><p>Castor: Slytherin</p><p>Biber: Ravenclaw</p><p>Salamander: Hufflepuff</p><p>Adler: Filch</p><p>Pandora: Irgende WEasly</p><p>Weiter mögliche Personen:</p><p>Albus Potter, Ted Lupin, Rose oder Hugo Weasly, Scorpius Malfoy, Swagrid</p><p>Allgemeine Dinge über das Harry Potter universum werden erzählt:</p><p>- häuser, Hogwarts, verbotener wald, zaubersprüche, das ministerium, spezielle wesen wie zentauren phönix etc., denkarium..?</p>"}'),
	('651220bcea22', '2', 0, NULL, '2022-02-04 19:38:15', '2022-02-04 21:17:04', 'c7a28bcfd35f', '142195e3898c', '318e064ea0c9', 'singletext', '{"text": "<p>Zum die Horkrux zu sammeln müssen wir zusammen halten. Dadurch spielen wir verschiedene Spiele um uns besser kennen zu lernen.</p>"}'),
	('a70a441e44d0', '2', 1, NULL, '2022-02-04 19:38:15', '2022-02-04 21:18:21', 'c7a28bcfd35f', '142195e3898c', '44dcc7493c65', 'singletext', '{"text": "<p>Apotheke mitnehmen</p>"}'),
	('063244de52d6', '2', 0, NULL, '2022-02-04 19:39:09', '2022-02-04 21:18:50', '83b61af97910', 'f6163448c705', '318e064ea0c9', 'singletext', '{"text": "<p>Damit wir herausfinden, warum Harry böse wurde, müssen wir uns in seine Rolle versetzen, bevor er böse wurde. In Hogwarts gibt es verschiedene Gestalten, in die wir uns vertiefen wollen.</p>"}'),
	('6fa0ee230602', '2', 2, NULL, '2022-02-04 19:39:09', '2022-02-04 21:19:00', '83b61af97910', 'f6163448c705', '4f0c657fecef', 'singletext', '{"text": "<p>Die ganze Erklärung des Games auf externem Sheet.</p>"}'),
	('8ec651d8892c', '2', 1, NULL, '2022-02-04 19:39:09', '2022-02-04 21:19:24', '83b61af97910', 'f6163448c705', '44dcc7493c65', 'singletext', '{"text": ""}'),
	('ea63d22b8898', '2', 0, NULL, '2022-02-04 19:39:53', '2022-02-04 21:20:28', '02823e618716', 'b570ee7e3999', '318e064ea0c9', 'singletext', '{"text": "<p>In unserem Sommercamp brauchen wir Regeln, wie es sie in Hogwarts auch gibt (nicht in den Verbotenen Wald etc.) Deshalb machen wir uns nun daran, diese Regeln festzulegen.</p>"}'),
	('a2949c251d61', '2', 1, NULL, '2022-02-04 19:40:24', '2022-02-04 21:23:32', 'c6eb39db9f9c', 'e5618cc0b5e8', '44dcc7493c65', 'singletext', '{"text": ""}'),
	('886f1428cadd', '2', 0, NULL, '2022-02-04 21:25:12', '2022-02-04 21:25:37', '645000130f8c', '645000130f8c', '318e064ea0c9', 'singletext', '{"text": "<p>Jeder Zauber braucht eine Spezialfähigkeit. Die hier angebotenen sind besonders wichtig im Kampf gegen Horkruxe, deshalb benötigen wir Experten auf jedem der Gebiete. Quasi Wahlfach des Sommercamps</p>"}'),
	('6c0e4b006607', '2', 1, NULL, '2022-02-04 21:27:51', '2022-02-04 21:27:51', '69a1c2680b2b', 'a47e986e9179', '44dcc7493c65', 'singletext', '{"text": ""}'),
	('1380618e31e7', '2', 0, NULL, '2022-02-04 21:27:47', '2022-02-04 21:28:41', '69a1c2680b2b', 'a47e986e9179', '318e064ea0c9', 'singletext', '{"text": "<p>cooler roter Faden</p>"}'),
	('075967d2dd93', '2', 2, NULL, '2022-02-04 19:46:02', '2022-02-04 21:30:01', '32e70cad4ec9', '77fe44df2707', '4f0c657fecef', 'singletext', '{"text": "<p>jhasjkdhaskjdhasdas</p>"}'),
	('6f71f73439cf', '2', 1, NULL, '2022-02-04 19:46:02', '2022-02-04 21:30:07', '32e70cad4ec9', '77fe44df2707', '44dcc7493c65', 'singletext', '{"text": ""}'),
	('b76e3ea5d4a8', '2', 0, NULL, '2022-02-04 21:31:00', '2022-02-04 21:31:40', '3edf02e5fd3d', '51a9f1de497a', '318e064ea0c9', 'singletext', '{"text": "<p>Roter Baron:</p><p>Er hatte den Auftrag, seine Geliebte wieder zurück zu holen, als sie sich jedoch weigerte, hatte er einen Wutausbruch und brachte sie um. Seitdem trägt er Ketten, um Busse zu tun. Er bereut diese Tat zutieftst und möchte mit uns anschauen, wie man seine Gefühle im Griff hat.</p>"}'),
	('8189c8195acf', '2', 1, NULL, '2022-02-04 19:48:40', '2022-02-04 21:34:31', '3d211da36cc6', '99ec103f21e4', '44dcc7493c65', 'singletext', '{"text": "<h3>Gefährliche Stellen werden abgesperrt</h3><p><strong>Apotheke vor ort</strong></p>"}'),
	('8f568b5563a6', '2', 0, NULL, '2022-02-04 19:48:40', '2022-02-04 21:33:42', '3d211da36cc6', '99ec103f21e4', '318e064ea0c9', 'singletext', '{"text": "<p>asdf</p>"}'),
	('48c38e095aad', '2', 0, NULL, '2022-02-04 21:42:13', '2022-02-04 21:42:13', '8fa1c8e597c3', '0a23aa100e1b', '318e064ea0c9', 'singletext', '{"text": ""}'),
	('7cb2752737e2', '2', 1, NULL, '2022-02-04 19:52:33', '2022-02-04 21:35:18', 'ca9582689c1e', 'baeb0218568b', '44dcc7493c65', 'singletext', '{"text": "<p>alle tragen einen Schoner während den <em>Tanzbewegungen</em> und eine Schutzbrille</p>"}'),
	('54eda8108520', '2', 1, NULL, '2022-02-04 21:42:17', '2022-02-04 21:42:17', '8fa1c8e597c3', '0a23aa100e1b', '44dcc7493c65', 'singletext', '{"text": ""}'),
	('350b44de53b5', '2', 2, NULL, '2022-02-04 21:42:21', '2022-02-04 21:42:21', '8fa1c8e597c3', '0a23aa100e1b', '4f0c657fecef', 'singletext', '{"text": ""}'),
	('98d7fcb9a22b', '2', 0, NULL, '2022-02-04 21:43:20', '2022-02-04 21:43:20', 'fb21b1c912fd', '5598534f6d7f', '318e064ea0c9', 'singletext', '{"text": ""}'),
	('538610561786', '2', 1, NULL, '2022-02-04 21:43:22', '2022-02-04 21:43:22', 'fb21b1c912fd', '5598534f6d7f', '44dcc7493c65', 'singletext', '{"text": ""}'),
	('6f290281f5cd', '2', 2, NULL, '2022-02-04 21:43:26', '2022-02-04 21:43:26', 'fb21b1c912fd', '5598534f6d7f', '4f0c657fecef', 'singletext', '{"text": ""}'),
	('d119a57bb552', '2', 0, NULL, '2022-02-04 21:59:10', '2022-02-04 21:59:10', '51d2e8dd6747', '48393c2e4cd6', '318e064ea0c9', 'singletext', '{"text": ""}'),
	('5a25250e8e9d', '2', 1, NULL, '2022-02-04 21:59:10', '2022-02-04 21:59:10', '51d2e8dd6747', '48393c2e4cd6', '44dcc7493c65', 'singletext', '{"text": ""}'),
	('af1276c8deca', '2', 2, NULL, '2022-02-04 21:59:10', '2022-02-04 21:59:10', '51d2e8dd6747', '48393c2e4cd6', '4f0c657fecef', 'singletext', '{"text": ""}'),
	('635ede089a38', '2', 0, NULL, '2022-02-04 21:59:10', '2022-02-04 21:59:10', 'd0d0bef87638', 'cdc9597bd2c4', '318e064ea0c9', 'singletext', '{"text": ""}'),
	('c60c35894fb8', '2', 1, NULL, '2022-02-04 21:59:10', '2022-02-04 21:59:10', 'd0d0bef87638', 'cdc9597bd2c4', '44dcc7493c65', 'singletext', '{"text": ""}'),
	('15a25d9de36f', '2', 2, NULL, '2022-02-04 21:59:10', '2022-02-04 21:59:10', 'd0d0bef87638', 'cdc9597bd2c4', '4f0c657fecef', 'singletext', '{"text": ""}'),
	('6e187b34baa9', '2', 0, NULL, '2022-02-04 22:02:58', '2022-02-04 22:02:58', 'f9c28b8f6f31', '58a49366f78d', '318e064ea0c9', 'singletext', '{"text": ""}'),
	('032b98986bed', '2', 1, NULL, '2022-02-04 22:03:03', '2022-02-04 22:03:03', 'f9c28b8f6f31', '58a49366f78d', '44dcc7493c65', 'singletext', '{"text": ""}'),
	('2788959ec9c2', '2', 2, NULL, '2022-02-04 22:03:06', '2022-02-04 22:03:06', 'f9c28b8f6f31', '58a49366f78d', '4f0c657fecef', 'singletext', '{"text": ""}'),
	('e5cb8fb74e6c', '2', 2, NULL, '2022-02-04 22:06:20', '2022-02-04 22:06:20', '985356416a4b', 'cd9a869ea01c', '4f0c657fecef', 'singletext', '{"text": ""}'),
	('9a405af3cf69', '2', 1, NULL, '2022-02-04 22:06:20', '2022-02-04 22:06:20', '985356416a4b', 'cd9a869ea01c', '44dcc7493c65', 'singletext', '{"text": ""}'),
	('b82abd3055a8', '2', 0, NULL, '2022-02-04 22:10:06', '2022-02-04 22:10:06', '37616c74811f', '4d88b71250c5', '318e064ea0c9', 'singletext', '{"text": ""}'),
	('381c06d8ac17', '2', 1, NULL, '2022-02-04 22:10:52', '2022-02-04 22:10:52', '78c9196140b7', '16c1b1868c60', '44dcc7493c65', 'singletext', '{"text": ""}'),
	('06bce0354cae', '2', 2, NULL, '2022-02-04 22:10:52', '2022-02-04 22:10:52', '78c9196140b7', '16c1b1868c60', '4f0c657fecef', 'singletext', '{"text": ""}'),
	('73ce151126d3', '2', 1, NULL, '2022-02-04 22:11:12', '2022-02-04 22:11:12', 'c2eae59077c5', '667d18a76fe6', '44dcc7493c65', 'singletext', '{"text": ""}'),
	('150405a2c876', '2', 0, NULL, '2022-02-04 22:11:12', '2022-02-04 22:11:12', 'c2eae59077c5', '667d18a76fe6', '318e064ea0c9', 'singletext', '{"text": ""}'),
	('7347bb2cee93', '2', 2, NULL, '2022-02-04 22:11:12', '2022-02-04 22:11:12', 'c2eae59077c5', '667d18a76fe6', '4f0c657fecef', 'singletext', '{"text": ""}'),
	('02436896dd4e', '2', 2, NULL, '2022-02-04 22:16:56', '2022-02-04 22:16:56', '69fa08a77f38', '3ce6b7ec876f', '4f0c657fecef', 'singletext', '{"text": ""}'),
	('a7a4a7ebefe6', '2', 1, NULL, '2022-02-04 22:17:30', '2022-02-04 22:17:30', '5015df0b6259', '69c2c7eceec2', '44dcc7493c65', 'singletext', '{"text": ""}'),
	('b6b6f9bd7be1', '2', 2, NULL, '2022-02-04 22:17:30', '2022-02-04 22:17:30', '5015df0b6259', '69c2c7eceec2', '4f0c657fecef', 'singletext', '{"text": ""}'),
	('ac1a8d13665d', '2', 0, NULL, '2022-02-04 22:18:02', '2022-02-04 22:18:02', 'aff5fa86266e', 'fbc47b8cf426', '318e064ea0c9', 'singletext', '{"text": ""}'),
	('d0448480da8b', '2', 1, NULL, '2022-02-04 22:18:02', '2022-02-04 22:18:02', 'aff5fa86266e', 'fbc47b8cf426', '44dcc7493c65', 'singletext', '{"text": ""}'),
	('93629214c0da', '2', 2, NULL, '2022-02-04 22:18:02', '2022-02-04 22:18:02', 'aff5fa86266e', 'fbc47b8cf426', '4f0c657fecef', 'singletext', '{"text": ""}'),
	('f448c128db14', '2', 0, NULL, '2022-02-04 22:18:46', '2022-02-04 22:18:46', '3a9614e39661', 'f63fb7a48ada', '318e064ea0c9', 'singletext', '{"text": ""}'),
	('f2f21f7b5963', '2', 1, NULL, '2022-02-04 22:18:46', '2022-02-04 22:18:46', '3a9614e39661', 'f63fb7a48ada', '44dcc7493c65', 'singletext', '{"text": ""}'),
	('dd551a8cad7e', '2', 2, NULL, '2022-02-04 22:18:46', '2022-02-04 22:18:46', '3a9614e39661', 'f63fb7a48ada', '4f0c657fecef', 'singletext', '{"text": ""}'),
	('0fada08fb7c1', '2', 1, NULL, '2022-02-04 22:19:53', '2022-02-04 22:19:53', '8e15971caab8', 'ed784a290de3', '44dcc7493c65', 'singletext', '{"text": ""}'),
	('695bc6f08c8d', '2', 2, NULL, '2022-02-04 22:19:53', '2022-02-04 22:19:53', '8e15971caab8', 'ed784a290de3', '4f0c657fecef', 'singletext', '{"text": ""}'),
	('f3491b1d1ed4', '2', 2, NULL, '2022-02-04 22:20:19', '2022-02-04 22:20:19', 'f9ba3a735450', 'c20a38fbe5bd', '4f0c657fecef', 'singletext', '{"text": ""}'),
	('07cec100baae', '2', 2, NULL, '2022-02-04 22:21:03', '2022-02-04 22:21:03', '280031715953', 'd5cd5fd59e4a', '4f0c657fecef', 'singletext', '{"text": ""}'),
	('1516a64c5940', '2', 2, NULL, '2022-02-04 22:21:35', '2022-02-04 22:21:35', 'd4fe28437432', 'a046328425df', '4f0c657fecef', 'singletext', '{"text": ""}'),
	('85ff80d78768', '2', 0, NULL, '2022-02-04 22:21:58', '2022-02-04 22:21:58', 'b46ab3cde287', '23b945a9df75', '318e064ea0c9', 'singletext', '{"text": ""}'),
	('cb29303491f5', '2', 2, NULL, '2022-02-04 22:21:58', '2022-02-04 22:21:58', 'b46ab3cde287', '23b945a9df75', '4f0c657fecef', 'singletext', '{"text": ""}'),
	('1f648080582d', '2', 1, NULL, '2022-02-04 22:21:58', '2022-02-04 22:21:58', 'b46ab3cde287', '23b945a9df75', '44dcc7493c65', 'singletext', '{"text": ""}'),
	('e5c2b710898d', '2', 1, NULL, '2022-02-04 22:22:15', '2022-02-04 22:22:15', '7792c9c855ce', '60dad45d3561', '44dcc7493c65', 'singletext', '{"text": ""}'),
	('19a002b15f6e', '2', 2, NULL, '2022-02-04 22:22:15', '2022-02-04 22:22:15', '7792c9c855ce', '60dad45d3561', '4f0c657fecef', 'singletext', '{"text": ""}'),
	('d7da8f2a7a39', '2', 0, NULL, '2022-02-04 22:22:38', '2022-02-04 22:22:38', '2b3f79233387', '8d3112f28a34', '318e064ea0c9', 'singletext', '{"text": ""}'),
	('3ff909ce1ec3', '2', 2, NULL, '2022-02-04 22:22:56', '2022-02-04 22:22:56', '475f7b34581a', '0c57930a0e67', '4f0c657fecef', 'singletext', '{"text": ""}'),
	('89a401571d37', '2', 1, NULL, '2022-02-04 22:23:30', '2022-02-04 22:23:30', '3ddaa17f2649', '706d570b83cc', '44dcc7493c65', 'singletext', '{"text": ""}'),
	('0820aba5bf82', '2', 0, NULL, '2022-02-04 22:23:30', '2022-02-04 22:23:30', '3ddaa17f2649', '706d570b83cc', '318e064ea0c9', 'singletext', '{"text": ""}'),
	('012b2427c138', '2', 2, NULL, '2022-02-04 22:23:30', '2022-02-04 22:23:30', '3ddaa17f2649', '706d570b83cc', '4f0c657fecef', 'singletext', '{"text": ""}'),
	('7fe23d0fc00f', '2', 1, NULL, '2022-02-04 22:24:04', '2022-02-04 22:24:04', 'd81a9dae4316', '945b99f32295', '44dcc7493c65', 'singletext', '{"text": ""}'),
	('be5172d10d31', '2', 0, NULL, '2022-02-04 22:24:04', '2022-02-04 22:24:04', 'd81a9dae4316', '945b99f32295', '318e064ea0c9', 'singletext', '{"text": ""}'),
	('7224fb425b43', '2', 2, NULL, '2022-02-04 22:24:04', '2022-02-04 22:24:04', 'd81a9dae4316', '945b99f32295', '4f0c657fecef', 'singletext', '{"text": ""}'),
	('9ea9e4308d6d', '2', 0, NULL, '2022-02-04 22:24:36', '2022-02-04 22:24:36', 'e460f03e79b4', 'e69cb9c4d43c', '318e064ea0c9', 'singletext', '{"text": ""}'),
	('681b18ac428c', '2', 2, NULL, '2022-02-04 22:24:36', '2022-02-04 22:24:36', 'e460f03e79b4', 'e69cb9c4d43c', '4f0c657fecef', 'singletext', '{"text": ""}'),
	('95cd1a28febb', '2', 1, NULL, '2022-02-04 22:27:21', '2022-02-04 22:27:21', '13d74b9d52b8', '09b019b76b75', '44dcc7493c65', 'singletext', '{"text": ""}'),
	('8a6db3771533', '2', 0, NULL, '2022-02-04 22:27:21', '2022-02-04 22:27:21', '13d74b9d52b8', '09b019b76b75', '318e064ea0c9', 'singletext', '{"text": ""}'),
	('683906f8cecc', '2', 2, NULL, '2022-02-04 22:27:21', '2022-02-04 22:27:21', '13d74b9d52b8', '09b019b76b75', '4f0c657fecef', 'singletext', '{"text": ""}'),
	('dbed0f43dd70', '2', 1, NULL, '2022-02-04 22:27:57', '2022-02-04 22:27:57', '193c3491fa23', '604b01a8ece1', '44dcc7493c65', 'singletext', '{"text": ""}'),
	('344a2b71b081', '2', 0, NULL, '2022-02-04 22:27:57', '2022-02-04 22:27:57', '193c3491fa23', '604b01a8ece1', '318e064ea0c9', 'singletext', '{"text": ""}'),
	('d01cfe99e760', '2', 2, NULL, '2022-02-04 22:27:57', '2022-02-04 22:27:57', '193c3491fa23', '604b01a8ece1', '4f0c657fecef', 'singletext', '{"text": ""}'),
	('2b12a73ce7b9', '2', 0, NULL, '2022-02-04 22:28:12', '2022-02-04 22:28:12', '980885505aad', '82b8c7554597', '318e064ea0c9', 'singletext', '{"text": ""}'),
	('6adc7e08d593', '2', 2, NULL, '2022-02-04 22:28:12', '2022-02-04 22:28:12', '980885505aad', '82b8c7554597', '4f0c657fecef', 'singletext', '{"text": ""}'),
	('7c03a78afcce', '2', 1, NULL, '2022-02-04 22:28:12', '2022-02-04 22:28:12', '980885505aad', '82b8c7554597', '44dcc7493c65', 'singletext', '{"text": ""}'),
	('7a2282e04097', '2', 0, NULL, '2022-02-04 22:06:20', '2022-02-04 22:35:08', '985356416a4b', 'cd9a869ea01c', '318e064ea0c9', 'singletext', '{"text": "<p>Unsere Flugtickets sind davongeflogen (Wind) wir müssen sie wieder einsammeln</p>"}'),
	('ac6b2f123ad3', '2', 0, NULL, '2022-02-04 22:16:56', '2022-02-04 22:39:43', '69fa08a77f38', '3ce6b7ec876f', '318e064ea0c9', 'singletext', '{"text": "<p>Wir fliegen Ab. Die Flugbegleiter erklären uns wie wir in Notfallsituationen handeln müssen.</p>"}'),
	('ae634c4157a0', '2', 1, NULL, '2022-02-04 22:16:56', '2022-02-04 22:39:47', '69fa08a77f38', '3ce6b7ec876f', '44dcc7493c65', 'singletext', '{"text": "<p>Apotheke in Aufenthaltszelt oder Matzelt (Nach SIKO)</p>"}'),
	('94bce49e1f03', '2', 0, NULL, '2022-02-04 22:17:30', '2022-02-04 22:42:11', '5015df0b6259', '69c2c7eceec2', '318e064ea0c9', 'singletext', '{"text": "<p>Wir stürzen ab. Der Pilot verlässt das Flugzeug früher, weil die Steuerung nicht mehr funktioniert und er der Meinung ist, dass wir in die Insel stürzen würden und er nicht sterben will. oder so ähnlch de Pilot isch denn eifach verscholle</p>"}'),
	('3de702618ab9', '2', 0, NULL, '2022-02-04 22:19:53', '2022-02-04 22:45:00', '8e15971caab8', 'ed784a290de3', '318e064ea0c9', 'singletext', '{"text": "<p>Wir müssen die Insel erkunden</p>"}'),
	('17ec8168365a', '2', 0, NULL, '2022-02-04 22:20:19', '2022-02-04 22:47:57', 'f9ba3a735450', 'c20a38fbe5bd', '318e064ea0c9', 'singletext', '{"text": "<p>Die eingeborenen greifen uns an und klauen uns unser essen.</p>"}'),
	('b3f5cbd532da', '2', 1, NULL, '2022-02-04 22:20:19', '2022-02-04 22:48:00', 'f9ba3a735450', 'c20a38fbe5bd', '44dcc7493c65', 'singletext', '{"text": "<p>Apotheke mitnehmen, Gelände vorher absuchen wegen Gefahren</p>"}'),
	('d9b4103a0ab1', '2', 0, NULL, '2022-02-04 22:21:03', '2022-02-04 22:50:58', '280031715953', 'd5cd5fd59e4a', '318e064ea0c9', 'singletext', '{"text": "<p>Pfadigesetzt und Pfadiversprechen durch verschiedene Methoden lernen</p>"}'),
	('84b40e43160a', '2', 1, NULL, '2022-02-04 22:21:03', '2022-02-04 22:51:03', '280031715953', 'd5cd5fd59e4a', '44dcc7493c65', 'singletext', '{"text": "<p>Apotheke im Aufenthalts / Matzelt (Nach SIKO)</p>"}'),
	('7d7fc79c95fd', '2', 0, NULL, '2022-02-04 22:21:35', '2022-02-04 22:52:52', 'd4fe28437432', 'a046328425df', '318e064ea0c9', 'singletext', '{"text": "<p>wir müssen uns unser Essen zurückholen (evtl. Lasergame oder suscht was Geils)</p>"}'),
	('22d8c12d7df3', '2', 1, NULL, '2022-02-04 22:21:35', '2022-02-04 22:52:56', 'd4fe28437432', 'a046328425df', '44dcc7493c65', 'singletext', '{"text": "<p>Gelende vorher Rekken (wespenneste etc)</p><p>Apotheke und handy dabei</p>"}'),
	('307055b3b9ca', '2', 0, NULL, '2022-02-04 22:22:15', '2022-02-04 22:55:45', '7792c9c855ce', '60dad45d3561', '318e064ea0c9', 'singletext', '{"text": "<p>Was könnte man machen um Rettung zu holen? Blubb meint wir sollten warten bis wir gerettet werden und uns ein wenig die Zeit vertreiben</p>"}'),
	('fb7c4182a43f', '2', 2, 'Ziele', '2022-02-04 22:22:38', '2022-02-04 22:58:43', '2b3f79233387', '8d3112f28a34', '4f0c657fecef', 'singletext', '{"text": "<p>Wir lernen das Pfadigeetz und wie wir damit leben.</p>"}'),
	('21bca97eadd7', '2', 1, NULL, '2022-02-04 22:22:38', '2022-02-04 22:59:16', '2b3f79233387', '8d3112f28a34', '44dcc7493c65', 'singletext', '{"text": "<p>Apotheke und Handy vor Ort</p>"}'),
	('47b94d9ba46b', '2', 0, NULL, '2022-02-04 22:22:56', '2022-02-04 23:01:09', '475f7b34581a', '0c57930a0e67', '318e064ea0c9', 'singletext', '{"text": "<p>Plottwist der Pilot hat sich zum Anführer der eingeborenen hochgekämpft. und wir müssen ein Notsignal senden</p>"}'),
	('49d09f48b287', '2', 1, NULL, '2022-02-04 22:22:56', '2022-02-04 23:01:15', '475f7b34581a', '0c57930a0e67', '44dcc7493c65', 'singletext', '{"text": "<p>Apotheke mitnehmen, Gelände vorher absuchen wegen Gefahren. Drei mal Pfeifen = besammeln beim neutralen Posten.</p>"}'),
	('d5114af3e81e', '2', 1, NULL, '2022-02-04 22:24:36', '2022-02-04 23:03:57', 'e460f03e79b4', 'e69cb9c4d43c', '44dcc7493c65', 'singletext', '{"text": "<p>Handy bei leiter</p><p>Aputheke ist auf lagergelende vorhanden</p>"}'),
	('3eaff9779e2b', '2', 0, NULL, '2022-02-04 23:11:49', '2022-02-04 23:11:49', '9b0e779f3238', '3790643b388a', '318e064ea0c9', 'singletext', '{"text": ""}'),
	('e6a88d775b88', '2', 2, NULL, '2022-02-04 23:11:54', '2022-02-04 23:11:54', '9b0e779f3238', '3790643b388a', '4f0c657fecef', 'singletext', '{"text": ""}'),
	('c110b87081cc', '2', 1, NULL, '2022-02-04 23:12:02', '2022-02-04 23:12:05', '9b0e779f3238', '3790643b388a', '44dcc7493c65', 'singletext', '{"text": ""}'),
	('e789b6f53771', '2', 3, NULL, '2022-02-04 19:47:50', '2022-02-04 19:47:50', '160930523ce2', '1f1f866f0cbb', '1a0f84e322c8', 'multiselect', '{"options": {"security": {"checked": false}, "outdoorTechnique": {"checked": false}, "pioneeringTechnique": {"checked": false}, "natureAndEnvironment": {"checked": false}, "campsiteAndSurroundings": {"checked": false}, "preventionAndIntegration": {"checked": false}}}'),
	('bda80d709f9c', '2', 3, NULL, '2022-02-04 19:12:24', '2022-02-04 19:12:24', '869c7bbcf042', '60434c561273', '1a0f84e322c8', 'multiselect', '{"options": {"security": {"checked": false}, "outdoorTechnique": {"checked": false}, "pioneeringTechnique": {"checked": false}, "natureAndEnvironment": {"checked": false}, "campsiteAndSurroundings": {"checked": false}, "preventionAndIntegration": {"checked": false}}}'),
	('f205ea34b059', '2', 1, NULL, '2022-02-04 21:25:22', '2022-02-04 21:25:22', '645000130f8c', '645000130f8c', '1a0f84e322c8', 'multiselect', '{"options": {"security": {"checked": false}, "outdoorTechnique": {"checked": true}, "pioneeringTechnique": {"checked": false}, "natureAndEnvironment": {"checked": false}, "campsiteAndSurroundings": {"checked": false}, "preventionAndIntegration": {"checked": false}}}'),
	('70115970f74b', '2', 3, NULL, '2022-02-04 22:11:12', '2022-02-04 22:11:12', 'c2eae59077c5', '667d18a76fe6', '1a0f84e322c8', 'multiselect', '{"options": {"security": {"checked": false}, "outdoorTechnique": {"checked": false}, "pioneeringTechnique": {"checked": false}, "natureAndEnvironment": {"checked": false}, "campsiteAndSurroundings": {"checked": false}, "preventionAndIntegration": {"checked": false}}}'),
	('84220fafa5f9', '2', 3, NULL, '2022-02-04 22:27:21', '2022-02-04 22:27:21', '13d74b9d52b8', '09b019b76b75', '1a0f84e322c8', 'multiselect', '{"options": {"security": {"checked": false}, "outdoorTechnique": {"checked": true}, "pioneeringTechnique": {"checked": true}, "natureAndEnvironment": {"checked": false}, "campsiteAndSurroundings": {"checked": true}, "preventionAndIntegration": {"checked": false}}}'),
	('9b72b139d082', '2', 3, NULL, '2022-02-04 19:46:20', '2022-02-04 19:46:20', '25aa0c832b70', 'e9c6cb975605', '1a0f84e322c8', 'multiselect', '{"options": {"security": {"checked": false}, "outdoorTechnique": {"checked": false}, "pioneeringTechnique": {"checked": false}, "natureAndEnvironment": {"checked": false}, "campsiteAndSurroundings": {"checked": false}, "preventionAndIntegration": {"checked": false}}}'),
	('54f16315d853', '2', 3, NULL, '2022-02-04 21:42:31', '2022-02-04 21:42:31', '8fa1c8e597c3', '0a23aa100e1b', '1a0f84e322c8', 'multiselect', '{"options": {"security": {"checked": false}, "outdoorTechnique": {"checked": false}, "pioneeringTechnique": {"checked": false}, "natureAndEnvironment": {"checked": false}, "campsiteAndSurroundings": {"checked": false}, "preventionAndIntegration": {"checked": false}}}'),
	('ef877113c101', '2', 3, NULL, '2022-02-04 22:22:38', '2022-02-04 22:22:38', '2b3f79233387', '8d3112f28a34', '1a0f84e322c8', 'multiselect', '{"options": {"security": {"checked": false}, "outdoorTechnique": {"checked": false}, "pioneeringTechnique": {"checked": false}, "natureAndEnvironment": {"checked": false}, "campsiteAndSurroundings": {"checked": false}, "preventionAndIntegration": {"checked": true}}}'),
	('b4c9ff773de8', '1', 1, 'aut', '2022-01-23 16:19:10', '2022-01-23 16:19:10', '63ad36c59b9e', '63ad36c59b9e', '1a0f84e322c8', 'multiselect', '{"options": {"aut": {"checked": true}}}'),
	('9b8e168ed0f6', '2', 3, NULL, '2022-02-04 19:39:53', '2022-02-04 19:39:53', '02823e618716', 'b570ee7e3999', '1a0f84e322c8', 'multiselect', '{"options": {"security": {"checked": false}, "outdoorTechnique": {"checked": false}, "pioneeringTechnique": {"checked": false}, "natureAndEnvironment": {"checked": false}, "campsiteAndSurroundings": {"checked": false}, "preventionAndIntegration": {"checked": true}}}'),
	('fdce2397cf25', '2', 3, NULL, '2022-02-04 21:59:10', '2022-02-04 21:59:10', '51d2e8dd6747', '48393c2e4cd6', '1a0f84e322c8', 'multiselect', '{"options": {"security": {"checked": false}, "outdoorTechnique": {"checked": false}, "pioneeringTechnique": {"checked": false}, "natureAndEnvironment": {"checked": false}, "campsiteAndSurroundings": {"checked": false}, "preventionAndIntegration": {"checked": false}}}'),
	('e9b1e194ed58', '1', 0, NULL, '2022-02-04 19:11:47', '2022-02-04 19:11:47', '869c7bbcf042', '60434c561273', 'cfccaecd4bad', 'storyboard', '{"sections": {}}'),
	('259021e7e537', '1', 0, NULL, '2022-02-04 19:13:37', '2022-02-04 19:13:37', '3653b3134fc5', 'c8186cf53cba', 'cfccaecd4bad', 'storyboard', '{"sections": {}}'),
	('e65a6b99f181', '1', 0, NULL, '2022-02-04 19:15:38', '2022-02-04 19:15:38', '75a94bbedf29', '7996f3bd8e17', 'cfccaecd4bad', 'storyboard', '{"sections": {}}'),
	('681d9e648543', '1', 0, NULL, '2022-02-04 19:37:23', '2022-02-04 19:37:23', 'd62d16c6afb6', '2210bc67a4ce', 'cfccaecd4bad', 'storyboard', '{"sections": {}}'),
	('1dc712f27811', '1', 0, NULL, '2022-02-04 19:41:39', '2022-02-04 19:41:39', 'cd89a68084ff', '5f33da2c3f83', 'cfccaecd4bad', 'storyboard', '{"sections": {}}'),
	('e4ffb5d84c4e', '1', 0, NULL, '2022-02-04 19:43:24', '2022-02-04 19:43:24', 'af6d3bd31bfb', '9e734d837c16', 'cfccaecd4bad', 'storyboard', '{"sections": {}}'),
	('48f7bc420ed6', '1', 0, NULL, '2022-02-04 19:46:20', '2022-02-04 19:46:20', '25aa0c832b70', 'e9c6cb975605', 'cfccaecd4bad', 'storyboard', '{"sections": {}}'),
	('f65d5c56cc9e', '1', 0, NULL, '2022-02-04 19:47:02', '2022-02-04 19:47:02', '303e8d9d2e2e', 'f71ace6060ae', 'cfccaecd4bad', 'storyboard', '{"sections": {}}'),
	('60f7a48c4466', '1', 0, NULL, '2022-02-04 19:47:50', '2022-02-04 19:47:50', '160930523ce2', '1f1f866f0cbb', 'cfccaecd4bad', 'storyboard', '{"sections": {}}'),
	('ea0f65060295', '1', 0, NULL, '2022-02-04 19:49:02', '2022-02-04 19:49:02', '656295313d5c', '81dda09111d5', 'cfccaecd4bad', 'storyboard', '{"sections": {}}'),
	('d1bc88c0f52e', '1', 0, NULL, '2022-02-04 19:49:34', '2022-02-04 19:49:34', '5bdd84d2ab79', '67be10a1b564', 'cfccaecd4bad', 'storyboard', '{"sections": {}}'),
	('e37eb1a06e03', '1', 0, NULL, '2022-02-04 19:50:07', '2022-02-04 19:50:07', 'a29cff2d1d03', 'af6d5af59785', 'cfccaecd4bad', 'storyboard', '{"sections": {}}'),
	('d245021c46fa', '1', 0, NULL, '2022-02-04 19:51:36', '2022-02-04 19:51:36', '6127f9640b45', '2d0de0759cd4', 'cfccaecd4bad', 'storyboard', '{"sections": {}}'),
	('90bee6cb8815', '1', 0, NULL, '2022-02-04 19:51:56', '2022-02-04 19:51:56', 'e2ba5d9578b7', 'e44cf76f839d', 'cfccaecd4bad', 'storyboard', '{"sections": {}}'),
	('0b625c957d44', '1', 0, NULL, '2022-02-04 19:52:59', '2022-02-04 19:52:59', '50172d027864', 'a7c05f91afbc', 'cfccaecd4bad', 'storyboard', '{"sections": {}}'),
	('776dcb8f8664', '1', 0, NULL, '2022-02-04 19:53:09', '2022-02-04 19:53:09', '78904734f1c0', '6e929eaf43e5', 'cfccaecd4bad', 'storyboard', '{"sections": {}}'),
	('1d40f6697b8c', '1', 0, NULL, '2022-02-04 19:53:15', '2022-02-04 19:53:15', '11d4984c77c6', 'f8e595ca2a2a', 'cfccaecd4bad', 'storyboard', '{"sections": {}}'),
	('1dd5c52abd01', '1', 0, NULL, '2022-02-04 21:42:24', '2022-02-04 21:42:24', '8fa1c8e597c3', '0a23aa100e1b', 'cfccaecd4bad', 'storyboard', '{"sections": {}}'),
	('9dda4a6262eb', '1', 0, NULL, '2022-02-04 21:43:13', '2022-02-04 21:43:13', 'fb21b1c912fd', '5598534f6d7f', 'cfccaecd4bad', 'storyboard', '{"sections": {}}'),
	('a1488a153b81', '1', 0, NULL, '2022-02-04 21:59:10', '2022-02-04 21:59:10', '51d2e8dd6747', '48393c2e4cd6', 'cfccaecd4bad', 'storyboard', '{"sections": {}}'),
	('8d07e57ba2f9', '1', 0, NULL, '2022-02-04 21:59:10', '2022-02-04 21:59:10', 'd0d0bef87638', 'cdc9597bd2c4', 'cfccaecd4bad', 'storyboard', '{"sections": {}}'),
	('3160a58d2234', '1', 0, NULL, '2022-02-04 22:03:09', '2022-02-04 22:03:09', 'f9c28b8f6f31', '58a49366f78d', 'cfccaecd4bad', 'storyboard', '{"sections": {}}'),
	('f3776b7ba11e', '1', 0, NULL, '2022-02-04 22:10:06', '2022-02-04 22:10:06', '37616c74811f', '4d88b71250c5', 'cfccaecd4bad', 'storyboard', '{"sections": {}}'),
	('799121cc9c4b', '1', 0, NULL, '2022-02-04 22:28:12', '2022-02-04 22:28:12', '980885505aad', '82b8c7554597', 'cfccaecd4bad', 'storyboard', '{"sections": {}}'),
	('0a86ef1c4503', '1', 0, NULL, '2022-02-04 23:12:11', '2022-02-04 23:12:11', '9b0e779f3238', '3790643b388a', 'cfccaecd4bad', 'storyboard', '{"sections": {}}'),
	('764477318be2', '1', 0, NULL, '2022-02-04 19:40:24', '2022-02-04 19:40:24', 'c6eb39db9f9c', 'e5618cc0b5e8', 'cfccaecd4bad', 'storyboard', '{"sections": {"d528c7b4-5655-497f-bca0-fd9a0dc4a490": {"column1": "<p>''00 - ''15</p>", "column2": "<p>Als Übergang zum TABS erklärt Farfalla was das Pafdivereprechen ist und wie es in Zusammenhang mit den Pfadigesetzen steht. Dann werden die TN darauf hingewiesen, dass sie im Lager die Möglichkeit haben werden das Versprechen abzulegen (jüngere TN Vorversprechen) und sie sich Gedanken machen sollen, ob sie dies tun wollen oder nicht. Bei Fragen sollen sie sich bei Farfalla melden.</p>", "column3": "<p>Farfalla</p>", "position": 0}, "fb42521c-27a9-482e-9be2-b696a5447ffb": {"column1": "<p>''15 - ''30</p>", "column2": "<p>Wir singen im Kreis ein Bajuschki-Baju und der Ta-Che schliesst den Tag ab (kann selbst entscheiden wie, sicher den TN sagen ab wann Nachtruhe, wie viel Zeit sie zum Zähneputzen etc. haben)</p>", "column3": "", "position": 1}}}'),
	('8af65594aee7', '1', 0, NULL, '2022-02-04 22:21:58', '2022-02-04 22:21:58', 'b46ab3cde287', '23b945a9df75', 'cfccaecd4bad', 'storyboard', '{"sections": {"2e2799b3-2887-455e-bf48-19245346cebb": {"column1": "<p>0000</p>", "column2": "<p>Aufwecken mit Musik</p>", "column3": "", "position": 0}, "4879a95b-a048-490b-b916-e1fe40b583d6": {"column1": "<p>0030</p>", "column2": "<p>Ende und wir gehen Zmorgen essen</p>", "column3": "", "position": 2}, "b699a9e0-d0c3-49ee-8836-8091219d6145": {"column1": "<p>0010</p>", "column2": "<p>Wir machen ein Triff den Dödel. Alle stehen im Kreis und ein Ball wird gegnseitig zugespielt. Der Ball darf nur mit einer Hand geworfen und gefangen werden. Wenn man den Ball nicht fängt muss man eine runde um den kreis rennen. wenn man wärend dieser runde vom Ball getroffen wird, muss man nochmals rennen. Wenn man einen schlechten passt schiesst muss man auch rennen. Die rennende person kann mehrmals wieder abgeschossen werden</p>", "column3": "", "position": 1}}}'),
	('0810d1a172db', '1', 0, NULL, '2022-02-04 19:39:53', '2022-02-04 19:39:53', '02823e618716', 'b570ee7e3999', 'cfccaecd4bad', 'storyboard', '{"sections": {"42ed6f1e-7956-4fd6-8725-f55eded0bbbe": {"column1": "<p>''70-''90</p>", "column2": "<p>Die Regeln werden zusammengetragen, ergänzt was sonst noch auf den Lagerpakt gehört (TN wird erklärt, dass diese Regeln sicherheitsrelevant sind und daher nicht zwingend aus dem Pfadigesetz abgeleitet werden können) und dann mit allen TN durchgegeangen. Am Schluss unterschreiben alle TN den Lagerpakt.</p>", "column3": "<p>Farfalla</p>", "position": 3}, "4f8b6859-33e8-43d3-b44e-7f271931d5c4": {"column1": "<p>''10</p>", "column2": "<p>Der Postenlauf beginnt, es gibt vier Posten à zwei Pfadigesetze, jeder Posten ist von mind. einem Leiter besetzt.</p><p>Die TN haben 10'' Zeit pro Posten und dann 5'' zum Wechseln.</p><p>Der gesamte Postenlauf dauert also 60 Minuten. es pfeift wenn gewechselt wird.</p><p>Die letzte Gruppe bei einem Posten hilft dann dem Leiter mit allem Material zurück zum Aufenthaltszelt- / platz zu kommen.</p><p>Beim Posten bespricht die Gruppe zuerst kurz was diese Pfadigesetze genau bedeuten und überlegt sich dann Reglen dazu, die im Lager nützlich sein könnten. Der Postenbetreuer kann Inputs geben, falls die TN keine Idee mehr haben und schreibt die Regeln der TN auf. Am Ende des Postenlaufs streicht er dann alle doppelten Regeln, sodass nur noch die übrigbleiben, die dann auf den Lagerpakt kommen.</p>", "column3": "", "position": 1}, "67528e31-3b53-47a0-acd8-424047b277c5": {"column1": "<p>''00</p>", "column2": "<p>Erklärung RF und Postenlauf, die TN absolvieren den Postenlauf in ihren Häuser-Gruppen (So lernen sie sich gleich besser kennen)</p>", "column3": "<p>Farfalla</p>", "position": 0}, "79ceddd3-d68b-4d04-8c14-982f38e603bc": {"column1": "<p>''10 - ''70</p>", "column2": "<p>Posten 1: Offen und ehrlich sein und Freude suchen und weitergeben</p><p>(mögliche Regeln: Sagen wenn etwas kaputt geht, zu seinen Missgeschicken stehen etc.)</p><p>Posten 2: andere verstehen und achten und miteinander teilen</p><p>(Mögliche Regeln: kein Mobbing, einander zuhören, wenn Leiter sprechen ist es still...)</p><p>Posten 3: unsere Hilfe anbieten und uns entscheiden und Verantwortung tragen</p><p>(Mögliche Regeln: den Jüngeren helfen, sein Ämtli sauber und korrekt erledigen etc,)</p><p>Psoten 4: Sorge tragen zur Natur und allem Leben und Schwierigkeiten mit Zuversicht begegnen</p><p>(Mögliche Regeln: Abfall in Abfallsack, wenn man ein Problem hat um Hilfe bitten, aber auch Verstand einsetzen ... )</p>", "column3": "<p>Postenbetreuer</p>", "position": 2}}}'),
	('05b712aff209', '1', 0, NULL, '2022-02-04 19:48:40', '2022-02-04 19:48:40', '3d211da36cc6', '99ec103f21e4', 'cfccaecd4bad', 'storyboard', '{"sections": {"1acc16f6-fc34-4916-96df-15ceefc54920": {"column1": "", "column2": "<p>test</p>", "column3": "", "position": 0}}}'),
	('9a4845d2e259', '1', 0, NULL, '2022-02-04 22:06:20', '2022-02-04 22:06:20', '985356416a4b', 'cd9a869ea01c', 'cfccaecd4bad', 'storyboard', '{"sections": {"219983be-c40c-464d-8c26-b65524952a3f": {"column1": "", "column2": "<p>Wir besammeln uns beim Bahnhof Oerlikon und gehen nach der Besammlung zum MFO-Park.</p><p>Die Leiter haben leider die Flugtickets verloren. Die Einzelteile sind nun in ganz Oerlikon verteilt. Wir müssen sie nun wieder einsammeln.</p>", "column3": "", "position": 0}, "27827c38-1ed2-4055-8ae6-bdeed66e420c": {"column1": "", "column2": "<p>Jede Gruppe bekommt eine Karte und es findet ein Stern-OL statt.</p><p>Bei jedem Posten finden sie einen Teil des Tickets</p><p>Jede Gruppe muss bei jedem Posten vorbei.</p>", "column3": "", "position": 2}, "52850311-1263-4e93-b361-014f8e6595ec": {"column1": "", "column2": "<p>Um die Gruppen einzuteilen machen wir ein Atömle: Es rennen alle durcheinander und eine Leitperson sagt eine Zahl. Nun müssen die TN''s sich in Gruppen dieser Anzahl stellen. Alle die nicht in einer Gruppe (einem Atom) sind scheiden aus und werden in Gruppen eingeteilt</p>", "column3": "", "position": 1}, "59519592-a1ed-4117-86e1-806cd40adbe9": {"column1": "", "column2": "<p>Alle Gruppen waren bei allen Posten. Nun müssen sie die Tickets zusammensetzten</p>", "column3": "", "position": 3}}}'),
	('7fb4b671a287', '1', 0, NULL, '2022-02-04 22:22:15', '2022-02-04 22:22:15', '7792c9c855ce', '60dad45d3561', 'cfccaecd4bad', 'storyboard', '{"sections": {"0f270214-029b-4889-9367-3d687e571eba": {"column1": "", "column2": "<p>Was giebt es besseres als zu Snacken beim Warten. Wir erklären den Kindern wie man Brennesselchips macht.</p><p>1. Die Brennnesseln am besten mit Handschuhen schneiden und die Blätter abpflücken</p><p>2. Blätter waschen und in Salatschleuder trocknen. Sobald die Brennnesseln gewaschen sind, brennen sie nicht mehr!</p><p>3. Kokosfett oder Rapsöl in der Pfanne heiss werden lassen, die Brennnesselblätter beifügen und mit der Kelle vorsichtig wenden</p><p>5. Wenn die Blätter knusprig sind, auf Küchenpapier abtropfen lassen</p><p>6. Mit Salz, Curry oder anderen Gewürzen bestreuen und sofort geniessen</p>", "column3": "", "position": 2}, "878cf4ac-3715-4320-8e83-74f5c271197a": {"column1": "", "column2": "<p>Nach einer Weile spielen wir ein Paar spiele um uns wieder etwas zu bewegen.</p><p>Amerikanische Buldoggen</p><p>Schreimauer. Es giebt einen Sender und einen Empfänger. Der Sender muss dem Empfänger eine Nachricht schreien. Die restlichen personen müssen das verhindern indem sie eine Lärmwand machen zwischen dem Sender und dem Empfänger und in dei Reichtung des Senders schreien.</p>", "column3": "", "position": 4}, "95124339-4b73-4168-8d87-b308fe39dc7e": {"column1": "", "column2": "<p>Diverse Bastelspass mit Blubb</p><p>Wir knüpfen Bändeli auf spezielle Art (Beispielbändeli von Blubb)</p><p>Wir lernen wie man einen Kranich faltet. (Bei 1000 Kranich hat man einen Wunsch frei. Wir könnten uns wünschen, dass wir gerettet werden)</p><p>How to make a Hexaflexagon.</p>", "column3": "", "position": 1}, "9b6b4294-77df-4245-ab89-d83c43e89fa1": {"column1": "", "column2": "<p>Für diejenigen die doch noch ewas sinnvolles machen wollen zeigen wir ihnen wie man Zundhölzli wasserdicht macht. Dazu schmilzt man etwas wachs und legt sie im Wachs ein sodass eine Schicht Wachs um das Streichholz entsteht. Dasselbe macht man nun mit dem Anzündstreifen und Voila Wasserdicht.</p><p>Flaschenpost.</p><p>Die Kinder dürfen frei eine Nachricht entwerfen die wir in eine Flaschenpost tun. Diese Flaschenpost werden wir dann in irgend einer Übung in einem Halben Jahr wiederfinden.</p><p>Ausserdem kann man ein paar Zundhölzlirätsel machen: </p><p>Aus sechs Streichhölzern 4 gleich grosse Dreiecke machen</p><p>Aus 4 Streichhölzern 5 Rechtecke machen</p><p>Die münze aus der Schaufel nehmen</p>", "column3": "", "position": 3}, "c4d2d08a-ae82-4316-83f3-b550f09d553e": {"column1": "", "column2": "<p>Wir besammeln uns im Aufenthaltszelt und besprechen was wir machen könnten. Die Leiter disskutieren Laut ob wir eventuell ein Notsignalfeuer machen könnten. Andere meinen wir könnten mit steinen einen Hilferuf schreiben, damit man diesen aus der Luft sehen würde. Blubb ist der Meinung, dass wir warten sollten bis hilfe kommt und uns etwas die Zeit vertreiben sollten. wir machen Posten an denen man verschiedene Sachen lernen kann.</p>", "column3": "", "position": 0}}}'),
	('94448eaafa0d', '1', 0, NULL, '2022-02-04 22:20:19', '2022-02-04 22:20:19', 'f9ba3a735450', 'c20a38fbe5bd', 'cfccaecd4bad', 'storyboard', '{"sections": {"0b14a6e1-461d-4589-947f-d427bb9198d8": {"column1": "<p>02:00</p>", "column2": "<p>Ende</p>", "column3": "", "position": 5}, "b375ec19-ab8b-4fcb-afca-4c0163fc1b72": {"column1": "<p>00:00</p>", "column2": "<p>Die TN sitzen mit Ikarus gemütlich im Aufenthaltszelt, als plötzlich die Küche schreit: Alarm Alarm. Wir rennen sofort zur Küche und sehen noch einen Eingeborenen (Tassilo) mit einem Leib Brot davon rennen. Wir nehmen natürlich sofort die Verfolgung auf und rennen ihm hinterher. Er rennt zu einer Gruppe Eingeborenen mit einem Häuptling (Blubb) und diese bleiben stehen. Sie sind so viele, dass wir nicht direkt angreifen. Wir schreien ihn an, dass er sofort das Brot zurück geben muss. Der Häuptling findet, das ist sein Land und wir sollten sofort verschwinden. Wir sagen wir hatten einen Flugzeugabsturz und warten auf Hilfe und können nicht weg, da wir nicht wissen, wohin. Der Häuptling hält uns aber für böse Dämonen, die er vernichten muss, wir werden nie ruhig schlafen und essen auf seinem Land, bis wir weg sind. Dann verschwinden die Eingeborenen im Wald, und das Game beginnt.</p>", "column3": "", "position": 0}, "c64fd9c1-1717-4a7c-8ba9-fbf6f7508c73": {"column1": "<p>01:50</p>", "column2": "<p>Alles Essen wurde leider geklaut, Spielende. Wir gehen zurück zum Lagerplatz</p>", "column3": "", "position": 4}, "cc9d6339-d2a6-4480-98db-c16ec69c118f": {"column1": "<p>00:30</p>", "column2": "<p>Alle Gruppen haben Bändli angebunden und den Gruppenplatz bestimmt, Spielstart</p>", "column3": "", "position": 3}, "d6677cd8-35c5-4880-badf-816a13278382": {"column1": "<p>00:10</p>", "column2": "<p>Spielerklärung (Ikarus):</p><p>Auf einem Spielfeld ist das Lager eingezeichnet, und 3 verschiedene Wege, die zu 3 verschiedenen Lagern führen. Auf jedem Weg ist ein Eingeborener, der das Essen aus dem Lager klauen will. Bei jedem Lager sind 5 Essen, die geklaut werden können, wenn eine Gruppe kein Essen mehr hat, hat sie verloren. Jedes mal, wenn ein Eingeborener es bis ins Lager geschafft hat, ist ein Essen weg. Jede Viertelstunde kann ein TN pro Gruppe zum neutralen Posten kommen, und mit Bändeli Würfelwürfe kaufen. Mit jedem Würfelwurf kann man einen Eingeborenen bewegen, es ist aber egal, welchen. Wenn man aber den Eingeborenen auf einem anderen Weg näher an deren Lager führt, dann werden die Eingeborenen natürlich diesen weiter bewegen, da dieser eher Essen klauen wird.</p><p>Die Eingeborenen sind natürlich auch eine Gruppe, die versucht, möglichst viel Essen zu klauen, und auch mit Bändeli Würfelwürfe kauft, die sie jede Viertelstunde eintauscht. Jede Gruppe hat an einem Gruppenplatz einen Knäuel mit der eigenen Bändelifarbe.</p><p>Sobald der Eingeborene das Essen gelaut hat, ist er wieder auf dem Startfeld</p><p>Neutraler Posten: Ikarus</p><p>Eingeborene: Tassilo, Blinky, Jiminy, Swuppi, Zera, Blubb</p>", "column3": "", "position": 1}, "e739f40e-3812-45a0-b29d-e15d4915751e": {"column1": "<p>00:20</p>", "column2": "<p>Jede Gruppe sucht sich einen Gruppenplatz und bindet sich das Bändli an.</p>", "column3": "", "position": 2}}}'),
	('f81e2d53f972', '1', 0, NULL, '2022-02-04 19:35:38', '2022-02-04 19:35:38', 'a2505e2c8aca', '59f56d3c1631', 'cfccaecd4bad', 'storyboard', '{"sections": {"46b2cef1-e0c0-4806-95cd-fcc5ae28f394": {"column1": "", "column2": "<p>Die TN erledigen in ihren 4 Ämtligruppen die Ämtli:</p><p>- Abwaschen</p><p>- Holzen</p><p>- Joker (+ immer einmal pro Tag Lagertagebuch)</p><p>- Wasser auffüllen</p><p>Ein Leiter bleibt bei den TN währenddem die anderen höcken (nicht der Ta-Che) und \"überwacht\" die Ämtli: gibt Material fürs Holzen heraus (je nach Alter TN und Fähigkeit), schaut dass das Abwaschen speditiv läuft (Abwaschwasser gekocht etc.)</p><p>Sind die TN fertig mit ihren Ämtlis (von Leiter abgenommen und bestätigt) haben sie Siesta --&gt; Freizeit: Sie können die Voilà Freizeitangebote nutzen, die Leiter können nach ihrem Höck Spiele anbieten (wenn Zeit &amp; Lust) z.B. Volleyball. In dieser Zeit brieft der Ta-Che den Leiter, der nicht am Höck dabei war.</p>", "column3": "", "position": 0}}}'),
	('847374e5e4bf', '1', 0, NULL, '2022-02-04 22:21:03', '2022-02-04 22:21:03', '280031715953', 'd5cd5fd59e4a', 'cfccaecd4bad', 'storyboard', '{"sections": {"1a484263-02b6-48b6-911e-75535f15e53e": {"column1": "<p>0.00</p>", "column2": "<p>Wir schreiben gemeinsam das  Pfadiversprechen und das Pfadigesetz auf (TN''s sollen sagen was sie schon wissen, wir ergänzen): </p><p>Versprechen:</p><p>Ich verspreche, mein möglichstes zu tun, um </p><p>mich immer von neuem mit dem Pfadigesetz auseinanderzusetzen</p><p>nach Sinn und Ziel meines Lebens zu suchen</p><p>mich in jeder Gemeinschaft einzusetzen, in der ich lebe</p><p>(Im Vertrauen auf Gott und) Zusammen mit Euch allen versuche ich, nach diesem Versprechen zu leben. </p><p>Gesetz:</p><p>Wir Pfadi wollen...</p><p>...offen und ehrlich sein</p><p>...Freude suchen und weitergeben</p><p>...unsere Hilfe anbieten</p><p>...uns entscheiden und Verantwortung tragen</p><p>...andere verstehen und achten</p><p>...miteinander teilen</p><p>...Sorge tragen zur Natur und allem Leben</p><p>...Schwierigkeiten mit Zuversicht begegnen</p>", "column3": "", "position": 0}, "5f14e827-d5d2-496b-9caa-dedc92fea8e7": {"column1": "<p>0.20</p>", "column2": "<p>Es werden 3er Gruppen gebildet, jede Gruppe bekommt ein Couvert. Im Couvert finden sie, die Sätze des Pfadigesetze sin Stücke geschnitten. Ziel ist es zu dritt das Pfadigesetz wieder zusammen zu setzen z.B. auf einer Blache vor dem Aufenthaltszelt Sätze zusammen kleben</p><p>Sobald das Pfadigesetz zusammen gesetzt ist, sollen sich die Gruppe den wichtigsten Satz aus dem Gesetz heraussuchen.</p>", "column3": "", "position": 1}, "9da4ef60-8a0d-4583-9cec-cb39b8b0a6ba": {"column1": "<p>0.50</p>", "column2": "<p>Anschliessend treffen sich alle wieder im Aufenthaltszelt und jede Gruppe stellt den für sie wichtigsten Satz aus dem Pfadigesetz vor und es wird diskutiert warum dies sein kann oder nicht.</p>", "column3": "", "position": 2}, "b518ca3b-72f3-4afe-90ea-f2db5d10215a": {"column1": "<p>1.20</p>", "column2": "<p>Nach der Diskussion bleibt Zeit zu 2. oder zu 3. das Pfadiversprechen zu reptieren und zu lernen wer will kann Stift und Papiere haben oder es den Leitern vorsagen</p>", "column3": "", "position": 3}, "c6ae8444-e0a5-4561-869e-56ee5878053e": {"column1": "<p>1.50</p>", "column2": "<p>Wir treffen uns nochmals im Aufenthaltszelt um Fragen zu klären. Wir versuchen nochmals alle Teile des Pfadiversprechens und Pfadigesetzt zusammen zu bringen (mündlich)</p>", "column3": "", "position": 4}}}'),
	('86f38eb0029e', '1', 0, NULL, '2022-02-04 19:39:09', '2022-02-04 19:39:09', '83b61af97910', 'f6163448c705', 'cfccaecd4bad', 'storyboard', '{"sections": {"3959cbfe-56b2-4e99-9a41-e8979434fc4d": {"column1": "<p>00:00</p>", "column2": "<p>Erklärung des Ablaufs (verschiedene Phasen)</p><p>Erklärung der Special-Hogwarts-Features</p><p>Vorlesen der einzelnen Charakteren.</p><p>ausgedruckte Liste mit Charakteren aufhängen!</p>", "column3": "<p>Castor</p>", "position": 0}}}'),
	('78e81d1fbf0d', '1', 0, NULL, '2022-02-04 22:16:56', '2022-02-04 22:16:56', '69fa08a77f38', '3ce6b7ec876f', 'cfccaecd4bad', 'storyboard', '{"sections": {"173ba129-de42-44f3-8260-9231f3ae52ad": {"column1": "<p>0:30</p>", "column2": "<p>Da wir uns auf einem Langstreckenflug befinden, können die müden Passagiere sich auf die Schlafplätze begeben (Zähneputzen und in die Zelter gehen). Der Flug beginnt.</p>", "column3": "<p>Snoopy, Idefix</p>", "position": 2}, "4be9fd34-0b96-4156-8401-463154641136": {"column1": "<p>0:00</p>", "column2": "<p>Um unsere Reise sicher zu starten müssen wir alle durch die Sicherheitskontrolle: Holz Bogen mit Lichter etc wie am Flughafen, Sicherheitskontrolle bei Security (abtasten). Bei einigen TN''s piepst es und wir schmuggeln ihnen unerlaubte Gegenstände wie Wasserpistolen, Trinkflaschen etc. unter. Die TN''s mit unerlaubten Gegenstände müssen als Strafe 5 mal um die Zelter rennen und 10 Liegestützen machen. Sobald alle durch die Kontrolle sind können wir ins Flugzeug.</p>", "column3": "<p>Snoopy, Idefix</p>", "position": 0}, "e8747710-b5ba-44a5-8b13-4ee1f8acf36e": {"column1": "<p>0:15</p>", "column2": "<p>Um zum Flugzeug zu kommen laufen wir mit einem Flughafenmensch  entlang der Flugpiste (mit Kerzen oder Leuchtstäbli abgesteckt). Wir setzen uns alle im Flugzeug (Pflanzentunnel Familie Amacher, alternative: jedes Kind liegt schon an seinen Schlafplatz symbolisch für Sitzplatz) in Reihen hin (wie im Flugi). Die Flugbegleiterin / Der Flugbegleiter erklärt uns die Sicherheitsregeln und der Pilot wünscht uns einen guten Flug.</p>", "column3": "<p>Snoopy, Idefix</p>", "position": 1}}}'),
	('068370456651', '1', 0, NULL, '2022-02-04 19:38:15', '2022-02-04 19:38:15', 'c7a28bcfd35f', '142195e3898c', 'cfccaecd4bad', 'storyboard', '{"sections": {"2d22bc52-506c-4974-a969-62e7761b913d": {"column1": "<p>00:40</p>", "column2": "<p>Als nächstes Spielen wir ein Seilziehen in den Ämtli Gruppen.</p><p>Regeln vorher erklären: Niemand darf abrupt loslassen, genügend Abstand zu Bäumen, wenn man merkt, dass man nicht mehr kann sagt man es und lässt nicht einfach los, Seil nicht um Handgelenk wickeln, nur halten ...</p>", "column3": "<p>Pandora</p>", "position": 4}, "3855acd7-c71f-40dc-b81d-722f66c893a9": {"column1": "<p>00:55</p>", "column2": "<p>Zum Schluss machen wir ein Gordischer Knoten.</p>", "column3": "<p>Pandora</p>", "position": 5}, "3e147286-a967-4d4a-bc9e-c40eba38ac54": {"column1": "<p>00:10</p>", "column2": "<p>Wir spielen ein British Bulldog.</p>", "column3": "<p>Pandora</p>", "position": 1}, "8a5a895b-28d2-4bff-9321-5a3c20a30a44": {"column1": "<p>00:30</p>", "column2": "<p>Jeder nimmt sich ein TN von der anderen Abteilung. Danach spielen wir ein Blinzlerspiel.</p>", "column3": "<p>Pandora</p>", "position": 3}, "8bf60ad5-9979-4835-b0fc-4e935297ab51": {"column1": "<p>00:00</p>", "column2": "<p>Besammlung auf dem Lagerplatz. Wir spielen verschiedene Kurzspiele.</p><p>Zum Aufwärmen spielen wir ein kurzes Zitigläsä</p>", "column3": "<p>Pandora</p>", "position": 0}, "fa49a1d2-613e-4cfb-94ce-53aa8783b301": {"column1": "<p>00:20</p>", "column2": "<p>Als nächstes spielen wir ein Stock im Kreis.</p>", "column3": "<p>Pandora</p>", "position": 2}}}'),
	('e7d30e274563', '1', 0, NULL, '2022-02-04 22:19:53', '2022-02-04 22:19:53', '8e15971caab8', 'ed784a290de3', 'cfccaecd4bad', 'storyboard', '{"sections": {"2f0a0b2b-e808-40b9-8d19-245467a4aea7": {"column1": "<p>0015</p>", "column2": "<p>Um unseren oreinteierungssinn zu schärfen wird in einem definierten Feld ein gegenstand geworfen den man mit glocken hört. Nun können die Teilnehmer (sie haben sich die Augen verbunden) mithilfe ihres gehörssinnes versuchen diesen gegenstand zu finden. Dieses Spiel wird mehrmals wiederholt bis wir unsere Sinne geschärft haben.</p>", "column3": "", "position": 1}, "6a93f23c-5fb5-4924-a407-0d7c822be890": {"column1": "<p>0130</p>", "column2": "<p>Zum abschluss spielen wir ein Schoggispiel. Dabei muss sich eine Person winterhandschuhe und diverse utensilien anziehen und darf dann beginnen mit Messer und Gabel eine in in Zeitund eingepackte Schokoladentafel zu essen. Die anderen versuchen mit Würfeln eine 6 zu würfeln. wenn ihnen das gelingt muss die essende Person alle utensilien ablegen und die neue Person muss sie anlegen und darf versuchen die schokolade zu essen. vor jedem würfeln muss man einen Hampelmann machen.</p>", "column3": "", "position": 2}, "de24f984-3105-4bda-8021-393139f7e076": {"column1": "<p>0115</p>", "column2": "<p>Wir machein einen OL bei dem Jede gruppe zuerst einen Teil der Karte bekommt. nun ist ein Punkt auf einem Sichtmäpli eingezeichnet an dem der Posten sein muss. Sie müssen nun entweder abschätzen wo der neue Kartenteil sein könnte oder mit den anderen Gruppen zusammenarbeiten um dei Posten zu finden.</p>", "column3": "", "position": 0}}}'),
	('8e2119b66e8f', '1', 0, NULL, '2022-02-04 22:24:04', '2022-02-04 22:24:04', 'd81a9dae4316', '945b99f32295', 'cfccaecd4bad', 'storyboard', '{"sections": {"1b011ba0-3d74-4f5d-af48-23e9f41b3935": {"column1": "", "column2": "<p>Wir Treffen uns vor der Küche und alle Kinder werfen ihren Anonymen Brief in denn Pfaditopf. Danach wird nachmals der ganze Ablauf erklärt. </p><p>1. Still zum Bi-Pi Feuer laufen.</p><p>2. Feuer anzünden</p><p>3. Brief</p><p>4. Abteilungslied singen</p><p>5. Private Zettel vorlessen</p>", "column3": "", "position": 0}, "a6533cc3-ff37-4d9f-b9db-3016c0a8ec3f": {"column1": "", "column2": "<p>Zusammen Laufen wir zum Bi-Pi Feuer und geniessen unser Ritual.</p><p>1. Der Feuermeister macht Feuer</p><p>2. Zera liest den Letzten Brief von Bi-Pi vor</p><p>3. Wir Singen das Abteilungslied</p><p>4. Wir geben denn Kessel durch und jeder zieht einen Zettel der er vorliest</p>", "column3": "", "position": 1}, "b9e5b5ac-6a1d-4756-800c-e18bb3b7858c": {"column1": "", "column2": "<p>laufen die Kinder (vereinzelt) zurück zum Lagerplatz wenn sie alles überdenkt haben.</p><p> Danach gibt es das Lagerfeuer-feeling in der Küche mit Schoggi-Bananen und Marshmallows.</p>", "column3": "", "position": 2}}}'),
	('e9d479b98d18', '1', 0, NULL, '2022-02-04 22:10:52', '2022-02-04 22:10:52', '78c9196140b7', '16c1b1868c60', 'cfccaecd4bad', 'storyboard', '{"sections": {"44e06a87-519e-47df-81e7-5e18eebf2d92": {"column1": "", "column2": "<p>Wir treffen uns um 18:00 am Bahnhof Oerlikon.</p>", "column3": "", "position": 0}, "67fb26c3-3dbb-44f3-9341-f5303debb367": {"column1": "", "column2": "<p>Wir laufen zum Lagerplatz</p>", "column3": "", "position": 3}, "a29e95f2-1d57-43f2-812d-a6fcabaed1e9": {"column1": "", "column2": "<p>Wir nahmen den 10er in Zürich Bhf Oerlikon Ost richtung Flughafen um 18:31 ankunft 1844 in zürich Flughafen</p>", "column3": "", "position": 1}, "a9215894-d25e-4e54-b932-71f78f2f2e90": {"column1": "", "column2": "<p>18:49 BUS 524 8063 Richtung Oberembrach, Dorf bis nach Lufigen Augwil. Ankunft 18:58</p>", "column3": "", "position": 2}}}'),
	('ac207e1f00cb', '1', 0, NULL, '2022-02-04 22:27:21', '2022-02-04 22:27:21', '13d74b9d52b8', '09b019b76b75', 'cfccaecd4bad', 'storyboard', '{"sections": {"4ae2e2c4-a675-4677-b758-52d7b7d8f9c5": {"column1": "", "column2": "<p>Beim Aufenthaltszelt wird den Kindern erklärt was eine A Blache und was eine B Blache ist. Nun müssen die Kinder die A Blachen von den B Blachen trennen und ein Leiter demonstriert ihnen wie man eine Reepschnur korrekt einfädelt. Die Kinder machen das nach und fassen die Blachen in 10erhäufen zusammen.  Am schluss machen sie zuerst gemeinsam mit einem Leiter und dann alleine Blachenbünde.</p>", "column3": "", "position": 2}, "8c514b4d-22e8-4eb4-a786-d39210d90211": {"column1": "", "column2": "<p>Bei den Schlafzelten zeigen die Leiter den Teilnehmern wie sie ein Spatz korrekt abbauen und reinigen. Die Kinder machen das nach.</p>", "column3": "", "position": 1}, "c6d5f878-f523-47c7-8706-e1f5d69c1124": {"column1": "", "column2": "<p>Wir bilden Gruppen in denen wir die einzelnen Lagerbauten wieder korrekt versorgen.</p><p>Gruppe eins: Schlafzelte</p><p>Gruppe zwei: Aufenthaltszelt + Latrine</p>", "column3": "", "position": 0}}}'),
	('bbc4c3603119', '1', 0, NULL, '2022-02-04 22:24:36', '2022-02-04 22:24:36', 'e460f03e79b4', 'e69cb9c4d43c', 'cfccaecd4bad', 'storyboard', '{"sections": {"206ac116-1262-444c-9f59-9682e42f8ff9": {"column1": "<p>00.05</p>", "column2": "<p>Aufwecken mit Musik</p>", "column3": "", "position": 0}, "2e13bd7e-cd50-445e-8c96-29941416fc00": {"column1": "<p>00.30</p>", "column2": "<p>Gordischer Knoten :Einer geht 1 minute weg und die restlichen Personen müssen sich so gut wies geht verknoten das ziel ist das die eine person den knoten wieder aufmacht. ÄSSÄÄÄÄÄ</p>", "column3": "", "position": 2}, "9ba6a3b0-201b-4f75-a5b5-9e483d7bdae5": {"column1": "<p>00.20</p>", "column2": "<p>Triffdendödel: Alle stehen in einem Kreis und man wirft eine mit Wassergefüllten Pet Flasche einer Person zu und die Person mus die Flasche einhändig fangen wenn er sie nicht fängt mus er um den kreis rennen und man kann ihn abwerfen er muss solang er getroffen wird rundenen rennen bis er es ihn seine lücke schafft.</p>", "column3": "", "position": 1}}}'),
	('fd621d723248', '1', 0, NULL, '2022-02-04 21:27:43', '2022-02-04 21:27:43', '69a1c2680b2b', 'a47e986e9179', 'cfccaecd4bad', 'storyboard', '{"sections": {"0af8985c-7dc9-4b59-bad6-b2e96f5da79a": {"column1": "", "column2": "", "column3": "", "position": 0}, "87ecdd97-547f-471f-9fe0-212cc321b8dc": {"column1": "", "column2": "<p>Hallo Velo Gigs</p>", "column3": "", "position": 1}}}'),
	('3127de277825', '1', 0, NULL, '2022-02-04 22:21:35', '2022-02-04 22:21:35', 'd4fe28437432', 'a046328425df', 'cfccaecd4bad', 'storyboard', '{"sections": {"2db45c1d-1e89-4158-9446-507d04f49410": {"column1": "<p>00.00</p>", "column2": "<p>Wir finden eine essens-, federspur und folgen dieser, weil das ja sciher die aboriginis waren</p>", "column3": "", "position": 0}, "447f6da8-8a92-4d46-bf16-15122af9e9eb": {"column1": "<p>00.15</p>", "column2": "<p>Wir finden das Aboriginis versteck, jedoch bewachen sie ihren Vorrat und wir überlegen uns wie wir sie ablenken können. (Sackmesser, Taschenlampen, musik, einfach neue dinge, die sie nicht kennen)</p>", "column3": "", "position": 1}, "5461cc5a-9e82-4316-878d-089da74030d0": {"column1": "<p>00.20</p>", "column2": "<p>Auf ihrem Vorrat (ein loch) hat es aufgeblasene Ballone und essensreste (schweine magen, also weisse ballone), die wir zuerst verplatzen müssen. ein teil der Kinder lenkt die Aboriginis ab (ohne berühren) und die andern müssen die Ballone verplatzen gehen und haben drei leere Ballone dabei. Doch bei jedem platzen, rennt ein aborgini los und versucht den TN zu catchen, wenn ers geschafft hat muss der Tn ihm ein Ballon abgeben. Die TNs müssen hinter eine sicherheits linie rennen und dort sind sie dann safe. Für neue Ballone müssen die Tns fragen beantworten oder Aufgaben machen. Ziel ist, dass alle ballone im Vorrat geplatzt sind und wir unser essen zurück holen können.</p>", "column3": "", "position": 2}, "67e942b4-a254-4423-a95a-85311e45d532": {"column1": "<p>1.10</p>", "column2": "<p>Die Aboriginis sind geschlagen, wir haben unser essen wieder und laufen glücklich zum lagerplatz zurück.</p>", "column3": "", "position": 3}}}'),
	('9e69a2d0f217', '1', 1, 'Schlechtwetterprogramm', '2022-02-04 21:14:27', '2022-02-04 21:15:40', 'a71f929dd156', 'bd796fec1ea0', 'cfccaecd4bad', 'storyboard', '{"sections": {"3e80526d-f6eb-415f-aa66-c4d14c80d83a": {"column1": "", "column2": "<p>Zelte müssen trotzdem aufgebaut werden.</p><p>Zvieri bei Unterstand</p>", "column3": "", "position": 0}}}'),
	('f28ae87dfdcd', '1', 0, NULL, '2022-02-04 22:22:56', '2022-02-04 22:22:56', '475f7b34581a', '0c57930a0e67', 'cfccaecd4bad', 'storyboard', '{"sections": {"129c06d1-4b4d-49d2-a83f-507d89463ffc": {"column1": "<p>00:20</p>", "column2": "<p>Spielstart</p><p>Tassilo(Pilot) und Blinky(Eingeborener) verkleiden sich für später.</p>", "column3": "", "position": 3}, "14c147cf-f9af-41da-9f1e-d594fb848575": {"column1": "<p>14:20</p>", "column2": "<p>Bagheera und Maki werden über das bevorstehende Game aufgeklärt. Sie müssen je eine kleine rolle übernehmen. Beide möchten von dieser Insel weg jedoch die andere Person bzw Gruppe nicht dabei haben.</p>", "column3": "", "position": 0}, "4d769fe7-420a-40cd-a497-110f43edebea": {"column1": "<p>00:00</p>", "column2": "<p>Bagheera und Maki streiten im Aufenthaltszelt. Blinky bildet 2 Gruppen -&gt; Der Grösse nach aufstellen und auf 2 nummerieren. </p><p>Blinky läuft dann mit beiden Gruppen in den Wald</p>", "column3": "", "position": 1}, "9271d5a0-ff4e-4f6f-a7d1-eab644eed6e7": {"column1": "<p>01:50</p>", "column2": "<p>Zurücklaufen mit Tassilo. Eingeborene laufen zurück in den Wald.</p>", "column3": "", "position": 6}, "b7cc715e-75ff-41c3-b9e1-adf3692da030": {"column1": "<p>01:40</p>", "column2": "<p>Spielende</p><p>Alle TNs besammeln sich. Sie schauen sich zusammen mit den Eingeborenen die Notsignale an. Die Eingeborenen sind beidruckt und helfen beim aufräumen dürfen dafür aber die Leuchtstäbe behalten. Der Pilot ist abgehauen -&gt; wieder als Leiter anwesend</p>", "column3": "", "position": 5}, "b9bfc7cd-4d5a-4287-b6fe-32e3497d0d1b": {"column1": "<p>00:30</p>", "column2": "<p>Pilot (Tassilo)und eingeborene(alle Leiter) klauen Stäbchen min. 1 Eingeborener ist hierbei beim neutralen Posten (erste paar Minuten Blinky).</p>", "column3": "", "position": 4}, "ff5a0167-2060-42e9-810a-c79409b1ffb6": {"column1": "<p>00:10</p>", "column2": "<p>SPIELERKLÄRUNG (Blinky):</p><p>Es muss ein Notsignal gesendet werden. Beide Parteien haben dafür je ein mit Absperrband abgesperrter Bereich im Wald (ca5x5m) mit je 10 Leuchtstäbchen. Beide Teams müssen versuchen ein Leuchtstäbchen vom Gegnerischen Bereich Klauen und zu ihrer eigenen Base bringen. Wer am meisten Leuchtstäbchen in seiner Base hat gewonnen und darf das Notsignal mit den Stäbchen schreiben. Umeinander davon abzuhalten ihre Leuchtstäbchen zu klauen kann 3 mal auf den rücken des Angreifers geklopft werden (wenn dieser ein Leuchstäbchen hat muss er dieses zurück gebeb). Der beklopfte muss dann auf der stelle 5 Liegestützen machen und zurück zur seiner Base gehen.</p><p>Die Eingeborenen klauen währenddessen immer wieder Leuchtstäbchen weil sie diese für Magische Stöckchen halten.</p><p>Die Leuchtstächen können dann wieder an einem neutralen Posten mit PfadiTech Wissen oder wenn 2 gegnerische TNs ein Leuchtstäbchen wollen mit einer Challenge zurückerobert werden.</p><p>SPIELABRUCH/ENDE:</p><p>3x pfeifen</p>", "column3": "", "position": 2}}}'),
	('ad3c129b71fd', '1', 0, NULL, '2022-02-04 22:18:46', '2022-02-04 22:18:46', '3a9614e39661', 'f63fb7a48ada', 'cfccaecd4bad', 'storyboard', '{"sections": {"cae7bc0e-945e-4796-8cec-5e9c248920fc": {"column1": "", "column2": "<p>Wir bessern aus was auszubessern ist</p>", "column3": "", "position": 0}}}'),
	('1a978f02a760', '1', 0, NULL, '2022-02-04 22:22:38', '2022-02-04 22:22:38', '2b3f79233387', '8d3112f28a34', 'cfccaecd4bad', 'storyboard', '{"sections": {"52742387-99a9-496a-9926-b6d3c13f513a": {"column1": "<p>00.00</p>", "column2": "<p>Jemand liest das Verspechen lauf vor.</p><p>Wir machen vier (Je nach anmeldungen fünf) Gruppen.</p><p>in Posten besprechen sie mit einem Leiter ein Stück des Versprechens.</p><p>bedeutung, umsetzung etc.</p><p>Posten 1: Ich verspreche/ mein Möglichstes zu tun</p><p>Posten 2: mich immer von neuem mit dem Pfadigesetz auseinanderzusetzen</p><p>Posten3:mich in jeder Gemeinschaft einzusetzen, in der ich lebe</p><p>Posten4:Nach Sinn und Ziel meines Lebens zu suchen</p><p>Posten5:zusammen mit euch allen</p>", "column3": "", "position": 0}, "d33f6055-65e1-441b-8110-a3689e2b7fa5": {"column1": "<p>1.00</p>", "column2": "<p>Wir lernen das Pfadiversprechen mit dem \"Ich packe in meinen Rucksack\"-Spiel </p><p>Es beginnt jeamd und sagt \"Ich...\" und dann der reihe nach immer wieder holen was die andern zuvor gesagt haben und das nächste Wort des Versprechens nennen.</p>", "column3": "", "position": 1}}}'),
	('d2187a3531af', '1', 0, NULL, '2022-02-04 19:52:33', '2022-02-04 19:52:33', 'ca9582689c1e', 'baeb0218568b', 'cfccaecd4bad', 'storyboard', '{"sections": {"2528747e-cf8b-48e2-92c9-76ebad4d9051": {"column1": "<p>0''</p>", "column2": "<p>Kopfhörer holen und looos</p>", "column3": "", "position": 0}, "f0a54d25-e7b8-413e-9264-de10cc62c893": {"column1": "<p>5''</p>", "column2": "<p>Chanel 3 ist Russendisko</p><p>Chanel 1 ist nur Harry Potter Musik</p>", "column3": "", "position": 1}}}'),
	('a6912f41f6c0', '1', 0, NULL, '2022-02-04 19:34:29', '2022-02-04 19:34:29', 'ff2ed0cab03e', 'fec746d4520a', 'cfccaecd4bad', 'storyboard', '{"sections": {"407183cc-6c55-410d-9dbe-b950aa15188a": {"column1": "<p>00:20</p>", "column2": "<p>Einteilung in schnelle und langsame Gruppe</p>", "column3": "<p>selbständig</p>", "position": 2}, "586b35d3-a01d-410d-b7c1-d96d7bd341b2": {"column1": "<p>00:00</p>", "column2": "<p>Einreihen der Velos &amp; Luftkontrolle</p>", "column3": "<p>Castor</p>", "position": 0}, "6f01d9e4-52fa-4081-b3c4-5f847c138990": {"column1": "<p>00:30</p>", "column2": "<p>Abfahrt</p><p>Trinkpausen sind in der MZB vermerkt</p>", "column3": "<p>Castor &amp; Taifun</p>", "position": 3}, "763e4168-7b23-4fcb-8f0c-f38e93ba9163": {"column1": "<p>00:10</p>", "column2": "<p>Begrüssung &amp; Einsammeln von NFBs</p><p>Einleitung RF</p>", "column3": "<p>Farfalla</p>", "position": 1}}}'),
	('f5b193a90c4f', '1', 0, NULL, '2022-02-04 22:17:30', '2022-02-04 22:17:30', '5015df0b6259', '69c2c7eceec2', 'cfccaecd4bad', 'storyboard', '{"sections": {"1654a176-901e-46ba-bafd-cd3da86a3f02": {"column1": "<p>00:15</p>", "column2": "<p>Alle Kinder sind auf ihren Sitzplätzen angeschnallt, dann beginnt eines der Triebwerke zu brennen und die Sauerstoffmasken kommen aus der Decke, sie müssen diese alle Anziehen.</p>", "column3": "", "position": 1}, "740d442c-5681-4fd2-8c92-82a64abe6d28": {"column1": "<p>00:25</p>", "column2": "<p>Wir regen uns langsam am Boden, um uns herum das zerstörte und brennende Flugzeug. Einem Leiter wurde der Arm aufgeschlitzt (Blinky) und er blutet stark, um erste Hilfe zu leisten suchen wir die Apotheke im Flugzeug. Wir versuchen, Rettungskräfte zu kontaktieren, haben aber kein Netz. Nachdem wir festgestellt haben, dass alle da sind und der verletzte Leiter versorgt ist, teilen wir Wachen  ein (nur die Leiter, die wachen nicht wirklich sondern gehen dann schlafen) und schicken die TN wieder ins Bett.</p>", "column3": "", "position": 3}, "7a217759-3847-4ede-9daf-f8a8db4b2f8d": {"column1": "<p>00:20</p>", "column2": "<p>Ein Triebwerk explodiert und kurz darauf schlagen wir auf, die Leiter stossen alle Kinder durcheinander und werfen die \"Stühle\" um, um den Absturz zu simulieren.</p>", "column3": "", "position": 2}, "f065e540-3d15-4542-bc08-2541d3d3db1e": {"column1": "<p>00:00</p>", "column2": "<p>Die TN werden von lautem Sirenengeheul geweckt. Ein Triebwerk des Flugzeugs, in dem wir fliegen, ist ausgefalllen. Alle müssen sofort auf ihre Sitzplätze und die Gurte anschnallen.</p>", "column3": "", "position": 0}}}'),
	('3a94193d3f6e', '1', 0, NULL, '2022-02-04 22:23:30', '2022-02-04 22:23:30', '3ddaa17f2649', '706d570b83cc', 'cfccaecd4bad', 'storyboard', '{"sections": {"e4b7599b-abab-4c70-8bb9-df4202f2b683": {"column1": "", "column2": "<p>Nach dem Zvieri Sagen wir den Kindern, dass es heute Abend ein Bi-Pi Feuer geben wird. Wir erklären, was das Bi-Pi Feuer ist. Für das Bi-Pi Feuer müssen natürlich vorbereitungen getroffen:</p><p>Zum einen muss jeder etwas gutes, etwas schlechtes (zur Pfadi) und einen Wunsch sowie ein Danke oder einen Glückwunsch aufschreiben (alles Anonym)</p><p>Ausserdem werden auch zwei freiwillige das Feuer nach Anleitung vorbereiten.</p><p>Das Bi-Pi Feuer ist eine Tradition die die Pfadi schon seit ewigkeiten durchführt beim Bi-Pi Feuer wird der Letzte Brief von Bi-Pi vorgelesen und der Rest ist relativ Frei. Dennoch gibt es viele Regeln die eingehalten werden müssen.</p><p>-Es besteht aus einem Inneren und einem ausseren Steinkreis</p><p>-Die untersten zwei Hölzer sind nach der Nord-Südachse ausgerichtet</p><p>-Das Feuer darf nur mit einer Fackel oder einer glühenden Kohle angezündet werden</p><p>-Am Anfang wird ein Feuerwächter bestimmt der das Feuer entfacht</p><p>-Nur der Feuerwächter darf in den 2. Steinkreis hinein und auch nur wenn er einen Stein entfernt</p><p>-Die Kohle wird direkt nach dem Anzünden in das Feuer gelegt</p><p>-Das Feuer muss ausbrennen und darf nicht ausgelöscht werden</p><p>-Wenn die Glut ausgekühlt ist bekommen alle anwesenden ein bisschen Kohle die sie dann im nächsten Bi-Pi Feuer wieder verwendet werden können. So brennt das Feuer immer weiter</p>", "column3": "", "position": 0}}}'),
	('00c6fe37b137', '1', 0, NULL, '2022-02-04 22:11:12', '2022-02-04 22:11:12', 'c2eae59077c5', '667d18a76fe6', 'cfccaecd4bad', 'storyboard', '{"sections": {"2079d41d-9398-484a-b2f0-e5c2cd2c5d6a": {"column1": "", "column2": "<p>Wir machen vier Gruppen.</p><p>Gruppe1 Küche-Aufenthalt-Essenszelt</p><p>Gruppe2 Schlafzelter</p><p>Gruppe3 Kücheninneneinrichtung</p><p>Gruppe4 Latrine</p>", "column3": "", "position": 0}, "c1932814-476e-4ca1-bb7b-965bead38ef2": {"column1": "", "column2": "<p>Alle Gruppe überlegen wo sie Ihre Zelter / Bauten Aufstellen möchten und zeichnen ein Plan-Krokki auf ein Packpapier. Für Ausbesserungen und Fragen steht Tassilo bereit.</p>", "column3": "", "position": 1}, "d82b9038-2f38-44d4-9238-83dd6bc68aa5": {"column1": "", "column2": "<p>Gruppe2 beginnt mit dem Aufbau der Schlafzelter</p><p>Dazu zeigt der Gruppenleiter zuerst vor, wie man in einer 3er Gruppe einen Spatz aufstellt. Dann werden 3 er Gruppen gebildet und die TN wiederholen das gezeigte mit dem Aufbau von weiteren Spatzen. </p><p>Gruppe1, Gruppe3 und Gruppe4 Der Gruppenleiter zeigt vor, wie gewisse Tätigkeiten (Seil spannen, Blachen mit Seil spannen, Blachen knöpfen) richtig gemacht werden. Dann wiederholen die TN das gezeigte an den weiteren Stellen, wo das gemacht werden muss.</p>", "column3": "", "position": 2}, "fd7ea45c-c418-47d0-8989-9a5d0384e607": {"column1": "", "column2": "<p>Alle Zelter sind Aufgestellt und besprechen wo es Schwierigkeiten gegeben hat und wie man es besser lösen könnte.</p>", "column3": "", "position": 3}}}'),
	('41463d5e6898', '1', 0, NULL, '2022-02-04 21:31:04', '2022-02-04 21:31:04', '3edf02e5fd3d', '51a9f1de497a', 'cfccaecd4bad', 'storyboard', '{"sections": {"3c1df90a-20e9-48ba-a1ca-6480ea357dd9": {"column1": "", "column2": "<p>Titel/Thema:</p><p>Blutiger Baron - Wut</p><p>Zielgruppe:</p><p>Pfadistufenkinder 11-14Jahre</p><p>LeiterIn:</p><p>Castor, Salamander</p><p>Zeit:</p><p>30 min. (07.07.201522:30 - 23:00)</p><p>Ort/ Gelände:</p><p>Spielwiese</p><p>Ziele:</p><p>Die TN erweitern ihren Handlungsspielraum im Umgang mit Wut.</p>", "column3": "", "position": 0}, "99a11f92-9b90-492c-96a9-c6381db0d2a6": {"column1": "<p>5i</p>", "column2": "<p>Abschluss</p><p>Der blutige Baron ist sehr zufrieden mit unseren Tns. Da er der Hausgeist von Slytherin ist und wir wissen, dass das Haussymbol der Slytherins eine Schlange ist, machen wir zum Abschluss einen „Der Schlange ihre Tanz“.</p>", "column3": "", "position": 3}, "cb45923e-bb45-45ea-b979-00b7a2646b0d": {"column1": "<p>20''</p>", "column2": "<p>Hauptteil:</p><p>Die TN hocken in den Häuser (4 Gruppen) zusammen und machen ein Theäterli zum Thema „WUT“. Davon machen sie eine schlechte und eine gute Variante.</p><p>Oberbegriffe – Ideen zu den Theäterli</p><p>-Schule</p><p>-Pfadi</p><p>-Eltern</p><p>-Öffentlichkeit</p><p>– Schlange stehen</p><p>5'' Vorbereitungszeit</p><p>Danach Aufführung der Theäterli. Nach jedem Theater kurze Diskussion angeregt durch den Baron.</p><p>5'' Um uns im Ruhigbleiben zu üben schlägt der Baron einen magischen Augenkampf vor.</p><p>Immer 2 zusammen, man muss einander in die Augen schauen und dabei möglichst ruhig bleiben.</p>", "column3": "", "position": 2}, "e8567d7c-a5df-42bd-a04b-3b5e6f17eb8b": {"column1": "<p>5''</p>", "column2": "<p>Einstieg:</p><p>Blutiger Baron stösst zu uns und erklärt uns seine missliche Lage.</p><p>Er zeigt uns völlig demütig seine Ketten.</p><p>Ketten &amp; Kugeln (vom Leiterfest)</p>", "column3": "<p>Salamander (blutiger Baron)</p>", "position": 1}}}'),
	('8fc6eca9bc8a', '1', 0, NULL, '2022-02-04 22:27:57', '2022-02-04 22:27:57', '193c3491fa23', '604b01a8ece1', 'cfccaecd4bad', 'storyboard', '{"sections": {"58ee91ff-5393-4e4d-a7f8-c3a55008f11f": {"column1": "", "column2": "<p>14:44 BUS 520 15613 Richtung Zürich Flughafen, Bahnhof /nach Zürich Flughafen, Bahnhof /Ankunft 14:55</p><p>15:01 Zug S 16 19657 Richtung Herrliberg-Feldmeilen / nach Zürich Oerlikon, Gleis 6 /Ankunft 15:05</p>", "column3": "", "position": 1}, "5b6c91db-3d93-4b0d-ba39-16a729c9a886": {"column1": "", "column2": "<p>Wir laufen 1420 los</p>", "column3": "", "position": 0}}}'),
	('e3a4242a7d93', '1', 0, NULL, '2022-02-04 22:18:02', '2022-02-04 22:18:02', 'aff5fa86266e', 'fbc47b8cf426', 'cfccaecd4bad', 'storyboard', '{"sections": {"4e375ecc-ccef-4799-ad5f-fb9d424e2e64": {"column1": "<p>0025</p>", "column2": "<p>Als Hauptteil gehen wir in der näheren umgebung Joggen. Die Leitperson gibt immer wieder Kommandos vor bei welchen alle die vorgegebene übung machen müssen. z.B. bei 1 müssen alle springen.</p>", "column3": "", "position": 1}, "8fafcb32-385a-40eb-979b-f61f3b1fa584": {"column1": "<p>0010</p>", "column2": "<p>Zum einwärmen machen wir ein Pferderennen. Dabei klatschen sich alle mit den Händen auf die Oberschenkel um das Hufgetrappel zu simulieren. Der Spielleiter gibt dann kommandos welche dann von allen durchgeführt werden müssen wenn jemand ein Kommando verpasst oder ein Kommado falsch macht muss 3 Liegestütze machen. z.B. bei der Linkskurve lehnen alle nach links</p>", "column3": "", "position": 0}, "c63cd87c-d985-4128-a085-3fb066ae5d53": {"column1": "<p>0030</p>", "column2": "<p>Zum Abschluss spielen wir noch ein Peng. Dabei wird zuerst ein Thema definiert z. B. Produkte aus der Migros. Das Ziel des Spiels ist es, dass man bis zum Schluss nicht ausgeschieden wird. Dann stellen sich immer zwei Personen Rücken an Rücken und gehen los. Dann sagt der Spielleiter einen Buchstaben und die Kinder müssen sich umdrehen und so schnell wie möglich ein Migros Produkt sagen, dass mit diesem Buchstaben anfängt. Wenn man verliert wird man ausgeschieden.</p>", "column3": "", "position": 2}}}'),
	('8245d44306f4', '1', 0, NULL, '2022-02-04 19:36:21', '2022-02-04 19:36:21', 'a71f929dd156', 'bd796fec1ea0', 'cfccaecd4bad', 'storyboard', '{"sections": {"0d01135d-67c2-4473-8ad7-012a54f86b11": {"column1": "<p>''200 - ''240</p>", "column2": "<p>Zelte wahrscheinlich fertig, dann:</p><p>J&amp;S Material holen (mit Veloanhänger)</p><p>Wasserschlauch von Waldran bis Lagerplatz anschliessen</p>", "column3": "", "position": 4}, "75b3d84e-744a-46cc-b97d-535e4b68dfa2": {"column1": "<p>''200 - ''210</p>", "column2": "<p>gemeinsame Trinkpause und kurzes Spiel (Ritter auf Ritter ab)</p>", "column3": "", "position": 3}, "834709ae-7423-4c1a-8c48-1d7240a7d08a": {"column1": "<p>''120 - ''140</p>", "column2": "<p>Z''Vieri</p>", "column3": "", "position": 1}, "8c6911b3-8da5-43bf-aaa5-2d0aa0035533": {"column1": "<p>''00 - ''120</p>", "column2": "<p>Aufteilung in Gruppen:</p><p>Gruppe 1 (5TN + 1 Leiter): Zelte aufstellen</p><p>Gruppe 2 (3TN + 1 Leiter): Latrine buddeln</p><p>Gruppe 3 (7TN + 1 Leiter): Aufenthaltszelt (Blachen knüpfen und hochziehen)</p><p>Gruppe 4 (5TN + 1 Leiter): Küchenzelt, Kochstelle, Sickergrube</p><p>(ab und zu Trinkpausen machen)</p>", "column3": "", "position": 0}, "c92d69d8-7841-40d6-804b-5cf7b18d5cfd": {"column1": "<p>''140-''200</p>", "column2": "<p>weiter aufbauen (je nach Gruppenstimmung Gruppen wechseln)</p>", "column3": "", "position": 2}}}'),
	('ea49fbe4a79b', '1', 0, NULL, '2022-02-04 21:25:26', '2022-02-04 21:25:26', '645000130f8c', '645000130f8c', 'cfccaecd4bad', 'storyboard', '{"sections": {"907e4d4f-5d07-470f-a70d-a3aa374af82a": {"column1": "<p>''00</p>", "column2": "<p>Übermittlung: Skippy, Castor</p><p>Kochen: Daniel Düsentrieb,</p><p>Tätschmeischter: Salamander</p><p>Sport: Adler &amp; Taifun &amp; Pandora</p><p>Pionier: Biber</p><p>Den TN werden zu Beginn die einzelnen Spez-Exer vorgestellt und sie können sich dann entscheiden, welchen sie machen möchten. Wenn sich für ein Spez-Exer nur ein TN begeistert, wird dieser leider nicht durchgeführt. Die Leiter die keinen fixen Spez-Exer haben, helfen den anderen wo nötig.</p>", "column3": "", "position": 0}}}'),
	('fdd159859a9f', '1', 1, 'et', '2022-01-23 16:19:10', '2022-01-23 16:19:10', '63ad36c59b9e', '63ad36c59b9e', 'cfccaecd4bad', 'storyboard', '{"sections": {"3bdc90b4-3b4c-4c76-b1bc-2e376afbb5aa": {"column1": "culpa", "column2": "natus", "column3": "consequatur", "position": 0}}}'),
	('9b7eb54688e6', '1', 0, NULL, '2022-02-04 19:46:02', '2022-02-04 19:46:02', '32e70cad4ec9', '77fe44df2707', 'cfccaecd4bad', 'storyboard', '{"sections": {"0e4889dd-ca4f-439e-a2f2-3897e86289e4": {"column1": "", "column2": "<p>sdfdsfds</p>", "column3": "", "position": 0}}}');



INSERT INTO public.category (id, categoryprototypeid, short, name, color, numberingstyle, campid, rootcontentnodeid, createtime, updatetime) VALUES
	('cf2586caa87c', NULL, 'LS', 'Lagersport', '#4CAF50', '1', '6430aecc5422', '0b8894aba174', '2022-01-23 16:19:10', '2022-01-23 16:19:10'),
	('dbc3fbcc684c', NULL, 'LS', 'Lagersport', '#4CAF50', '1', 'e5027d852487', 'fb21b1c912fd', '2022-01-23 16:19:10', '2022-02-04 21:43:57'),
	('ce9edfa3a000', NULL, 'LA', 'Lageraktivität', '#FF9800', 'A', '05ce4b9836e9', '869c7bbcf042', '2022-01-23 16:19:10', '2022-02-04 19:07:19'),
	('546f8f6116b3', NULL, 'LP', 'Lagerprogramm', '#2879CA', '1', '05ce4b9836e9', '75a94bbedf29', '2022-01-23 16:19:10', '2022-02-04 19:08:41'),
	('28a5d64af21e', NULL, 'VL', 'Voilà', '#DA00FF', '1', '05ce4b9836e9', '0c43453c67aa', '2022-02-04 19:09:33', '2022-02-04 19:09:33'),
	('7c3f65b38832', NULL, 'ES', 'Essen', '#bbbbbb', '1', '05ce4b9836e9', 'c686b7b2bf2e', '2022-02-04 19:09:58', '2022-02-04 19:09:58'),
	('330a052f5d2d', NULL, 'LS', 'Lagersport', '#4CAF50', '1', '05ce4b9836e9', '3653b3134fc5', '2022-02-04 19:10:35', '2022-02-04 19:10:35'),
	('84b0ebdf5dc0', NULL, 'LA', 'Lageraktivität', '#FF9800', 'A', 'e5027d852487', '8fa1c8e597c3', '2022-02-04 21:41:51', '2022-02-04 21:41:51'),
	('a47a60594096', '84b0ebdf5dc0', 'LA', 'Lageraktivität', '#FF9800', 'A', 'c4cca3a51342', '51d2e8dd6747', '2022-02-04 21:59:10', '2022-02-04 21:59:10'),
	('9af703a10a9c', 'dbc3fbcc684c', 'LS', 'Lagersport', '#4CAF50', '1', 'c4cca3a51342', 'd0d0bef87638', '2022-02-04 21:59:10', '2022-02-04 21:59:10'),
	('6adced5270de', NULL, 'ES', 'Essen', '#bbbbbb', '1', 'c4cca3a51342', '73eb8501c9b3', '2022-02-04 22:02:07', '2022-02-04 22:02:07'),
	('505e3fdf9e90', NULL, 'LP', 'Lagerprogramm', '#90B7E4', '1', 'c4cca3a51342', 'f9c28b8f6f31', '2022-02-04 22:01:09', '2022-02-04 22:37:23'),
	('9b3a5138cbcf', NULL, 'ES', 'Essen', '#bbbbbb', '1', 'e5027d852487', '697312a460a8', '2022-02-04 23:10:41', '2022-02-04 23:10:41'),
	('c8a56ebb4d2a', NULL, 'LP', 'Lagerprogramm', '#9EC5F1', '1', 'e5027d852487', '9b0e779f3238', '2022-02-04 23:11:03', '2022-02-04 23:11:34');



INSERT INTO public.activity (id, title, location, campid, categoryid, rootcontentnodeid, createtime, updatetime) VALUES
	('7be390586b33', 'Activity 2', 'Ducimus aperiam nesciunt est quia.', '05ce4b9836e9', '546f8f6116b3', 'cb499c5495f0', '2022-01-23 16:19:10', '2022-01-23 16:19:10'),
	('c13b91f0e465', 'nisi', 'Quidem ut sunt et quidem est accusamus aut nemo.', '6430aecc5422', 'cf2586caa87c', '63ad36c59b9e', '2022-01-23 16:19:10', '2022-01-23 16:19:10'),
	('d3cfa12d19f2', 'iure', 'Cum culpa rem aut rerum.', 'e5027d852487', 'dbc3fbcc684c', 'c9ebda9090f5', '2022-01-23 16:19:10', '2022-01-23 16:19:10'),
	('a08b26f637fd', 'Zmittag', '', '05ce4b9836e9', '7c3f65b38832', '9718e0c98748', '2022-02-04 19:34:53', '2022-02-04 19:34:53'),
	('a6bd9f6c86fb', 'Aufbau', 'Lagerplatz', '05ce4b9836e9', '546f8f6116b3', 'a71f929dd156', '2022-02-04 19:36:21', '2022-02-04 19:36:35'),
	('b9690aa9d0d1', 'Ämtli und Siesta', 'Lagerplatz', '05ce4b9836e9', '546f8f6116b3', 'a2505e2c8aca', '2022-02-04 19:35:38', '2022-02-04 19:36:52'),
	('cce5fa2a015e', 'Einführung RF', 'Wiese', '05ce4b9836e9', '546f8f6116b3', 'd62d16c6afb6', '2022-02-04 19:37:23', '2022-02-04 19:37:23'),
	('dc3324f7a88b', 'Znacht & Ämtli', '', '05ce4b9836e9', '7c3f65b38832', '8d7faccc13ce', '2022-02-04 19:37:44', '2022-02-04 19:37:44'),
	('27e9acadda02', 'Sportblock', 'Lagerplatz', '05ce4b9836e9', '330a052f5d2d', 'c7a28bcfd35f', '2022-02-04 19:38:15', '2022-02-04 19:38:15'),
	('cf90c77076cd', 'Erklärung Lagergame', 'Aufenthaltszelt', '05ce4b9836e9', '546f8f6116b3', '83b61af97910', '2022-02-04 19:39:09', '2022-02-04 19:39:09'),
	('12c2ae3694cd', 'Regeln abmachen mit G&V Lauf', 'Lagerplatz', '05ce4b9836e9', 'ce9edfa3a000', '02823e618716', '2022-02-04 19:39:53', '2022-02-04 19:39:53'),
	('6ce55d8ce277', 'Morgefit', 'Spielwiese', '05ce4b9836e9', '330a052f5d2d', 'cd89a68084ff', '2022-02-04 19:41:39', '2022-02-04 19:41:39'),
	('1f6fe9849b0f', 'Zmorge & Ämtli', '', '05ce4b9836e9', '7c3f65b38832', 'c8e4a0be93af', '2022-02-04 19:42:13', '2022-02-04 19:42:13'),
	('8f1126e31ddb', 'Spez-Exer', 'Lagerplatz', '05ce4b9836e9', 'ce9edfa3a000', '645000130f8c', '2022-01-23 16:19:10', '2022-02-04 19:42:48'),
	('a64086cadc96', 'Quidditch', 'Lagerplatz', '05ce4b9836e9', '330a052f5d2d', 'af6d3bd31bfb', '2022-02-04 19:43:24', '2022-02-04 19:43:24'),
	('e8ec39cfdc53', 'Zmittag', 'Aufenthaltszelt', '05ce4b9836e9', '7c3f65b38832', 'd3b0c2d25c72', '2022-02-04 19:44:35', '2022-02-04 19:44:35'),
	('8692e4ae6c37', 'Sportblock', 'grosse Wiese', '05ce4b9836e9', '28a5d64af21e', '69a1c2680b2b', '2022-02-04 19:45:19', '2022-02-04 19:45:19'),
	('05a34df11f79', 'Aufbau', 'Lagerplatz', '05ce4b9836e9', 'ce9edfa3a000', '25aa0c832b70', '2022-02-04 19:46:20', '2022-02-04 19:46:20'),
	('3f74dc9975a2', 'Ateliers', 'Lagerplatz', '05ce4b9836e9', '546f8f6116b3', '303e8d9d2e2e', '2022-02-04 19:47:02', '2022-02-04 19:47:02'),
	('cbcc7c441c8a', 'Pfa-Tech Postenlauf Aufbau', 'Lagerplatz', '05ce4b9836e9', 'ce9edfa3a000', '160930523ce2', '2022-02-04 19:47:50', '2022-02-04 19:47:50'),
	('3fd88d20fe9b', 'Znacht & Ämtli', '', '05ce4b9836e9', '7c3f65b38832', '678166f5bd6c', '2022-02-04 19:48:14', '2022-02-04 19:48:14'),
	('5809bfd12a91', 'Horkrux', '', '05ce4b9836e9', '330a052f5d2d', '3d211da36cc6', '2022-02-04 19:48:40', '2022-02-04 19:48:40'),
	('8e36ab75bcf3', 'Herzblatt', 'Lagerplatz', '05ce4b9836e9', '546f8f6116b3', '656295313d5c', '2022-02-04 19:49:02', '2022-02-04 19:49:02'),
	('dee39a1a4170', 'Silent Disco', 'Lichtung', '05ce4b9836e9', '546f8f6116b3', '5bdd84d2ab79', '2022-02-04 19:49:34', '2022-02-04 19:49:34'),
	('082242275a00', 'Silent Disco', '', '05ce4b9836e9', '330a052f5d2d', 'a29cff2d1d03', '2022-02-04 19:50:07', '2022-02-04 19:50:07'),
	('e8991fd53177', 'Blutiger Baron', 'Lagerfeuer', '05ce4b9836e9', '28a5d64af21e', '3edf02e5fd3d', '2022-02-04 19:50:53', '2022-02-04 19:50:53'),
	('2e8a48ca589b', 'Seilbahn bauen', 'Wald', '05ce4b9836e9', '546f8f6116b3', '6127f9640b45', '2022-02-04 19:51:36', '2022-02-04 19:51:36'),
	('4a1f81738c99', 'SpoBlo', '', '05ce4b9836e9', '330a052f5d2d', 'e2ba5d9578b7', '2022-02-04 19:51:56', '2022-02-04 19:51:56'),
	('fd44afa1f37e', 'Silent Disco', 'Lichtung', '05ce4b9836e9', '330a052f5d2d', 'ca9582689c1e', '2022-02-04 19:52:33', '2022-02-04 19:52:33'),
	('7341faac0de7', 'Test', 'Aufenthaltszelt', '05ce4b9836e9', '546f8f6116b3', '50172d027864', '2022-02-04 19:52:59', '2022-02-04 19:52:59'),
	('fbc7e0c7eb37', 'Beginn & Anreise', 'Heim - Lagerplatz', '05ce4b9836e9', '330a052f5d2d', 'ff2ed0cab03e', '2022-02-04 19:34:29', '2022-02-04 21:12:53'),
	('4ae5c4626953', 'TABS & Nachtruhe', 'Lagerplatz', '05ce4b9836e9', '546f8f6116b3', 'c6eb39db9f9c', '2022-02-04 19:40:24', '2022-02-04 21:23:27'),
	('a668e4f6deb0', 'Ämtli und Siesta', 'Lagerplatz', '05ce4b9836e9', '546f8f6116b3', '32e70cad4ec9', '2022-02-04 19:46:02', '2022-02-04 21:30:22'),
	('7f33c504d878', 'Stadt Game', 'Oerlikon', 'c4cca3a51342', '9af703a10a9c', '985356416a4b', '2022-02-04 22:06:20', '2022-02-04 22:06:20'),
	('0af9f5378baf', 'Anreise', '', 'c4cca3a51342', '505e3fdf9e90', '78c9196140b7', '2022-02-04 22:10:52', '2022-02-04 22:10:52'),
	('e2513752077e', 'Lagerbau', '', 'c4cca3a51342', 'a47a60594096', 'c2eae59077c5', '2022-02-04 22:11:12', '2022-02-04 22:11:12'),
	('3ff87a61bc3d', 'Essen', '', 'c4cca3a51342', '6adced5270de', '8ea4175fd5f0', '2022-02-04 22:15:20', '2022-02-04 22:15:20'),
	('3944911efcf7', 'Takeoff', '', 'c4cca3a51342', '505e3fdf9e90', '69fa08a77f38', '2022-02-04 22:16:56', '2022-02-04 22:16:56'),
	('9e80c5b5f542', 'Flugzeugabsturz', '', 'c4cca3a51342', '505e3fdf9e90', '5015df0b6259', '2022-02-04 22:17:30', '2022-02-04 22:17:30'),
	('68eea44d535f', 'Morgenturnen', '', 'c4cca3a51342', '9af703a10a9c', 'aff5fa86266e', '2022-02-04 22:18:02', '2022-02-04 22:18:02'),
	('0d2e8cce34d3', 'Lagerbau', '', 'c4cca3a51342', '505e3fdf9e90', '3a9614e39661', '2022-02-04 22:18:46', '2022-02-04 22:18:46'),
	('3bcd08318a93', 'Insel erkunden', '', 'c4cca3a51342', '9af703a10a9c', '8e15971caab8', '2022-02-04 22:19:53', '2022-02-04 22:19:53'),
	('31e2853a122d', 'Angriff der Aborigines', '', 'c4cca3a51342', '9af703a10a9c', 'f9ba3a735450', '2022-02-04 22:20:19', '2022-02-04 22:20:19'),
	('e04002fab127', 'Pfadiversprechen', '', 'c4cca3a51342', '505e3fdf9e90', '280031715953', '2022-02-04 22:21:03', '2022-02-04 22:21:03'),
	('2a99033ce9c3', 'Essen zurückerobern', '', 'c4cca3a51342', '505e3fdf9e90', 'd4fe28437432', '2022-02-04 22:21:35', '2022-02-04 22:21:35'),
	('9918af9af418', 'Morgenturnern', '', 'c4cca3a51342', '9af703a10a9c', 'b46ab3cde287', '2022-02-04 22:21:58', '2022-02-04 22:21:58'),
	('dc7d63607b36', 'Atelier', '', 'c4cca3a51342', '505e3fdf9e90', '7792c9c855ce', '2022-02-04 22:22:15', '2022-02-04 22:22:15'),
	('7b4dfe7501f9', 'Pfadiversprechen', '', 'c4cca3a51342', 'a47a60594096', '2b3f79233387', '2022-02-04 22:22:38', '2022-02-04 22:22:38'),
	('a8b02940529b', 'Abschluss geländegame', '', 'c4cca3a51342', '9af703a10a9c', '475f7b34581a', '2022-02-04 22:22:56', '2022-02-04 22:22:56'),
	('c0ca9948b03c', 'Vorbereitung BiPi Feuer', '', 'c4cca3a51342', '505e3fdf9e90', '3ddaa17f2649', '2022-02-04 22:23:30', '2022-02-04 22:23:30'),
	('b790b08a6b47', 'Bi-Pi Feuer', '', 'c4cca3a51342', '505e3fdf9e90', 'd81a9dae4316', '2022-02-04 22:24:04', '2022-02-04 22:24:04'),
	('1c6f1a4ce113', 'Morgenturnen', '', 'c4cca3a51342', '9af703a10a9c', 'e460f03e79b4', '2022-02-04 22:24:36', '2022-02-04 22:24:36'),
	('a2caed7409a2', 'Lagerabbau', '', 'c4cca3a51342', 'a47a60594096', '13d74b9d52b8', '2022-02-04 22:27:21', '2022-02-04 22:27:21'),
	('414a0df65593', 'Essen', '', 'c4cca3a51342', '6adced5270de', '862273087c64', '2022-02-04 22:27:43', '2022-02-04 22:27:43'),
	('4e63364bba02', 'Heimreise', '', 'c4cca3a51342', '505e3fdf9e90', '193c3491fa23', '2022-02-04 22:27:57', '2022-02-04 22:27:57');



INSERT INTO public.camp_collaboration (id, inviteemail, invitekeyhash, status, role, collaborationacceptedby, createtime, updatetime, userid, campid) VALUES
	('f08468783b7a', NULL, NULL, 'established', 'manager', NULL, '2022-01-23 16:19:10', '2022-01-23 16:19:10', '9145944210a7', '05ce4b9836e9'),
	('b2ef8a3b319f', NULL, NULL, 'established', 'member', NULL, '2022-01-23 16:19:10', '2022-01-23 16:19:10', 'bae69a1c9fcc', '05ce4b9836e9'),
	('490f4b599034', NULL, NULL, 'established', 'guest', NULL, '2022-01-23 16:19:10', '2022-01-23 16:19:10', '48f00685a292', '05ce4b9836e9'),
	('83f4171a5c12', 'e.mail@test.com', 'myInviteKey', 'invited', 'member', NULL, '2022-01-23 16:19:10', '2022-01-23 16:19:10', NULL, '05ce4b9836e9'),
	('c43d5c10b01d', NULL, NULL, 'inactive', 'manager', NULL, '2022-01-23 16:19:10', '2022-01-23 16:19:10', '130684395770', '05ce4b9836e9'),
	('237abf0bd057', 'e.mail2@test.com', 'myInviteKey2', 'invited', 'member', NULL, '2022-01-23 16:19:10', '2022-01-23 16:19:10', NULL, '6430aecc5422'),
	('0e524d43e799', NULL, NULL, 'established', 'manager', NULL, '2022-01-23 16:19:10', '2022-01-23 16:19:10', 'e7b00084dabf', '6430aecc5422'),
	('2c313fa367b3', NULL, NULL, 'established', 'manager', NULL, '2022-01-23 16:19:10', '2022-01-23 16:19:10', '3b41dca5c568', 'e5027d852487'),
	('b7c896a8bce0', NULL, '70f9c7bf3df20c42b1c9497f3ac7c27ff07e009a7c4a3121d6ea8fe161a6e336', 'invited', 'manager', NULL, '2022-02-04 19:27:45', '2022-02-04 19:27:45', 'bee7cf5b3871', '05ce4b9836e9'),
	('1fc9c8f42991', NULL, '6c4d8b8232ba8002414df23dfc364fe55884012eaff9f0a6a86e4a1b058d9e15', 'invited', 'member', NULL, '2022-02-04 19:28:43', '2022-02-04 19:28:43', 'caeba9f7e728', '05ce4b9836e9'),
	('c7b5dd15649f', NULL, NULL, 'established', 'manager', NULL, '2022-02-04 21:59:10', '2022-02-04 21:59:10', '9145944210a7', 'c4cca3a51342'),
	('73558f9c6483', 'e.mail@test.com', '42e0b2299f06ea2bf3cebd3876b15367bacff09ff5572f02cdd05b33fe112a95', 'invited', 'member', NULL, '2022-02-04 22:04:42', '2022-02-04 22:04:42', NULL, 'c4cca3a51342'),
	('fe6557a4b89f', NULL, NULL, 'established', 'manager', NULL, '2022-02-04 22:05:24', '2022-02-04 22:05:24', 'caeba9f7e728', 'c4cca3a51342'),
	('58dc1b96dcce', NULL, NULL, 'established', 'member', NULL, '2022-02-04 22:05:02', '2022-02-04 22:05:02', 'bee7cf5b3871', 'c4cca3a51342');



INSERT INTO public.activity_responsible (id, createtime, updatetime, activityid, campcollaborationid) VALUES
	('b4b496570cd5', '2022-01-23 16:19:10', '2022-01-23 16:19:10', '8f1126e31ddb', 'f08468783b7a'),
	('02527639ad4e', '2022-01-23 16:19:10', '2022-01-23 16:19:10', '7be390586b33', 'b2ef8a3b319f'),
	('c2e84a852a64', '2022-01-23 16:19:10', '2022-01-23 16:19:10', 'c13b91f0e465', '0e524d43e799'),
	('4df913eee4de', '2022-01-23 16:19:10', '2022-01-23 16:19:10', 'd3cfa12d19f2', '2c313fa367b3');



INSERT INTO public.category_contenttype (category_id, contenttype_id) VALUES
	('ce9edfa3a000', '44dcc7493c65'),
	('ce9edfa3a000', '318e064ea0c9'),
	('ce9edfa3a000', '4f0c657fecef'),
	('ce9edfa3a000', 'f17470519474'),
	('ce9edfa3a000', 'cfccaecd4bad'),
	('ce9edfa3a000', '3ef17bd1df72'),
	('ce9edfa3a000', '1a0f84e322c8'),
	('546f8f6116b3', '44dcc7493c65'),
	('546f8f6116b3', '318e064ea0c9'),
	('546f8f6116b3', '4f0c657fecef'),
	('546f8f6116b3', 'f17470519474'),
	('546f8f6116b3', 'cfccaecd4bad'),
	('546f8f6116b3', '3ef17bd1df72'),
	('28a5d64af21e', '318e064ea0c9'),
	('28a5d64af21e', '44dcc7493c65'),
	('28a5d64af21e', '4f0c657fecef'),
	('28a5d64af21e', 'f17470519474'),
	('28a5d64af21e', 'cfccaecd4bad'),
	('28a5d64af21e', '3ef17bd1df72'),
	('330a052f5d2d', '44dcc7493c65'),
	('330a052f5d2d', '318e064ea0c9'),
	('330a052f5d2d', '4f0c657fecef'),
	('330a052f5d2d', 'f17470519474'),
	('330a052f5d2d', 'cfccaecd4bad'),
	('330a052f5d2d', '3ef17bd1df72'),
	('84b0ebdf5dc0', '44dcc7493c65'),
	('84b0ebdf5dc0', '318e064ea0c9'),
	('84b0ebdf5dc0', '4f0c657fecef'),
	('84b0ebdf5dc0', 'f17470519474'),
	('84b0ebdf5dc0', 'cfccaecd4bad'),
	('84b0ebdf5dc0', '3ef17bd1df72'),
	('84b0ebdf5dc0', '1a0f84e322c8'),
	('dbc3fbcc684c', '44dcc7493c65'),
	('dbc3fbcc684c', '318e064ea0c9'),
	('dbc3fbcc684c', '4f0c657fecef'),
	('dbc3fbcc684c', 'f17470519474'),
	('dbc3fbcc684c', 'cfccaecd4bad'),
	('dbc3fbcc684c', '3ef17bd1df72'),
	('a47a60594096', '44dcc7493c65'),
	('a47a60594096', '318e064ea0c9'),
	('a47a60594096', '4f0c657fecef'),
	('a47a60594096', 'f17470519474'),
	('a47a60594096', 'cfccaecd4bad'),
	('a47a60594096', '3ef17bd1df72'),
	('a47a60594096', '1a0f84e322c8'),
	('9af703a10a9c', '44dcc7493c65'),
	('9af703a10a9c', '318e064ea0c9'),
	('9af703a10a9c', '4f0c657fecef'),
	('9af703a10a9c', 'f17470519474'),
	('9af703a10a9c', 'cfccaecd4bad'),
	('9af703a10a9c', '3ef17bd1df72'),
	('505e3fdf9e90', '44dcc7493c65'),
	('505e3fdf9e90', '318e064ea0c9'),
	('505e3fdf9e90', '4f0c657fecef'),
	('505e3fdf9e90', 'f17470519474'),
	('505e3fdf9e90', 'cfccaecd4bad'),
	('505e3fdf9e90', '3ef17bd1df72'),
	('6adced5270de', 'cfccaecd4bad'),
	('6adced5270de', '3ef17bd1df72'),
	('c8a56ebb4d2a', '44dcc7493c65'),
	('c8a56ebb4d2a', '318e064ea0c9'),
	('c8a56ebb4d2a', '4f0c657fecef'),
	('c8a56ebb4d2a', 'f17470519474'),
	('c8a56ebb4d2a', 'cfccaecd4bad'),
	('c8a56ebb4d2a', '3ef17bd1df72');



INSERT INTO public.period (id, description, start, "end", createtime, updatetime, campid) VALUES
	('ff755e56fe79', 'Hauptlager', '2024-02-20', '2024-02-20', '2022-01-23 16:19:10', '2022-01-23 16:19:10', '6430aecc5422'),
	('a12a9154b43b', 'Hauptlager', '2021-01-01', '2021-01-01', '2022-01-23 16:19:10', '2022-01-23 16:19:10', 'e5027d852487'),
	('16b2fcffdd8e', 'Hauptlager', '2023-05-05', '2023-05-08', '2022-02-04 21:59:10', '2022-02-04 21:59:10', 'c4cca3a51342'),
	('e8c03e4285cb', 'Hauptlager', '2023-07-03', '2023-07-06', '2022-01-23 16:19:10', '2022-09-11 17:51:43', '05ce4b9836e9');



INSERT INTO public.day (id, dayoffset, createtime, updatetime, periodid) VALUES
	('ad21560b27b3', 0, '2022-01-23 16:19:10', '2022-01-23 16:19:10', 'e8c03e4285cb'),
	('65d73042d34e', 1, '2022-01-23 16:19:10', '2022-01-23 16:19:10', 'e8c03e4285cb'),
	('f036e9302f65', 2, '2022-01-23 16:19:10', '2022-01-23 16:19:10', 'e8c03e4285cb'),
	('9a23375e49ba', 0, '2022-01-23 16:19:10', '2022-01-23 16:19:10', 'ff755e56fe79'),
	('c163dc9c0862', 0, '2022-01-23 16:19:10', '2022-01-23 16:19:10', 'a12a9154b43b'),
	('f036e9302f66', 3, '2022-01-23 16:19:10', '2022-01-23 16:19:10', 'e8c03e4285cb'),
	('f036e9302f67', 0, '2022-01-23 16:19:10', '2022-01-23 16:19:10', '16b2fcffdd8e'),
	('f036e9302f68', 1, '2022-01-23 16:19:10', '2022-01-23 16:19:10', '16b2fcffdd8e'),
	('f036e9302f69', 2, '2022-01-23 16:19:10', '2022-01-23 16:19:10', '16b2fcffdd8e'),
	('f036e9302f70', 3, '2022-01-23 16:19:10', '2022-01-23 16:19:10', '16b2fcffdd8e');



INSERT INTO public.day_responsible (id, createtime, updatetime, dayid, campcollaborationid) VALUES
	('5c321135d5e9', '2022-01-23 16:19:10', '2022-01-23 16:19:10', 'ad21560b27b3', 'f08468783b7a'),
	('b0364210ca51', '2022-01-23 16:19:10', '2022-01-23 16:19:10', '65d73042d34e', 'f08468783b7a'),
	('78d5d2ec7036', '2022-01-23 16:19:10', '2022-01-23 16:19:10', '9a23375e49ba', '0e524d43e799'),
	('f3a25527bb83', '2022-01-23 16:19:10', '2022-01-23 16:19:10', 'c163dc9c0862', '2c313fa367b3');



INSERT INTO public.material_list (id, materiallistprototypeid, name, createtime, updatetime, campid, campcollaborationid) VALUES
	('bea5c374e5f5', NULL, 'Packliste', '2022-01-23 16:19:10', '2022-01-23 16:19:10', '05ce4b9836e9', NULL),
	('9869949f344f', NULL, 'Einkaufsliste', '2022-01-23 16:19:10', '2022-01-23 16:19:10', '6430aecc5422', NULL),
	('754f7f21fb38', NULL, 'Coop', '2022-02-04 19:31:36', '2022-02-04 19:31:36', '05ce4b9836e9', NULL),
	('023e852d8343', NULL, 'Taifun', '2022-02-04 19:31:45', '2022-02-04 19:31:45', '05ce4b9836e9', NULL),
	('ca4303857716', NULL, 'Castor', '2022-02-04 19:31:55', '2022-02-04 19:31:55', '05ce4b9836e9', NULL),
	('c3aa0055ddb8', NULL, 'Baghira', '2022-02-04 19:32:13', '2022-02-04 19:32:13', '05ce4b9836e9', NULL),
	('2ba13d7ebd3e', NULL, 'Bi Pi', '2022-02-04 19:32:27', '2022-02-04 19:32:27', '05ce4b9836e9', NULL),
	('c7cf171a587d', NULL, 'Idefix', '2022-02-04 19:32:47', '2022-02-04 19:32:47', '05ce4b9836e9', NULL),
	('61d49e282180', NULL, 'Snoopy', '2022-02-04 19:33:06', '2022-02-04 19:33:06', '05ce4b9836e9', NULL),
	('2dc021613c94', NULL, 'Pfadiheim', '2022-02-04 21:28:55', '2022-02-04 21:28:55', '05ce4b9836e9', NULL),
	('d26923cc560d', NULL, 'Lebensmittel', '2022-01-23 16:19:10', '2022-02-04 21:44:16', 'e5027d852487', NULL),
	('a69b2d247be3', NULL, 'Baumarkt', '2022-02-04 21:44:22', '2022-02-04 21:44:22', 'e5027d852487', NULL),
	('387e6dbe2cbb', NULL, 'Pfadiheim', '2022-02-04 21:44:32', '2022-02-04 21:44:32', 'e5027d852487', NULL),
	('58723b211d16', NULL, 'J+S', '2022-02-04 21:44:38', '2022-02-04 21:44:38', 'e5027d852487', NULL),
	('40cedec3bc8b', 'd26923cc560d', 'Lebensmittel', '2022-02-04 21:59:10', '2022-02-04 21:59:10', 'c4cca3a51342', NULL),
	('7449c7d8e4a3', 'a69b2d247be3', 'Baumarkt', '2022-02-04 21:59:10', '2022-02-04 21:59:10', 'c4cca3a51342', NULL),
	('38a28bc6e4b7', '387e6dbe2cbb', 'Pfadiheim', '2022-02-04 21:59:10', '2022-02-04 21:59:10', 'c4cca3a51342', NULL),
	('3f3d1b4da46a', '58723b211d16', 'J+S', '2022-02-04 21:59:10', '2022-02-04 21:59:10', 'c4cca3a51342', NULL),
	('40abf25cb33e', NULL, 'Bi Pi', '2022-02-04 22:36:43', '2022-02-04 22:36:43', 'c4cca3a51342', NULL),
	('044ad25c2c25', NULL, 'Salamander', '2022-02-04 22:36:50', '2022-02-04 22:36:50', 'c4cca3a51342', NULL),
	('4e688b4eea5f', NULL, 'Idefix', '2022-02-04 22:37:09', '2022-02-04 22:37:09', 'c4cca3a51342', NULL),
	('c5ac484eb310', NULL, 'Snoopy', '2022-02-04 22:37:39', '2022-02-04 22:37:39', 'c4cca3a51342', NULL);



INSERT INTO public.material_item (id, article, quantity, unit, createtime, updatetime, materiallistid, periodid, materialnodeid) VALUES
	('419b8e7addb9', 'Lagerapotheke', 1, NULL, '2022-01-23 16:19:10', '2022-01-23 16:19:10', '9869949f344f', 'ff755e56fe79', NULL),
	('e91ec866d090', 'Lagerapotheke', 1, NULL, '2022-01-23 16:19:10', '2022-01-23 16:19:10', 'd26923cc560d', 'a12a9154b43b', NULL),
	('9b8529cb95e2', 'Karte mit eingezeichneter Route', 2, NULL, '2022-02-04 21:12:31', '2022-02-04 21:12:31', '023e852d8343', NULL, 'e78589d80ab0'),
	('2713f32b92a1', 'ausgedruckte Liste mit Charakter', 1, NULL, '2022-02-04 21:19:58', '2022-02-04 21:19:58', 'ca4303857716', NULL, '1f5be4e2f781'),
	('53b7160264a5', 'Blätter für Regeln', 16, NULL, '2022-02-04 21:22:17', '2022-02-04 21:22:17', '754f7f21fb38', NULL, '8a9bf9f6652a'),
	('b2cc8ae57cf6', 'Papierrolle', 1, NULL, '2022-02-04 21:22:28', '2022-02-04 21:22:28', '754f7f21fb38', NULL, '8a9bf9f6652a'),
	('0a8f54957d8c', 'Gitarre, Ipod und Böxli', NULL, NULL, '2022-02-04 21:26:20', '2022-02-04 21:26:20', 'c3aa0055ddb8', NULL, '718834024a14'),
	('502dbbbe1d49', 'J+S Broschüren', NULL, NULL, '2022-02-04 21:26:32', '2022-02-04 21:26:32', 'c3aa0055ddb8', NULL, '718834024a14'),
	('bdeeb57a0c3e', 'Blaues Knotenbüchlein', NULL, NULL, '2022-02-04 21:26:39', '2022-02-04 21:26:39', '2ba13d7ebd3e', NULL, '718834024a14'),
	('904028f77d2d', 'Spatz-Zelte', 2, 'Stk', '2022-02-04 21:29:36', '2022-02-04 21:29:36', '2dc021613c94', NULL, 'b0db3093d60e'),
	('ab7daf9a833e', 'Gruppenzelte', 5, 'Stk', '2022-02-04 21:36:44', '2022-02-04 21:36:44', '2dc021613c94', 'e8c03e4285cb', NULL),
	('4b613c7c2e99', 'Gruppenbillet', 1, NULL, '2022-02-04 22:36:22', '2022-02-04 22:37:56', 'c5ac484eb310', NULL, '07c09b2470ac'),
	('9e18a8a597c3', 'Blachen für Pflanzenzelt zum Flugiverkleiden ', NULL, NULL, '2022-02-04 22:40:02', '2022-02-04 22:40:02', '3f3d1b4da46a', NULL, '2fb752aa92f2'),
	('7b9198492d43', 'Pflanzenzelt', NULL, NULL, '2022-02-04 22:40:15', '2022-02-04 22:40:15', '4e688b4eea5f', NULL, '2fb752aa92f2'),
	('47329b79e52d', 'Kontrollbogen für Sicherheitskontrolle', NULL, NULL, '2022-02-04 22:40:38', '2022-02-04 22:40:38', '044ad25c2c25', NULL, '2fb752aa92f2'),
	('7ab652f96fa6', 'Sicherheitspersonal', 2, NULL, '2022-02-04 22:41:00', '2022-02-04 22:41:00', '38a28bc6e4b7', NULL, '2fb752aa92f2'),
	('50a6637c0b06', 'Flugbegleiterin', 1, NULL, '2022-02-04 22:41:15', '2022-02-04 22:41:15', '38a28bc6e4b7', NULL, '2fb752aa92f2'),
	('92494ffe5efb', 'Flugzeug', 1, NULL, '2022-02-04 22:42:22', '2022-02-04 22:42:22', '40abf25cb33e', NULL, 'b14c120b5724'),
	('6e8ad44528d0', 'Sauerstoffmasken', 20, NULL, '2022-02-04 22:42:37', '2022-02-04 22:42:37', '40abf25cb33e', NULL, 'b14c120b5724'),
	('821190cbccdf', 'Übungsapotheke', 1, NULL, '2022-02-04 22:42:51', '2022-02-04 22:42:51', '38a28bc6e4b7', NULL, 'b14c120b5724'),
	('dd21d4df818e', 'Verletzung für Druckverband', 1, NULL, '2022-02-04 22:43:05', '2022-02-04 22:43:05', '40abf25cb33e', NULL, 'b14c120b5724'),
	('0c7b6661919a', 'Karten umgebung', 5, NULL, '2022-02-04 22:45:52', '2022-02-04 22:45:52', '044ad25c2c25', NULL, '02aa83c29f8e'),
	('a80cf562c169', 'Tafel Schokolade', 1, NULL, '2022-02-04 22:46:10', '2022-02-04 22:46:10', '40cedec3bc8b', NULL, '02aa83c29f8e'),
	('8810f69b5cd0', 'Sichtmäppli', 5, NULL, '2022-02-04 22:46:21', '2022-02-04 22:46:21', '044ad25c2c25', NULL, '02aa83c29f8e'),
	('595be21c6abb', 'Farben Bändeli', 4, NULL, '2022-02-04 22:48:18', '2022-02-04 22:48:18', '38a28bc6e4b7', NULL, '1ca8ad357ef7'),
	('28d3358c63d4', 'Spielbrett mit Wegen und Lagern', 1, NULL, '2022-02-04 22:48:32', '2022-02-04 22:48:32', '40abf25cb33e', NULL, '1ca8ad357ef7'),
	('3a7279b01fe1', 'Essen', 15, NULL, '2022-02-04 22:48:45', '2022-02-04 22:48:45', '40abf25cb33e', NULL, '1ca8ad357ef7'),
	('57f21c9ccee8', 'Eingeborene', 5, NULL, '2022-02-04 22:49:01', '2022-02-04 22:49:01', '40abf25cb33e', NULL, '1ca8ad357ef7'),
	('bf0ba5755f50', 'Eingeborenen Häuptling', 1, NULL, '2022-02-04 22:49:22', '2022-02-04 22:49:22', '044ad25c2c25', NULL, '1ca8ad357ef7'),
	('2f56113cbd63', 'Küche, die Alarm schreit', 1, NULL, '2022-02-04 22:49:35', '2022-02-04 22:49:35', '40abf25cb33e', NULL, '1ca8ad357ef7'),
	('897f583cf14c', 'Apotheke', 1, NULL, '2022-02-04 22:49:50', '2022-02-04 22:49:50', '38a28bc6e4b7', NULL, '1ca8ad357ef7'),
	('df5b1e41e522', 'Blachen', 6, NULL, '2022-02-04 22:51:19', '2022-02-04 22:51:19', '3f3d1b4da46a', NULL, '6481f55d80e3'),
	('0eca1dc1b715', 'Packpapier', 1, NULL, '2022-02-04 22:51:29', '2022-02-04 22:51:29', '40cedec3bc8b', NULL, '6481f55d80e3'),
	('f8545c1fdf55', 'Stifte', NULL, NULL, '2022-02-04 22:51:39', '2022-02-04 22:51:39', '38a28bc6e4b7', NULL, '6481f55d80e3'),
	('06a3ed916e8e', 'Klebeband', NULL, NULL, '2022-02-04 22:51:50', '2022-02-04 22:51:50', '38a28bc6e4b7', NULL, '6481f55d80e3'),
	('8c5bfff8d1da', 'Papier', NULL, NULL, '2022-02-04 22:51:58', '2022-02-04 22:51:58', '38a28bc6e4b7', NULL, '6481f55d80e3'),
	('d0fac7e311ef', 'Ballone', 50, NULL, '2022-02-04 22:53:14', '2022-02-04 22:53:14', '4e688b4eea5f', NULL, '0ef300877289'),
	('a7d5ea5bd7d8', 'Schaufel', 2, NULL, '2022-02-04 22:53:26', '2022-02-04 22:53:26', '38a28bc6e4b7', NULL, '0ef300877289'),
	('db84545586cc', 'Essensresten (Zwiebelschalen etc)', 7, NULL, '2022-02-04 22:53:52', '2022-02-04 22:53:52', '044ad25c2c25', NULL, '0ef300877289'),
	('7ede404417f6', 'Federn', 20, NULL, '2022-02-04 22:54:07', '2022-02-04 22:54:07', 'c5ac484eb310', NULL, '0ef300877289'),
	('b5795aa99a5b', 'Viel Paracord', NULL, NULL, '2022-02-04 22:56:28', '2022-02-04 22:56:33', 'c5ac484eb310', NULL, '6183cacb2dbd'),
	('c09817a5e782', 'Flasche für Flaschenpost', 1, NULL, '2022-02-04 22:56:50', '2022-02-04 22:56:50', 'c5ac484eb310', NULL, '6183cacb2dbd'),
	('5a0b71fcfd88', 'Wachs', NULL, NULL, '2022-02-04 22:56:58', '2022-02-04 22:56:58', 'c5ac484eb310', NULL, '6183cacb2dbd'),
	('c3345dc60a9e', 'Zunhölzli', NULL, NULL, '2022-02-04 22:57:10', '2022-02-04 22:57:10', 'c5ac484eb310', NULL, '6183cacb2dbd'),
	('c0f1659c2724', 'Absperrband', 1, NULL, '2022-02-04 23:01:39', '2022-02-04 23:01:39', '044ad25c2c25', NULL, '06f9dd59b932'),
	('b4454f81d98b', 'Leuchtstäbe', 20, NULL, '2022-02-04 23:01:30', '2022-02-04 23:01:44', '38a28bc6e4b7', NULL, '06f9dd59b932'),
	('7076d85101ad', 'Pet flasche', 1, NULL, '2022-02-04 23:03:37', '2022-02-04 23:03:37', '4e688b4eea5f', NULL, '3b87f372f2c0'),
	('cf70bbe61af3', 'Böxli mit Musik', 1, NULL, '2022-02-04 23:03:49', '2022-02-04 23:03:49', '4e688b4eea5f', NULL, '3b87f372f2c0');






INSERT INTO public.schedule_entry (id, startoffset, endoffset, "left", width, createtime, updatetime, periodid, activityid) VALUES
	('49334ec99fc4', 600, 660, 0, 1, '2022-01-23 16:19:10', '2022-01-23 16:19:10', 'ff755e56fe79', 'c13b91f0e465'),
	('2dbeb6095bd8', 660, 720, 0, 1, '2022-01-23 16:19:10', '2022-01-23 16:19:10', 'a12a9154b43b', 'd3cfa12d19f2'),
	('54c8d6a938f2', 720, 780, 0, 1, '2022-01-23 16:19:10', '2022-01-23 16:19:10', 'a12a9154b43b', 'd3cfa12d19f2'),
	('a17207edea05', 495, 720, 0, 1, '2022-02-04 19:34:29', '2022-02-04 19:34:29', 'e8c03e4285cb', 'fbc7e0c7eb37'),
	('00dad16a537a', 720, 765, 0, 1, '2022-02-04 19:34:53', '2022-02-04 19:34:53', 'e8c03e4285cb', 'a08b26f637fd'),
	('436c8d05cd29', 765, 840, 0, 1, '2022-02-04 19:35:38', '2022-02-04 19:35:38', 'e8c03e4285cb', 'b9690aa9d0d1'),
	('cca7c79f9a75', 840, 1020, 0, 1, '2022-02-04 19:36:21', '2022-02-04 19:36:21', 'e8c03e4285cb', 'a6bd9f6c86fb'),
	('e4a5360dc6a6', 1020, 1050, 0, 1, '2022-02-04 19:37:23', '2022-02-04 19:37:23', 'e8c03e4285cb', 'cce5fa2a015e'),
	('a58da2941515', 1050, 1200, 0, 1, '2022-02-04 19:37:44', '2022-02-04 19:37:44', 'e8c03e4285cb', 'dc3324f7a88b'),
	('1b70b3797971', 1200, 1260, 0, 1, '2022-02-04 19:38:15', '2022-02-04 19:38:15', 'e8c03e4285cb', '27e9acadda02'),
	('fe610337ee5f', 1260, 1290, 0, 1, '2022-02-04 19:39:09', '2022-02-04 19:39:09', 'e8c03e4285cb', 'cf90c77076cd'),
	('ddbc6dac8d3a', 1395, 1410, 0, 1, '2022-02-04 19:40:24', '2022-02-04 19:40:40', 'e8c03e4285cb', '4ae5c4626953'),
	('5f994cde7a07', 1290, 1395, 0, 1, '2022-02-04 19:39:53', '2022-02-04 19:40:47', 'e8c03e4285cb', '12c2ae3694cd'),
	('78fa7441838a', 1890, 1920, 0, 1, '2022-02-04 19:41:39', '2022-02-04 19:41:39', 'e8c03e4285cb', '6ce55d8ce277'),
	('63de0be77737', 1920, 1980, 0, 1, '2022-02-04 19:42:13', '2022-02-04 19:42:13', 'e8c03e4285cb', '1f6fe9849b0f'),
	('5622eab7c333', 1980, 2145, 0, 1, '2022-02-04 19:43:24', '2022-02-04 19:43:38', 'e8c03e4285cb', 'a64086cadc96'),
	('542bed6a6b03', 1980, 2145, 0, 1, '2022-01-23 16:19:10', '2022-02-04 19:43:42', 'e8c03e4285cb', '8f1126e31ddb'),
	('d87b8992a48c', 2145, 2190, 0, 1, '2022-02-04 19:44:35', '2022-02-04 19:44:47', 'e8c03e4285cb', 'e8ec39cfdc53'),
	('d0b9dee5d5e9', 2190, 2295, 0, 1, '2022-02-04 19:45:19', '2022-02-04 19:45:19', 'e8c03e4285cb', '8692e4ae6c37'),
	('6199649a0562', 2295, 2430, 0, 1, '2022-02-04 19:46:02', '2022-02-04 19:46:02', 'e8c03e4285cb', 'a668e4f6deb0'),
	('5157efe2685e', 2295, 2430, 0, 1, '2022-02-04 19:46:20', '2022-02-04 19:46:25', 'e8c03e4285cb', '05a34df11f79'),
	('c9ccf9562c0d', 2430, 2490, 0, 1, '2022-02-04 19:47:02', '2022-02-04 19:47:11', 'e8c03e4285cb', '3f74dc9975a2'),
	('0be13d15876d', 2490, 2550, 0, 1, '2022-02-04 19:47:50', '2022-02-04 19:47:50', 'e8c03e4285cb', 'cbcc7c441c8a'),
	('b9e45a564cfd', 2550, 2655, 0, 1, '2022-02-04 19:48:14', '2022-02-04 19:48:14', 'e8c03e4285cb', '3fd88d20fe9b'),
	('a86777bdedf8', 2655, 2745, 0, 1, '2022-02-04 19:48:40', '2022-02-04 19:48:47', 'e8c03e4285cb', '5809bfd12a91'),
	('7f5cae0cdfa7', 2745, 2820, 0, 1, '2022-02-04 19:49:02', '2022-02-04 19:49:02', 'e8c03e4285cb', '8e36ab75bcf3'),
	('0215a586a475', 2820, 2880, 0, 1, '2022-02-04 19:49:34', '2022-02-04 19:49:34', 'e8c03e4285cb', 'dee39a1a4170'),
	('6950ae9fd598', 2790, 2850, 0, 1, '2022-02-04 19:50:07', '2022-02-04 19:50:17', 'e8c03e4285cb', '082242275a00'),
	('ff09175e6941', 2820, 2865, 0, 1, '2022-02-04 19:50:53', '2022-02-04 19:50:53', 'e8c03e4285cb', 'e8991fd53177'),
	('cd5ac2a16375', 3705, 3780, 0, 1, '2022-02-04 19:51:36', '2022-02-04 19:51:36', 'e8c03e4285cb', '2e8a48ca589b'),
	('38d87fbdc561', 3855, 3990, 0, 1, '2022-02-04 19:51:56', '2022-02-04 19:52:03', 'e8c03e4285cb', '4a1f81738c99'),
	('caff951a6e52', 4095, 4260, 0, 1, '2022-02-04 19:52:33', '2022-02-04 19:52:33', 'e8c03e4285cb', 'fd44afa1f37e'),
	('bf0ba53ad0d7', 4860, 4965, 0, 1, '2022-02-04 19:52:59', '2022-02-04 19:52:59', 'e8c03e4285cb', '7341faac0de7'),
	('4bc1873a73f2', 1020, 1080, 0, 1, '2022-02-04 22:06:20', '2022-02-04 22:06:20', '16b2fcffdd8e', '7f33c504d878'),
	('c3d36cd00544', 1080, 1140, 0, 1, '2022-02-04 22:10:52', '2022-02-04 22:10:52', '16b2fcffdd8e', '0af9f5378baf'),
	('c7cdd9cc23bc', 1140, 1260, 0, 1, '2022-02-04 22:11:12', '2022-02-04 22:11:12', '16b2fcffdd8e', 'e2513752077e'),
	('60a0b0635d46', 1260, 1365, 0, 1, '2022-02-04 22:15:20', '2022-02-04 22:15:20', '16b2fcffdd8e', '3ff87a61bc3d'),
	('3dcbe2a92578', 3390, 3450, 0, 1, '2022-02-04 22:15:20', '2022-02-04 22:15:20', '16b2fcffdd8e', '3ff87a61bc3d'),
	('a3389bd0ea0f', 3600, 3660, 0, 1, '2022-02-04 22:15:20', '2022-02-04 22:15:20', '16b2fcffdd8e', '3ff87a61bc3d'),
	('b7057d701add', 4800, 4860, 0, 1, '2022-02-04 22:15:20', '2022-02-04 22:15:20', '16b2fcffdd8e', '3ff87a61bc3d'),
	('b12d0af13de0', 1365, 1380, 0, 1, '2022-02-04 22:16:56', '2022-02-04 22:16:56', '16b2fcffdd8e', '3944911efcf7'),
	('4b4f2d67ee32', 1410, 1439, 0, 1, '2022-02-04 22:17:30', '2022-02-04 22:17:30', '16b2fcffdd8e', '9e80c5b5f542'),
	('9377c93f08e1', 1980, 2040, 0, 1, '2022-02-04 22:15:20', '2022-02-04 22:19:14', '16b2fcffdd8e', '3ff87a61bc3d'),
	('47239db6a8e4', 1950, 1965, 0, 1, '2022-02-04 22:18:02', '2022-02-04 22:19:16', '16b2fcffdd8e', '68eea44d535f'),
	('79ab44e7d96a', 2040, 2100, 0, 1, '2022-02-04 22:18:46', '2022-02-04 22:19:33', '16b2fcffdd8e', '0d2e8cce34d3'),
	('3935f7974ef8', 2190, 2310, 0, 1, '2022-02-04 22:15:20', '2022-02-04 22:19:39', '16b2fcffdd8e', '3ff87a61bc3d'),
	('46cad2b11017', 2100, 2190, 0, 1, '2022-02-04 22:19:53', '2022-02-04 22:19:53', '16b2fcffdd8e', '3bcd08318a93'),
	('9c5b963da5e1', 2310, 2445, 0, 1, '2022-02-04 22:20:19', '2022-02-04 22:20:32', '16b2fcffdd8e', '31e2853a122d'),
	('8efed0b671f0', 2550, 2670, 0, 1, '2022-02-04 22:15:20', '2022-02-04 22:20:39', '16b2fcffdd8e', '3ff87a61bc3d'),
	('d28860c99b46', 4020, 4140, 0, 1, '2022-02-04 22:15:20', '2022-02-04 22:20:45', '16b2fcffdd8e', '3ff87a61bc3d'),
	('f2923b997126', 2445, 2550, 0, 1, '2022-02-04 22:21:03', '2022-02-04 22:21:03', '16b2fcffdd8e', 'e04002fab127'),
	('3da4545af722', 2670, 2775, 0, 1, '2022-02-04 22:21:35', '2022-02-04 22:21:35', '16b2fcffdd8e', '2a99033ce9c3'),
	('2be7a86b82f3', 3360, 3390, 0, 1, '2022-02-04 22:21:58', '2022-02-04 22:21:58', '16b2fcffdd8e', '9918af9af418'),
	('69226b3e49d7', 3450, 3600, 0, 1, '2022-02-04 22:22:15', '2022-02-04 22:22:15', '16b2fcffdd8e', 'dc7d63607b36'),
	('6ee7b9aa5f9b', 3660, 3795, 0, 1, '2022-02-04 22:22:38', '2022-02-04 22:23:08', '16b2fcffdd8e', '7b4dfe7501f9'),
	('a3d6ebc0b3ee', 3945, 4020, 0, 1, '2022-02-04 22:23:30', '2022-02-04 22:23:42', '16b2fcffdd8e', 'c0ca9948b03c'),
	('501abe71a6ab', 3795, 3945, 0, 1, '2022-02-04 22:22:56', '2022-02-04 22:23:45', '16b2fcffdd8e', 'a8b02940529b'),
	('6128f7aa752f', 4140, 4305, 0, 1, '2022-02-04 22:24:04', '2022-02-04 22:24:04', '16b2fcffdd8e', 'b790b08a6b47'),
	('c76ea4bae834', 4770, 4800, 0, 1, '2022-02-04 22:24:36', '2022-02-04 22:24:36', '16b2fcffdd8e', '1c6f1a4ce113'),
	('97cf16fb8cae', 4860, 5040, 0, 1, '2022-02-04 22:27:21', '2022-02-04 22:27:21', '16b2fcffdd8e', 'a2caed7409a2'),
	('9020d417c38f', 5040, 5100, 0, 1, '2022-02-04 22:27:43', '2022-02-04 22:27:43', '16b2fcffdd8e', '414a0df65593'),
	('159f28246128', 5100, 5220, 0, 1, '2022-02-04 22:27:57', '2022-02-04 22:28:18', '16b2fcffdd8e', '4e63364bba02');



