DO $$
BEGIN

INSERT INTO public.camp (id, campprototypeid, isprototype, shorttitle, title, motto, addressname, addressstreet, addresszipcode, addresscity, createtime, updatetime, creatorid, ownerid, organizer, kind, coachname, coursenumber, coursekind, trainingadvisorname, printyslogoonpicasso) VALUES
	('d95a0339fb24', 'e5027d852487', false, 'Sola 2023', 'Harry Potter Lager', 'Harry Potter', 'Oskar Hugentobler', 'Rainweg 23', '1999', 'Les Bois', '2023-08-08 09:22:58', '2023-08-08 09:23:39', '9145944210a7', '9145944210a7', 'Pfadi Gryfenberg', 'Sommerlager', 'Andrea Schneider', NULL, NULL, NULL, false);



INSERT INTO public.activity_progress_label (id, "position", title, createtime, updatetime, campid) VALUES
	('ea2730b05466', 1, 'In Planung', '2023-08-08 09:22:58', '2023-08-08 09:22:58', 'd95a0339fb24'),
	('ffc4eef07b16', 2, 'Geplant', '2023-08-08 09:22:58', '2023-08-08 09:22:58', 'd95a0339fb24'),
	('18a4bc584292', 3, 'Lagerleitung OK', '2023-08-08 09:22:58', '2023-08-08 09:22:58', 'd95a0339fb24'),
	('513335a68323', 4, 'Coach OK', '2023-08-08 09:22:58', '2023-08-08 09:22:58', 'd95a0339fb24');



INSERT INTO public.content_node (id, slot, "position", instancename, createtime, updatetime, rootid, parentid, contenttypeid, strategy, data) VALUES
	('c26dd06be243', '1', 1, 'dolores', '2022-01-23 16:19:10', '2022-01-23 16:19:10', '4a7bb17d5158', '4a7bb17d5158', '3ef17bd1df72', 'materialnode', NULL),
	('fd5e1f49c7f5', '1', 1, NULL, '2022-02-04 19:53:09', '2022-02-04 19:53:09', '9896a112438f', 'd1749587190c', '3ef17bd1df72', 'materialnode', NULL),
	('c691a74064ef', '1', 1, NULL, '2022-02-04 19:53:15', '2022-02-04 19:53:15', '9c674fc66945', '9dc577708d3d', '3ef17bd1df72', 'materialnode', NULL),
	('8e4bc444fc1f', '1', 1, NULL, '2022-02-04 22:10:06', '2022-02-04 22:10:06', 'dc80c7d6a803', '2f14694be4dd', '3ef17bd1df72', 'materialnode', NULL),
	('de962cb535fc', '1', 1, NULL, '2022-02-04 22:28:12', '2022-02-04 22:28:12', '1aada29ceccd', 'f5da84d750ab', '3ef17bd1df72', 'materialnode', NULL),
	('060606ed65f9', '2', 2, NULL, '2022-02-04 19:53:09', '2022-02-04 19:53:09', '9896a112438f', 'd1749587190c', '4f0c657fecef', 'singletext', '{"html": ""}'),
	('8189597ce751', 'aside-bottom', 0, NULL, '2023-08-08 10:13:31', '2023-11-12 14:29:00', '1824d71c5ec7', 'd5b437d55286', '4f0c657fecef', 'singletext', '{"html": ""}'),
	('d1749587190c', '1', 0, NULL, '2022-02-04 19:53:09', '2022-02-04 19:53:09', '9896a112438f', '9896a112438f', 'f17470519474', 'columnlayout', '{"columns": [{"slot": "1", "width": 9}, {"slot": "2", "width": 3}]}'),
	('9dc577708d3d', '1', 0, NULL, '2022-02-04 19:53:15', '2022-02-04 19:53:15', '9c674fc66945', '9c674fc66945', 'f17470519474', 'columnlayout', '{"columns": [{"slot": "1", "width": 9}, {"slot": "2", "width": 3}]}'),
	('1824d71c5ec7', NULL, 0, 'est', '2023-08-08 10:13:31', '2023-08-08 10:13:31', '1824d71c5ec7', NULL, 'f17470519474', 'columnlayout', '{"columns": [{"slot": "1", "width": 12}]}'),
	('2f14694be4dd', '1', 0, NULL, '2022-02-04 22:10:06', '2022-02-04 22:10:06', 'dc80c7d6a803', 'dc80c7d6a803', 'f17470519474', 'columnlayout', '{"columns": [{"slot": "1", "width": 9}, {"slot": "2", "width": 3}]}'),
	('cc571ac64e4f', NULL, 0, 'est', '2023-08-08 09:22:58', '2023-08-08 09:22:58', 'cc571ac64e4f', NULL, 'f17470519474', 'columnlayout', '{"columns": [{"slot": "1", "width": 12}]}'),
	('1b8174cdd9f5', NULL, 0, NULL, '2023-08-08 09:22:58', '2023-08-08 09:22:58', '1b8174cdd9f5', NULL, 'f17470519474', 'columnlayout', '{"columns": [{"slot": "1", "width": 12}]}'),
	('f905b9e0b440', 'aside-top', 0, NULL, '2023-08-08 10:13:31', '2023-11-12 14:29:12', '1824d71c5ec7', 'd5b437d55286', '318e064ea0c9', 'singletext', '{"html": ""}'),
	('f5da84d750ab', '1', 0, NULL, '2022-02-04 22:28:12', '2022-02-04 22:28:12', '1aada29ceccd', '1aada29ceccd', 'f17470519474', 'columnlayout', '{"columns": [{"slot": "1", "width": 9}, {"slot": "2", "width": 3}]}'),
	('1aada29ceccd', NULL, 0, 'est', '2022-02-04 22:28:12', '2022-02-04 22:28:12', '1aada29ceccd', NULL, 'f17470519474', 'columnlayout', '{"columns": [{"slot": "1", "width": 12}]}'),
	('8cd5d2b51f11', '1', 3, 'aut', '2022-01-23 16:19:10', '2022-01-23 16:19:10', '4a7bb17d5158', '4a7bb17d5158', '1a0f84e322c8', 'multiselect', '{"options": {"aut": {"checked": true}}}'),
	('a77dc6f3728c', '2', 0, NULL, '2022-02-04 19:53:09', '2022-02-04 19:53:09', '9896a112438f', 'd1749587190c', '318e064ea0c9', 'singletext', '{"html": ""}'),
	('2e98164b3a05', '1', 0, NULL, '2023-11-12 14:36:31', '2023-11-12 14:36:31', 'f570ac6b43fd', 'f570ac6b43fd', 'a4211c112939', 'responsivelayout', '{"items": [{"slot": "main"}, {"slot": "aside-top"}, {"slot": "aside-bottom"}]}'),
	('5072c32a2866', 'main', 0, NULL, '2023-08-08 09:22:58', '2023-12-03 19:16:19', 'cc571ac64e4f', '353c72f38ebe', 'cfccaecd4bad', 'storyboard', '{"sections": {"7412b417-389b-4458-b3dc-af3626a34b30": {"column1": "", "column3": "", "position": 1, "column2Html": ""}}}'),
	('36b4cdf170b0', '1', 2, 'velit', '2022-01-23 16:19:10', '2022-01-23 16:19:10', '4a7bb17d5158', '4a7bb17d5158', '4f0c657fecef', 'singletext', '{"html": "qui"}'),
	('136fa34bf45e', 'aside-bottom', 0, NULL, '2023-08-08 09:22:58', '2023-11-12 14:38:56', '1b8174cdd9f5', '7ac87d74fa60', '4f0c657fecef', 'singletext', '{"html": ""}'),
	('22570c40c086', 'aside-bottom', 0, NULL, '2023-08-08 09:22:58', '2023-11-12 14:40:00', '4434d9188c0d', '938b77d3d770', '4f0c657fecef', 'singletext', '{"html": ""}'),
	('2ced814a1428', 'main', 1, NULL, '2023-08-08 09:22:58', '2023-11-12 14:40:02', '4434d9188c0d', '938b77d3d770', '3ef17bd1df72', 'materialnode', NULL),
	('0a7b08700c6e', 'main', 0, NULL, '2023-08-08 09:22:58', '2023-11-12 14:40:11', '4434d9188c0d', '938b77d3d770', 'cfccaecd4bad', 'storyboard', '{"sections": {"effa3fa5-cd07-4e82-a8aa-198ed9a7c1d4": {"column1": "", "column3": "", "position": 1, "column2Html": ""}}}'),
	('4d42ffbb5ccc', 'aside-top', 1, NULL, '2023-08-08 09:22:58', '2023-11-12 14:40:18', '4434d9188c0d', '938b77d3d770', '44dcc7493c65', 'singletext', '{"html": ""}'),
	('9ad1c8d48727', 'aside-top', 0, NULL, '2023-08-08 09:22:58', '2023-11-12 14:40:21', '4434d9188c0d', '938b77d3d770', '318e064ea0c9', 'singletext', '{"html": ""}'),
	('c9ea356b9877', 'aside-bottom', 0, NULL, '2023-08-08 09:22:58', '2023-11-12 14:40:34', 'cc571ac64e4f', '353c72f38ebe', '4f0c657fecef', 'singletext', '{"html": ""}'),
	('6e67fea71f2f', 'aside-top', 1, NULL, '2023-08-08 09:22:58', '2023-11-12 14:40:43', 'cc571ac64e4f', '353c72f38ebe', '44dcc7493c65', 'singletext', '{"html": ""}'),
	('468bc7dca84c', 'aside-top', 0, NULL, '2023-08-08 09:22:58', '2023-11-12 14:40:45', 'cc571ac64e4f', '353c72f38ebe', '318e064ea0c9', 'singletext', '{"html": ""}'),
	('e3fe2b92e013', '2', 1, NULL, '2022-02-04 19:53:09', '2022-02-04 19:53:09', '9896a112438f', 'd1749587190c', '44dcc7493c65', 'singletext', '{"html": "<p>Alle tragen Wanderschuhe</p>"}'),
	('d6d68928a6c8', '2', 0, NULL, '2022-02-04 19:53:15', '2022-02-04 19:53:15', '9c674fc66945', '9dc577708d3d', '318e064ea0c9', 'singletext', '{"html": ""}'),
	('f3bf3dafa754', '2', 2, NULL, '2022-02-04 19:53:15', '2022-02-04 19:53:15', '9c674fc66945', '9dc577708d3d', '4f0c657fecef', 'singletext', '{"html": ""}'),
	('9d42652d32f3', '2', 1, NULL, '2022-02-04 19:53:15', '2022-02-04 19:53:15', '9c674fc66945', '9dc577708d3d', '44dcc7493c65', 'singletext', '{"html": "<p>Alle tragen Wanderschuhe</p>"}'),
	('93412928300e', '2', 2, NULL, '2022-02-04 22:10:06', '2022-02-04 22:10:06', 'dc80c7d6a803', '2f14694be4dd', '4f0c657fecef', 'singletext', '{"html": ""}'),
	('b5d8faf2bf11', '2', 1, NULL, '2022-02-04 22:10:06', '2022-02-04 22:10:06', 'dc80c7d6a803', '2f14694be4dd', '44dcc7493c65', 'singletext', '{"html": ""}'),
	('d7dd28681360', NULL, 0, 'est', '2023-08-08 10:13:58', '2023-08-08 10:13:58', 'd7dd28681360', NULL, 'f17470519474', 'columnlayout', '{"columns": [{"slot": "1", "width": 12}]}'),
	('c5ceb0a1de6c', NULL, 0, NULL, '2023-08-08 09:22:58', '2023-08-08 09:22:58', 'c5ceb0a1de6c', NULL, 'f17470519474', 'columnlayout', '{"columns": [{"slot": "1", "width": 12}]}'),
	('3bc0d683dcbb', NULL, 0, 'est', '2023-08-08 09:56:45', '2023-08-08 09:56:45', '3bc0d683dcbb', NULL, 'f17470519474', 'columnlayout', '{"columns": [{"slot": "1", "width": 12}]}'),
	('b2a9e7096ca7', 'main', 1, NULL, '2023-08-08 09:22:58', '2023-11-12 14:38:57', '1b8174cdd9f5', '7ac87d74fa60', '3ef17bd1df72', 'materialnode', NULL),
	('78114f61339f', 'main', 1, NULL, '2023-08-08 09:22:58', '2023-11-12 14:40:36', 'cc571ac64e4f', '353c72f38ebe', '3ef17bd1df72', 'materialnode', NULL),
	('e7ad5a5cb080', '1', 0, NULL, '2023-11-12 14:37:04', '2023-11-12 14:37:04', '58bb4e57407a', '58bb4e57407a', 'a4211c112939', 'responsivelayout', '{"items": [{"slot": "main"}, {"slot": "aside-top"}, {"slot": "aside-bottom"}]}'),
	('4434d9188c0d', NULL, 0, NULL, '2023-08-08 09:22:58', '2023-08-08 09:22:58', '4434d9188c0d', NULL, 'f17470519474', 'columnlayout', '{"columns": [{"slot": "1", "width": 12}]}'),
	('69c94d4f5252', 'aside-bottom', 0, NULL, '2023-08-08 10:13:58', '2023-11-12 14:30:55', 'd7dd28681360', '42c2cbb8bbdf', '4f0c657fecef', 'singletext', '{"html": ""}'),
	('5d5de51c05a2', NULL, 0, 'est', '2023-08-08 09:54:05', '2023-08-08 09:54:05', '5d5de51c05a2', NULL, 'f17470519474', 'columnlayout', '{"columns": [{"slot": "1", "width": 12}]}'),
	('582fcd7f5a68', 'main', 1, NULL, '2023-08-08 10:13:58', '2023-11-12 14:30:54', 'd7dd28681360', '42c2cbb8bbdf', '3ef17bd1df72', 'materialnode', NULL),
	('97accda6773b', '2', 1, NULL, '2022-02-04 22:28:12', '2022-02-04 22:28:12', '1aada29ceccd', 'f5da84d750ab', '44dcc7493c65', 'singletext', '{"html": ""}'),
	('7eb3578a76e8', NULL, 0, NULL, '2023-08-08 09:24:47', '2023-08-08 09:24:47', '7eb3578a76e8', NULL, 'f17470519474', 'columnlayout', '{"columns": [{"slot": "1", "width": 12}]}'),
	('396af444f313', 'aside-bottom', 0, NULL, '2023-08-08 09:54:05', '2023-11-12 14:22:47', '5d5de51c05a2', '69685506202a', '4f0c657fecef', 'singletext', '{"html": ""}'),
	('8edf73f79b15', 'aside-top', 1, NULL, '2023-08-08 09:54:41', '2023-11-12 14:37:15', '58bb4e57407a', 'e7ad5a5cb080', '44dcc7493c65', 'singletext', '{"html": ""}'),
	('89e08c2f5538', '2', 0, NULL, '2022-02-04 22:10:06', '2022-02-04 22:10:06', 'dc80c7d6a803', '2f14694be4dd', '318e064ea0c9', 'singletext', '{"html": ""}'),
	('42f5ef568dee', 'aside-top', 0, NULL, '2023-08-08 09:54:41', '2023-11-12 14:37:18', '58bb4e57407a', 'e7ad5a5cb080', '318e064ea0c9', 'singletext', '{"html": ""}'),
	('58bb4e57407a', NULL, 0, 'est', '2023-08-08 09:54:41', '2023-08-08 09:54:41', '58bb4e57407a', NULL, 'f17470519474', 'columnlayout', '{"columns": [{"slot": "1", "width": 12}]}'),
	('ee8694993b15', '1', 0, NULL, '2023-11-12 14:37:31', '2023-11-12 14:37:31', '27a221c59203', '27a221c59203', 'a4211c112939', 'responsivelayout', '{"items": [{"slot": "main"}, {"slot": "aside-top"}, {"slot": "aside-bottom"}]}'),
	('188a7a0011b9', NULL, 0, 'est', '2023-08-08 09:56:01', '2023-08-08 09:56:01', '188a7a0011b9', NULL, 'f17470519474', 'columnlayout', '{"columns": [{"slot": "1", "width": 12}]}'),
	('8fa0740e69f7', 'aside-top', 1, NULL, '2023-08-08 10:13:58', '2023-11-12 14:31:03', 'd7dd28681360', '42c2cbb8bbdf', '44dcc7493c65', 'singletext', '{"html": ""}'),
	('8abd27870875', 'aside-bottom', 0, NULL, '2023-08-08 09:54:41', '2023-11-12 14:37:07', '58bb4e57407a', 'e7ad5a5cb080', '4f0c657fecef', 'singletext', '{"html": ""}'),
	('6d047edda631', NULL, 0, 'est', '2023-08-08 10:15:26', '2023-08-08 10:15:26', '6d047edda631', NULL, 'f17470519474', 'columnlayout', '{"columns": [{"slot": "1", "width": 12}]}'),
	('c4c85c471f17', '2', 0, NULL, '2022-02-04 22:28:12', '2022-02-04 22:28:12', '1aada29ceccd', 'f5da84d750ab', '318e064ea0c9', 'singletext', '{"html": ""}'),
	('e17bb42f257b', '2', 2, NULL, '2022-02-04 22:28:12', '2022-02-04 22:28:12', '1aada29ceccd', 'f5da84d750ab', '4f0c657fecef', 'singletext', '{"html": ""}'),
	('d1e48e8b620a', '1', 0, NULL, '2022-02-04 22:28:12', '2022-02-04 22:28:12', '1aada29ceccd', 'f5da84d750ab', 'cfccaecd4bad', 'storyboard', '{"sections": {"c93fc66b-5cd2-4953-b414-83ff27a2bc32": {"column1": "", "column3": "", "position": 1, "column2Html": ""}}}'),
	('31a5069bd014', 'aside-top', 1, NULL, '2023-08-08 09:54:27', '2023-11-12 14:28:39', '6a1751b32c7b', '7e3ec90fff8a', '44dcc7493c65', 'singletext', '{"html": ""}'),
	('9c674fc66945', NULL, 0, 'totam', '2022-02-04 19:53:15', '2022-02-04 19:53:15', '9c674fc66945', NULL, 'f17470519474', 'columnlayout', '{"columns": [{"slot": "1", "width": 12}]}'),
	('3ab9ae9a35ea', NULL, 0, NULL, '2023-08-08 09:52:49', '2023-08-08 09:52:49', '3ab9ae9a35ea', NULL, 'f17470519474', 'columnlayout', '{"columns": [{"slot": "1", "width": 12}]}'),
	('27c842d7cd5f', 'aside-bottom', 0, NULL, '2023-08-08 10:15:26', '2023-11-12 14:38:19', '6d047edda631', '28257ab8ac10', '4f0c657fecef', 'singletext', '{"html": ""}'),
	('325712073fdf', 'main', 1, NULL, '2023-08-08 09:54:41', '2023-11-12 14:37:08', '58bb4e57407a', 'e7ad5a5cb080', '3ef17bd1df72', 'materialnode', NULL),
	('1e86d19cd624', 'main', 0, NULL, '2023-08-08 09:54:41', '2023-11-12 14:37:12', '58bb4e57407a', 'e7ad5a5cb080', 'cfccaecd4bad', 'storyboard', '{"sections": {"7412b417-389b-4458-b3dc-af3626a34b30": {"column1": "", "column3": "", "position": 1, "column2Html": ""}}}'),
	('9c5fe4ffb461', 'main', 1, NULL, '2023-08-08 10:15:26', '2023-11-12 14:38:17', '6d047edda631', '28257ab8ac10', '3ef17bd1df72', 'materialnode', NULL),
	('10582c5cd444', 'main', 0, NULL, '2023-08-08 10:15:26', '2023-11-12 14:38:23', '6d047edda631', '28257ab8ac10', 'cfccaecd4bad', 'storyboard', '{"sections": {"7412b417-389b-4458-b3dc-af3626a34b30": {"column1": "", "column3": "", "position": 1, "column2Html": ""}}}'),
	('45600a253cab', 'aside-top', 1, NULL, '2023-08-08 10:15:26', '2023-11-12 14:38:24', '6d047edda631', '28257ab8ac10', '44dcc7493c65', 'singletext', '{"html": ""}'),
	('a6370e57da52', 'aside-top', 0, NULL, '2023-08-08 10:15:26', '2023-11-12 14:38:27', '6d047edda631', '28257ab8ac10', '318e064ea0c9', 'singletext', '{"html": ""}'),
	('64ffeede956b', NULL, 0, NULL, '2023-08-08 09:49:23', '2023-08-08 09:49:23', '64ffeede956b', NULL, 'f17470519474', 'columnlayout', '{"columns": [{"slot": "1", "width": 12}]}'),
	('1c801f4afc44', NULL, 0, 'est', '2023-08-08 09:54:22', '2023-08-08 09:54:22', '1c801f4afc44', NULL, 'f17470519474', 'columnlayout', '{"columns": [{"slot": "1", "width": 12}]}'),
	('28257ab8ac10', '1', 0, NULL, '2023-11-12 14:38:14', '2023-11-12 14:38:14', '6d047edda631', '6d047edda631', 'a4211c112939', 'responsivelayout', '{"items": [{"slot": "main"}, {"slot": "aside-top"}, {"slot": "aside-bottom"}]}'),
	('6481bd71eba1', NULL, 0, 'est', '2023-08-08 09:55:13', '2023-08-08 09:55:13', '6481bd71eba1', NULL, 'f17470519474', 'columnlayout', '{"columns": [{"slot": "1", "width": 12}]}'),
	('5e58cabb1e53', '1', 0, NULL, '2022-02-04 19:53:09', '2022-02-04 19:53:09', '9896a112438f', 'd1749587190c', 'cfccaecd4bad', 'storyboard', '{"sections": {"0b72ad12-1055-480f-b4ca-057a7c8aa00a": {"column1": "", "column3": "", "position": 1, "column2Html": ""}}}'),
	('e267709964c1', '1', 0, NULL, '2022-02-04 19:53:15', '2022-02-04 19:53:15', '9c674fc66945', '9dc577708d3d', 'cfccaecd4bad', 'storyboard', '{"sections": {"1ad8d919-1ba9-4e4e-9f63-301df1ace506": {"column1": "", "column3": "", "position": 1, "column2Html": ""}}}'),
	('a13800e9fe3b', '1', 0, NULL, '2022-02-04 22:10:06', '2022-02-04 22:10:06', 'dc80c7d6a803', '2f14694be4dd', 'cfccaecd4bad', 'storyboard', '{"sections": {"9bdb971b-0fff-42ea-a81c-43971d83b977": {"column1": "", "column3": "", "position": 1, "column2Html": ""}}}'),
	('9a5693038173', 'aside-top', 1, NULL, '2023-08-08 09:56:01', '2023-11-12 14:22:18', '188a7a0011b9', 'ccb8bfa67c53', '44dcc7493c65', 'singletext', '{"html": ""}'),
	('6678983d972a', 'aside-bottom', 0, NULL, '2023-08-08 09:54:22', '2023-11-12 14:26:48', '1c801f4afc44', 'b603c88aef1f', '4f0c657fecef', 'singletext', '{"html": ""}'),
	('9f084926e2db', 'main', 1, NULL, '2023-08-08 09:54:22', '2023-11-12 14:26:50', '1c801f4afc44', 'b603c88aef1f', '3ef17bd1df72', 'materialnode', NULL),
	('685aa1c557a6', 'aside-top', 1, NULL, '2023-08-08 09:54:22', '2023-11-12 14:26:57', '1c801f4afc44', 'b603c88aef1f', '44dcc7493c65', 'singletext', '{"html": ""}'),
	('af1a87fc4447', 'aside-top', 0, NULL, '2023-08-08 09:54:22', '2023-11-12 14:27:00', '1c801f4afc44', 'b603c88aef1f', '318e064ea0c9', 'singletext', '{"html": ""}'),
	('b058bdf89273', 'aside-bottom', 0, NULL, '2023-08-08 09:54:27', '2023-11-12 14:28:31', '6a1751b32c7b', '7e3ec90fff8a', '4f0c657fecef', 'singletext', '{"html": ""}'),
	('8f96e3137628', NULL, 0, NULL, '2023-08-08 09:51:29', '2023-08-08 09:51:29', '8f96e3137628', NULL, 'f17470519474', 'columnlayout', '{"columns": [{"slot": "1", "width": 12}]}'),
	('6a1751b32c7b', NULL, 0, 'est', '2023-08-08 09:54:27', '2023-08-08 09:54:27', '6a1751b32c7b', NULL, 'f17470519474', 'columnlayout', '{"columns": [{"slot": "1", "width": 12}]}'),
	('4e7be928879b', 'main', 1, NULL, '2023-08-08 09:54:27', '2023-11-12 14:28:29', '6a1751b32c7b', '7e3ec90fff8a', '3ef17bd1df72', 'materialnode', NULL),
	('9abf0bd1f2f7', 'main', 0, NULL, '2023-08-08 09:54:27', '2023-11-12 14:28:37', '6a1751b32c7b', '7e3ec90fff8a', 'cfccaecd4bad', 'storyboard', '{"sections": {"7412b417-389b-4458-b3dc-af3626a34b30": {"column1": "", "column3": "", "position": 1, "column2Html": ""}}}'),
	('e8316f3e66ae', 'aside-top', 0, NULL, '2023-08-08 09:54:27', '2023-11-12 14:28:40', '6a1751b32c7b', '7e3ec90fff8a', '318e064ea0c9', 'singletext', '{"html": ""}'),
	('e29dd88e4413', NULL, 0, 'est', '2023-08-08 09:56:21', '2023-08-08 09:56:21', 'e29dd88e4413', NULL, 'f17470519474', 'columnlayout', '{"columns": [{"slot": "1", "width": 12}]}'),
	('5dfbfcacde4b', '1', 2, NULL, '2023-08-08 09:56:21', '2023-08-08 09:56:21', 'e29dd88e4413', 'e29dd88e4413', 'f17470519474', 'columnlayout', '{"columns": [{"slot": "1", "width": 9}, {"slot": "2", "width": 3}]}'),
	('9896a112438f', NULL, 0, 'totam', '2022-02-04 19:53:09', '2022-02-04 19:53:09', '9896a112438f', NULL, 'f17470519474', 'columnlayout', '{"columns": [{"slot": "1", "width": 12}]}'),
	('d56d0e791cac', 'aside-top', 0, NULL, '2023-08-08 09:55:13', '2023-11-12 14:18:28', '6481bd71eba1', '1999862b9936', '318e064ea0c9', 'singletext', '{"html": "<p>Die Teilnehmer versammeln sich am Treffpunkt im Lager. Die Leiter erklären, dass heute eine aufregende Schatzsuche im Wald stattfinden wird. Die Kinder werden in Teams von 4-5 Personen eingeteilt und erhalten jeweils eine Karte des Waldgebiets.</p>"}'),
	('2cd8a62ccbcf', 'aside-top', 0, NULL, '2023-08-08 10:20:31', '2023-11-12 14:25:03', '57c0b6781bd9', '36e1ca1f34ab', '318e064ea0c9', 'singletext', '{"html": "<p>Smartphones haben sich zu unverzichtbaren Alltagsbegleitern entwickelt. Sie dienen nicht nur der Kommunikation, sondern bieten Zugang zu einer Fülle von Informationen, Unterhaltung und Dienstleistungen. Von sozialen Medien über mobile Apps bis hin zur Navigation erleichtern Smartphones unser Leben erheblich. Dennoch ist es wichtig, ein gesundes Maß im Umgang mit diesen Geräten zu finden, um eine ausgewogene Nutzung zu gewährleisten und potenzielle Auswirkungen auf unsere physische und psychische Gesundheit zu minimieren.</p>"}'),
	('dc80c7d6a803', NULL, 0, 'est', '2022-02-04 22:10:06', '2022-02-04 22:10:06', 'dc80c7d6a803', NULL, 'f17470519474', 'columnlayout', '{"columns": [{"slot": "1", "width": 12}]}'),
	('65782af1175d', NULL, 0, 'est', '2023-08-08 09:54:32', '2023-08-08 09:54:32', '65782af1175d', NULL, 'f17470519474', 'columnlayout', '{"columns": [{"slot": "1", "width": 12}]}'),
	('8c7dde682ece', NULL, 0, 'est', '2023-08-08 10:14:26', '2023-08-08 10:14:26', '8c7dde682ece', NULL, 'f17470519474', 'columnlayout', '{"columns": [{"slot": "1", "width": 12}]}'),
	('d86ed642e68b', 'aside-bottom', 0, NULL, '2023-08-08 09:54:32', '2023-11-12 14:30:20', '65782af1175d', '95be8221f70f', '4f0c657fecef', 'singletext', '{"html": ""}'),
	('415ac870a9c0', 'main', 1, NULL, '2023-08-08 09:54:32', '2023-11-12 14:30:19', '65782af1175d', '95be8221f70f', '3ef17bd1df72', 'materialnode', NULL),
	('a1ef31cfbef0', 'aside-bottom', 0, NULL, '2023-08-08 10:14:26', '2023-11-12 14:33:30', '8c7dde682ece', '0fc742a6c01d', '4f0c657fecef', 'singletext', '{"html": ""}'),
	('5c56725058b1', 'main', 1, NULL, '2023-08-08 10:14:26', '2023-11-12 14:33:28', '8c7dde682ece', '0fc742a6c01d', '3ef17bd1df72', 'materialnode', NULL),
	('67360e4d1f45', '1', 0, NULL, '2023-08-08 09:56:21', '2023-08-08 09:56:21', 'e29dd88e4413', '5dfbfcacde4b', '3ef17bd1df72', 'materialnode', NULL),
	('b66355937da3', '2', 0, NULL, '2023-08-08 09:56:21', '2023-08-08 09:56:21', 'e29dd88e4413', '5dfbfcacde4b', '4f0c657fecef', 'singletext', '{"html": ""}'),
	('353c72f38ebe', '1', 0, NULL, '2023-11-12 14:40:32', '2023-11-12 14:40:32', 'cc571ac64e4f', 'cc571ac64e4f', 'a4211c112939', 'responsivelayout', '{"items": [{"slot": "main"}, {"slot": "aside-top"}, {"slot": "aside-bottom"}]}'),
	('963adab950ec', 'aside-bottom', 0, NULL, '2023-08-08 09:54:37', '2023-11-12 14:34:04', '47e23b2cf05f', '770d930725c2', '4f0c657fecef', 'singletext', '{"html": ""}'),
	('e610276cbdbe', NULL, 0, 'est', '2023-08-08 09:53:21', '2023-08-08 09:53:21', 'e610276cbdbe', NULL, 'f17470519474', 'columnlayout', '{"columns": [{"slot": "1", "width": 12}]}'),
	('d2bc817335fb', 'main', 1, NULL, '2023-08-08 09:54:37', '2023-11-12 14:34:05', '47e23b2cf05f', '770d930725c2', '3ef17bd1df72', 'materialnode', NULL),
	('2ba1c41408ce', 'aside-bottom', 0, NULL, '2023-08-08 10:14:57', '2023-11-12 14:36:33', 'f570ac6b43fd', '2e98164b3a05', '4f0c657fecef', 'singletext', '{"html": ""}'),
	('80aa90d9abc6', 'main', 0, NULL, '2023-08-08 09:54:37', '2023-11-12 14:34:17', '47e23b2cf05f', '770d930725c2', 'cfccaecd4bad', 'storyboard', '{"sections": {"7412b417-389b-4458-b3dc-af3626a34b30": {"column1": "", "column3": "", "position": 1, "column2Html": ""}}}'),
	('938b77d3d770', '1', 0, NULL, '2023-11-12 14:39:58', '2023-11-12 14:39:58', '4434d9188c0d', '4434d9188c0d', 'a4211c112939', 'responsivelayout', '{"items": [{"slot": "main"}, {"slot": "aside-top"}, {"slot": "aside-bottom"}]}'),
	('47e23b2cf05f', NULL, 0, 'est', '2023-08-08 09:54:37', '2023-08-08 09:54:37', '47e23b2cf05f', NULL, 'f17470519474', 'columnlayout', '{"columns": [{"slot": "1", "width": 12}]}'),
	('36331784b51f', 'aside-top', 0, NULL, '2023-08-08 09:54:37', '2023-11-12 14:34:19', '47e23b2cf05f', '770d930725c2', '318e064ea0c9', 'singletext', '{"html": ""}'),
	('7d6e3ddfc269', 'aside-top', 1, NULL, '2023-08-08 09:54:37', '2023-11-12 14:34:23', '47e23b2cf05f', '770d930725c2', '44dcc7493c65', 'singletext', '{"html": ""}'),
	('303a2d6919ce', NULL, 0, 'est', '2023-08-08 09:55:35', '2023-08-08 09:55:35', '303a2d6919ce', NULL, 'f17470519474', 'columnlayout', '{"columns": [{"slot": "1", "width": 12}]}'),
	('03c8749539c3', 'aside-bottom', 0, NULL, '2023-08-08 09:53:21', '2023-11-12 14:15:32', 'e610276cbdbe', '250c82ad483b', '4f0c657fecef', 'singletext', '{"html": ""}'),
	('cd780746a7b6', 'aside-bottom', 0, NULL, '2023-08-08 09:55:35', '2023-11-12 14:19:23', '303a2d6919ce', '0eaabf3c85b7', '4f0c657fecef', 'singletext', '{"html": ""}'),
	('64dca660f3e8', 'aside-top', 1, NULL, '2023-08-08 10:21:16', '2023-11-12 14:29:54', '7ca9e37e280a', '2f392b438c47', '44dcc7493c65', 'singletext', '{"html": ""}'),
	('be5d921150c6', NULL, 0, 'est', '2023-08-08 09:53:49', '2023-08-08 09:53:49', 'be5d921150c6', NULL, 'f17470519474', 'columnlayout', '{"columns": [{"slot": "1", "width": 12}]}'),
	('db5924da53e7', 'aside-top', 0, NULL, '2023-08-08 09:54:32', '2023-11-12 14:30:28', '65782af1175d', '95be8221f70f', '318e064ea0c9', 'singletext', '{"html": ""}'),
	('137c47d068f8', '1', 0, NULL, '2023-08-08 09:56:21', '2023-08-08 09:56:21', 'e29dd88e4413', 'e29dd88e4413', 'f17470519474', 'columnlayout', '{"columns": [{"slot": "1", "width": 5}, {"slot": "2", "width": 7}]}'),
	('5e25a4f79687', 'main', 1, NULL, '2023-08-08 10:11:42', '2023-11-12 14:27:16', 'de578ae3db2a', '1d29c66a250c', '3ef17bd1df72', 'materialnode', NULL),
	('2230cf99108c', 'main', 1, NULL, '2023-08-08 09:55:35', '2023-11-12 14:19:26', '303a2d6919ce', '0eaabf3c85b7', '3ef17bd1df72', 'materialnode', NULL),
	('9b294c8cd434', 'aside-bottom', 0, NULL, '2023-08-08 09:56:45', '2023-11-12 14:25:22', '3bc0d683dcbb', '39b9e8d31c91', '4f0c657fecef', 'singletext', '{"html": ""}'),
	('20d6dd806bc0', '1', 4, 'et', '2022-01-23 16:19:10', '2022-01-23 16:19:10', '4a7bb17d5158', '4a7bb17d5158', 'cfccaecd4bad', 'storyboard', '{"sections": {"3bdc90b4-3b4c-4c76-b1bc-2e376afbb5aa": {"column1": "culpa", "column3": "consequatur", "position": 0, "column2Html": "natus"}}}'),
	('8e8abdf347e2', NULL, 0, 'laborum', '2022-01-23 16:19:10', '2022-01-23 16:19:10', '8e8abdf347e2', NULL, 'f17470519474', 'columnlayout', '{"columns": [{"slot": "1", "width": 12}]}'),
	('4a7bb17d5158', NULL, 0, 'libero', '2022-01-23 16:19:10', '2022-01-23 16:19:10', '4a7bb17d5158', NULL, 'f17470519474', 'columnlayout', '{"columns": [{"slot": "1", "width": 12}]}'),
	('6618d015cbab', NULL, 0, 'fuga', '2022-01-23 16:19:10', '2022-01-23 16:19:10', '6618d015cbab', NULL, 'f17470519474', 'columnlayout', '{"columns": [{"slot": "1", "width": 12}]}'),
	('bffd66577fed', 'aside-top', 1, NULL, '2023-08-08 09:53:49', '2023-11-12 14:19:08', 'be5d921150c6', '3b9d5c2c756a', '44dcc7493c65', 'singletext', '{"html": "<p>Apotheke dabei</p>"}'),
	('fe0cd78d74ce', 'aside-bottom', 0, NULL, '2023-08-08 10:11:42', '2023-11-12 14:27:14', 'de578ae3db2a', '1d29c66a250c', '4f0c657fecef', 'singletext', '{"html": ""}'),
	('4c9aa39becf5', 'aside-top', 0, NULL, '2023-08-08 10:21:16', '2023-11-12 14:29:56', '7ca9e37e280a', '2f392b438c47', '318e064ea0c9', 'singletext', '{"html": ""}'),
	('87bcf21da3d2', 'aside-bottom', 0, NULL, '2023-08-08 10:12:15', '2023-11-12 14:27:51', '5caf57f45a8a', '64a9b368a5b6', '4f0c657fecef', 'singletext', '{"html": ""}'),
	('320a8290186e', 'main', 1, NULL, '2023-08-08 10:12:15', '2023-11-12 14:27:48', '5caf57f45a8a', '64a9b368a5b6', '3ef17bd1df72', 'materialnode', NULL),
	('de578ae3db2a', NULL, 0, 'est', '2023-08-08 10:11:42', '2023-08-08 10:11:42', 'de578ae3db2a', NULL, 'f17470519474', 'columnlayout', '{"columns": [{"slot": "1", "width": 12}]}'),
	('f570ac6b43fd', NULL, 0, 'est', '2023-08-08 10:14:57', '2023-08-08 10:14:57', 'f570ac6b43fd', NULL, 'f17470519474', 'columnlayout', '{"columns": [{"slot": "1", "width": 12}]}'),
	('5caf57f45a8a', NULL, 0, 'est', '2023-08-08 10:12:15', '2023-08-08 10:12:15', '5caf57f45a8a', NULL, 'f17470519474', 'columnlayout', '{"columns": [{"slot": "1", "width": 12}]}'),
	('14baeb8a6476', 'aside-bottom', 0, NULL, '2023-08-08 09:53:49', '2023-11-12 14:18:52', 'be5d921150c6', '3b9d5c2c756a', '4f0c657fecef', 'singletext', '{"html": ""}'),
	('287f523780fe', 'aside-top', 0, NULL, '2023-08-08 09:53:49', '2023-11-12 14:19:04', 'be5d921150c6', '3b9d5c2c756a', '318e064ea0c9', 'singletext', '{"html": ""}'),
	('0b729227bc64', 'main', 1, NULL, '2023-08-08 09:56:45', '2023-11-12 14:25:19', '3bc0d683dcbb', '39b9e8d31c91', '3ef17bd1df72', 'materialnode', NULL),
	('3b9228c401dc', 'main', 1, NULL, '2023-08-08 10:14:57', '2023-11-12 14:36:34', 'f570ac6b43fd', '2e98164b3a05', '3ef17bd1df72', 'materialnode', NULL),
	('5dc111460aed', 'main', 0, NULL, '2023-08-08 10:14:57', '2023-11-12 14:36:39', 'f570ac6b43fd', '2e98164b3a05', 'cfccaecd4bad', 'storyboard', '{"sections": {"7412b417-389b-4458-b3dc-af3626a34b30": {"column1": "", "column3": "", "position": 1, "column2Html": ""}}}'),
	('3348d2aa46cd', 'aside-top', 1, NULL, '2023-08-08 10:14:57', '2023-11-12 14:36:41', 'f570ac6b43fd', '2e98164b3a05', '44dcc7493c65', 'singletext', '{"html": ""}'),
	('1a9a90de1603', 'aside-top', 0, NULL, '2023-08-08 10:14:57', '2023-11-12 14:36:44', 'f570ac6b43fd', '2e98164b3a05', '318e064ea0c9', 'singletext', '{"html": ""}'),
	('5ad7e6d787b3', '1', 0, NULL, '2023-08-08 09:56:21', '2023-08-08 13:24:14', 'e29dd88e4413', '137c47d068f8', '318e064ea0c9', 'singletext', '{"html": "<p>Die rasante Entwicklung von künstlicher Intelligenz (KI) hat tiefgreifende Auswirkungen auf verschiedene Bereiche unseres Lebens. Von automatisierten </p>"}'),
	('ed2796b45203', '2', 0, NULL, '2023-08-08 09:56:21', '2023-08-08 13:24:16', 'e29dd88e4413', '137c47d068f8', '44dcc7493c65', 'singletext', '{"html": "<p>Die rasante Entwicklung von künstlicher Intelligenz (KI) hat tiefgreifende Auswirkungen auf verschiedene Bereiche unseres Lebens. Von automatisierten Kundenbetreuungssystemen bis hin zu fortschrittlichen medizinischen Diagnosewerkzeugen verändert KI die Art und Weise, wie wir arbeiten, kommunizieren und Entscheidungen treffen.</p>"}'),
	('40bb3372da21', NULL, 0, 'est', '2023-08-08 10:15:50', '2023-08-08 10:15:50', '40bb3372da21', NULL, 'f17470519474', 'columnlayout', '{"columns": [{"slot": "1", "width": 12}]}'),
	('41e05bba7096', 'aside-top', 1, NULL, '2023-08-08 10:11:42', '2023-11-12 14:27:30', 'de578ae3db2a', '1d29c66a250c', '44dcc7493c65', 'singletext', '{"html": "<p>Die Erde ist der einzige bekannte Planet, auf dem Leben existiert. Ihr komplexes Ökosystem umfasst vielfältige Lebensformen, die eng miteinander und mit ihrer Umwelt interagieren.</p>"}'),
	('bfa3ff4bdc3b', NULL, 0, 'est', '2023-08-08 10:16:36', '2023-08-08 10:16:36', 'bfa3ff4bdc3b', NULL, 'f17470519474', 'columnlayout', '{"columns": [{"slot": "1", "width": 12}]}'),
	('300d7e911ee8', 'aside-top', 0, NULL, '2023-08-08 10:11:42', '2023-11-12 14:27:32', 'de578ae3db2a', '1d29c66a250c', '318e064ea0c9', 'singletext', '{"html": "<p>Die Erde ist der einzige bekannte Planet, auf dem Leben existiert. Ihr komplexes Ökosystem umfasst vielfältige Lebensformen, die eng miteinander und mit ihrer Umwelt interagieren.</p>"}'),
	('a57de734ac16', NULL, 0, NULL, '2023-08-08 10:19:57', '2023-08-08 10:19:57', 'a57de734ac16', NULL, 'f17470519474', 'columnlayout', '{"columns": [{"slot": "1", "width": 12}]}'),
	('40267865ccbf', 'aside-top', 0, NULL, '2023-08-08 10:25:47', '2023-11-12 14:32:55', '4a36db95fbf2', 'c0f9ee5e193e', '318e064ea0c9', 'singletext', '{"html": ""}'),
	('d2001da45d6e', 'aside-top', 0, NULL, '2023-08-08 10:12:15', '2023-11-12 14:28:04', '5caf57f45a8a', '64a9b368a5b6', '318e064ea0c9', 'singletext', '{"html": "<p>In den letzten Jahrzehnten hat sich die Technologie in rasantem Tempo entwickelt und hat nahezu alle Aspekte unseres Lebens beeinflusst. Diese Entwicklung hat zahlreiche positive Auswirkungen, darunter verbesserte Kommunikation, effizientere Arbeitsprozesse und eine Fülle von Informationsquellen. Dennoch bringt sie auch Herausforderungen mit sich, die es zu bewältigen gilt.</p>"}'),
	('22c326311e27', 'aside-top', 1, NULL, '2023-08-08 09:54:32', '2023-11-12 14:30:30', '65782af1175d', '95be8221f70f', '44dcc7493c65', 'singletext', '{"html": ""}'),
	('c85cd529e394', 'aside-top', 0, NULL, '2023-08-08 10:14:26', '2023-11-12 14:33:39', '8c7dde682ece', '0fc742a6c01d', '318e064ea0c9', 'singletext', '{"html": "<p><br />Smartphones haben sich zu unverzichtbaren Alltagsbegleitern entwickelt. Sie dienen nicht nur der Kommunikation, sondern bieten Zugang zu einer Fülle von Informationen, Unterhaltung und Dienstleistungen. Von sozialen Medien über mobile Apps bis hin zur Navigation erleichtern Smartphones unser Leben erheblich. Dennoch ist es wichtig, ein gesundes Maß im Umgang mit diesen Geräten zu finden, um eine ausgewogene Nutzung zu gewährleisten und potenzielle Auswirkungen auf unsere physische und psychische Gesundheit zu minimieren.</p>"}'),
	('79105081601c', 'main', 1, NULL, '2023-08-08 10:18:16', '2023-11-12 14:35:04', 'd3fbaf72d54a', 'ac48578212a3', '3ef17bd1df72', 'materialnode', NULL),
	('9b36b05c456d', NULL, 0, 'est', '2023-08-08 10:17:07', '2023-08-08 10:17:07', '9b36b05c456d', NULL, 'f17470519474', 'columnlayout', '{"columns": [{"slot": "1", "width": 12}]}'),
	('ec2db2a14e3b', 'aside-bottom', 0, NULL, '2023-08-08 10:18:16', '2023-11-12 14:35:03', 'd3fbaf72d54a', 'ac48578212a3', '4f0c657fecef', 'singletext', '{"html": ""}'),
	('50785c751b3f', 'aside-top', 0, NULL, '2023-08-08 10:18:16', '2023-11-12 14:35:33', 'd3fbaf72d54a', 'ac48578212a3', '318e064ea0c9', 'singletext', '{"html": ""}'),
	('c8ffb909293b', NULL, 0, NULL, '2023-08-08 10:17:52', '2023-08-08 10:17:52', 'c8ffb909293b', NULL, 'f17470519474', 'columnlayout', '{"columns": [{"slot": "1", "width": 12}]}'),
	('a4465e3f6eda', 'aside-top', 1, NULL, '2023-08-08 10:18:16', '2023-11-12 14:35:40', 'd3fbaf72d54a', 'ac48578212a3', '44dcc7493c65', 'singletext', '{"html": ""}'),
	('6016b314d54f', 'aside-top', 1, NULL, '2023-08-08 10:16:36', '2023-11-12 14:17:26', 'bfa3ff4bdc3b', 'f9e740a6dcb4', '44dcc7493c65', 'singletext', '{"html": ""}'),
	('db3d7b44a204', 'aside-bottom', 0, NULL, '2023-08-08 10:17:07', '2023-11-12 14:20:04', '9b36b05c456d', '6a62742a9b1c', '4f0c657fecef', 'singletext', '{"html": ""}'),
	('c71c8da0d74f', 'aside-top', 0, NULL, '2023-08-08 10:17:07', '2023-11-12 14:20:15', '9b36b05c456d', '6a62742a9b1c', '318e064ea0c9', 'singletext', '{"html": ""}'),
	('ba176a13543e', 'aside-top', 1, NULL, '2023-08-08 10:17:07', '2023-11-12 14:20:18', '9b36b05c456d', '6a62742a9b1c', '44dcc7493c65', 'singletext', '{"html": ""}'),
	('69b4af3a4006', 'aside-bottom', 0, NULL, '2023-08-08 10:17:52', '2023-11-12 14:23:26', 'c8ffb909293b', '89b67c6e4836', '4f0c657fecef', 'singletext', '{"html": ""}'),
	('37519486bf61', 'main', 1, NULL, '2023-08-08 10:17:52', '2023-11-12 14:23:24', 'c8ffb909293b', '89b67c6e4836', '3ef17bd1df72', 'materialnode', NULL),
	('dacb2ab7f2a0', 'aside-top', 0, NULL, '2023-08-08 10:17:52', '2023-11-12 14:23:47', 'c8ffb909293b', '89b67c6e4836', '318e064ea0c9', 'singletext', '{"html": ""}'),
	('237afc6aecea', 'aside-top', 2, NULL, '2023-08-08 10:17:52', '2023-11-12 14:23:55', 'c8ffb909293b', '89b67c6e4836', '1a0f84e322c8', 'multiselect', '{"options": {"security": {"checked": false}, "outdoorTechnique": {"checked": true}, "pioneeringTechnique": {"checked": false}, "natureAndEnvironment": {"checked": true}, "campsiteAndSurroundings": {"checked": false}, "preventionAndIntegration": {"checked": false}}}'),
	('d61b0e5e72bc', 'aside-top', 1, NULL, '2023-08-08 10:17:52', '2023-11-12 14:23:57', 'c8ffb909293b', '89b67c6e4836', '44dcc7493c65', 'singletext', '{"html": ""}'),
	('ad9a18e90e18', 'aside-top', 0, NULL, '2023-08-08 09:56:45', '2023-11-12 14:25:38', '3bc0d683dcbb', '39b9e8d31c91', '318e064ea0c9', 'singletext', '{"html": "<p>Die Erde ist der einzige bekannte Planet, auf dem Leben existiert. Ihr komplexes Ökosystem umfasst vielfältige Lebensformen, die eng miteinander und mit ihrer Umwelt interagieren.</p>"}'),
	('d3fbaf72d54a', NULL, 0, NULL, '2023-08-08 10:18:16', '2023-08-08 10:18:16', 'd3fbaf72d54a', NULL, 'f17470519474', 'columnlayout', '{"columns": [{"slot": "1", "width": 12}]}'),
	('3d1056f10313', 'aside-bottom', 0, NULL, '2023-08-08 10:18:24', '2023-11-12 14:37:36', '27a221c59203', 'ee8694993b15', '4f0c657fecef', 'singletext', '{"html": ""}'),
	('f7e94525f76b', 'main', 1, NULL, '2023-08-08 10:18:24', '2023-11-12 14:37:34', '27a221c59203', 'ee8694993b15', '3ef17bd1df72', 'materialnode', NULL),
	('04ebb7bea275', 'main', 0, NULL, '2023-08-08 10:18:24', '2023-11-12 14:37:41', '27a221c59203', 'ee8694993b15', 'cfccaecd4bad', 'storyboard', '{"sections": {"4c126a50-f729-46a7-8326-811586922995": {"column1": "", "column3": "", "position": 1, "column2Html": ""}}}'),
	('bf87b8dc7754', 'main', 1, NULL, '2023-08-08 10:21:16', '2023-11-12 14:29:46', '7ca9e37e280a', '2f392b438c47', '3ef17bd1df72', 'materialnode', NULL),
	('27a221c59203', NULL, 0, NULL, '2023-08-08 10:18:24', '2023-08-08 10:18:24', '27a221c59203', NULL, 'f17470519474', 'columnlayout', '{"columns": [{"slot": "1", "width": 12}]}'),
	('52b14453650e', 'aside-top', 1, NULL, '2023-08-08 10:18:24', '2023-11-12 14:37:57', '27a221c59203', 'ee8694993b15', '44dcc7493c65', 'singletext', '{"html": ""}'),
	('1e9102dc716b', 'main', 0, NULL, '2023-08-08 10:18:16', '2023-11-12 14:35:08', 'd3fbaf72d54a', 'ac48578212a3', 'cfccaecd4bad', 'storyboard', '{"sections": {"4c126a50-f729-46a7-8326-811586922995": {"column1": "", "column3": "", "position": 1, "column2Html": ""}}}'),
	('0b833f3bdcf5', 'aside-top', 2, NULL, '2023-08-08 10:18:24', '2023-11-12 14:37:52', '27a221c59203', 'ee8694993b15', '1a0f84e322c8', 'multiselect', '{"options": {"security": {"checked": false}, "outdoorTechnique": {"checked": false}, "pioneeringTechnique": {"checked": false}, "natureAndEnvironment": {"checked": false}, "campsiteAndSurroundings": {"checked": false}, "preventionAndIntegration": {"checked": false}}}'),
	('a298e0263f87', 'aside-bottom', 0, NULL, '2023-08-08 10:19:57', '2023-11-12 14:20:44', 'a57de734ac16', '96ab6c53cf02', '4f0c657fecef', 'singletext', '{"html": ""}'),
	('785e2a42ce6e', 'aside-top', 0, NULL, '2023-08-08 10:18:24', '2023-11-12 14:38:03', '27a221c59203', 'ee8694993b15', '318e064ea0c9', 'singletext', '{"html": ""}'),
	('ce3144bda054', 'aside-top', 1, NULL, '2023-08-08 10:20:31', '2023-11-12 14:25:00', '57c0b6781bd9', '36e1ca1f34ab', '44dcc7493c65', 'singletext', '{"html": "<p>Die Erde ist der einzige bekannte Planet, auf dem Leben existiert. Ihr komplexes Ökosystem umfasst vielfältige Lebensformen, die eng miteinander und mit ihrer Umwelt interagieren.</p>"}'),
	('26d7a5e3e61f', 'main', 1, NULL, '2023-08-08 10:19:57', '2023-11-12 14:20:43', 'a57de734ac16', '96ab6c53cf02', '3ef17bd1df72', 'materialnode', NULL),
	('0d96fb9f9dea', 'main', 1, NULL, '2023-08-08 10:20:55', '2023-11-12 14:25:57', '7d30458f3ede', '22e1adb3eea2', '3ef17bd1df72', 'materialnode', NULL),
	('b13194fd93de', 'aside-top', 1, NULL, '2023-08-08 10:20:55', '2023-11-12 14:26:10', '7d30458f3ede', '22e1adb3eea2', '44dcc7493c65', 'singletext', '{"html": "<p>Die Erde ist der einzige bekannte Planet, auf dem Leben existiert. Ihr komplexes Ökosystem umfasst vielfältige Lebensformen, die eng miteinander und mit ihrer Umwelt interagieren.</p>"}'),
	('658118b5ecd1', 'aside-top', 2, NULL, '2023-08-08 10:18:16', '2023-11-12 14:35:45', 'd3fbaf72d54a', 'ac48578212a3', '1a0f84e322c8', 'multiselect', '{"options": {"security": {"checked": false}, "outdoorTechnique": {"checked": false}, "pioneeringTechnique": {"checked": false}, "natureAndEnvironment": {"checked": false}, "campsiteAndSurroundings": {"checked": false}, "preventionAndIntegration": {"checked": false}}}'),
	('57c0b6781bd9', NULL, 0, NULL, '2023-08-08 10:20:31', '2023-08-08 10:20:31', '57c0b6781bd9', NULL, 'f17470519474', 'columnlayout', '{"columns": [{"slot": "1", "width": 12}]}'),
	('2f392b438c47', '1', 0, NULL, '2023-11-12 14:29:41', '2023-11-12 14:29:41', '7ca9e37e280a', '7ca9e37e280a', 'a4211c112939', 'responsivelayout', '{"items": [{"slot": "main"}, {"slot": "aside-top"}, {"slot": "aside-bottom"}]}'),
	('243ea8c272a0', 'aside-bottom', 0, NULL, '2023-08-08 10:24:56', '2023-11-12 14:31:20', 'c20fa132af58', 'a08887caba0d', '4f0c657fecef', 'singletext', '{"html": ""}'),
	('7d30458f3ede', NULL, 0, NULL, '2023-08-08 10:20:55', '2023-08-08 10:20:55', '7d30458f3ede', NULL, 'f17470519474', 'columnlayout', '{"columns": [{"slot": "1", "width": 12}]}'),
	('5a877d6f3d58', 'main', 1, NULL, '2023-08-08 10:24:56', '2023-11-12 14:31:22', 'c20fa132af58', 'a08887caba0d', '3ef17bd1df72', 'materialnode', NULL),
	('7ca9e37e280a', NULL, 0, NULL, '2023-08-08 10:21:16', '2023-08-08 10:21:16', '7ca9e37e280a', NULL, 'f17470519474', 'columnlayout', '{"columns": [{"slot": "1", "width": 12}]}'),
	('c50a5d18c95b', 'aside-top', 1, NULL, '2023-08-08 10:24:56', '2023-11-12 14:31:31', 'c20fa132af58', 'a08887caba0d', '44dcc7493c65', 'singletext', '{"html": ""}'),
	('05f9598436a1', 'aside-top', 0, NULL, '2023-08-08 10:24:56', '2023-11-12 14:31:32', 'c20fa132af58', 'a08887caba0d', '318e064ea0c9', 'singletext', '{"html": ""}'),
	('55d317a1ef0f', 'aside-top', 1, NULL, '2023-08-08 10:30:47', '2023-11-12 14:34:45', 'b6bff9d64135', 'b7493ed9473b', '44dcc7493c65', 'singletext', '{"html": ""}'),
	('4e9cd770740b', NULL, 0, NULL, '2023-08-08 10:21:40', '2023-08-08 10:21:40', '4e9cd770740b', NULL, 'f17470519474', 'columnlayout', '{"columns": [{"slot": "1", "width": 12}]}'),
	('3ce7169296b3', 'aside-bottom', 0, NULL, '2023-08-08 10:25:47', '2023-11-12 14:32:38', '4a36db95fbf2', 'c0f9ee5e193e', '4f0c657fecef', 'singletext', '{"html": ""}'),
	('15d1be15a9c1', NULL, 0, NULL, '2023-08-08 10:22:12', '2023-08-08 10:22:12', '15d1be15a9c1', NULL, 'f17470519474', 'columnlayout', '{"columns": [{"slot": "1", "width": 12}]}'),
	('c20fa132af58', NULL, 0, NULL, '2023-08-08 10:24:56', '2023-08-08 10:24:56', 'c20fa132af58', NULL, 'f17470519474', 'columnlayout', '{"columns": [{"slot": "1", "width": 12}]}'),
	('988e85acb389', 'main', 1, NULL, '2023-08-08 10:25:47', '2023-11-12 14:32:41', '4a36db95fbf2', 'c0f9ee5e193e', '3ef17bd1df72', 'materialnode', NULL),
	('4a36db95fbf2', NULL, 0, NULL, '2023-08-08 10:25:47', '2023-08-08 10:25:47', '4a36db95fbf2', NULL, 'f17470519474', 'columnlayout', '{"columns": [{"slot": "1", "width": 12}]}'),
	('ab74820adbe5', 'aside-top', 1, NULL, '2023-08-08 10:21:40', '2023-11-12 14:21:35', '4e9cd770740b', '4da9e8d04970', '44dcc7493c65', 'singletext', '{"html": ""}'),
	('2b16962adb23', 'aside-top', 1, NULL, '2023-08-08 10:25:47', '2023-11-12 14:32:53', '4a36db95fbf2', 'c0f9ee5e193e', '44dcc7493c65', 'singletext', '{"html": ""}'),
	('90dd2b5f3e5a', 'aside-bottom', 0, NULL, '2023-08-08 10:20:31', '2023-11-12 14:24:51', '57c0b6781bd9', '36e1ca1f34ab', '4f0c657fecef', 'singletext', '{"html": ""}'),
	('7e8660d5870f', 'main', 1, NULL, '2023-08-08 10:20:31', '2023-11-12 14:24:50', '57c0b6781bd9', '36e1ca1f34ab', '3ef17bd1df72', 'materialnode', NULL),
	('dea2c15e19ea', 'aside-bottom', 0, NULL, '2023-08-08 10:20:55', '2023-11-12 14:26:00', '7d30458f3ede', '22e1adb3eea2', '4f0c657fecef', 'singletext', '{"html": ""}'),
	('903ef7adea7e', 'aside-bottom', 0, NULL, '2023-08-08 10:22:12', '2023-11-12 14:36:11', '15d1be15a9c1', 'ea5c383bd5c1', '4f0c657fecef', 'singletext', '{"html": ""}'),
	('32be3f0f7189', 'main', 1, NULL, '2023-08-08 10:22:12', '2023-11-12 14:36:13', '15d1be15a9c1', 'ea5c383bd5c1', '3ef17bd1df72', 'materialnode', NULL),
	('5ca07503d215', 'main', 0, NULL, '2023-08-08 10:22:12', '2023-11-12 14:36:17', '15d1be15a9c1', 'ea5c383bd5c1', 'cfccaecd4bad', 'storyboard', '{"sections": {"effa3fa5-cd07-4e82-a8aa-198ed9a7c1d4": {"column1": "", "column3": "", "position": 1, "column2Html": ""}}}'),
	('144f92c88148', 'aside-top', 1, NULL, '2023-08-08 10:22:12', '2023-11-12 14:36:19', '15d1be15a9c1', 'ea5c383bd5c1', '44dcc7493c65', 'singletext', '{"html": ""}'),
	('133d71354d53', 'aside-top', 0, NULL, '2023-08-08 10:22:12', '2023-11-12 14:36:21', '15d1be15a9c1', 'ea5c383bd5c1', '318e064ea0c9', 'singletext', '{"html": ""}'),
	('556cf3e40174', 'aside-top', 0, NULL, '2023-08-08 10:31:35', '2023-12-03 19:02:31', '67c6449d3817', 'f987ea6f6a7e', '318e064ea0c9', 'singletext', '{"html": "<p>Die Erde ist der einzige bekannte Planet, auf dem Leben existiert. Ihr komplexes Ökosystem umfasst vielfältige Lebensformen, die eng miteinander und mit ihrer Umwelt interagieren.</p>"}'),
	('b6bff9d64135', NULL, 0, NULL, '2023-08-08 10:30:47', '2023-08-08 10:30:47', 'b6bff9d64135', NULL, 'f17470519474', 'columnlayout', '{"columns": [{"slot": "1", "width": 12}]}'),
	('67c6449d3817', NULL, 0, NULL, '2023-08-08 10:31:35', '2023-08-08 10:31:35', '67c6449d3817', NULL, 'f17470519474', 'columnlayout', '{"columns": [{"slot": "1", "width": 12}]}'),
	('4f278012dea1', 'aside-bottom', 0, NULL, '2023-08-08 10:21:16', '2023-11-12 14:29:44', '7ca9e37e280a', '2f392b438c47', '4f0c657fecef', 'singletext', '{"html": ""}'),
	('fff69adfa496', 'main', 0, NULL, '2023-08-08 10:24:56', '2023-11-12 14:31:26', 'c20fa132af58', 'a08887caba0d', 'cfccaecd4bad', 'storyboard', '{"sections": {"834806f6-9cd3-4102-acd8-fd4a5c88590e": {"column1": "", "column3": "", "position": 2, "column2Html": "<p><br />Smartphones haben sich zu unverzichtbaren Alltagsbegleitern entwickelt. Sie dienen nicht nur der Kommunikation, sondern bieten Zugang zu einer Fülle von Informationen, Unterhaltung und Dienstleistungen. Von sozialen Medien über mobile Apps bis hin zur Navigation erleichtern Smartphones unser Leben erheblich. Dennoch ist es wichtig, ein gesundes Maß im Umgang mit diesen Geräten zu finden, um eine ausgewogene Nutzung zu gewährleisten und potenzielle Auswirkungen auf unsere physische und psychische Gesundheit zu minimieren.</p>"}, "effa3fa5-cd07-4e82-a8aa-198ed9a7c1d4": {"column1": "", "column3": "", "position": 1, "column2Html": "<p>Smartphones haben sich zu unverzichtbaren Alltagsbegleitern entwickelt. Sie dienen nicht nur der Kommunikation, sondern bieten Zugang zu einer Fülle von Informationen, Unterhaltung und Dienstleistungen. Von sozialen Medien über mobile Apps bis hin zur Navigation erleichtern Smartphones unser Leben erheblich. Dennoch ist es wichtig, ein gesundes Maß im Umgang mit diesen Geräten zu finden, um eine ausgewogene Nutzung zu gewährleisten und potenzielle Auswirkungen auf unsere physische und psychische Gesundheit zu minimieren.</p>"}}}'),
	('0208f721fe91', 'aside-top', 2, NULL, '2023-08-08 10:25:47', '2023-11-12 14:32:49', '4a36db95fbf2', 'c0f9ee5e193e', '1a0f84e322c8', 'multiselect', '{"options": {"security": {"checked": false}, "outdoorTechnique": {"checked": false}, "pioneeringTechnique": {"checked": false}, "natureAndEnvironment": {"checked": false}, "campsiteAndSurroundings": {"checked": true}, "preventionAndIntegration": {"checked": true}}}'),
	('a5b4457f69ee', 'aside-top', 1, NULL, '2023-08-08 09:53:21', '2023-11-12 14:15:44', 'e610276cbdbe', '250c82ad483b', '44dcc7493c65', 'singletext', '{"html": "<p>Apotheke ist Dabei</p>"}'),
	('743ad9821a31', 'aside-top', 0, NULL, '2023-08-08 10:20:55', '2023-11-12 14:26:12', '7d30458f3ede', '22e1adb3eea2', '318e064ea0c9', 'singletext', '{"html": "<p>Smartphones haben sich zu unverzichtbaren Alltagsbegleitern entwickelt. Sie dienen nicht nur der Kommunikation, sondern bieten Zugang zu einer Fülle von Informationen, Unterhaltung und Dienstleistungen. Von sozialen Medien über mobile Apps bis hin zur Navigation erleichtern Smartphones unser Leben erheblich. Dennoch ist es wichtig, ein gesundes Maß im Umgang mit diesen Geräten zu finden, um eine ausgewogene Nutzung zu gewährleisten und potenzielle Auswirkungen auf unsere physische und psychische Gesundheit zu minimieren.</p>"}'),
	('37ae9f23cd56', 'aside-bottom', 0, NULL, '2023-08-08 10:30:47', '2023-11-12 14:34:38', 'b6bff9d64135', 'b7493ed9473b', '4f0c657fecef', 'singletext', '{"html": ""}'),
	('9d26e68bdf00', 'main', 1, NULL, '2023-08-08 10:30:47', '2023-11-12 14:34:37', 'b6bff9d64135', 'b7493ed9473b', '3ef17bd1df72', 'materialnode', NULL),
	('f40c8b9dfda5', 'main', 0, NULL, '2023-08-08 10:30:47', '2023-11-12 14:34:43', 'b6bff9d64135', 'b7493ed9473b', 'cfccaecd4bad', 'storyboard', '{"sections": {"effa3fa5-cd07-4e82-a8aa-198ed9a7c1d4": {"column1": "", "column3": "", "position": 1, "column2Html": ""}}}'),
	('25a9161da741', 'aside-top', 0, NULL, '2023-08-08 10:30:47', '2023-11-12 14:34:47', 'b6bff9d64135', 'b7493ed9473b', '318e064ea0c9', 'singletext', '{"html": ""}'),
	('3c86f3bd4dc5', 'aside-top', 1, NULL, '2023-08-08 10:13:31', '2023-11-12 14:29:08', '1824d71c5ec7', 'd5b437d55286', '44dcc7493c65', 'singletext', '{"html": "<ol><li><p><strong>Kommunikation</strong>: Technologische Fortschritte haben die Kommunikation revolutioniert. Menschen können weltweit in Echtzeit miteinander in Verbindung treten, sei es über soziale Medien, Videoanrufe oder Nachrichten-Apps.</p></li><li><p><strong>Effizienzsteigerung</strong>: Technologie hat Arbeitsabläufe in vielen Branchen optimiert. Automatisierung, künstliche Intelligenz und maschinelles Lernen tragen dazu bei, Aufgaben schneller und präziser zu erledigen.</p></li><li><p><strong>Zugang zu Informationen</strong>: Das Internet bietet einen beispiellosen Zugang zu Wissen und Informationen. Bildung, Forschung und Lernen sind global zugänglich und erschwinglich geworden.</p></li></ol>"}'),
	('64a9b368a5b6', '1', 0, NULL, '2023-11-12 14:27:44', '2023-11-12 14:27:44', '5caf57f45a8a', '5caf57f45a8a', 'a4211c112939', 'responsivelayout', '{"items": [{"slot": "main"}, {"slot": "aside-top"}, {"slot": "aside-bottom"}]}'),
	('22c2c2e110c3', 'main', 1, NULL, '2023-08-08 10:31:35', '2023-12-03 19:02:19', '67c6449d3817', 'f987ea6f6a7e', '3ef17bd1df72', 'materialnode', NULL),
	('da0a32f3d806', 'aside-top', 1, NULL, '2023-08-08 10:31:35', '2023-12-03 19:02:30', '67c6449d3817', 'f987ea6f6a7e', '44dcc7493c65', 'singletext', '{"html": ""}'),
	('8fa5f8b55814', 'main', 0, NULL, '2023-08-08 09:54:32', '2023-11-12 14:30:25', '65782af1175d', '95be8221f70f', 'cfccaecd4bad', 'storyboard', '{"sections": {"7412b417-389b-4458-b3dc-af3626a34b30": {"column1": "", "column3": "", "position": 1, "column2Html": "<p>Die Erde ist der einzige bekannte Planet, auf dem Leben existiert. Ihr komplexes Ökosystem umfasst vielfältige Lebensformen, die eng miteinander und mit ihrer Umwelt interagieren.</p>"}, "c8bd5470-764e-4e73-a586-bdef8a6df9ac": {"column1": "", "column3": "", "position": 2, "column2Html": "<p>Die Erde ist der einzige bekannte Planet, auf dem Leben existiert. Ihr komplexes Ökosystem umfasst vielfältige Lebensformen, die eng miteinander und mit ihrer Umwelt interagieren.</p>"}, "e7e88f7a-3368-419c-b3a9-126e9f4511fe": {"column1": "", "column3": "", "position": 3, "column2Html": "<p>Die Erde ist der einzige bekannte Planet, auf dem Leben existiert. Ihr komplexes Ökosystem umfasst vielfältige Lebensformen, die eng miteinander und mit ihrer Umwelt interagieren.</p>"}}}'),
	('4c38b9889680', 'aside-top', 0, NULL, '2023-08-08 10:15:50', '2023-11-12 14:16:48', '40bb3372da21', '3099154f56c3', '318e064ea0c9', 'singletext', '{"html": "<p>Die Teilnehmer versammeln sich am Treffpunkt im Lager. Die Leiter erklären, dass heute eine aufregende Schatzsuche im Wald stattfinden wird. Die Kinder werden in Teams von 4-5 Personen eingeteilt und erhalten jeweils eine Karte des Waldgebiets.</p>"}'),
	('e1e913a246d4', 'main', 0, NULL, '2023-08-08 09:54:22', '2023-11-12 14:26:55', '1c801f4afc44', 'b603c88aef1f', 'cfccaecd4bad', 'storyboard', '{"sections": {"5a61fcd6-0285-4b2e-826b-6410caf096c5": {"column1": "", "column3": "", "position": 3, "column2Html": "<p>Die Erde ist der einzige bekannte Planet, auf dem Leben existiert. Ihr komplexes Ökosystem umfasst vielfältige Lebensformen, die eng miteinander und mit ihrer Umwelt interagieren.</p>"}, "7412b417-389b-4458-b3dc-af3626a34b30": {"column1": "", "column3": "", "position": 1, "column2Html": "<p>Die Erde ist der einzige bekannte Planet, auf dem Leben existiert. Ihr komplexes Ökosystem umfasst vielfältige Lebensformen, die eng miteinander und mit ihrer Umwelt interagieren.</p>"}, "9504b43d-20c9-4de1-8403-bb9cf083878c": {"column1": "", "column3": "", "position": 2, "column2Html": "<p>Die Erde ist der einzige bekannte Planet, auf dem Leben existiert. Ihr komplexes Ökosystem umfasst vielfältige Lebensformen, die eng miteinander und mit ihrer Umwelt interagieren.</p>"}}}'),
	('c0f9ee5e193e', '1', 0, NULL, '2023-11-12 14:32:36', '2023-11-12 14:32:36', '4a36db95fbf2', '4a36db95fbf2', 'a4211c112939', 'responsivelayout', '{"items": [{"slot": "main"}, {"slot": "aside-top"}, {"slot": "aside-bottom"}]}'),
	('2505fa8d926b', 'main', 0, NULL, '2023-08-08 10:11:42', '2023-11-12 14:27:23', 'de578ae3db2a', '1d29c66a250c', 'cfccaecd4bad', 'storyboard', '{"sections": {"26a120c8-7391-44aa-bf7a-3fdfc2c39f26": {"column1": "", "column3": "", "position": 6, "column2Html": "<p>Die Erde ist der einzige bekannte Planet, auf dem Leben existiert. Ihr komplexes Ökosystem umfasst vielfältige Lebensformen, die eng miteinander und mit ihrer Umwelt interagieren.</p>"}, "7412b417-389b-4458-b3dc-af3626a34b30": {"column1": "", "column3": "", "position": 1, "column2Html": "<p>Die Erde ist der einzige bekannte Planet, auf dem Leben existiert. Ihr komplexes Ökosystem umfasst vielfältige Lebensformen, die eng miteinander und mit ihrer Umwelt interagieren.</p>"}, "74bee006-5513-4a2d-80fa-d253abcbbfe3": {"column1": "", "column3": "", "position": 5, "column2Html": "<p>Die Erde ist der einzige bekannte Planet, auf dem Leben existiert. Ihr komplexes Ökosystem umfasst vielfältige Lebensformen, die eng miteinander und mit ihrer Umwelt interagieren.</p>"}, "ca756169-d097-4619-bd6d-b13060bea190": {"column1": "", "column3": "", "position": 4, "column2Html": "<p>Die Erde ist der einzige bekannte Planet, auf dem Leben existiert. Ihr komplexes Ökosystem umfasst vielfältige Lebensformen, die eng miteinander und mit ihrer Umwelt interagieren.</p>"}, "d50c32e8-3bb0-4d52-8d9e-8c26756a14b9": {"column1": "", "column3": "", "position": 2, "column2Html": "<p>Die Erde ist der einzige bekannte Planet, auf dem Leben existiert. Ihr komplexes Ökosystem umfasst vielfältige Lebensformen, die eng miteinander und mit ihrer Umwelt interagieren.</p>"}, "de1fe977-b2d4-4c71-85c8-b8916a4e7881": {"column1": "", "column3": "", "position": 3, "column2Html": "<p>Die Erde ist der einzige bekannte Planet, auf dem Leben existiert. Ihr komplexes Ökosystem umfasst vielfältige Lebensformen, die eng miteinander und mit ihrer Umwelt interagieren.</p>"}}}'),
	('f927898802ef', 'main', 0, NULL, '2023-08-08 10:21:16', '2023-11-12 14:29:51', '7ca9e37e280a', '2f392b438c47', 'cfccaecd4bad', 'storyboard', '{"sections": {"558bd532-989e-4032-8199-606d6de488ec": {"column1": "", "column3": "", "position": 3, "column2Html": "<p>In den letzten Jahrzehnten hat sich die Technologie in rasantem Tempo entwickelt und hat nahezu alle Aspekte unseres Lebens beeinflusst. Diese Entwicklung hat zahlreiche positive Auswirkungen, darunter verbesserte Kommunikation, effizientere Arbeitsprozesse und eine Fülle von Informationsquellen. Dennoch bringt sie auch Herausforderungen mit sich, die es zu bewältigen gilt.</p>"}, "92ff4f49-555e-4189-a524-9e85c0bb785f": {"column1": "", "column3": "", "position": 2, "column2Html": "<p>In den letzten Jahrzehnten hat sich die Technologie in rasantem Tempo entwickelt und hat nahezu alle Aspekte unseres Lebens beeinflusst. Diese Entwicklung hat zahlreiche positive Auswirkungen, darunter verbesserte Kommunikation, effizientere Arbeitsprozesse und eine Fülle von Informationsquellen. Dennoch bringt sie auch Herausforderungen mit sich, die es zu bewältigen gilt.</p>"}, "effa3fa5-cd07-4e82-a8aa-198ed9a7c1d4": {"column1": "", "column3": "", "position": 1, "column2Html": "<p>In den letzten Jahrzehnten hat sich die Technologie in rasantem Tempo entwickelt und hat nahezu alle Aspekte unseres Lebens beeinflusst. Diese Entwicklung hat zahlreiche positive Auswirkungen, darunter verbesserte Kommunikation, effizientere Arbeitsprozesse und eine Fülle von Informationsquellen. Dennoch bringt sie auch Herausforderungen mit sich, die es zu bewältigen gilt.</p>"}}}'),
	('f08c4049c287', 'main', 0, NULL, '2023-08-08 10:25:47', '2023-11-12 14:32:47', '4a36db95fbf2', 'c0f9ee5e193e', 'cfccaecd4bad', 'storyboard', '{"sections": {"215fda4f-d90d-4ff0-abaf-f71ce5188f8d": {"column1": "", "column3": "", "position": 2, "column2Html": "<p><br />Smartphones haben sich zu unverzichtbaren Alltagsbegleitern entwickelt. Sie dienen nicht nur der Kommunikation, sondern bieten Zugang zu einer Fülle von Informationen, Unterhaltung und Dienstleistungen. Von sozialen Medien über mobile Apps bis hin zur Navigation erleichtern Smartphones unser Leben erheblich. Dennoch ist es wichtig, ein gesundes Maß im Umgang mit diesen Geräten zu finden, um eine ausgewogene Nutzung zu gewährleisten und potenzielle Auswirkungen auf unsere physische und psychische Gesundheit zu minimieren.</p>"}, "4c126a50-f729-46a7-8326-811586922995": {"column1": "", "column3": "", "position": 1, "column2Html": "<p><br />Smartphones haben sich zu unverzichtbaren Alltagsbegleitern entwickelt. Sie dienen nicht nur der Kommunikation, sondern bieten Zugang zu einer Fülle von Informationen, Unterhaltung und Dienstleistungen. Von sozialen Medien über mobile Apps bis hin zur Navigation erleichtern Smartphones unser Leben erheblich. Dennoch ist es wichtig, ein gesundes Maß im Umgang mit diesen Geräten zu finden, um eine ausgewogene Nutzung zu gewährleisten und potenzielle Auswirkungen auf unsere physische und psychische Gesundheit zu minimieren.</p>"}, "886988cf-d419-4ac6-be21-286e2de7fe5c": {"column1": "", "column3": "", "position": 3, "column2Html": "<p><br />Smartphones haben sich zu unverzichtbaren Alltagsbegleitern entwickelt. Sie dienen nicht nur der Kommunikation, sondern bieten Zugang zu einer Fülle von Informationen, Unterhaltung und Dienstleistungen. Von sozialen Medien über mobile Apps bis hin zur Navigation erleichtern Smartphones unser Leben erheblich. Dennoch ist es wichtig, ein gesundes Maß im Umgang mit diesen Geräten zu finden, um eine ausgewogene Nutzung zu gewährleisten und potenzielle Auswirkungen auf unsere physische und psychische Gesundheit zu minimieren.</p>"}}}'),
	('79c989edac88', 'aside-top', 1, NULL, '2023-08-08 10:19:57', '2023-11-12 14:20:55', 'a57de734ac16', '96ab6c53cf02', '44dcc7493c65', 'singletext', '{"html": "<p>Natürliche Ökosysteme spielen eine entscheidende Rolle im Erhalt der globalen Biodiversität und der Stabilität des Planeten. Diese vielfältigen Lebensräume bieten Lebensraum für eine breite Palette von Pflanzen und Tieren, von mikroskopisch kleinen Organismen bis hin zu majestätischen Raubtieren. Der reibungslose Ablauf dieser Ökosysteme hängt von komplexen Wechselwirkungen zwischen den verschiedenen Arten und den Umweltbedingungen ab. Von Regenwäldern bis hin zu Wüsten, von Ozeanen bis hin zu Flussufern - jedes Ökosystem trägt auf seine eigene Weise zur Aufrechterhaltung des ökologischen Gleichgewichts bei. Es ist von größter Bedeutung, diese Ökosysteme zu schützen und nachhaltige Praktiken zu fördern, um die langfristige Gesundheit unseres Planeten zu gewährleisten.</p>"}'),
	('0fc742a6c01d', '1', 0, NULL, '2023-11-12 14:33:26', '2023-11-12 14:33:26', '8c7dde682ece', '8c7dde682ece', 'a4211c112939', 'responsivelayout', '{"items": [{"slot": "main"}, {"slot": "aside-top"}, {"slot": "aside-bottom"}]}'),
	('95be8221f70f', '1', 0, NULL, '2023-11-12 14:30:16', '2023-11-12 14:30:16', '65782af1175d', '65782af1175d', 'a4211c112939', 'responsivelayout', '{"items": [{"slot": "main"}, {"slot": "aside-top"}, {"slot": "aside-bottom"}]}'),
	('84fcce79e533', 'main', 0, NULL, '2023-08-08 10:14:26', '2023-11-12 14:33:34', '8c7dde682ece', '0fc742a6c01d', 'cfccaecd4bad', 'storyboard', '{"sections": {"7412b417-389b-4458-b3dc-af3626a34b30": {"column1": "", "column3": "", "position": 1, "column2Html": "<p><br />Smartphones haben sich zu unverzichtbaren Alltagsbegleitern entwickelt. Sie dienen nicht nur der Kommunikation, sondern bieten Zugang zu einer Fülle von Informationen, Unterhaltung und Dienstleistungen. Von sozialen Medien über mobile Apps bis hin zur Navigation erleichtern Smartphones unser Leben erheblich. Dennoch ist es wichtig, ein gesundes Maß im Umgang mit diesen Geräten zu finden, um eine ausgewogene Nutzung zu gewährleisten und potenzielle Auswirkungen auf unsere physische und psychische Gesundheit zu minimieren.</p>"}, "7e0d92a7-bf83-4f14-8253-0d7515d0b4ba": {"column1": "", "column3": "", "position": 4, "column2Html": "<p><br />Smartphones haben sich zu unverzichtbaren Alltagsbegleitern entwickelt. Sie dienen nicht nur der Kommunikation, sondern bieten Zugang zu einer Fülle von Informationen, Unterhaltung und Dienstleistungen. Von sozialen Medien über mobile Apps bis hin zur Navigation erleichtern Smartphones unser Leben erheblich. Dennoch ist es wichtig, ein gesundes Maß im Umgang mit diesen Geräten zu finden, um eine ausgewogene Nutzung zu gewährleisten und potenzielle Auswirkungen auf unsere physische und psychische Gesundheit zu minimieren.</p>"}, "a33a2d2d-cfae-4cfa-9f23-57d390304bd2": {"column1": "", "column3": "", "position": 3, "column2Html": "<p><br />Smartphones haben sich zu unverzichtbaren Alltagsbegleitern entwickelt. Sie dienen nicht nur der Kommunikation, sondern bieten Zugang zu einer Fülle von Informationen, Unterhaltung und Dienstleistungen. Von sozialen Medien über mobile Apps bis hin zur Navigation erleichtern Smartphones unser Leben erheblich. Dennoch ist es wichtig, ein gesundes Maß im Umgang mit diesen Geräten zu finden, um eine ausgewogene Nutzung zu gewährleisten und potenzielle Auswirkungen auf unsere physische und psychische Gesundheit zu minimieren.</p>"}, "a5838e3c-a926-48a3-b060-e3d9756abf98": {"column1": "", "column3": "", "position": 2, "column2Html": "<p><br />Smartphones haben sich zu unverzichtbaren Alltagsbegleitern entwickelt. Sie dienen nicht nur der Kommunikation, sondern bieten Zugang zu einer Fülle von Informationen, Unterhaltung und Dienstleistungen. Von sozialen Medien über mobile Apps bis hin zur Navigation erleichtern Smartphones unser Leben erheblich. Dennoch ist es wichtig, ein gesundes Maß im Umgang mit diesen Geräten zu finden, um eine ausgewogene Nutzung zu gewährleisten und potenzielle Auswirkungen auf unsere physische und psychische Gesundheit zu minimieren.</p>"}}}'),
	('8c1e45fd9805', 'aside-top', 1, NULL, '2023-08-08 10:14:26', '2023-11-12 14:33:37', '8c7dde682ece', '0fc742a6c01d', '44dcc7493c65', 'singletext', '{"html": "<p><br />Smartphones haben sich zu unverzichtbaren Alltagsbegleitern entwickelt. Sie dienen nicht nur der Kommunikation, sondern bieten Zugang zu einer Fülle von Informationen, Unterhaltung und Dienstleistungen. Von sozialen Medien über mobile Apps bis hin zur Navigation erleichtern Smartphones unser Leben erheblich. Dennoch ist es wichtig, ein gesundes Maß im Umgang mit diesen Geräten zu finden, um eine ausgewogene Nutzung zu gewährleisten und potenzielle Auswirkungen auf unsere physische und psychische Gesundheit zu minimieren.</p>"}'),
	('6989b1769b52', 'main', 0, NULL, '2023-08-08 10:12:15', '2023-11-12 14:27:57', '5caf57f45a8a', '64a9b368a5b6', 'cfccaecd4bad', 'storyboard', '{"sections": {"70e81723-60c9-41c9-9181-9bd788b6dbb6": {"column1": "", "column3": "", "position": 3, "column2Html": "<p>In den letzten Jahrzehnten hat sich die Technologie in rasantem Tempo entwickelt und hat nahezu alle Aspekte unseres Lebens beeinflusst. Diese Entwicklung hat zahlreiche positive Auswirkungen, darunter verbesserte Kommunikation, effizientere Arbeitsprozesse und eine Fülle von Informationsquellen. Dennoch bringt sie auch Herausforderungen mit sich, die es zu bewältigen gilt.</p><p>Zu den positiven Aspekten gehören:</p><ol><li><p><strong>Kommunikation</strong>: Technologische Fortschritte haben die Kommunikation revolutioniert. Menschen können weltweit in Echtzeit miteinander in Verbindung treten, sei es über soziale Medien, Videoanrufe oder Nachrichten-Apps.</p></li><li><p><strong>Effizienzsteigerung</strong>: Technologie hat Arbeitsabläufe in vielen Branchen optimiert. Automatisierung, künstliche Intelligenz und maschinelles Lernen tragen dazu bei, Aufgaben schneller und präziser zu erledigen.</p></li><li><p><strong>Zugang zu Informationen</strong>: Das Internet bietet einen beispiellosen Zugang zu Wissen und Informationen. Bildung, Forschung und Lernen sind global zugänglich und erschwinglich geworden.</p></li></ol><p>Allerdings gibt es auch einige Herausforderungen:</p><ol><li><p><strong>Datenschutz</strong>: Die digitale Vernetzung führt zu Bedenken hinsichtlich Datenschutz und Privatsphäre. Persönliche Daten können leicht in die falschen Hände geraten.</p></li><li><p><strong>Abhängigkeit</strong>: Die zunehmende Abhängigkeit von Technologie kann negative Auswirkungen auf soziale Interaktionen und die physische Gesundheit haben.</p></li><li><p><strong>Ungleichheit</strong>: Technologische Fortschritte können zu einer Kluft zwischen Technologie-Nutzern und -Nichtnutzern führen, was soziale Ungleichheit verstärken kann.</p></li></ol><p>Es ist wichtig, die Vorteile der Technologie zu nutzen, während gleichzeitig bewusst mit ihren Herausforderungen umgegangen wird, um eine ausgewogene und nachhaltige Zukunft zu gestalten.</p>"}, "7412b417-389b-4458-b3dc-af3626a34b30": {"column1": "", "column3": "", "position": 1, "column2Html": "<p>In den letzten Jahrzehnten hat sich die Technologie in rasantem Tempo entwickelt und hat nahezu alle Aspekte unseres Lebens beeinflusst. Diese Entwicklung hat zahlreiche positive Auswirkungen, darunter verbesserte Kommunikation, effizientere Arbeitsprozesse und eine Fülle von Informationsquellen. Dennoch bringt sie auch Herausforderungen mit sich, die es zu bewältigen gilt.</p><p>Zu den positiven Aspekten gehören:</p><ol><li><p><strong>Kommunikation</strong>: Technologische Fortschritte haben die Kommunikation revolutioniert. Menschen können weltweit in Echtzeit miteinander in Verbindung treten, sei es über soziale Medien, Videoanrufe oder Nachrichten-Apps.</p></li><li><p><strong>Effizienzsteigerung</strong>: Technologie hat Arbeitsabläufe in vielen Branchen optimiert. Automatisierung, künstliche Intelligenz und maschinelles Lernen tragen dazu bei, Aufgaben schneller und präziser zu erledigen.</p></li><li><p><strong>Zugang zu Informationen</strong>: Das Internet bietet einen beispiellosen Zugang zu Wissen und Informationen. Bildung, Forschung und Lernen sind global zugänglich und erschwinglich geworden.</p></li></ol><p>Allerdings gibt es auch einige Herausforderungen:</p><ol><li><p><strong>Datenschutz</strong>: Die digitale Vernetzung führt zu Bedenken hinsichtlich Datenschutz und Privatsphäre. Persönliche Daten können leicht in die falschen Hände geraten.</p></li><li><p><strong>Abhängigkeit</strong>: Die zunehmende Abhängigkeit von Technologie kann negative Auswirkungen auf soziale Interaktionen und die physische Gesundheit haben.</p></li><li><p><strong>Ungleichheit</strong>: Technologische Fortschritte können zu einer Kluft zwischen Technologie-Nutzern und -Nichtnutzern führen, was soziale Ungleichheit verstärken kann.</p></li></ol><p>Es ist wichtig, die Vorteile der Technologie zu nutzen, während gleichzeitig bewusst mit ihren Herausforderungen umgegangen wird, um eine ausgewogene und nachhaltige Zukunft zu gestalten.</p>"}, "c1cd8ed3-3b98-4dcc-a9f6-c9069bb179e2": {"column1": "", "column3": "", "position": 2, "column2Html": "<p>In den letzten Jahrzehnten hat sich die Technologie in rasantem Tempo entwickelt und hat nahezu alle Aspekte unseres Lebens beeinflusst. Diese Entwicklung hat zahlreiche positive Auswirkungen, darunter verbesserte Kommunikation, effizientere Arbeitsprozesse und eine Fülle von Informationsquellen. Dennoch bringt sie auch Herausforderungen mit sich, die es zu bewältigen gilt.</p><p>Zu den positiven Aspekten gehören:</p><ol><li><p><strong>Kommunikation</strong>: Technologische Fortschritte haben die Kommunikation revolutioniert. Menschen können weltweit in Echtzeit miteinander in Verbindung treten, sei es über soziale Medien, Videoanrufe oder Nachrichten-Apps.</p></li><li><p><strong>Effizienzsteigerung</strong>: Technologie hat Arbeitsabläufe in vielen Branchen optimiert. Automatisierung, künstliche Intelligenz und maschinelles Lernen tragen dazu bei, Aufgaben schneller und präziser zu erledigen.</p></li><li><p><strong>Zugang zu Informationen</strong>: Das Internet bietet einen beispiellosen Zugang zu Wissen und Informationen. Bildung, Forschung und Lernen sind global zugänglich und erschwinglich geworden.</p></li></ol><p>Allerdings gibt es auch einige Herausforderungen:</p><ol><li><p><strong>Datenschutz</strong>: Die digitale Vernetzung führt zu Bedenken hinsichtlich Datenschutz und Privatsphäre. Persönliche Daten können leicht in die falschen Hände geraten.</p></li><li><p><strong>Abhängigkeit</strong>: Die zunehmende Abhängigkeit von Technologie kann negative Auswirkungen auf soziale Interaktionen und die physische Gesundheit haben.</p></li><li><p><strong>Ungleichheit</strong>: Technologische Fortschritte können zu einer Kluft zwischen Technologie-Nutzern und -Nichtnutzern führen, was soziale Ungleichheit verstärken kann.</p></li></ol><p>Es ist wichtig, die Vorteile der Technologie zu nutzen, während gleichzeitig bewusst mit ihren Herausforderungen umgegangen wird, um eine ausgewogene und nachhaltige Zukunft zu gestalten.</p>"}, "d3ea45e2-8838-4887-aaf7-2902fca12baf": {"column1": "", "column3": "", "position": 4, "column2Html": ""}}}'),
	('e389648f6c1d', 'aside-top', 1, NULL, '2023-08-08 10:12:15', '2023-11-12 14:28:02', '5caf57f45a8a', '64a9b368a5b6', '44dcc7493c65', 'singletext', '{"html": "<ol><li><p><strong>Kommunikation</strong>: Technologische Fortschritte haben die Kommunikation revolutioniert. Menschen können weltweit in Echtzeit miteinander in Verbindung treten, sei es über soziale Medien, Videoanrufe oder Nachrichten-Apps.</p></li><li><p><strong>Effizienzsteigerung</strong>: Technologie hat Arbeitsabläufe in vielen Branchen optimiert. Automatisierung, künstliche Intelligenz und maschinelles Lernen tragen dazu bei, Aufgaben schneller und präziser zu erledigen.</p></li><li><p><strong>Zugang zu Informationen</strong>: Das Internet bietet einen beispiellosen Zugang zu Wissen und Informationen. Bildung, Forschung und Lernen sind global zugänglich und erschwinglich geworden.</p></li></ol><p>Allerdings gibt es auch einige Herausforderungen:</p><ol><li><p><strong>Datenschutz</strong>: Die digitale Vernetzung führt zu Bedenken hinsichtlich Datenschutz und Privatsphäre. Persönliche Daten können leicht in die falschen Hände geraten.</p></li><li><p><strong>Abhängigkeit</strong>: Die zunehmende Abhängigkeit von Technologie kann negative Auswirkungen auf soziale Interaktionen und die physische Gesundheit haben.</p></li><li><p><strong>Ungleichheit</strong>: Technologische Fortschritte können zu einer Kluft zwischen Technologie-Nutzern und -Nichtnutzern führen, was soziale Ungleichheit verstärken kann.</p></li></ol>"}'),
	('f01c60e08975', '1', 1, NULL, '2023-08-08 09:56:21', '2023-08-08 13:24:38', 'e29dd88e4413', 'e29dd88e4413', 'cfccaecd4bad', 'storyboard', '{"sections": {"2ad67a5c-6de1-43a2-a8e4-c633794725c9": {"column1": "", "column3": "", "position": 3, "column2Html": "<p>Die rasante Entwicklung von künstlicher Intelligenz (KI) hat tiefgreifende Auswirkungen auf verschiedene Bereiche unseres Lebens. Von automatisierten Kundenbetreuungssystemen bis hin zu fortschrittlichen medizinischen Diagnosewerkzeugen verändert KI die Art und Weise, wie wir arbeiten, kommunizieren und Entscheidungen treffen.</p>"}, "7412b417-389b-4458-b3dc-af3626a34b30": {"column1": "", "column3": "", "position": 1, "column2Html": "<p>Die rasante Entwicklung von künstlicher Intelligenz (KI) hat tiefgreifende Auswirkungen auf verschiedene Bereiche unseres Lebens. Von automatisierten Kundenbetreuungssystemen bis hin zu fortschrittlichen medizinischen Diagnosewerkzeugen verändert KI die Art und Weise, wie wir arbeiten, kommunizieren und Entscheidungen treffen.</p>"}, "790469e9-b890-4624-8afa-7d87f56d822d": {"column1": "", "column3": "", "position": 4, "column2Html": "<p>Die rasante Entwicklung von künstlicher Intelligenz (KI) hat tiefgreifende Auswirkungen auf verschiedene Bereiche unseres Lebens. Von automatisierten Kundenbetreuungssystemen bis hin zu fortschrittlichen medizinischen Diagnosewerkzeugen verändert KI die Art und Weise, wie wir arbeiten, kommunizieren und Entscheidungen treffen.</p>"}, "874cbafd-8fe4-49ed-9fb1-0bd8e519b994": {"column1": "", "column3": "", "position": 5, "column2Html": "<p>Die rasante Entwicklung von künstlicher Intelligenz (KI) hat tiefgreifende Auswirkungen auf verschiedene Bereiche unseres Lebens. Von automatisierten Kundenbetreuungssystemen bis hin zu fortschrittlichen medizinischen Diagnosewerkzeugen verändert KI die Art und Weise, wie wir arbeiten, kommunizieren und Entscheidungen treffen.</p>"}, "ce0889d8-2609-4e41-aa89-23caf43a0407": {"column1": "", "column3": "", "position": 2, "column2Html": "<p>Die rasante Entwicklung von künstlicher Intelligenz (KI) hat tiefgreifende Auswirkungen auf verschiedene Bereiche unseres Lebens. Von automatisierten Kundenbetreuungssystemen bis hin zu fortschrittlichen medizinischen Diagnosewerkzeugen verändert KI die Art und Weise, wie wir arbeiten, kommunizieren und Entscheidungen treffen.</p>"}}}'),
	('7a011b6dd9ee', 'main', 0, NULL, '2023-08-08 10:17:52', '2023-11-12 14:23:32', 'c8ffb909293b', '89b67c6e4836', 'cfccaecd4bad', 'storyboard', '{"sections": {"1650b848-66ce-4481-a89a-6fc3b43da9f2": {"column1": "", "column3": "", "position": 4, "column2Html": "<p>Die Erde ist der einzige bekannte Planet, auf dem Leben existiert. Ihr komplexes Ökosystem umfasst vielfältige Lebensformen, die eng miteinander und mit ihrer Umwelt interagieren.</p>"}, "45ae22cc-8458-4495-b7ce-58f67d5ba6d6": {"column1": "", "column3": "", "position": 2, "column2Html": "<p>Die Erde ist der einzige bekannte Planet, auf dem Leben existiert. Ihr komplexes Ökosystem umfasst vielfältige Lebensformen, die eng miteinander und mit ihrer Umwelt interagieren.</p>"}, "4c126a50-f729-46a7-8326-811586922995": {"column1": "", "column3": "", "position": 1, "column2Html": "<p>Die Erde ist der einzige bekannte Planet, auf dem Leben existiert. Ihr komplexes Ökosystem umfasst vielfältige Lebensformen, die eng miteinander und mit ihrer Umwelt interagieren.</p>"}, "65360004-c48b-4e78-87da-fe7f0b921014": {"column1": "", "column3": "", "position": 7, "column2Html": ""}, "6aecc2fc-b14d-4650-99a0-26020c8d049f": {"column1": "", "column3": "", "position": 3, "column2Html": "<p>Die Erde ist der einzige bekannte Planet, auf dem Leben existiert. Ihr komplexes Ökosystem umfasst vielfältige Lebensformen, die eng miteinander und mit ihrer Umwelt interagieren.</p>"}, "bc975626-3e34-4db7-8f1f-f243106ef19a": {"column1": "", "column3": "", "position": 6, "column2Html": "<p>Die Erde ist der einzige bekannte Planet, auf dem Leben existiert. Ihr komplexes Ökosystem umfasst vielfältige Lebensformen, die eng miteinander und mit ihrer Umwelt interagieren.</p>"}, "eb5555ce-254f-4c65-8d0b-d29349ae1776": {"column1": "", "column3": "", "position": 5, "column2Html": "<p>In den letzten Jahrzehnten hat sich die Technologie in rasantem Tempo entwickelt und hat nahezu alle Aspekte unseres Lebens beeinflusst. Diese Entwicklung hat zahlreiche positive Auswirkungen, darunter verbesserte Kommunikation, effizientere Arbeitsprozesse und eine Fülle von Informationsquellen. Dennoch bringt sie auch Herausforderungen mit sich, die es zu bewältigen gilt.</p><p>Zu den positiven Aspekten gehören:</p><ol><li><p><strong>Kommunikation</strong>: Technologische Fortschritte haben die Kommunikation revolutioniert. Menschen können weltweit in Echtzeit miteinander in Verbindung treten, sei es über soziale Medien, Videoanrufe oder Nachrichten-Apps.</p></li><li><p><strong>Effizienzsteigerung</strong>: Technologie hat Arbeitsabläufe in vielen Branchen optimiert. Automatisierung, künstliche Intelligenz und maschinelles Lernen tragen dazu bei, Aufgaben schneller und präziser zu erledigen.</p></li><li><p><strong>Zugang zu Informationen</strong>: Das Internet bietet einen beispiellosen Zugang zu Wissen und Informationen. Bildung, Forschung und Lernen sind global zugänglich und erschwinglich geworden.</p></li></ol><p>Allerdings gibt es auch einige Herausforderungen:</p><ol><li><p><strong>Datenschutz</strong>: Die digitale Vernetzung führt zu Bedenken hinsichtlich Datenschutz und Privatsphäre. Persönliche Daten können leicht in die falschen Hände geraten.</p></li><li><p><strong>Abhängigkeit</strong>: Die zunehmende Abhängigkeit von Technologie kann negative Auswirkungen auf soziale Interaktionen und die physische Gesundheit haben.</p></li><li><p><strong>Ungleichheit</strong>: Technologische Fortschritte können zu einer Kluft zwischen Technologie-Nutzern und -Nichtnutzern führen, was soziale Ungleichheit verstärken kann.</p></li></ol><p>Es ist wichtig, die Vorteile der Technologie zu nutzen, während gleichzeitig bewusst mit ihren Herausforderungen umgegangen wird, um eine ausgewogene und nachhaltige Zukunft zu gestalten.</p>"}, "f940e27b-695c-4e5a-ae52-1b45bac4a520": {"column1": "", "column3": "", "position": 8, "column2Html": ""}}}'),
	('42c2cbb8bbdf', '1', 0, NULL, '2023-11-12 14:30:51', '2023-11-12 14:30:51', 'd7dd28681360', 'd7dd28681360', 'a4211c112939', 'responsivelayout', '{"items": [{"slot": "main"}, {"slot": "aside-top"}, {"slot": "aside-bottom"}]}'),
	('b93746d3c583', 'aside-top', 1, NULL, '2023-08-08 09:56:45', '2023-11-12 14:25:37', '3bc0d683dcbb', '39b9e8d31c91', '44dcc7493c65', 'singletext', '{"html": "<p>Smartphones haben sich zu unverzichtbaren Alltagsbegleitern entwickelt. Sie dienen nicht nur der Kommunikation, sondern bieten Zugang zu einer Fülle von Informationen, Unterhaltung und Dienstleistungen. Von sozialen Medien über mobile Apps bis hin zur Navigation erleichtern Smartphones unser Leben erheblich. Dennoch ist es wichtig, ein gesundes Maß im Umgang mit diesen Geräten zu finden, um eine ausgewogene Nutzung zu gewährleisten und potenzielle Auswirkungen auf unsere physische und psychische Gesundheit zu minimieren.</p>"}'),
	('770d930725c2', '1', 0, NULL, '2023-11-12 14:34:02', '2023-11-12 14:34:02', '47e23b2cf05f', '47e23b2cf05f', 'a4211c112939', 'responsivelayout', '{"items": [{"slot": "main"}, {"slot": "aside-top"}, {"slot": "aside-bottom"}]}'),
	('3af8c78bfad1', 'main', 0, NULL, '2023-08-08 10:13:58', '2023-11-12 14:31:00', 'd7dd28681360', '42c2cbb8bbdf', 'cfccaecd4bad', 'storyboard', '{"sections": {"101a9918-312b-49b3-a5e5-0a5f886014a6": {"column1": "", "column3": "", "position": 2, "column2Html": "<p>Die Erde ist der einzige bekannte Planet, auf dem Leben existiert. Ihr komplexes Ökosystem umfasst vielfältige Lebensformen, die eng miteinander und mit ihrer Umwelt interagieren.</p>"}, "59c0d77f-7c65-4996-8de1-d44b9665e946": {"column1": "", "column3": "", "position": 4, "column2Html": "<p>Die Erde ist der einzige bekannte Planet, auf dem Leben existiert. Ihr komplexes Ökosystem umfasst vielfältige Lebensformen, die eng miteinander und mit ihrer Umwelt interagieren.</p>"}, "7412b417-389b-4458-b3dc-af3626a34b30": {"column1": "", "column3": "", "position": 1, "column2Html": "<p>Die Erde ist der einzige bekannte Planet, auf dem Leben existiert. Ihr komplexes Ökosystem umfasst vielfältige Lebensformen, die eng miteinander und mit ihrer Umwelt interagieren.</p>"}, "cce00fc2-3ce5-4845-ac8a-c4e434059aef": {"column1": "", "column3": "", "position": 3, "column2Html": "<p>Die Erde ist der einzige bekannte Planet, auf dem Leben existiert. Ihr komplexes Ökosystem umfasst vielfältige Lebensformen, die eng miteinander und mit ihrer Umwelt interagieren.</p>"}}}'),
	('7e3ec90fff8a', '1', 0, NULL, '2023-11-12 14:28:26', '2023-11-12 14:28:26', '6a1751b32c7b', '6a1751b32c7b', 'a4211c112939', 'responsivelayout', '{"items": [{"slot": "main"}, {"slot": "aside-top"}, {"slot": "aside-bottom"}]}'),
	('fa1421e0ebd1', 'aside-top', 0, NULL, '2023-08-08 10:13:58', '2023-11-12 14:31:05', 'd7dd28681360', '42c2cbb8bbdf', '318e064ea0c9', 'singletext', '{"html": "<p>Die Erde ist der einzige bekannte Planet, auf dem Leben existiert. Ihr komplexes Ökosystem umfasst vielfältige Lebensformen, die eng miteinander und mit ihrer Umwelt interagieren.</p>"}'),
	('8fe16c9046d3', 'main', 1, NULL, '2023-08-08 09:53:49', '2023-11-12 14:18:50', 'be5d921150c6', '3b9d5c2c756a', '3ef17bd1df72', 'materialnode', NULL),
	('3a6aee28a6ab', 'aside-top', 0, NULL, '2023-08-08 09:53:21', '2023-11-12 14:15:41', 'e610276cbdbe', '250c82ad483b', '318e064ea0c9', 'singletext', '{"html": "<p>Wir haben ja alle den Brief von Hogwarts bekommen, und sind jetzt in Kings Kross.</p><p>Hier sehen wir all die Leute, die zwischen Bahngleis 9 und 10 durch die Wand aufs Gleis 9 3/4 gehen.</p>"}'),
	('41d4869c278f', 'aside-bottom', 0, NULL, '2023-08-08 10:15:50', '2023-11-12 14:16:09', '40bb3372da21', '3099154f56c3', '4f0c657fecef', 'singletext', '{"html": ""}'),
	('b7493ed9473b', '1', 0, NULL, '2023-11-12 14:34:34', '2023-11-12 14:34:34', 'b6bff9d64135', 'b6bff9d64135', 'a4211c112939', 'responsivelayout', '{"items": [{"slot": "main"}, {"slot": "aside-top"}, {"slot": "aside-bottom"}]}'),
	('863b762f005c', 'aside-top', 1, NULL, '2023-08-08 10:15:50', '2023-11-12 14:16:43', '40bb3372da21', '3099154f56c3', '44dcc7493c65', 'singletext', '{"html": "<p>Die Leiter erklären den Teilnehmern, wie man einen Kompass benutzt, um die Himmelsrichtungen zu bestimmen. Jedes Team bekommt einen Kompass und lernt die Grundlagen der Orientierung.</p><ul><li><p>Apotheke</p></li><li><p>Handy</p></li><li><p>Siko</p></li></ul>"}'),
	('3099154f56c3', '1', 0, NULL, '2023-11-12 14:16:04', '2023-11-12 14:16:04', '40bb3372da21', '40bb3372da21', 'a4211c112939', 'responsivelayout', '{"items": [{"slot": "main"}, {"slot": "aside-top"}, {"slot": "aside-bottom"}]}'),
	('250c82ad483b', '1', 0, NULL, '2023-11-12 14:15:25', '2023-11-12 14:15:25', 'e610276cbdbe', 'e610276cbdbe', 'a4211c112939', 'responsivelayout', '{"items": [{"slot": "main"}, {"slot": "aside-top"}, {"slot": "aside-bottom"}]}'),
	('7468faac1dc5', 'main', 1, NULL, '2023-08-08 09:53:21', '2023-11-12 14:15:30', 'e610276cbdbe', '250c82ad483b', '3ef17bd1df72', 'materialnode', NULL),
	('d495149b734e', 'aside-bottom', 0, NULL, '2023-08-08 10:16:36', '2023-11-12 14:17:11', 'bfa3ff4bdc3b', 'f9e740a6dcb4', '4f0c657fecef', 'singletext', '{"html": ""}'),
	('67d5bbb5f78d', 'aside-top', 0, NULL, '2023-08-08 10:16:36', '2023-11-12 14:17:28', 'bfa3ff4bdc3b', 'f9e740a6dcb4', '318e064ea0c9', 'singletext', '{"html": "<p>Die Teilnehmer versammeln sich am Treffpunkt im Lager. Die Leiter erklären, dass heute eine aufregende Schatzsuche im Wald stattfinden wird. Die Kinder werden in Teams von 4-5 Personen eingeteilt und erhalten jeweils eine Karte des Waldgebiets.</p>"}'),
	('6ec91837258a', 'aside-bottom', 0, NULL, '2023-08-08 09:55:13', '2023-11-12 14:17:46', '6481bd71eba1', '1999862b9936', '4f0c657fecef', 'singletext', '{"html": ""}'),
	('a08887caba0d', '1', 0, NULL, '2023-11-12 14:31:17', '2023-11-12 14:31:17', 'c20fa132af58', 'c20fa132af58', 'a4211c112939', 'responsivelayout', '{"items": [{"slot": "main"}, {"slot": "aside-top"}, {"slot": "aside-bottom"}]}'),
	('32df72f32715', 'aside-top', 1, NULL, '2023-08-08 09:55:13', '2023-11-12 14:18:02', '6481bd71eba1', '1999862b9936', '44dcc7493c65', 'singletext', '{"html": ""}'),
	('ac48578212a3', '1', 0, NULL, '2023-11-12 14:34:59', '2023-11-12 14:34:59', 'd3fbaf72d54a', 'd3fbaf72d54a', 'a4211c112939', 'responsivelayout', '{"items": [{"slot": "main"}, {"slot": "aside-top"}, {"slot": "aside-bottom"}]}'),
	('f9e740a6dcb4', '1', 0, NULL, '2023-11-12 14:17:07', '2023-11-12 14:17:07', 'bfa3ff4bdc3b', 'bfa3ff4bdc3b', 'a4211c112939', 'responsivelayout', '{"items": [{"slot": "main"}, {"slot": "aside-top"}, {"slot": "aside-bottom"}]}'),
	('ea6d83a0261d', 'main', 0, NULL, '2023-08-08 10:16:36', '2023-12-03 18:59:59', 'bfa3ff4bdc3b', 'f9e740a6dcb4', 'cfccaecd4bad', 'storyboard', '{"sections": {"56336f59-8b73-45a7-a807-d0235b0501db": {"column1": "00:45", "column3": "", "position": 4, "column2Html": "<p>Die Teams starten ihre Schatzsuche. An den markierten Stationen finden sie Rätsel oder Aufgaben, die gelöst werden müssen, um Hinweise auf den nächsten Wegpunkt zu erhalten. Die Rätsel sind altersgerecht und fördern die Teamarbeit sowie das logische Denken.</p>"}, "7412b417-389b-4458-b3dc-af3626a34b30": {"column1": "00:00", "column3": "", "position": 1, "column2Html": "<p>Die Teilnehmer versammeln sich am Treffpunkt im Lager. Die Leiter erklären, dass heute eine aufregende Schatzsuche im Wald stattfinden wird. Die Kinder werden in Teams von 4-5 Personen eingeteilt und erhalten jeweils eine Karte des Waldgebiets.</p>"}, "9c752a02-6c2e-403f-a06a-71309299e983": {"column1": "00:15", "column3": "", "position": 2, "column2Html": "<p>Die Leiter erklären den Teilnehmern, wie man einen Kompass benutzt, um die Himmelsrichtungen zu bestimmen. Jedes Team bekommt einen Kompass und lernt die Grundlagen der Orientierung.</p>"}, "b3cd34bc-92b6-49de-9dc4-dcb2f23c3e01": {"column1": "01:30", "column3": "", "position": 6, "column2Html": "<p>Die Teams erreichen das finale Schatzversteck. Dort entdecken sie eine Schatztruhe, die mit kleinen Belohnungen gefüllt ist, wie zum Beispiel Süßigkeiten, Abzeichen oder kleine Spielzeuge. Die Kinder freuen sich über ihre Errungenschaften und feiern ihren Erfolg.</p>"}, "c5df80a0-0f6c-4e3c-9fea-bbbc30593226": {"column1": "01:15", "column3": "", "position": 5, "column2Html": "<p>Die Teams haben nun mehrere Stationen durchlaufen und Hinweise gesammelt. Diese Hinweise ergeben zusammen die Koordinaten des finalen Schatzverstecks. Die Kinder sind aufgeregt und motiviert, den Schatz zu finden.</p>"}, "c65c5d44-1878-4fb3-844a-4939ffc1ca73": {"column1": "00:30", "column3": "", "position": 3, "column2Html": "<p>Die Schatzkarten werden verteilt. Jedes Team erhält eine Karte mit markierten Wegpunkten im Wald, die sie zu verschiedenen Stationen führen. Die Teams müssen den Kompass verwenden, um die Richtung und die Entfernung zu den jeweiligen Stationen zu bestimmen.</p>"}}}'),
	('1999862b9936', '1', 0, NULL, '2023-11-12 14:17:42', '2023-11-12 14:17:42', '6481bd71eba1', '6481bd71eba1', 'a4211c112939', 'responsivelayout', '{"items": [{"slot": "main"}, {"slot": "aside-top"}, {"slot": "aside-bottom"}]}'),
	('3b9d5c2c756a', '1', 0, NULL, '2023-11-12 14:18:47', '2023-11-12 14:18:47', 'be5d921150c6', 'be5d921150c6', 'a4211c112939', 'responsivelayout', '{"items": [{"slot": "main"}, {"slot": "aside-top"}, {"slot": "aside-bottom"}]}'),
	('bdbe18e3afd1', 'aside-top', 1, NULL, '2023-08-08 09:55:35', '2023-11-12 14:19:38', '303a2d6919ce', '0eaabf3c85b7', '44dcc7493c65', 'singletext', '{"html": "<p>Lorem ipsum dolor sit amet, consectetur adipiscing elit. Bonum patria: miserum exilium. Ita enim vivunt quidam, ut eorum vita refellatur oratio. At, illa, ut vobis placet, partem quandam tuetur, reliquam deserit. Haec et tu ita posuisti, et verba vestra sunt. Tu quidem reddes; </p>"}'),
	('144ed875244b', 'aside-top', 0, NULL, '2023-08-08 09:55:35', '2023-11-12 14:19:42', '303a2d6919ce', '0eaabf3c85b7', '318e064ea0c9', 'singletext', '{"html": "<p>Lorem ipsum dolor sit amet, consectetur adipiscing elit. Duo enim genera quae erant, fecit tria. Si longus, levis. Licet hic rursus ea commemores, quae optimis verbis ab Epicuro de laude amicitiae dicta sunt. Mihi quidem Antiochum, quem audis, satis belle videris attendere. Magni enim aestimabat pecuniam non modo non contra leges, sed etiam legibus partam. Quod autem ratione actum est, id officium appellamus. Nondum autem explanatum satis, erat, quid maxime natura vellet. </p>"}'),
	('ea5c383bd5c1', '1', 0, NULL, '2023-11-12 14:36:09', '2023-11-12 14:36:09', '15d1be15a9c1', '15d1be15a9c1', 'a4211c112939', 'responsivelayout', '{"items": [{"slot": "main"}, {"slot": "aside-top"}, {"slot": "aside-bottom"}]}'),
	('5228aefdb486', 'aside-top', 0, NULL, '2023-08-08 10:19:57', '2023-11-12 14:20:58', 'a57de734ac16', '96ab6c53cf02', '318e064ea0c9', 'singletext', '{"html": "<p>Lorem ipsum dolor sit amet, consectetur adipiscing elit. Theophrasti igitur, inquit, tibi liber ille placet de beata vita? Quamquam ab iis philosophiam et omnes ingenuas disciplinas habemus; Quod autem satis est, eo quicquid accessit, nimium est; Nec hoc ille non vidit, sed verborum magnificentia est et gloria delectatus. Duo Reges: constructio interrete. Multa sunt dicta ab antiquis de contemnendis ac despiciendis rebus humanis; Mihi enim satis est, ipsis non satis. Nam aliquando posse recte fieri dicunt nulla expectata nec quaesita voluptate. Eaedem enim utilitates poterunt eas labefactare atque pervertere. Utrum igitur tibi litteram videor an totas paginas commovere? </p>"}'),
	('40de9c274a15', 'aside-bottom', 0, NULL, '2023-08-08 10:21:40', '2023-11-12 14:21:28', '4e9cd770740b', '4da9e8d04970', '4f0c657fecef', 'singletext', '{"html": ""}'),
	('c2283336fadf', 'aside-top', 0, NULL, '2023-08-08 10:21:40', '2023-11-12 14:21:37', '4e9cd770740b', '4da9e8d04970', '318e064ea0c9', 'singletext', '{"html": ""}'),
	('8d2316c7bc1f', 'aside-bottom', 0, NULL, '2023-08-08 09:56:01', '2023-11-12 14:22:01', '188a7a0011b9', 'ccb8bfa67c53', '4f0c657fecef', 'singletext', '{"html": ""}'),
	('bfa9d98e8e85', 'aside-top', 0, NULL, '2023-08-08 09:56:01', '2023-11-12 14:22:23', '188a7a0011b9', 'ccb8bfa67c53', '318e064ea0c9', 'singletext', '{"html": ""}'),
	('d8fcf137853a', 'main', 1, NULL, '2023-08-08 09:54:05', '2023-11-12 14:22:49', '5d5de51c05a2', '69685506202a', '3ef17bd1df72', 'materialnode', NULL),
	('69685506202a', '1', 0, NULL, '2023-11-12 14:22:44', '2023-11-12 14:22:44', '5d5de51c05a2', '5d5de51c05a2', 'a4211c112939', 'responsivelayout', '{"items": [{"slot": "main"}, {"slot": "aside-top"}, {"slot": "aside-bottom"}]}'),
	('0eaabf3c85b7', '1', 0, NULL, '2023-11-12 14:19:20', '2023-11-12 14:19:20', '303a2d6919ce', '303a2d6919ce', 'a4211c112939', 'responsivelayout', '{"items": [{"slot": "main"}, {"slot": "aside-top"}, {"slot": "aside-bottom"}]}'),
	('6a62742a9b1c', '1', 0, NULL, '2023-11-12 14:19:58', '2023-11-12 14:19:58', '9b36b05c456d', '9b36b05c456d', 'a4211c112939', 'responsivelayout', '{"items": [{"slot": "main"}, {"slot": "aside-top"}, {"slot": "aside-bottom"}]}'),
	('e871c98005b5', 'main', 0, NULL, '2023-08-08 10:17:07', '2023-12-03 19:01:13', '9b36b05c456d', '6a62742a9b1c', 'cfccaecd4bad', 'storyboard', '{"sections": {"02707c76-12e7-439a-a002-9c5dcbdd8801": {"column1": "00:45", "column3": "", "position": 4, "column2Html": "<p>Lorem ipsum dolor sit amet, consectetur adipiscing elit. Deprehensus omnem poenam contemnet. De vacuitate doloris eadem sententia erit. Contineo me ab exemplis. Duo Reges: constructio interrete. Omnes enim iucundum motum, quo sensus hilaretur. Bonum incolumis acies: misera caecitas. Ergo ita: non posse honeste vivi, nisi honeste vivatur? </p>"}, "22cd7841-a225-47df-b7da-698b17e870ee": {"column1": "01:30", "column3": "", "position": 6, "column2Html": "<p>Lorem ipsum dolor sit amet, consectetur adipiscing elit. Deprehensus omnem poenam contemnet. De vacuitate doloris eadem sententia erit. Contineo me ab exemplis. Duo Reges: constructio interrete. Omnes enim iucundum motum, quo sensus hilaretur. Bonum incolumis acies: misera caecitas. Ergo ita: non posse honeste vivi, nisi honeste vivatur? </p>"}, "7412b417-389b-4458-b3dc-af3626a34b30": {"column1": "00:00", "column3": "", "position": 1, "column2Html": "<p>Lorem ipsum dolor sit amet, consectetur adipiscing elit. Deprehensus omnem poenam contemnet. De vacuitate doloris eadem sententia erit. Contineo me ab exemplis. Duo Reges: constructio interrete. Omnes enim iucundum motum, quo sensus hilaretur. Bonum incolumis acies: misera caecitas. Ergo ita: non posse honeste vivi, nisi honeste vivatur? </p>"}, "b3824ecf-8ed9-457a-9f7d-8d2ea2866c26": {"column1": "01:15", "column3": "", "position": 5, "column2Html": "<p>Lorem ipsum dolor sit amet, consectetur adipiscing elit. Deprehensus omnem poenam contemnet. De vacuitate doloris eadem sententia erit. Contineo me ab exemplis. Duo Reges: constructio interrete. Omnes enim iucundum motum, quo sensus hilaretur. Bonum incolumis acies: misera caecitas. Ergo ita: non posse honeste vivi, nisi honeste vivatur? </p>"}, "c085166f-d469-458d-821e-781c17475c18": {"column1": "00:30", "column3": "", "position": 3, "column2Html": "<p>Lorem ipsum dolor sit amet, consectetur adipiscing elit. Deprehensus omnem poenam contemnet. De vacuitate doloris eadem sententia erit. Contineo me ab exemplis. Duo Reges: constructio interrete. Omnes enim iucundum motum, quo sensus hilaretur. Bonum incolumis acies: misera caecitas. Ergo ita: non posse honeste vivi, nisi honeste vivatur? </p>"}, "ed292871-8374-41ae-8124-c4271cb21492": {"column1": "00:15", "column3": "", "position": 2, "column2Html": "<p>Lorem ipsum dolor sit amet, consectetur adipiscing elit. Deprehensus omnem poenam contemnet. De vacuitate doloris eadem sententia erit. Contineo me ab exemplis. Duo Reges: constructio interrete. Omnes enim iucundum motum, quo sensus hilaretur. Bonum incolumis acies: misera caecitas. Ergo ita: non posse honeste vivi, nisi honeste vivatur? </p>"}}}'),
	('96ab6c53cf02', '1', 0, NULL, '2023-11-12 14:20:38', '2023-11-12 14:20:38', 'a57de734ac16', 'a57de734ac16', 'a4211c112939', 'responsivelayout', '{"items": [{"slot": "main"}, {"slot": "aside-top"}, {"slot": "aside-bottom"}]}'),
	('4da9e8d04970', '1', 0, NULL, '2023-11-12 14:21:25', '2023-11-12 14:21:25', '4e9cd770740b', '4e9cd770740b', 'a4211c112939', 'responsivelayout', '{"items": [{"slot": "main"}, {"slot": "aside-top"}, {"slot": "aside-bottom"}]}'),
	('ccb8bfa67c53', '1', 0, NULL, '2023-11-12 14:21:57', '2023-11-12 14:21:57', '188a7a0011b9', '188a7a0011b9', 'a4211c112939', 'responsivelayout', '{"items": [{"slot": "main"}, {"slot": "aside-top"}, {"slot": "aside-bottom"}]}'),
	('d5b437d55286', '1', 0, NULL, '2023-11-12 14:28:54', '2023-11-12 14:28:54', '1824d71c5ec7', '1824d71c5ec7', 'a4211c112939', 'responsivelayout', '{"items": [{"slot": "main"}, {"slot": "aside-top"}, {"slot": "aside-bottom"}]}'),
	('03b4ed040442', 'main', 0, NULL, '2023-08-08 09:54:05', '2023-11-12 14:22:56', '5d5de51c05a2', '69685506202a', 'cfccaecd4bad', 'storyboard', '{"sections": {"1fba4185-8be3-48e3-ac1b-8f82d0d77e47": {"column1": "", "column3": "", "position": 4, "column2Html": "<p>Die Erde ist der einzige bekannte Planet, auf dem Leben existiert. Ihr komplexes Ökosystem umfasst vielfältige Lebensformen, die eng miteinander und mit ihrer Umwelt interagieren.</p>"}, "4d164baf-0934-4b95-9eda-af75fad7c588": {"column1": "", "column3": "", "position": 5, "column2Html": "<p>Die Erde ist der einzige bekannte Planet, auf dem Leben existiert. Ihr komplexes Ökosystem umfasst vielfältige Lebensformen, die eng miteinander und mit ihrer Umwelt interagieren.</p>"}, "5da0b2f1-aad0-4ebd-9f59-aef454cd41b7": {"column1": "", "column3": "", "position": 3, "column2Html": "<p>Die Erde ist der einzige bekannte Planet, auf dem Leben existiert. Ihr komplexes Ökosystem umfasst vielfältige Lebensformen, die eng miteinander und mit ihrer Umwelt interagieren.</p>"}, "7412b417-389b-4458-b3dc-af3626a34b30": {"column1": "", "column3": "", "position": 1, "column2Html": "<p>Die Erde ist der einzige bekannte Planet, auf dem Leben existiert. Ihr komplexes Ökosystem umfasst vielfältige Lebensformen, die eng miteinander und mit ihrer Umwelt interagieren.</p>"}, "b67d458b-58a8-4c91-b2cb-de6642746683": {"column1": "", "column3": "", "position": 6, "column2Html": "<p>Die Erde ist der einzige bekannte Planet, auf dem Leben existiert. Ihr komplexes Ökosystem umfasst vielfältige Lebensformen, die eng miteinander und mit ihrer Umwelt interagieren.</p>"}, "c81f489b-92d0-4d80-a130-8d0fa3a1fc78": {"column1": "", "column3": "", "position": 2, "column2Html": "<p>Die Erde ist der einzige bekannte Planet, auf dem Leben existiert. Ihr komplexes Ökosystem umfasst vielfältige Lebensformen, die eng miteinander und mit ihrer Umwelt interagieren.</p>"}}}'),
	('c00dd1bbc13e', 'aside-top', 0, NULL, '2023-08-08 09:54:05', '2023-11-12 14:23:00', '5d5de51c05a2', '69685506202a', '318e064ea0c9', 'singletext', '{"html": "<p>Die Erde ist der einzige bekannte Planet, auf dem Leben existiert. Ihr komplexes Ökosystem umfasst vielfältige Lebensformen, die eng miteinander und mit ihrer Umwelt interagieren.</p>"}'),
	('11f3e3f297cc', 'aside-top', 1, NULL, '2023-08-08 09:54:05', '2023-11-12 14:23:02', '5d5de51c05a2', '69685506202a', '44dcc7493c65', 'singletext', '{"html": "<p>Die Erde ist der einzige bekannte Planet, auf dem Leben existiert. Ihr komplexes Ökosystem umfasst vielfältige Lebensformen, die eng miteinander und mit ihrer Umwelt interagieren.</p>"}'),
	('1d29c66a250c', '1', 0, NULL, '2023-11-12 14:27:11', '2023-11-12 14:27:11', 'de578ae3db2a', 'de578ae3db2a', 'a4211c112939', 'responsivelayout', '{"items": [{"slot": "main"}, {"slot": "aside-top"}, {"slot": "aside-bottom"}]}'),
	('89b67c6e4836', '1', 0, NULL, '2023-11-12 14:23:18', '2023-11-12 14:23:18', 'c8ffb909293b', 'c8ffb909293b', 'a4211c112939', 'responsivelayout', '{"items": [{"slot": "main"}, {"slot": "aside-top"}, {"slot": "aside-bottom"}]}'),
	('59a9fae8f6dd', 'main', 0, NULL, '2023-08-08 10:20:31', '2023-11-12 14:24:57', '57c0b6781bd9', '36e1ca1f34ab', 'cfccaecd4bad', 'storyboard', '{"sections": {"3c47dcdf-ed7c-42bc-a12a-9d1a223a6d45": {"column1": "", "column3": "", "position": 2, "column2Html": "<p>Die Erde ist der einzige bekannte Planet, auf dem Leben existiert. Ihr komplexes Ökosystem umfasst vielfältige Lebensformen, die eng miteinander und mit ihrer Umwelt interagieren.</p>"}, "52181da4-8dad-4c39-9584-7bef9a368da1": {"column1": "", "column3": "", "position": 6, "column2Html": "<p>Die Erde ist der einzige bekannte Planet, auf dem Leben existiert. Ihr komplexes Ökosystem umfasst vielfältige Lebensformen, die eng miteinander und mit ihrer Umwelt interagieren.</p>"}, "7504fbf1-d126-44f1-bfab-9cbdb420938a": {"column1": "", "column3": "", "position": 3, "column2Html": "<p>Die Erde ist der einzige bekannte Planet, auf dem Leben existiert. Ihr komplexes Ökosystem umfasst vielfältige Lebensformen, die eng miteinander und mit ihrer Umwelt interagieren.</p>"}, "9c7e117b-cfa2-4d13-84f0-d1ca5bb9f639": {"column1": "", "column3": "", "position": 4, "column2Html": "<p>Die Erde ist der einzige bekannte Planet, auf dem Leben existiert. Ihr komplexes Ökosystem umfasst vielfältige Lebensformen, die eng miteinander und mit ihrer Umwelt interagieren.</p>"}, "edf482ed-9f67-4ab7-ab96-4ed337debb00": {"column1": "", "column3": "", "position": 5, "column2Html": "<p>Die Erde ist der einzige bekannte Planet, auf dem Leben existiert. Ihr komplexes Ökosystem umfasst vielfältige Lebensformen, die eng miteinander und mit ihrer Umwelt interagieren.</p>"}, "effa3fa5-cd07-4e82-a8aa-198ed9a7c1d4": {"column1": "", "column3": "", "position": 1, "column2Html": "<p>Die Erde ist der einzige bekannte Planet, auf dem Leben existiert. Ihr komplexes Ökosystem umfasst vielfältige Lebensformen, die eng miteinander und mit ihrer Umwelt interagieren.</p>"}}}'),
	('36e1ca1f34ab', '1', 0, NULL, '2023-11-12 14:24:46', '2023-11-12 14:24:46', '57c0b6781bd9', '57c0b6781bd9', 'a4211c112939', 'responsivelayout', '{"items": [{"slot": "main"}, {"slot": "aside-top"}, {"slot": "aside-bottom"}]}'),
	('355199e5338b', 'main', 0, NULL, '2023-08-08 09:56:45', '2023-11-12 14:25:29', '3bc0d683dcbb', '39b9e8d31c91', 'cfccaecd4bad', 'storyboard', '{"sections": {"7412b417-389b-4458-b3dc-af3626a34b30": {"column1": "", "column3": "", "position": 1, "column2Html": "<p><br />In den letzten Jahrzehnten hat sich die Technologie in rasantem Tempo entwickelt und hat nahezu alle Aspekte unseres Lebens beeinflusst. Diese Entwicklung hat zahlreiche positive Auswirkungen, darunter verbesserte Kommunikation, effizientere Arbeitsprozesse und eine Fülle von Informationsquellen. Dennoch bringt sie auch Herausforderungen mit sich, die es zu bewältigen gilt.</p><p>Zu den positiven Aspekten gehören:</p><ol><li><p><strong>Kommunikation</strong>: Technologische Fortschritte haben die Kommunikation revolutioniert. Menschen können weltweit in Echtzeit miteinander in Verbindung treten, sei es über soziale Medien, Videoanrufe oder Nachrichten-Apps.</p></li><li><p><strong>Effizienzsteigerung</strong>: Technologie hat Arbeitsabläufe in vielen Branchen optimiert. Automatisierung, künstliche Intelligenz und maschinelles Lernen tragen dazu bei, Aufgaben schneller und präziser zu erledigen.</p></li><li><p><strong>Zugang zu Informationen</strong>: Das Internet bietet einen beispiellosen Zugang zu Wissen und Informationen. Bildung, Forschung und Lernen sind global zugänglich und erschwinglich geworden.</p></li></ol><p>Allerdings gibt es auch einige Herausforderungen:</p><ol><li><p><strong>Datenschutz</strong>: Die digitale Vernetzung führt zu Bedenken hinsichtlich Datenschutz und Privatsphäre. Persönliche Daten können leicht in die falschen Hände geraten.</p></li><li><p><strong>Abhängigkeit</strong>: Die zunehmende Abhängigkeit von Technologie kann negative Auswirkungen auf soziale Interaktionen und die physische Gesundheit haben.</p></li><li><p><strong>Ungleichheit</strong>: Technologische Fortschritte können zu einer Kluft zwischen Technologie-Nutzern und -Nichtnutzern führen, was soziale Ungleichheit verstärken kann.</p></li></ol><p>Es ist wichtig, die Vorteile der Technologie zu nutzen, während gleichzeitig bewusst mit ihren Herausforderungen umgegangen wird, um eine ausgewogene und nachhaltige Zukunft zu gestalten.</p>"}}}'),
	('39b9e8d31c91', '1', 0, NULL, '2023-11-12 14:25:15', '2023-11-12 14:25:15', '3bc0d683dcbb', '3bc0d683dcbb', 'a4211c112939', 'responsivelayout', '{"items": [{"slot": "main"}, {"slot": "aside-top"}, {"slot": "aside-bottom"}]}'),
	('b603c88aef1f', '1', 0, NULL, '2023-11-12 14:26:30', '2023-11-12 14:26:30', '1c801f4afc44', '1c801f4afc44', 'a4211c112939', 'responsivelayout', '{"items": [{"slot": "main"}, {"slot": "aside-top"}, {"slot": "aside-bottom"}]}'),
	('0be60b931389', 'aside-top', 0, NULL, '2023-08-08 09:22:58', '2023-11-12 14:39:27', '1b8174cdd9f5', '7ac87d74fa60', '318e064ea0c9', 'singletext', '{"html": ""}'),
	('4eeeedb0c764', '1', 1, NULL, '2024-04-01 18:07:06', '2024-04-01 18:07:06', '8f96e3137628', '8f96e3137628', '3ef17bd1df72', 'materialnode', NULL),
	('0767619490dc', 'main', 1, NULL, '2023-08-08 10:15:50', '2023-11-12 14:16:11', '40bb3372da21', '3099154f56c3', '3ef17bd1df72', 'materialnode', NULL),
	('8357e9c75952', 'main', 0, NULL, '2023-08-08 10:15:50', '2023-12-03 18:59:27', '40bb3372da21', '3099154f56c3', 'cfccaecd4bad', 'storyboard', '{"sections": {"067523c1-001c-4792-8fa5-e1156d6b177b": {"column1": "00:30", "column3": "Salamander, Castor", "position": 3, "column2Html": "<p>Die Schatzkarten werden verteilt. Jedes Team erhält eine Karte mit markierten Wegpunkten im Wald, die sie zu verschiedenen Stationen führen. Die Teams müssen den Kompass verwenden, um die Richtung und die Entfernung zu den jeweiligen Stationen zu bestimmen.</p>"}, "0f1cea2e-280e-47f1-a793-9f219aeda0ba": {"column1": "02:00", "column3": "Snoopy", "position": 8, "column2Html": "<p>Ende der Pfadiübung. Die Teilnehmer sind stolz auf ihre Leistungen und haben eine unterhaltsame und lehrreiche Zeit im Wald verbracht.</p>"}, "638e045a-a50c-45c0-aad8-c60357eba601": {"column1": "00:15", "column3": "Salamander, Castor", "position": 2, "column2Html": "<p>Die Leiter erklären den Teilnehmern, wie man einen Kompass benutzt, um die Himmelsrichtungen zu bestimmen. Jedes Team bekommt einen Kompass und lernt die Grundlagen der Orientierung.</p>"}, "7123787d-5a75-4b97-a3fb-d035a57c28f1": {"column1": "01:45", "column3": "Salamander, Castor", "position": 7, "column2Html": "<p>Die Gruppen kehren zum Lager zurück. Gemeinsam besprechen sie die Herausforderungen der Schatzsuche, was sie gelernt haben und wie sie als Team zusammengearbeitet haben.</p>"}, "7412b417-389b-4458-b3dc-af3626a34b30": {"column1": "00:00", "column3": "Salamander, Castor", "position": 1, "column2Html": "<p>Die Teilnehmer versammeln sich am Treffpunkt im Lager. Die Leiter erklären, dass heute eine aufregende Schatzsuche im Wald stattfinden wird. Die Kinder werden in Teams von 4-5 Personen eingeteilt und erhalten jeweils eine Karte des Waldgebiets.</p>"}, "a449795a-8dbb-45a6-a755-ba408dcad03e": {"column1": "01:30", "column3": "Salamander, Castor", "position": 6, "column2Html": "<p>Die Teams erreichen das finale Schatzversteck. Dort entdecken sie eine Schatztruhe, die mit kleinen Belohnungen gefüllt ist, wie zum Beispiel Süßigkeiten, Abzeichen oder kleine Spielzeuge. Die Kinder freuen sich über ihre Errungenschaften und feiern ihren Erfolg.</p>"}, "b2e9ec8b-e7cf-41da-b174-350357bfcb85": {"column1": "01:15", "column3": "Snoopy", "position": 5, "column2Html": "<p>Die Teams haben nun mehrere Stationen durchlaufen und Hinweise gesammelt. Diese Hinweise ergeben zusammen die Koordinaten des finalen Schatzverstecks. Die Kinder sind aufgeregt und motiviert, den Schatz zu finden.</p>"}, "cb243c88-9c08-4bfb-8b9b-9b4afd057699": {"column1": "00:45", "column3": "Salamnder", "position": 4, "column2Html": "<p>Die Teams starten ihre Schatzsuche. An den markierten Stationen finden sie Rätsel oder Aufgaben, die gelöst werden müssen, um Hinweise auf den nächsten Wegpunkt zu erhalten. Die Rätsel sind altersgerecht und fördern die Teamarbeit sowie das logische Denken.</p>"}}}'),
	('0ca8ec1b1e92', 'main', 0, NULL, '2023-08-08 09:53:21', '2023-12-03 18:59:45', 'e610276cbdbe', '250c82ad483b', 'cfccaecd4bad', 'storyboard', '{"sections": {"7412b417-389b-4458-b3dc-af3626a34b30": {"column1": "", "column3": "", "position": 1, "column2Html": "<p>Bahnhof/Haltestelle Zeit Reise mit Informationen</p><p> Zürich Oerlikon, Bahnhof</p><p>       </p><p>Fussweg</p><p>4'' Fussweg 49 m</p><p>Zürich Oerlikon</p><p> ab 15:43 Gl. 1 S 14 19458 S-Bahn 14<br />Richtung: Affoltern am Albis <br /></p><ul><li></li></ul><p>Zürich Altstetten</p><p> an 15:54 Gl. 2</p><p>       </p><p>Umsteigen</p><p>Umsteigen</p><p>Zürich Altstetten</p><p> ab 15:59 Gl. 7 IR 35 2374 InterRegio 35<br />Richtung: Bern <br /></p><ul><li><p></p></li></ul><p>Aare Linth<br /> Olten</p><p> an 16:28 Gl. 9</p><p>       </p><p>Umsteigen</p><p>Umsteigen</p><p>Olten</p><p> ab 16:35 Gl. 1B-D S 20 7678 S-Bahn 20<br />Richtung: Biel/Bienne <br /></p><ul><li><p></p></li></ul><p>Wangen an der Aare</p><p> an 17:00 Gl. 3</p><p>       </p><p>Fussweg</p><p>10'' Fussweg 580 m</p>"}}}'),
	('11853b12ee21', 'main', 1, NULL, '2023-08-08 10:16:36', '2023-11-12 14:17:13', 'bfa3ff4bdc3b', 'f9e740a6dcb4', '3ef17bd1df72', 'materialnode', NULL),
	('44bbf7657f16', 'main', 1, NULL, '2023-08-08 09:55:13', '2023-11-12 14:17:47', '6481bd71eba1', '1999862b9936', '3ef17bd1df72', 'materialnode', NULL),
	('879114ec8d2a', 'main', 0, NULL, '2023-08-08 09:55:13', '2023-12-03 19:00:09', '6481bd71eba1', '1999862b9936', 'cfccaecd4bad', 'storyboard', '{"sections": {"125510c4-3fb2-4836-ab84-fecd34662f9c": {"column1": "00:45", "column3": "", "position": 4, "column2Html": "<p>Die Teams starten ihre Schatzsuche. An den markierten Stationen finden sie Rätsel oder Aufgaben, die gelöst werden müssen, um Hinweise auf den nächsten Wegpunkt zu erhalten. Die Rätsel sind altersgerecht und fördern die Teamarbeit sowie das logische Denken.</p>"}, "431f3995-4da8-4902-ada4-8acecce0c4ed": {"column1": "00:30", "column3": "", "position": 3, "column2Html": "<p>Die Schatzkarten werden verteilt. Jedes Team erhält eine Karte mit markierten Wegpunkten im Wald, die sie zu verschiedenen Stationen führen. Die Teams müssen den Kompass verwenden, um die Richtung und die Entfernung zu den jeweiligen Stationen zu bestimmen.</p>"}, "60be378a-d494-48e9-ad8e-4c42563e8a86": {"column1": "00:15", "column3": "", "position": 2, "column2Html": "<p>Die Leiter erklären den Teilnehmern, wie man einen Kompass benutzt, um die Himmelsrichtungen zu bestimmen. Jedes Team bekommt einen Kompass und lernt die Grundlagen der Orientierung.</p>"}, "7412b417-389b-4458-b3dc-af3626a34b30": {"column1": "00:00", "column3": "", "position": 1, "column2Html": "<p>Die Teilnehmer versammeln sich am Treffpunkt im Lager. Die Leiter erklären, dass heute eine aufregende Schatzsuche im Wald stattfinden wird. Die Kinder werden in Teams von 4-5 Personen eingeteilt und erhalten jeweils eine Karte des Waldgebiets.</p>"}, "d4f57a2a-9bf2-438e-8984-64a5354dabd0": {"column1": "01:30", "column3": "", "position": 6, "column2Html": "<p>Die Teams erreichen das finale Schatzversteck. Dort entdecken sie eine Schatztruhe, die mit kleinen Belohnungen gefüllt ist, wie zum Beispiel Süßigkeiten, Abzeichen oder kleine Spielzeuge. Die Kinder freuen sich über ihre Errungenschaften und feiern ihren Erfolg.</p>"}, "f321a314-f4c1-4027-8894-3b758745c90a": {"column1": "01:15", "column3": "", "position": 5, "column2Html": "<p>Die Teams haben nun mehrere Stationen durchlaufen und Hinweise gesammelt. Diese Hinweise ergeben zusammen die Koordinaten des finalen Schatzverstecks. Die Kinder sind aufgeregt und motiviert, den Schatz zu finden.</p>"}}}'),
	('d65bbec5aa22', 'main', 0, NULL, '2023-08-08 09:53:49', '2023-12-03 19:00:49', 'be5d921150c6', '3b9d5c2c756a', 'cfccaecd4bad', 'storyboard', '{"sections": {"23309bc0-7518-42c9-99a1-9cc35a7d429f": {"column1": "00:30", "column3": "", "position": 3, "column2Html": "<p>Die Schatzkarten werden verteilt. Jedes Team erhält eine Karte mit markierten Wegpunkten im Wald, die sie zu verschiedenen Stationen führen. Die Teams müssen den Kompass verwenden, um die Richtung und die Entfernung zu den jeweiligen Stationen zu bestimmen.</p>"}, "7412b417-389b-4458-b3dc-af3626a34b30": {"column1": "00:00", "column3": "", "position": 1, "column2Html": "<p>Die Teilnehmer versammeln sich am Treffpunkt im Lager. Die Leiter erklären, dass heute eine aufregende Schatzsuche im Wald stattfinden wird. Die Kinder werden in Teams von 4-5 Personen eingeteilt und erhalten jeweils eine Karte des Waldgebiets.</p>"}, "f280f4f8-db1d-4a98-b84a-d9abe7d52e10": {"column1": "00:15", "column3": "", "position": 2, "column2Html": "<p>Die Leiter erklären den Teilnehmern, wie man einen Kompass benutzt, um die Himmelsrichtungen zu bestimmen. Jedes Team bekommt einen Kompass und lernt die Grundlagen der Orientierung.</p>"}}}'),
	('dd8dfec7a890', 'main', 0, NULL, '2023-08-08 09:55:35', '2023-12-03 19:01:03', '303a2d6919ce', '0eaabf3c85b7', 'cfccaecd4bad', 'storyboard', '{"sections": {"1c42c9a8-e968-4a77-add7-ed616824b38b": {"column1": "00:10", "column3": "", "position": 2, "column2Html": "<p>Lorem ipsum dolor sit amet, consectetur adipiscing elit. Quid autem habent admirationis, cum prope accesseris? Aliter autem vobis placet. </p><p>Ne in odium veniam, si amicum destitero tueri. Nondum autem explanatum satis, erat, quid maxime natura vellet. In schola desinis. </p><p>Tu quidem reddes; Sed ad bona praeterita redeamus. Duo Reges: constructio interrete. Tecum optime, deinde etiam cum mediocri amico. </p><p>\tHaeret in salebra.</p><p>\tErgo et avarus erit, sed finite, et adulter, verum habebit modum, et luxuriosus eodem modo.</p><p>\tFacete M.</p><p>\tCerte, nisi voluptatem tanti aestimaretis.</p><p>\tStoicos roga.</p><p>\tItaque his sapiens semper vacabit.</p><p>\tBork</p><p>\tCum autem negant ea quicquam ad beatam vitam pertinere, rursus naturam relinquunt.</p>"}, "7412b417-389b-4458-b3dc-af3626a34b30": {"column1": "00:00", "column3": "", "position": 1, "column2Html": "<p>Lorem ipsum dolor sit amet, consectetur adipiscing elit. At ille pellit, qui permulcet sensum voluptate. Non est igitur voluptas bonum. Quae duo sunt, unum facit. Proclivi currit oratio. Egone quaeris, inquit, quid sentiam? </p><p>\tImmo videri fortasse.</p><p>\tEam si varietatem diceres, intellegerem, ut etiam non dicente te intellego;</p><p>\tProclivi currit oratio.</p><p>\tTu vero, inquam, ducas licet, si sequetur;</p><p>\tCerte non potest.</p><p>\tA primo, ut opinor, animantium ortu petitur origo summi boni.</p><p>\tBork</p><p>\tEst igitur officium eius generis, quod nec in bonis ponatur nec in contrariis.</p><p>Equidem e Cn. Velut ego nunc moveor. Tuo vero id quidem, inquam, arbitratu. Cur deinde Metrodori liberos commendas? Istic sum, inquit. Nemo igitur esse beatus potest. </p><p>Quod cum dixissent, ille contra. Confecta res esset. Sullae consulatum? Inde igitur, inquit, ordiendum est. Huius ego nunc auctoritatem sequens idem faciam. At multis malis affectus. </p><p>Tu vero, inquam, ducas licet, si sequetur; Philosophi autem in suis lectulis plerumque moriuntur. Hoc loco tenere se Triarius non potuit. Eam stabilem appellas. Bestiarum vero nullum iudicium puto. Vide, quantum, inquam, fallare, Torquate. Paria sunt igitur. Videsne quam sit magna dissensio? </p><p>Duo Reges: constructio interrete. De hominibus dici non necesse est. Sed ad bona praeterita redeamus. Eadem nunc mea adversum te oratio est. </p>"}, "a9f5a2cd-bb70-4189-88d2-ee81407e7d13": {"column1": "", "column3": "", "position": 4, "column2Html": ""}, "f6ea31be-f007-4a13-a821-b4e628d32542": {"column1": "", "column3": "", "position": 3, "column2Html": "<p>Lorem ipsum dolor sit amet, consectetur adipiscing elit. Bork Sint ista Graecorum; Duo Reges: constructio interrete. Eam tum adesse, cum dolor omnis absit; </p><p>\tBork</p><p>\tQuod autem ratione actum est, id officium appellamus.</p><p>\tQuae sequuntur igitur?</p><p>\tNon igitur de improbo, sed de callido improbo quaerimus, qualis Q.</p><p>\tStoici scilicet.</p><p>\tFortitudinis quaedam praecepta sunt ac paene leges, quae effeminari virum vetant in dolore.</p><p>\tQui convenit?</p><p>\tQuam illa ardentis amores excitaret sui! Cur tandem?</p><p>\tBork</p><p>\tQuid ei reliquisti, nisi te, quoquo modo loqueretur, intellegere, quid diceret?</p><p>Quod totum contra est. Idem iste, inquam, de voluptate quid sentit? Bork Murenam te accusante defenderem. Duo enim genera quae erant, fecit tria. </p><p>Age, inquies, ista parva sunt. Bonum valitudo: miser morbus. Sumenda potius quam expetenda. Audeo dicere, inquit. Id enim natura desiderat. Non est ista, inquam, Piso, magna dissensio. Quid autem habent admirationis, cum prope accesseris? </p>"}}}'),
	('14b0b9f54c0e', 'main', 1, NULL, '2023-08-08 10:17:07', '2023-11-12 14:20:03', '9b36b05c456d', '6a62742a9b1c', '3ef17bd1df72', 'materialnode', NULL),
	('c5dc2773a2b9', 'aside-top', 1, NULL, '2023-08-08 09:22:58', '2023-11-12 14:39:21', '1b8174cdd9f5', '7ac87d74fa60', '1a0f84e322c8', 'multiselect', '{"options": {"security": {"checked": false}, "outdoorTechnique": {"checked": false}, "pioneeringTechnique": {"checked": false}, "natureAndEnvironment": {"checked": false}, "campsiteAndSurroundings": {"checked": false}, "preventionAndIntegration": {"checked": false}}}'),
	('d4c5890e380c', 'aside-top', 2, NULL, '2023-08-08 09:22:58', '2023-11-12 14:39:29', '1b8174cdd9f5', '7ac87d74fa60', '44dcc7493c65', 'singletext', '{"html": ""}'),
	('ef3cedd45f0f', 'main', 0, NULL, '2023-08-08 09:22:58', '2023-12-03 19:15:47', '1b8174cdd9f5', '7ac87d74fa60', 'cfccaecd4bad', 'storyboard', '{"sections": {"4c126a50-f729-46a7-8326-811586922995": {"column1": "", "column3": "", "position": 1, "column2Html": ""}}}'),
	('d35070c4fbb3', 'main', 0, NULL, '2023-08-08 10:19:57', '2023-12-03 19:01:21', 'a57de734ac16', '96ab6c53cf02', 'cfccaecd4bad', 'storyboard', '{"sections": {"5ae40118-e423-4972-bb27-caee2065dbdf": {"column1": "20", "column3": "", "position": 2, "column2Html": "<p>Natürliche Ökosysteme spielen eine entscheidende Rolle im Erhalt der globalen Biodiversität und der Stabilität des Planeten. Diese vielfältigen Lebensräume bieten Lebensraum für eine breite Palette von Pflanzen und Tieren, von mikroskopisch kleinen Organismen bis hin zu majestätischen Raubtieren. Der reibungslose Ablauf dieser Ökosysteme hängt von komplexen Wechselwirkungen zwischen den verschiedenen Arten und den Umweltbedingungen ab. Von Regenwäldern bis hin zu Wüsten, von Ozeanen bis hin zu Flussufern - jedes Ökosystem trägt auf seine eigene Weise zur Aufrechterhaltung des ökologischen Gleichgewichts bei. Es ist von größter Bedeutung, diese Ökosysteme zu schützen und nachhaltige Praktiken zu fördern, um die langfristige Gesundheit unseres Planeten zu gewährleisten.</p>"}, "d8504cbc-993c-465b-a494-94968093ff6d": {"column1": "50", "column3": "", "position": 3, "column2Html": "<p>Natürliche Ökosysteme spielen eine entscheidende Rolle im Erhalt der globalen Biodiversität und der Stabilität des Planeten. Diese vielfältigen Lebensräume bieten Lebensraum für eine breite Palette von Pflanzen und Tieren, von mikroskopisch kleinen Organismen bis hin zu majestätischen Raubtieren. Der reibungslose Ablauf dieser Ökosysteme hängt von komplexen Wechselwirkungen zwischen den verschiedenen Arten und den Umweltbedingungen ab. Von Regenwäldern bis hin zu Wüsten, von Ozeanen bis hin zu Flussufern - jedes Ökosystem trägt auf seine eigene Weise zur Aufrechterhaltung des ökologischen Gleichgewichts bei. Es ist von größter Bedeutung, diese Ökosysteme zu schützen und nachhaltige Praktiken zu fördern, um die langfristige Gesundheit unseres Planeten zu gewährleisten.</p>"}, "effa3fa5-cd07-4e82-a8aa-198ed9a7c1d4": {"column1": "0", "column3": "", "position": 1, "column2Html": "<p>Natürliche Ökosysteme spielen eine entscheidende Rolle im Erhalt der globalen Biodiversität und der Stabilität des Planeten. Diese vielfältigen Lebensräume bieten Lebensraum für eine breite Palette von Pflanzen und Tieren, von mikroskopisch kleinen Organismen bis hin zu majestätischen Raubtieren. Der reibungslose Ablauf dieser Ökosysteme hängt von komplexen Wechselwirkungen zwischen den verschiedenen Arten und den Umweltbedingungen ab. Von Regenwäldern bis hin zu Wüsten, von Ozeanen bis hin zu Flussufern - jedes Ökosystem trägt auf seine eigene Weise zur Aufrechterhaltung des ökologischen Gleichgewichts bei. Es ist von größter Bedeutung, diese Ökosysteme zu schützen und nachhaltige Praktiken zu fördern, um die langfristige Gesundheit unseres Planeten zu gewährleisten.</p>"}}}'),
	('0fb1b2c56651', 'main', 1, NULL, '2023-08-08 10:21:40', '2023-11-12 14:21:29', '4e9cd770740b', '4da9e8d04970', '3ef17bd1df72', 'materialnode', NULL),
	('6a512be93186', 'main', 0, NULL, '2023-08-08 10:21:40', '2023-12-03 19:01:30', '4e9cd770740b', '4da9e8d04970', 'cfccaecd4bad', 'storyboard', '{"sections": {"effa3fa5-cd07-4e82-a8aa-198ed9a7c1d4": {"column1": "", "column3": "", "position": 1, "column2Html": "<p>Fähnliabend für die Fähnli</p>"}}}'),
	('5a277e9d1639', 'main', 1, NULL, '2023-08-08 09:56:01', '2023-11-12 14:22:02', '188a7a0011b9', 'ccb8bfa67c53', '3ef17bd1df72', 'materialnode', NULL),
	('98ff76efc321', 'main', 0, NULL, '2023-08-08 09:56:01', '2023-12-03 19:01:38', '188a7a0011b9', 'ccb8bfa67c53', 'cfccaecd4bad', 'storyboard', '{"sections": {"7412b417-389b-4458-b3dc-af3626a34b30": {"column1": "", "column3": "", "position": 1, "column2Html": ""}}}'),
	('d014b27eb599', 'aside-bottom', 0, NULL, '2023-08-08 10:31:35', '2023-12-03 19:02:17', '67c6449d3817', 'f987ea6f6a7e', '4f0c657fecef', 'singletext', '{"html": ""}'),
	('4fd1af25734b', 'main', 0, NULL, '2023-08-08 10:31:35', '2023-12-03 19:02:26', '67c6449d3817', 'f987ea6f6a7e', 'cfccaecd4bad', 'storyboard', '{"sections": {"56c67b3a-7d90-4f8f-bcff-a67233ce24be": {"column1": "", "column3": "", "position": 2, "column2Html": "<p>Die Erde ist der einzige bekannte Planet, auf dem Leben existiert. Ihr komplexes Ökosystem umfasst vielfältige Lebensformen, die eng miteinander und mit ihrer Umwelt interagieren.</p>"}, "effa3fa5-cd07-4e82-a8aa-198ed9a7c1d4": {"column1": "", "column3": "", "position": 1, "column2Html": "<p>Die Erde ist der einzige bekannte Planet, auf dem Leben existiert. Ihr komplexes Ökosystem umfasst vielfältige Lebensformen, die eng miteinander und mit ihrer Umwelt interagieren.</p>"}}}'),
	('f987ea6f6a7e', '1', 0, NULL, '2023-12-03 19:02:11', '2023-12-03 19:02:11', '67c6449d3817', '67c6449d3817', 'a4211c112939', 'responsivelayout', '{"items": [{"slot": "main"}, {"slot": "aside-top"}, {"slot": "aside-bottom"}]}'),
	('22e1adb3eea2', '1', 0, NULL, '2023-11-12 14:25:53', '2023-11-12 14:25:53', '7d30458f3ede', '7d30458f3ede', 'a4211c112939', 'responsivelayout', '{"items": [{"slot": "main"}, {"slot": "aside-top"}, {"slot": "aside-bottom"}]}'),
	('cbc14bbc2ef9', 'main', 0, NULL, '2023-08-08 10:20:55', '2023-12-03 19:03:20', '7d30458f3ede', '22e1adb3eea2', 'cfccaecd4bad', 'storyboard', '{"sections": {"247b29f1-59e5-4d59-8111-83fb3305adaa": {"column1": "", "column3": "", "position": 2, "column2Html": "<p><br />In den letzten Jahrzehnten hat sich die Technologie in rasantem Tempo entwickelt und hat nahezu alle Aspekte unseres Lebens beeinflusst. Diese Entwicklung hat zahlreiche positive Auswirkungen, darunter verbesserte Kommunikation, effizientere Arbeitsprozesse und eine Fülle von Informationsquellen. Dennoch bringt sie auch Herausforderungen mit sich, die es zu bewältigen gilt.</p>"}, "2cec518f-fc6a-4820-a195-3b78414a4b9a": {"column1": "", "column3": "", "position": 5, "column2Html": "<p><br />In den letzten Jahrzehnten hat sich die Technologie in rasantem Tempo entwickelt und hat nahezu alle Aspekte unseres Lebens beeinflusst. Diese Entwicklung hat zahlreiche positive Auswirkungen, darunter verbesserte Kommunikation, effizientere Arbeitsprozesse und eine Fülle von Informationsquellen. Dennoch bringt sie auch Herausforderungen mit sich, die es zu bewältigen gilt.</p>"}, "6326c0d6-5d69-4308-b80a-3689ea970871": {"column1": "", "column3": "", "position": 6, "column2Html": "<p><br />In den letzten Jahrzehnten hat sich die Technologie in rasantem Tempo entwickelt und hat nahezu alle Aspekte unseres Lebens beeinflusst. Diese Entwicklung hat zahlreiche positive Auswirkungen, darunter verbesserte Kommunikation, effizientere Arbeitsprozesse und eine Fülle von Informationsquellen. Dennoch bringt sie auch Herausforderungen mit sich, die es zu bewältigen gilt.</p>"}, "69307fe7-c1ad-4291-86c7-60f8ac8758d0": {"column1": "", "column3": "", "position": 3, "column2Html": "<p><br />In den letzten Jahrzehnten hat sich die Technologie in rasantem Tempo entwickelt und hat nahezu alle Aspekte unseres Lebens beeinflusst. Diese Entwicklung hat zahlreiche positive Auswirkungen, darunter verbesserte Kommunikation, effizientere Arbeitsprozesse und eine Fülle von Informationsquellen. Dennoch bringt sie auch Herausforderungen mit sich, die es zu bewältigen gilt.</p>"}, "d3513bdb-061b-4190-86ef-ff03191b4191": {"column1": "", "column3": "", "position": 4, "column2Html": "<p><br />In den letzten Jahrzehnten hat sich die Technologie in rasantem Tempo entwickelt und hat nahezu alle Aspekte unseres Lebens beeinflusst. Diese Entwicklung hat zahlreiche positive Auswirkungen, darunter verbesserte Kommunikation, effizientere Arbeitsprozesse und eine Fülle von Informationsquellen. Dennoch bringt sie auch Herausforderungen mit sich, die es zu bewältigen gilt.</p>"}, "db646a6d-880c-4f56-9238-184d01189a3b": {"column1": "", "column3": "", "position": 7, "column2Html": "<p><br />In den letzten Jahrzehnten hat sich die Technologie in rasantem Tempo entwickelt und hat nahezu alle Aspekte unseres Lebens beeinflusst. Diese Entwicklung hat zahlreiche positive Auswirkungen, darunter verbesserte Kommunikation, effizientere Arbeitsprozesse und eine Fülle von Informationsquellen. Dennoch bringt sie auch Herausforderungen mit sich, die es zu bewältigen gilt.</p>"}, "effa3fa5-cd07-4e82-a8aa-198ed9a7c1d4": {"column1": "", "column3": "", "position": 1, "column2Html": "<p><br />In den letzten Jahrzehnten hat sich die Technologie in rasantem Tempo entwickelt und hat nahezu alle Aspekte unseres Lebens beeinflusst. Diese Entwicklung hat zahlreiche positive Auswirkungen, darunter verbesserte Kommunikation, effizientere Arbeitsprozesse und eine Fülle von Informationsquellen. Dennoch bringt sie auch Herausforderungen mit sich, die es zu bewältigen gilt.</p>"}}}'),
	('9127709e05c9', 'main', 1, NULL, '2023-08-08 10:13:31', '2023-11-12 14:28:57', '1824d71c5ec7', 'd5b437d55286', '3ef17bd1df72', 'materialnode', NULL),
	('6955e09b1d4a', 'main', 0, NULL, '2023-08-08 10:13:31', '2023-12-03 19:04:45', '1824d71c5ec7', 'd5b437d55286', 'cfccaecd4bad', 'storyboard', '{"sections": {"0f1792d0-1b1f-43f5-af15-77a9cb8e5432": {"column1": "", "column3": "", "position": 3, "column2Html": "<p>In den letzten Jahrzehnten hat sich die Technologie in rasantem Tempo entwickelt und hat nahezu alle Aspekte unseres Lebens beeinflusst. Diese Entwicklung hat zahlreiche positive Auswirkungen, darunter verbesserte Kommunikation, effizientere Arbeitsprozesse und eine Fülle von Informationsquellen. Dennoch bringt sie auch Herausforderungen mit sich, die es zu bewältigen gilt.</p>"}, "6cc41aa5-2fd1-4ad6-ab25-260d737062d2": {"column1": "", "column3": "", "position": 2, "column2Html": "<p>In den letzten Jahrzehnten hat sich die Technologie in rasantem Tempo entwickelt und hat nahezu alle Aspekte unseres Lebens beeinflusst. Diese Entwicklung hat zahlreiche positive Auswirkungen, darunter verbesserte Kommunikation, effizientere Arbeitsprozesse und eine Fülle von Informationsquellen. Dennoch bringt sie auch Herausforderungen mit sich, die es zu bewältigen gilt.</p>"}, "7412b417-389b-4458-b3dc-af3626a34b30": {"column1": "", "column3": "", "position": 1, "column2Html": "<p>In den letzten Jahrzehnten hat sich die Technologie in rasantem Tempo entwickelt und hat nahezu alle Aspekte unseres Lebens beeinflusst. Diese Entwicklung hat zahlreiche positive Auswirkungen, darunter verbesserte Kommunikation, effizientere Arbeitsprozesse und eine Fülle von Informationsquellen. Dennoch bringt sie auch Herausforderungen mit sich, die es zu bewältigen gilt.</p>"}}}'),
	('7ac87d74fa60', '1', 0, NULL, '2023-11-12 14:38:52', '2023-11-12 14:38:52', '1b8174cdd9f5', '1b8174cdd9f5', 'a4211c112939', 'responsivelayout', '{"items": [{"slot": "main"}, {"slot": "aside-top"}, {"slot": "aside-bottom"}]}'),
	('ee1788d183a1', '1', 0, NULL, '2024-04-01 18:07:04', '2024-04-01 18:07:25', '8f96e3137628', '8f96e3137628', '318e064ea0c9', 'singletext', '{"html": "<p>Wir essen in Hogwarts.</p>"}');



INSERT INTO public.category (id, categoryprototypeid, short, name, color, numberingstyle, campid, rootcontentnodeid, createtime, updatetime) VALUES
	('909b6d40ade7', 'dbc3fbcc684c', 'LS', 'Lagersport', '#4DBB52', '1', 'd95a0339fb24', 'cc571ac64e4f', '2023-08-08 09:22:58', '2023-08-08 09:22:58'),
	('2c2da27d0fbc', '84b0ebdf5dc0', 'LA', 'Lageraktivität', '#FF9800', 'A', 'd95a0339fb24', '1b8174cdd9f5', '2023-08-08 09:22:58', '2023-08-08 09:22:58'),
	('0473bcb2f985', 'c8a56ebb4d2a', 'LP', 'Lagerprogramm', '#90B7E4', '1', 'd95a0339fb24', '4434d9188c0d', '2023-08-08 09:22:58', '2023-08-08 09:22:58'),
	('33755c514452', NULL, 'VL', 'Voilà', '#F01766', '1', 'd95a0339fb24', '7eb3578a76e8', '2023-08-08 09:24:47', '2023-08-08 09:24:47'),
	('8d0e5ac31b5b', '9b3a5138cbcf', 'ES', 'Essen', '#BBBBBB', '-', 'd95a0339fb24', 'c5ceb0a1de6c', '2023-08-08 09:22:58', '2024-04-01 18:06:35');



INSERT INTO public.activity (id, title, location, campid, categoryid, rootcontentnodeid, createtime, updatetime, progresslabelid) VALUES
	('15054c82d31d', 'Zmittag', '', 'd95a0339fb24', '8d0e5ac31b5b', '64ffeede956b', '2023-08-08 09:49:23', '2023-08-08 09:49:23', NULL),
	('596f6b76daaf', 'Zmorge', '', 'd95a0339fb24', '8d0e5ac31b5b', '8f96e3137628', '2023-08-08 09:51:29', '2023-08-08 09:51:29', NULL),
	('7d7d8daec57d', 'Znacht', '', 'd95a0339fb24', '8d0e5ac31b5b', '3ab9ae9a35ea', '2023-08-08 09:52:49', '2023-08-08 09:52:49', NULL),
	('7c7b67ce6b97', 'Morgefit', '', 'd95a0339fb24', '909b6d40ade7', '6a1751b32c7b', '2023-08-08 09:54:27', '2023-08-08 09:54:27', NULL),
	('488aa4e695a4', 'Morgefit', '', 'd95a0339fb24', '909b6d40ade7', '65782af1175d', '2023-08-08 09:54:32', '2023-08-08 09:54:32', NULL),
	('462211dcb482', 'Morgefit', '', 'd95a0339fb24', '909b6d40ade7', '47e23b2cf05f', '2023-08-08 09:54:37', '2023-08-08 09:54:37', NULL),
	('2ef518b88e54', 'Morgefit', '', 'd95a0339fb24', '909b6d40ade7', '58bb4e57407a', '2023-08-08 09:54:41', '2023-08-08 09:54:41', NULL),
	('494229b6839e', 'Horkrux', '', 'd95a0339fb24', '909b6d40ade7', '188a7a0011b9', '2023-08-08 09:56:01', '2023-08-08 09:56:01', NULL),
	('3a42b5e60f4c', 'SpoBlo', '', 'd95a0339fb24', '909b6d40ade7', '3bc0d683dcbb', '2023-08-08 09:56:45', '2023-08-08 09:56:45', NULL),
	('bc085a419cc5', 'Trolle bekämpfen', '', 'd95a0339fb24', '909b6d40ade7', 'de578ae3db2a', '2023-08-08 10:11:42', '2023-08-08 10:11:42', NULL),
	('2d2643052dab', 'Quidditch finale', '', 'd95a0339fb24', '909b6d40ade7', 'd7dd28681360', '2023-08-08 10:13:58', '2023-08-08 10:13:58', NULL),
	('8eef775e9750', 'Endgame Kampf gegen Voldemort', '', 'd95a0339fb24', '909b6d40ade7', '8c7dde682ece', '2023-08-08 10:14:26', '2023-08-08 10:14:26', NULL),
	('44a904ca3b00', 'Newgames', '', 'd95a0339fb24', '909b6d40ade7', 'f570ac6b43fd', '2023-08-08 10:14:57', '2023-08-08 10:14:57', NULL),
	('780e15cda964', 'Totto Lotto', '', 'd95a0339fb24', '0473bcb2f985', '6d047edda631', '2023-08-08 10:15:26', '2023-08-08 10:15:37', NULL),
	('eb1740a1f610', 'Atelier', '', 'd95a0339fb24', '2c2da27d0fbc', '9b36b05c456d', '2023-08-08 10:17:07', '2023-08-08 10:17:13', NULL),
	('92bac1519754', 'Lagerabbau', '', 'd95a0339fb24', '2c2da27d0fbc', 'd3fbaf72d54a', '2023-08-08 10:18:16', '2023-08-08 10:18:16', NULL),
	('733a349d817d', 'Lagerabbau', '', 'd95a0339fb24', '2c2da27d0fbc', '27a221c59203', '2023-08-08 10:18:24', '2023-08-08 10:18:24', NULL),
	('0a43c5aa63fe', 'Fähnliabend Pfadis', '', 'd95a0339fb24', '0473bcb2f985', '4e9cd770740b', '2023-08-08 10:21:40', '2023-08-08 10:21:40', NULL),
	('4ff034bb73e4', 'LA Lagerbau', 'Lagerplatz', 'd95a0339fb24', '2c2da27d0fbc', '40bb3372da21', '2023-08-08 10:15:50', '2023-08-08 12:53:57', '18a4bc584292'),
	('41dc98ec237b', 'Sportblock', '', 'd95a0339fb24', '909b6d40ade7', '6481bd71eba1', '2023-08-08 09:55:13', '2023-08-08 13:05:46', '18a4bc584292'),
	('e7373a2f365f', 'Morgefit', '', 'd95a0339fb24', '909b6d40ade7', 'be5d921150c6', '2023-08-08 09:53:49', '2023-08-08 13:07:59', '18a4bc584292'),
	('caf042393c93', 'Quidditch', '', 'd95a0339fb24', '909b6d40ade7', '303a2d6919ce', '2023-08-08 09:55:35', '2023-08-08 13:18:02', 'ea2730b05466'),
	('5a7b827315b2', 'Grundlagen Zaubertränke', '', 'd95a0339fb24', '0473bcb2f985', 'a57de734ac16', '2023-08-08 10:19:57', '2023-08-08 13:20:17', '513335a68323'),
	('08aec69b21bb', 'Silent Disco', '', 'd95a0339fb24', '909b6d40ade7', 'e29dd88e4413', '2023-08-08 09:56:21', '2023-08-08 13:24:25', 'ea2730b05466'),
	('79b5e64449d1', 'Morgefit', '', 'd95a0339fb24', '909b6d40ade7', '5d5de51c05a2', '2023-08-08 09:54:05', '2023-08-08 13:26:56', '18a4bc584292'),
	('0a1100944769', 'SpezEx Erste Hilfe', '', 'd95a0339fb24', '2c2da27d0fbc', 'c8ffb909293b', '2023-08-08 10:17:52', '2023-08-08 13:29:53', 'ffc4eef07b16'),
	('988f9d03cec5', 'Besuch bei Hagrid', '', 'd95a0339fb24', '0473bcb2f985', '57c0b6781bd9', '2023-08-08 10:20:31', '2023-08-08 13:29:58', '513335a68323'),
	('be0e455f3ae1', 'Spieleabend im Gemeinschaftsraum', '', 'd95a0339fb24', '0473bcb2f985', '7d30458f3ede', '2023-08-08 10:20:55', '2023-08-08 13:34:29', '513335a68323'),
	('1ec7d91a9c8c', 'Morgefit', '', 'd95a0339fb24', '909b6d40ade7', '1c801f4afc44', '2023-08-08 09:54:22', '2023-08-08 13:35:10', 'ffc4eef07b16'),
	('a229f5a25a03', 'Hajk Flucht vor den Dementoren', '', 'd95a0339fb24', '909b6d40ade7', '5caf57f45a8a', '2023-08-08 10:12:15', '2023-08-08 13:36:55', '18a4bc584292'),
	('07b15a38e003', 'Fühlsch mi Gspürsch mi', '', 'd95a0339fb24', '0473bcb2f985', '7ca9e37e280a', '2023-08-08 10:21:16', '2023-08-08 13:39:54', 'ea2730b05466'),
	('43c928910195', 'Vorbereitung Abschlussabend', '', 'd95a0339fb24', '0473bcb2f985', '15d1be15a9c1', '2023-08-08 10:22:12', '2023-08-08 10:22:12', NULL),
	('5c3bcc0a9715', 'Spieleturnier', '', 'd95a0339fb24', '909b6d40ade7', 'c20fa132af58', '2023-08-08 10:24:56', '2023-11-12 14:32:22', NULL),
	('27487fdf1352', 'Nachsitzen bei Snape', '', 'd95a0339fb24', '0473bcb2f985', 'b6bff9d64135', '2023-08-08 10:30:47', '2023-08-08 10:30:47', NULL),
	('c85fe4c172ca', 'Einbruch Verbotene Abteilung', '', 'd95a0339fb24', '0473bcb2f985', '67c6449d3817', '2023-08-08 10:31:35', '2023-08-08 10:31:35', NULL),
	('f9556b9cad0d', 'Beginn & Anreise', '', 'd95a0339fb24', '0473bcb2f985', 'e610276cbdbe', '2023-08-08 09:53:21', '2023-08-08 12:50:27', 'ea2730b05466'),
	('f7d79851696e', 'Newgames neben Lagerbau', 'Spielwiese', 'd95a0339fb24', '909b6d40ade7', 'bfa3ff4bdc3b', '2023-08-08 10:16:36', '2023-08-08 13:03:20', '513335a68323'),
	('3b1e800e36c6', 'Wasserspiele in Badi', '', 'd95a0339fb24', '909b6d40ade7', '1824d71c5ec7', '2023-08-08 10:13:31', '2023-08-08 13:39:05', '513335a68323'),
	('8688fb09474f', 'SpezEx Erste Hilfe', '', 'd95a0339fb24', '2c2da27d0fbc', '4a36db95fbf2', '2023-08-08 10:25:47', '2023-11-12 14:32:03', 'ea2730b05466');


INSERT INTO public.camp_collaboration (id, inviteemail, invitekeyhash, status, role, createtime, updatetime, userid, campid, color, abbreviation) VALUES
	('6b4d9232fc75', NULL, NULL, 'established', 'manager', '2023-08-08 09:22:58', '2023-08-08 09:22:58', '9145944210a7', 'd95a0339fb24', NULL, NULL),
	('e8ccd9dcbf18', NULL, NULL, 'established', 'manager', '2023-08-08 09:38:27', '2023-08-08 09:43:11', '130684395770', 'd95a0339fb24', NULL, NULL),
	('41ad0fef600a', NULL, NULL, 'established', 'guest', '2023-08-08 09:36:41', '2023-08-08 09:43:52', '48f00685a292', 'd95a0339fb24', NULL, NULL),
	('dd468f7875bd', NULL, NULL, 'established', 'member', '2023-08-08 09:36:01', '2023-08-08 09:44:19', 'bae69a1c9fcc', 'd95a0339fb24', '#ff0080', '🐈‍⬛'),
	('ef436e2cbdff', NULL, NULL, 'established', 'member', '2023-08-08 09:38:01', '2023-08-08 09:44:50', 'caeba9f7e728', 'd95a0339fb24', NULL, 'Ca'),
	('b8010186e0cc', NULL, NULL, 'established', 'manager', '2023-08-08 09:37:16', '2023-08-08 09:45:21', 'bee7cf5b3871', 'd95a0339fb24', NULL, NULL);



INSERT INTO public.activity_responsible (id, createtime, updatetime, activityid, campcollaborationid) VALUES
	('5e2eb8ae7825', '2023-08-08 12:44:20', '2023-08-08 12:44:20', 'f9556b9cad0d', '6b4d9232fc75'),
	('d343e233cd3b', '2023-08-08 12:53:47', '2023-08-08 12:53:47', '4ff034bb73e4', 'e8ccd9dcbf18'),
	('f0532ce8263d', '2023-08-08 13:02:51', '2023-08-08 13:02:51', 'f7d79851696e', '41ad0fef600a'),
	('86a5684da6b5', '2023-08-08 13:05:42', '2023-08-08 13:05:42', '41dc98ec237b', 'ef436e2cbdff'),
	('861ac8afdd6b', '2023-08-08 13:07:57', '2023-08-08 13:07:57', 'e7373a2f365f', 'b8010186e0cc'),
	('bd0a29e709be', '2023-08-08 13:18:04', '2023-08-08 13:18:04', 'caf042393c93', '6b4d9232fc75'),
	('567d38db7d32', '2023-08-08 13:20:15', '2023-08-08 13:20:15', '5a7b827315b2', 'dd468f7875bd'),
	('0e66ea525055', '2023-08-08 13:24:23', '2023-08-08 13:24:23', '08aec69b21bb', '6b4d9232fc75'),
	('cf3ddde976b2', '2023-08-08 13:25:39', '2023-08-08 13:25:39', '0a43c5aa63fe', '7cae64a7800c'),
	('01b832e2cf55', '2023-08-08 13:26:53', '2023-08-08 13:26:53', '79b5e64449d1', 'b8010186e0cc'),
	('6e81a805ade3', '2023-08-08 13:27:16', '2023-08-08 13:27:16', 'c85fe4c172ca', 'dd468f7875bd'),
	('5be50c6204bf', '2023-08-08 13:29:37', '2023-08-08 13:29:37', '988f9d03cec5', '41ad0fef600a'),
	('0cd0483f80f1', '2023-08-08 13:29:46', '2023-08-08 13:29:46', '0a1100944769', 'ef436e2cbdff'),
	('0d038be61e6a', '2023-08-08 13:33:33', '2023-08-08 13:33:33', '3a42b5e60f4c', 'b8010186e0cc'),
	('2c68b00bef2f', '2023-08-08 13:34:26', '2023-08-08 13:34:26', 'be0e455f3ae1', 'b8010186e0cc'),
	('ff130956a605', '2023-08-08 13:35:06', '2023-08-08 13:35:06', '1ec7d91a9c8c', '6b4d9232fc75'),
	('fe13fb2abb29', '2023-08-08 13:35:48', '2023-08-08 13:35:48', 'bc085a419cc5', 'e8ccd9dcbf18'),
	('cdb8bd8158d1', '2023-08-08 13:36:51', '2023-08-08 13:36:51', 'a229f5a25a03', 'dd468f7875bd'),
	('d8cec8e0d093', '2023-08-08 13:39:01', '2023-08-08 13:39:01', '3b1e800e36c6', 'e8ccd9dcbf18'),
	('2a97dc31dbf9', '2023-08-08 13:39:51', '2023-08-08 13:39:51', '07b15a38e003', 'e8ccd9dcbf18'),
	('633e11686375', '2023-08-08 13:40:23', '2023-08-08 13:40:23', '488aa4e695a4', 'dd468f7875bd'),
	('b7c2759ab88f', '2023-08-08 13:41:36', '2023-08-08 13:41:36', '2d2643052dab', 'b8010186e0cc'),
	('65c8175d461b', '2023-08-08 13:42:32', '2023-08-08 13:42:32', '5c3bcc0a9715', 'dd468f7875bd'),
	('e2fe7a5699cd', '2023-08-08 13:42:59', '2023-08-08 13:42:59', '8688fb09474f', 'e8ccd9dcbf18'),
	('1d978ebb3724', '2023-08-08 13:43:28', '2023-08-08 13:43:28', '8eef775e9750', 'ef436e2cbdff');



INSERT INTO public.category_contenttype (category_id, contenttype_id) VALUES
	('909b6d40ade7', 'f17470519474'),
	('909b6d40ade7', '3ef17bd1df72'),
	('909b6d40ade7', '4f0c657fecef'),
	('909b6d40ade7', '44dcc7493c65'),
	('909b6d40ade7', 'cfccaecd4bad'),
	('909b6d40ade7', '318e064ea0c9'),
	('2c2da27d0fbc', 'f17470519474'),
	('2c2da27d0fbc', '1a0f84e322c8'),
	('2c2da27d0fbc', '3ef17bd1df72'),
	('2c2da27d0fbc', '4f0c657fecef'),
	('2c2da27d0fbc', '44dcc7493c65'),
	('2c2da27d0fbc', 'cfccaecd4bad'),
	('2c2da27d0fbc', '318e064ea0c9'),
	('0473bcb2f985', 'f17470519474'),
	('0473bcb2f985', '3ef17bd1df72'),
	('0473bcb2f985', '4f0c657fecef'),
	('0473bcb2f985', '44dcc7493c65'),
	('0473bcb2f985', 'cfccaecd4bad'),
	('0473bcb2f985', '318e064ea0c9'),
	('909b6d40ade7', 'a4211c112939'),
	('0473bcb2f985', 'a4211c112939'),
	('2c2da27d0fbc', 'a4211c112939');












INSERT INTO public.period (id, description, start, "end", createtime, updatetime, campid) VALUES
	('70eb38641890', 'Hauptlager', '2025-07-13', '2025-07-20', '2023-08-08 09:22:58', '2023-08-08 09:48:01', 'd95a0339fb24');



INSERT INTO public.day (id, dayoffset, createtime, updatetime, periodid) VALUES
	('e6e8627c87bd', 0, '2023-08-08 09:22:58', '2023-08-08 09:22:58', '70eb38641890'),
	('32fd2af2597d', 1, '2023-08-08 09:22:58', '2023-08-08 09:22:58', '70eb38641890'),
	('24926e8c46e4', 2, '2023-08-08 09:22:58', '2023-08-08 09:22:58', '70eb38641890'),
	('5614ef8eb415', 3, '2023-08-08 09:22:58', '2023-08-08 09:22:58', '70eb38641890'),
	('2798161bac55', 4, '2023-08-08 09:22:58', '2023-08-08 09:22:58', '70eb38641890'),
	('61148fe37ab6', 5, '2023-08-08 09:22:58', '2023-08-08 09:22:58', '70eb38641890'),
	('193952b0d105', 6, '2023-08-08 09:22:58', '2023-08-08 09:22:58', '70eb38641890'),
	('1c8e936f547e', 7, '2023-08-08 09:22:58', '2023-08-08 09:22:58', '70eb38641890');



INSERT INTO public.day_responsible (id, createtime, updatetime, dayid, campcollaborationid) VALUES
	('012ece8fcd2c', '2023-08-08 10:31:48', '2023-08-08 10:31:48', 'e6e8627c87bd', '6b4d9232fc75'),
	('292fe21d3178', '2023-08-08 10:31:50', '2023-08-08 10:31:50', '1c8e936f547e', '6b4d9232fc75'),
	('f54fad1933ae', '2023-08-08 10:31:53', '2023-08-08 10:31:53', '32fd2af2597d', 'e8ccd9dcbf18'),
	('e1fa6e655b3e', '2023-08-08 10:31:56', '2023-08-08 10:31:56', '24926e8c46e4', '41ad0fef600a'),
	('deaa6bdf2806', '2023-08-08 10:31:59', '2023-08-08 10:31:59', '5614ef8eb415', 'dd468f7875bd'),
	('10b7bbda967e', '2023-08-08 10:32:04', '2023-08-08 10:32:04', '2798161bac55', 'dd468f7875bd'),
	('b910f6947b7c', '2023-08-08 10:32:07', '2023-08-08 10:32:07', '61148fe37ab6', '41ad0fef600a'),
	('d9fd454a45e4', '2023-08-08 10:32:11', '2023-08-08 10:32:11', '193952b0d105', 'ef436e2cbdff');



INSERT INTO public.material_list (id, materiallistprototypeid, name, createtime, updatetime, campid, campcollaborationid) VALUES
	('7fc23538a698', 'a69b2d247be3', 'Baumarkt', '2023-08-08 09:22:58', '2023-08-08 09:22:58', 'd95a0339fb24', NULL),
	('c5e949929f29', '387e6dbe2cbb', 'Pfadiheim', '2023-08-08 09:22:58', '2023-08-08 09:22:58', 'd95a0339fb24', NULL),
	('e7dc9a898075', '58723b211d16', 'J+S', '2023-08-08 09:22:58', '2023-08-08 09:22:58', 'd95a0339fb24', NULL),
	('78717403067f', NULL, NULL, '2023-08-08 09:22:58', '2023-08-08 09:22:58', 'd95a0339fb24', '6b4d9232fc75'),
	('eae40dad2e2b', NULL, 'Packliste', '2023-08-08 09:26:09', '2023-08-08 09:26:09', 'd95a0339fb24', NULL),
	('5f793e766e29', 'd26923cc560d', 'Coop', '2023-08-08 09:22:58', '2023-08-08 09:26:25', 'd95a0339fb24', NULL),
	('ffe38bad5541', NULL, NULL, '2023-08-08 09:36:01', '2023-08-08 09:36:01', 'd95a0339fb24', 'dd468f7875bd'),
	('435e978497d0', NULL, NULL, '2023-08-08 09:36:41', '2023-08-08 09:36:41', 'd95a0339fb24', '41ad0fef600a'),
	('b5e5f29c4270', NULL, NULL, '2023-08-08 09:37:16', '2023-08-08 09:37:16', 'd95a0339fb24', 'b8010186e0cc'),
	('b6ee97eae046', NULL, NULL, '2023-08-08 09:38:01', '2023-08-08 09:38:01', 'd95a0339fb24', 'ef436e2cbdff'),
	('f3abf8387663', NULL, NULL, '2023-08-08 09:38:27', '2023-08-08 09:38:27', 'd95a0339fb24', 'e8ccd9dcbf18');



INSERT INTO public.material_item (id, article, quantity, unit, createtime, updatetime, materiallistid, periodid, materialnodeid) VALUES
	('b8f8dbe01df3', 'Gruppenbillet', 1, NULL, '2023-08-08 12:47:56', '2023-08-08 12:47:56', '78717403067f', NULL, '7468faac1dc5'),
	('e9290a3b20aa', 'Apotheke', 1, NULL, '2023-08-08 12:48:07', '2023-08-08 12:48:07', '78717403067f', NULL, '7468faac1dc5'),
	('ce224e39d5df', 'Teilnehmerliste', 1, NULL, '2023-08-08 12:48:19', '2023-08-08 12:48:19', '78717403067f', NULL, '7468faac1dc5'),
	('af48b7f2659b', 'Ordner für Notfallblätter', 1, NULL, '2023-08-08 12:48:33', '2023-08-08 12:48:33', '78717403067f', NULL, '7468faac1dc5'),
	('f071b252ea7d', 'Schatzkarten', 5, NULL, '2023-08-08 12:55:07', '2023-08-08 12:55:07', 'f3abf8387663', NULL, '0767619490dc'),
	('390844498959', 'Süssigkeiten', 1, 'kg', '2023-08-08 12:54:55', '2023-08-08 12:56:34', '5f793e766e29', NULL, '0767619490dc'),
	('b935663813c0', 'Blachen', 6, NULL, '2023-08-08 12:56:36', '2023-08-08 12:56:36', 'c5e949929f29', NULL, '0767619490dc'),
	('601ea1a969d4', 'Schatztruhe', 1, NULL, '2023-08-08 12:57:04', '2023-08-08 12:57:04', 'c5e949929f29', NULL, '0767619490dc'),
	('58e71292d410', 'Schatzversteck', 1, NULL, '2023-08-08 13:04:56', '2023-08-08 13:04:56', 'eae40dad2e2b', NULL, '11853b12ee21'),
	('f8defac321c0', 'Tee', 10, 'Liter', '2023-08-08 13:05:12', '2023-08-08 13:05:12', '5f793e766e29', NULL, '11853b12ee21'),
	('1f3168099f91', 'Schnur', 4, 'm', '2023-08-08 13:09:39', '2023-08-08 13:09:39', 'f3abf8387663', NULL, '8fe16c9046d3'),
	('849cddc29668', 'Äpfel', 5, 'kg', '2023-08-08 13:19:30', '2023-08-08 13:19:30', 'b6ee97eae046', NULL, '14b0b9f54c0e'),
	('2bf0515a5c4d', 'Seil', 8, 'm', '2023-08-08 13:19:39', '2023-08-08 13:19:39', 'b5e5f29c4270', NULL, '14b0b9f54c0e'),
	('eba4cbee9598', 'Verkleidung Dolor', 1, NULL, '2023-08-08 13:19:54', '2023-08-08 13:19:54', '435e978497d0', NULL, '14b0b9f54c0e'),
	('20c29677eb93', 'Chips', 8, 'Pack', '2023-08-08 13:22:19', '2023-08-08 13:22:19', '5f793e766e29', NULL, '26d7a5e3e61f'),
	('eb9c66e0ddd8', 'MIlch', 10, 'Liter', '2023-08-08 13:22:30', '2023-08-08 13:22:30', '5f793e766e29', NULL, '26d7a5e3e61f'),
	('7cb51cd3bc9f', 'Bändeli', 5, 'Farben', '2023-08-08 13:22:41', '2023-08-08 13:22:41', 'c5e949929f29', NULL, '26d7a5e3e61f'),
	('5d0f82b09bd2', 'Spaten', 6, NULL, '2023-08-08 13:22:55', '2023-08-08 13:22:55', 'e7dc9a898075', NULL, '26d7a5e3e61f'),
	('b6e44eaad7a1', 'Pizza', 5, 'Stück', '2023-08-08 13:30:36', '2023-08-08 13:30:36', '5f793e766e29', NULL, '0b729227bc64'),
	('f70dbcd7052d', 'Luftballone', 3, NULL, '2023-08-08 13:30:51', '2023-08-08 13:30:51', 'ffe38bad5541', NULL, '0b729227bc64'),
	('a99ba3b26c3a', 'Hüpfsäcke', 3, NULL, '2023-08-08 13:31:16', '2023-08-08 13:31:16', 'f3abf8387663', NULL, '0b729227bc64'),
	('a53dd775c607', 'Spitzhacken', 8, NULL, '2023-08-08 13:31:46', '2023-08-08 13:31:46', 'e7dc9a898075', NULL, '0b729227bc64'),
	('0419d82cb50e', 'Blacken', 5, NULL, '2023-08-08 13:31:55', '2023-08-08 13:31:55', 'e7dc9a898075', NULL, '0b729227bc64'),
	('e52bc73f93a8', 'Sugus', 20, NULL, '2023-08-08 13:32:08', '2023-08-08 13:32:08', '5f793e766e29', NULL, '0b729227bc64'),
	('bc734d5e90ec', 'Verkleidung Harry Potter', 1, NULL, '2023-08-08 13:32:20', '2023-08-08 13:32:20', '78717403067f', NULL, '0b729227bc64'),
	('ed1978ef399b', 'Äpfel', 10, 'Stück', '2023-08-08 13:32:56', '2023-08-08 13:32:56', 'b5e5f29c4270', NULL, '0b729227bc64'),
	('cc61c6a9ddcd', 'Knoblauch', 4, NULL, '2023-08-08 13:33:09', '2023-08-08 13:33:09', 'b5e5f29c4270', NULL, '0b729227bc64'),
	('6ffff7314f97', 'Zucker', 800, 'g', '2023-08-08 13:33:22', '2023-08-08 13:33:22', 'b5e5f29c4270', NULL, '0b729227bc64'),
	('e7be4fb7869e', 'Zauberhüte', NULL, NULL, '2024-04-01 18:08:01', '2024-04-01 18:08:01', 'c5e949929f29', NULL, '4eeeedb0c764');






INSERT INTO public.schedule_entry (id, startoffset, endoffset, "left", width, createtime, updatetime, periodid, activityid) VALUES
	('5fda373c3c7a', 720, 780, 0, 1, '2023-08-08 09:49:23', '2023-08-08 09:49:23', '70eb38641890', '15054c82d31d'),
	('e5dd0215c0e1', 2160, 2220, 0, 1, '2023-08-08 09:49:23', '2023-08-08 09:49:23', '70eb38641890', '15054c82d31d'),
	('8ce9e1253bee', 3600, 3660, 0, 1, '2023-08-08 09:49:23', '2023-08-08 09:49:23', '70eb38641890', '15054c82d31d'),
	('b353fbd1cd1c', 5040, 5100, 0, 1, '2023-08-08 09:49:23', '2023-08-08 09:49:23', '70eb38641890', '15054c82d31d'),
	('5cca4e49b426', 6480, 6540, 0, 1, '2023-08-08 09:49:23', '2023-08-08 09:49:23', '70eb38641890', '15054c82d31d'),
	('19d7f271a65e', 7920, 7980, 0, 1, '2023-08-08 09:49:23', '2023-08-08 09:49:23', '70eb38641890', '15054c82d31d'),
	('5f731a1d29f6', 9360, 9420, 0, 1, '2023-08-08 09:49:23', '2023-08-08 09:49:23', '70eb38641890', '15054c82d31d'),
	('2feda2f9a346', 10800, 10860, 0, 1, '2023-08-08 09:49:23', '2023-08-08 09:49:23', '70eb38641890', '15054c82d31d'),
	('6d5c3d3c019b', 1920, 1980, 0, 1, '2023-08-08 09:51:29', '2023-08-08 09:51:29', '70eb38641890', '596f6b76daaf'),
	('559f0f0aa5f3', 3360, 3420, 0, 1, '2023-08-08 09:51:29', '2023-08-08 09:51:29', '70eb38641890', '596f6b76daaf'),
	('12053bcd29a9', 4800, 4860, 0, 1, '2023-08-08 09:51:29', '2023-08-08 09:51:29', '70eb38641890', '596f6b76daaf'),
	('eaf0025de6e5', 6240, 6300, 0, 1, '2023-08-08 09:51:29', '2023-08-08 09:51:29', '70eb38641890', '596f6b76daaf'),
	('d96973ad5616', 7680, 7740, 0, 1, '2023-08-08 09:51:29', '2023-08-08 09:51:29', '70eb38641890', '596f6b76daaf'),
	('bbedf50fb989', 9120, 9180, 0, 1, '2023-08-08 09:51:29', '2023-08-08 09:51:29', '70eb38641890', '596f6b76daaf'),
	('b3a33905003b', 10560, 10620, 0, 1, '2023-08-08 09:51:29', '2023-08-08 09:51:29', '70eb38641890', '596f6b76daaf'),
	('212b99bb1b82', 2520, 2580, 0, 1, '2023-08-08 09:52:49', '2023-08-08 09:52:49', '70eb38641890', '7d7d8daec57d'),
	('7f76b044197b', 3960, 4020, 0, 1, '2023-08-08 09:52:49', '2023-08-08 09:52:49', '70eb38641890', '7d7d8daec57d'),
	('236c72696dd9', 5400, 5460, 0, 1, '2023-08-08 09:52:49', '2023-08-08 09:52:49', '70eb38641890', '7d7d8daec57d'),
	('bb92111f309b', 6840, 6900, 0, 1, '2023-08-08 09:52:49', '2023-08-08 09:52:49', '70eb38641890', '7d7d8daec57d'),
	('824036f83e28', 8280, 8340, 0, 1, '2023-08-08 09:52:49', '2023-08-08 09:52:49', '70eb38641890', '7d7d8daec57d'),
	('484259936b43', 9720, 9780, 0, 1, '2023-08-08 09:52:49', '2023-08-08 09:52:49', '70eb38641890', '7d7d8daec57d'),
	('c88c61969814', 510, 720, 0, 1, '2023-08-08 09:53:21', '2023-08-08 09:53:21', '70eb38641890', 'f9556b9cad0d'),
	('d6af0886ab91', 1890, 1920, 0, 1, '2023-08-08 09:53:49', '2023-08-08 09:53:49', '70eb38641890', 'e7373a2f365f'),
	('627763d9f102', 3330, 3360, 0, 1, '2023-08-08 09:54:05', '2023-08-08 09:54:14', '70eb38641890', '79b5e64449d1'),
	('3831a157e291', 4770, 4800, 0, 1, '2023-08-08 09:54:22', '2023-08-08 09:54:22', '70eb38641890', '1ec7d91a9c8c'),
	('98f38dcf288e', 6210, 6240, 0, 1, '2023-08-08 09:54:27', '2023-08-08 09:54:27', '70eb38641890', '7c7b67ce6b97'),
	('1f337eabd2a3', 7650, 7680, 0, 1, '2023-08-08 09:54:32', '2023-08-08 09:54:32', '70eb38641890', '488aa4e695a4'),
	('ad35121988c2', 9090, 9120, 0, 1, '2023-08-08 09:54:37', '2023-08-08 09:54:37', '70eb38641890', '462211dcb482'),
	('1f8b1e31bfa9', 10530, 10560, 0, 1, '2023-08-08 09:54:41', '2023-08-08 09:54:41', '70eb38641890', '2ef518b88e54'),
	('8a4efba1aef7', 1080, 1200, 0, 1, '2023-08-08 09:52:49', '2023-08-08 09:55:04', '70eb38641890', '7d7d8daec57d'),
	('b83b2cacaab8', 1200, 1260, 0, 1, '2023-08-08 09:55:13', '2023-08-08 09:55:13', '70eb38641890', '41dc98ec237b'),
	('4c4e7d1551cc', 1980, 2160, 0, 1, '2023-08-08 09:55:35', '2023-08-08 09:55:35', '70eb38641890', 'caf042393c93'),
	('77ac7943ccbf', 2670, 2745, 0, 1, '2023-08-08 09:56:01', '2023-08-08 09:56:01', '70eb38641890', '494229b6839e'),
	('2fd476b5947b', 2790, 2850, 0, 1, '2023-08-08 09:56:21', '2023-08-08 09:56:21', '70eb38641890', '08aec69b21bb'),
	('9e7223c78d0a', 3825, 3915, 0, 1, '2023-08-08 09:56:45', '2023-08-08 09:56:45', '70eb38641890', '3a42b5e60f4c'),
	('2f29bc5659f4', 4860, 5040, 0, 1, '2023-08-08 10:11:42', '2023-08-08 10:11:42', '70eb38641890', 'bc085a419cc5'),
	('007fc75d5c2b', 5100, 6480, 0, 1, '2023-08-08 10:12:15', '2023-08-08 10:13:13', '70eb38641890', 'a229f5a25a03'),
	('8988ba1bbbeb', 6540, 6765, 0, 1, '2023-08-08 10:13:31', '2023-08-08 10:13:31', '70eb38641890', '3b1e800e36c6'),
	('498fd6eed418', 7740, 7830, 0, 1, '2023-08-08 10:13:58', '2023-08-08 10:13:58', '70eb38641890', '2d2643052dab'),
	('323fbd2fe699', 8340, 8535, 0, 1, '2023-08-08 10:14:26', '2023-08-08 10:14:26', '70eb38641890', '8eef775e9750'),
	('05193c5a8583', 10980, 11100, 0, 1, '2023-08-08 10:15:26', '2023-08-08 10:15:26', '70eb38641890', '780e15cda964'),
	('d811baf5cbb3', 780, 1080, 0, 1, '2023-08-08 10:15:50', '2023-08-08 10:15:50', '70eb38641890', '4ff034bb73e4'),
	('cd61403c71bb', 900, 1080, 0, 1, '2023-08-08 10:16:36', '2023-08-08 10:16:43', '70eb38641890', 'f7d79851696e'),
	('62f4e2651f52', 2220, 2355, 0, 1, '2023-08-08 10:17:07', '2023-08-08 10:17:07', '70eb38641890', 'eb1740a1f610'),
	('c878312b4835', 3420, 3600, 0, 1, '2023-08-08 10:17:52', '2023-08-08 10:17:52', '70eb38641890', '0a1100944769'),
	('606ab6337dcd', 10620, 10800, 0, 1, '2023-08-08 10:18:24', '2023-08-08 10:18:24', '70eb38641890', '733a349d817d'),
	('16770439d5e7', 2355, 2520, 0, 1, '2023-08-08 10:19:57', '2023-08-08 10:19:57', '70eb38641890', '5a7b827315b2'),
	('4fa6c9a88d83', 3690, 3795, 0, 1, '2023-08-08 10:20:31', '2023-08-08 10:20:31', '70eb38641890', '988f9d03cec5'),
	('0ddb1920f571', 4020, 4155, 0, 1, '2023-08-08 10:20:55', '2023-08-08 10:20:55', '70eb38641890', 'be0e455f3ae1'),
	('8271384d89a9', 6915, 7050, 0, 1, '2023-08-08 10:21:16', '2023-08-08 10:21:16', '70eb38641890', '07b15a38e003'),
	('8b943c90fc96', 2580, 2760, 0, 1, '2023-08-08 10:21:40', '2023-08-08 10:21:40', '70eb38641890', '0a43c5aa63fe'),
	('a581bc792a8d', 9435, 9690, 0, 1, '2023-08-08 10:18:16', '2023-08-08 10:22:47', '70eb38641890', '92bac1519754'),
	('9e6369752748', 9540, 9720, 0, 1, '2023-08-08 10:14:57', '2023-08-08 10:22:53', '70eb38641890', '44a904ca3b00'),
	('747e6e364fbd', 9495, 9705, 0, 1, '2023-08-08 10:22:12', '2023-08-08 10:23:01', '70eb38641890', '43c928910195'),
	('966c294b2458', 7995, 8100, 0, 1, '2023-08-08 10:24:56', '2023-08-08 10:24:56', '70eb38641890', '5c3bcc0a9715'),
	('4a5cd9d64552', 8145, 8265, 0, 1, '2023-08-08 10:24:56', '2023-08-08 10:27:34', '70eb38641890', '5c3bcc0a9715'),
	('d1af090ca8fc', 7995, 8100, 0, 1, '2023-08-08 10:25:47', '2023-08-08 10:28:00', '70eb38641890', '8688fb09474f'),
	('a2aef582ec3e', 8145, 8270, 0, 1, '2023-08-08 10:25:47', '2023-08-08 10:29:42', '70eb38641890', '8688fb09474f'),
	('545225bbf74d', 9180, 9345, 0, 1, '2023-08-08 10:30:47', '2023-08-08 10:30:47', '70eb38641890', '27487fdf1352'),
	('2fc84c8b275d', 3000, 3120, 0, 1, '2023-08-08 10:31:35', '2023-08-08 10:31:35', '70eb38641890', 'c85fe4c172ca');

END$$;