
/*!40101 SET @OLD_CHARACTER_SET_CLIENT=@@CHARACTER_SET_CLIENT */;
/*!40101 SET @OLD_CHARACTER_SET_RESULTS=@@CHARACTER_SET_RESULTS */;
/*!40101 SET @OLD_COLLATION_CONNECTION=@@COLLATION_CONNECTION */;
/*!40101 SET NAMES utf8 */;
/*!40103 SET @OLD_TIME_ZONE=@@TIME_ZONE */;
/*!40103 SET TIME_ZONE='+00:00' */;
/*!40014 SET @OLD_UNIQUE_CHECKS=@@UNIQUE_CHECKS, UNIQUE_CHECKS=0 */;
/*!40014 SET @OLD_FOREIGN_KEY_CHECKS=@@FOREIGN_KEY_CHECKS, FOREIGN_KEY_CHECKS=0 */;
/*!40101 SET @OLD_SQL_MODE=@@SQL_MODE, SQL_MODE='NO_AUTO_VALUE_ON_ZERO' */;
/*!40111 SET @OLD_SQL_NOTES=@@SQL_NOTES, SQL_NOTES=0 */;
DROP TABLE IF EXISTS `camps`;
/*!40101 SET @saved_cs_client     = @@character_set_client */;
/*!40101 SET character_set_client = utf8 */;
CREATE TABLE `camps` (
  `id` int(11) NOT NULL AUTO_INCREMENT,
  `creator_id` int(11) NOT NULL,
  `owner_id` int(11) DEFAULT NULL,
  `group_id` int(11) DEFAULT NULL,
  `created_at` datetime NOT NULL,
  `updated_at` datetime NOT NULL,
  `name` varchar(32) NOT NULL,
  `title` varchar(64) NOT NULL,
  PRIMARY KEY (`id`),
  UNIQUE KEY `group_name_unique` (`group_id`,`name`),
  UNIQUE KEY `owner_name_unique` (`owner_id`,`name`),
  KEY `camps_creator_id_idx` (`creator_id`),
  KEY `camps_owner_id_idx` (`owner_id`),
  KEY `camps_group_id_idx` (`group_id`),
  CONSTRAINT `camps_ibfk_1` FOREIGN KEY (`creator_id`) REFERENCES `users` (`id`),
  CONSTRAINT `camps_ibfk_2` FOREIGN KEY (`owner_id`) REFERENCES `users` (`id`),
  CONSTRAINT `camps_ibfk_3` FOREIGN KEY (`group_id`) REFERENCES `groups` (`id`)
) ENGINE=InnoDB AUTO_INCREMENT=26 DEFAULT CHARSET=latin1;
/*!40101 SET character_set_client = @saved_cs_client */;

LOCK TABLES `camps` WRITE;
/*!40000 ALTER TABLE `camps` DISABLE KEYS */;
INSERT INTO `camps` VALUES (7,7,7,NULL,'2011-11-26 21:14:26','2011-11-26 21:14:26','mycamp','My Camp'),(8,20,20,NULL,'2012-03-10 16:52:13','2012-03-10 16:52:13','mycamp','mycamp'),(9,20,20,NULL,'2012-03-10 17:08:11','2012-03-10 17:08:11','mycamp2','mycamp'),(13,7,7,NULL,'2012-03-20 07:52:08','2012-03-27 22:04:55','asdfadf','test'),(25,7,NULL,249,'2012-03-27 21:52:25','2012-03-27 21:52:44','sola12','asdf 12');
/*!40000 ALTER TABLE `camps` ENABLE KEYS */;
UNLOCK TABLES;
DROP TABLE IF EXISTS `days`;
/*!40101 SET @saved_cs_client     = @@character_set_client */;
/*!40101 SET character_set_client = utf8 */;
CREATE TABLE `days` (
  `id` int(11) NOT NULL AUTO_INCREMENT,
  `period_id` int(11) NOT NULL,
  `created_at` datetime NOT NULL,
  `updated_at` datetime NOT NULL,
  `dayOffset` int(11) NOT NULL,
  `notes` longtext NOT NULL,
  PRIMARY KEY (`id`),
  UNIQUE KEY `offset_period_idx` (`dayOffset`,`period_id`),
  KEY `days_period_id_idx` (`period_id`),
  CONSTRAINT `days_ibfk_1` FOREIGN KEY (`period_id`) REFERENCES `periods` (`id`)
) ENGINE=InnoDB DEFAULT CHARSET=latin1;
/*!40101 SET character_set_client = @saved_cs_client */;

LOCK TABLES `days` WRITE;
/*!40000 ALTER TABLE `days` DISABLE KEYS */;
/*!40000 ALTER TABLE `days` ENABLE KEYS */;
UNLOCK TABLES;
DROP TABLE IF EXISTS `event_instances`;
/*!40101 SET @saved_cs_client     = @@character_set_client */;
/*!40101 SET character_set_client = utf8 */;
CREATE TABLE `event_instances` (
  `id` int(11) NOT NULL AUTO_INCREMENT,
  `event_id` int(11) NOT NULL,
  `period_id` int(11) NOT NULL,
  `created_at` datetime NOT NULL,
  `updated_at` datetime NOT NULL,
  `minOffset` int(11) NOT NULL,
  `duration` int(11) NOT NULL,
  PRIMARY KEY (`id`),
  KEY `event_instances_event_id_idx` (`event_id`),
  KEY `event_instances_period_id_idx` (`period_id`),
  CONSTRAINT `event_instances_ibfk_1` FOREIGN KEY (`event_id`) REFERENCES `events` (`id`),
  CONSTRAINT `event_instances_ibfk_2` FOREIGN KEY (`period_id`) REFERENCES `periods` (`id`)
) ENGINE=InnoDB DEFAULT CHARSET=latin1;
/*!40101 SET character_set_client = @saved_cs_client */;

LOCK TABLES `event_instances` WRITE;
/*!40000 ALTER TABLE `event_instances` DISABLE KEYS */;
/*!40000 ALTER TABLE `event_instances` ENABLE KEYS */;
UNLOCK TABLES;
DROP TABLE IF EXISTS `events`;
/*!40101 SET @saved_cs_client     = @@character_set_client */;
/*!40101 SET character_set_client = utf8 */;
CREATE TABLE `events` (
  `id` int(11) NOT NULL AUTO_INCREMENT,
  `camp_id` int(11) DEFAULT NULL,
  `user_id` int(11) DEFAULT NULL,
  `created_at` datetime NOT NULL,
  `updated_at` datetime NOT NULL,
  `title` longtext NOT NULL,
  PRIMARY KEY (`id`),
  KEY `events_camp_id_idx` (`camp_id`),
  KEY `events_user_id_idx` (`user_id`),
  CONSTRAINT `events_ibfk_1` FOREIGN KEY (`camp_id`) REFERENCES `camps` (`id`),
  CONSTRAINT `events_ibfk_2` FOREIGN KEY (`user_id`) REFERENCES `users` (`id`)
) ENGINE=InnoDB DEFAULT CHARSET=latin1;
/*!40101 SET character_set_client = @saved_cs_client */;

LOCK TABLES `events` WRITE;
/*!40000 ALTER TABLE `events` DISABLE KEYS */;
/*!40000 ALTER TABLE `events` ENABLE KEYS */;
UNLOCK TABLES;
DROP TABLE IF EXISTS `groups`;
/*!40101 SET @saved_cs_client     = @@character_set_client */;
/*!40101 SET character_set_client = utf8 */;
CREATE TABLE `groups` (
  `id` int(11) NOT NULL AUTO_INCREMENT,
  `parent_id` int(11) DEFAULT NULL,
  `created_at` datetime NOT NULL,
  `updated_at` datetime NOT NULL,
  `name` varchar(32) NOT NULL,
  `description` varchar(64) NOT NULL,
  `image_id` int(11) DEFAULT NULL,
  PRIMARY KEY (`id`),
  UNIQUE KEY `group_parent_name_unique` (`parent_id`,`name`),
  UNIQUE KEY `UNIQ_F06D39703DA5256D` (`image_id`),
  KEY `groups_parent_id_idx` (`parent_id`),
  KEY `group_name_idx` (`name`),
  CONSTRAINT `FK_F06D39703DA5256D` FOREIGN KEY (`image_id`) REFERENCES `images` (`id`),
  CONSTRAINT `groups_ibfk_1` FOREIGN KEY (`parent_id`) REFERENCES `groups` (`id`)
) ENGINE=InnoDB AUTO_INCREMENT=711 DEFAULT CHARSET=latin1;
/*!40101 SET character_set_client = @saved_cs_client */;

LOCK TABLES `groups` WRITE;
/*!40000 ALTER TABLE `groups` DISABLE KEYS */;
INSERT INTO `groups` VALUES (1,NULL,'2011-03-15 20:00:40','2011-03-15 20:00:43','pbs','Pfadi Bewegung Schweiz',NULL),(2,1,'2011-03-15 20:11:00','2011-03-15 20:11:00','aargau','Pfadi Aargau',NULL),(3,2,'2011-03-15 20:11:00','2011-03-15 20:11:00','adler','Adler Aarau',NULL),(4,2,'2011-03-15 20:11:00','2011-03-15 20:11:00','baregg','Baregg Baden',NULL),(5,2,'2011-03-15 20:11:00','2011-03-15 20:11:00','bighorn','Pfadi Big Horn Lengnau AG',NULL),(6,2,'2011-03-15 20:11:00','2011-03-15 20:11:00','blaustein','Blaustein Gränichen',NULL),(7,2,'2011-03-15 20:11:00','2011-03-15 20:11:00','burghorn','Pfadi Burghorn Wettingen',NULL),(8,2,'2011-03-15 20:11:00','2011-03-15 20:11:00','schoeftle','Pfadi Schöftle Schöftland',NULL),(9,2,'2011-03-15 20:11:00','2011-03-15 20:11:00','erdmaennli','Erdmännli Wallbach',NULL),(10,2,'2011-03-15 20:11:00','2011-03-15 20:11:00','habsburg','Habsburg Brugg AG',NULL),(11,2,'2011-03-15 20:11:00','2011-03-15 20:11:00','hallwyl','Pfadi Hallwyl, Seetal (Seengen)',NULL),(12,2,'2011-03-15 20:11:00','2011-03-15 20:11:00','heitersberg','Heitersberg Oberrohrdorf',NULL),(13,2,'2011-03-15 20:11:00','2011-03-15 20:11:00','hochwacht','Hochwacht Baden',NULL),(14,2,'2011-03-15 20:11:00','2011-03-15 20:11:00','jonen','Pfadi Jonen',NULL),(15,2,'2011-03-15 20:11:00','2011-03-15 20:11:00','gofers','Gofers Lenzburg',NULL),(16,2,'2011-03-15 20:11:00','2011-03-15 20:11:00','riko','Riko Spreitenbach',NULL),(17,2,'2011-03-15 20:11:00','2011-03-15 20:11:00','wohle','Wohle',NULL),(18,2,'2011-03-15 20:11:00','2011-03-15 20:11:00','rothburg','Rothburg Rothrist/Aarburg',NULL),(19,2,'2011-03-15 20:11:00','2011-03-15 20:11:00','sins','Sins',NULL),(20,2,'2011-03-15 20:11:00','2011-03-15 20:11:00','sodales','Sodales Oberrohrdorf',NULL),(21,2,'2011-03-15 20:11:00','2011-03-15 20:11:00','stgeorg_aarau','St. Georg Aarau',NULL),(22,2,'2011-03-15 20:11:00','2011-03-15 20:11:00','stgeorg_safenwil','St.Georg Safenwil',NULL),(23,2,'2011-03-15 20:11:00','2011-03-15 20:11:00','stpeter','St. Peter Nussbaumen',NULL),(24,2,'2011-03-15 20:11:00','2011-03-15 20:11:00','thierstein','Thierstein Stein AG',NULL),(25,2,'2011-03-15 20:11:00','2011-03-15 20:11:00','vindonissa','Vindonissa Brugg AG',NULL),(26,2,'2011-03-15 20:11:00','2011-03-15 20:11:00','barracuda','Barracuda (Wildegg)',NULL),(27,2,'2011-03-15 20:11:00','2011-03-15 20:11:00','pta','PTA Aargau',NULL),(28,2,'2011-03-15 20:11:00','2011-03-15 20:11:00','zofingen','Zofingen',NULL),(29,2,'2011-03-15 20:11:00','2011-03-15 20:11:00','rymenzburg','Rymenzburg',NULL),(30,29,'2011-03-15 20:11:00','2011-03-15 20:11:00','kulm','Rymenzburg Kulm',NULL),(31,29,'2011-03-15 20:11:00','2011-03-15 20:11:00','von_flue','Von Flüe Menziken',NULL),(32,29,'2011-03-15 20:11:00','2011-03-15 20:11:00','wyna','Rymenzburg Wyna',NULL),(33,2,'2011-03-15 20:11:00','2011-03-15 20:11:00','alphacentauri','Alpha Centauri Mutschellen',NULL),(34,1,'2011-03-15 20:11:00','2011-03-15 20:11:00','bern','Pfadi Kanton Bern',NULL),(35,34,'2011-03-15 20:11:00','2011-03-15 20:11:00','baeretatze','Bäretatze',NULL),(36,35,'2011-03-15 20:11:00','2011-03-15 20:11:00','auguet','Auguet Muri-Gümligen',NULL),(37,35,'2011-03-15 20:11:00','2011-03-15 20:11:00','pta','PTA Bern',NULL),(38,35,'2011-03-15 20:11:00','2011-03-15 20:11:00','fliehburg','Fliehburg Rüfenacht BE',NULL),(39,35,'2011-03-15 20:11:00','2011-03-15 20:11:00','frienisberg','Pfadi Abteilung Frienisberg',NULL),(40,35,'2011-03-15 20:11:00','2011-03-15 20:11:00','riedburg','Riedburg Bern',NULL),(41,35,'2011-03-15 20:11:00','2011-03-15 20:11:00','chatzestyg','Chatzestyg Bolligen-Ittigen',NULL),(42,35,'2011-03-15 20:11:00','2011-03-15 20:11:00','steibruch','Steibruch Ostermundigen',NULL),(43,35,'2011-03-15 20:11:00','2011-03-15 20:11:00','falkenstein','Pfadi Falkenstein Köniz',NULL),(44,35,'2011-03-15 20:11:00','2011-03-15 20:11:00','aaredrache','Aaredrache Bern',NULL),(45,35,'2011-03-15 20:11:00','2011-03-15 20:11:00','grauholz','Grauholz',NULL),(46,35,'2011-03-15 20:11:00','2011-03-15 20:11:00','waerrenfels','Wärrenfels Belp',NULL),(47,34,'2011-03-15 20:11:00','2011-03-15 20:11:00','oberland','Oberland',NULL),(48,47,'2011-03-15 20:11:00','2011-03-15 20:11:00','muelistei','Pfadi Mülistei, Stettlen-Vechigen',NULL),(49,47,'2011-03-15 20:11:00','2011-03-15 20:11:00','kyburg','Verband Pfadi Kyburg Thun',NULL),(50,49,'2011-03-15 20:11:00','2011-03-15 20:11:00','nuenenen','Pfadi Nünenen Uetendorf',NULL),(51,49,'2011-03-15 20:11:00','2011-03-15 20:11:00','berchtold','Ritter Berchtold Thun',NULL),(52,49,'2011-03-15 20:11:00','2011-03-15 20:11:00','drachenburg','Drachenburg Steffisburg',NULL),(53,47,'2011-03-15 20:11:00','2011-03-15 20:11:00','stchristopherus','St.Christophorus Brienz-Meiring',NULL),(54,47,'2011-03-15 20:11:00','2011-03-15 20:11:00','buebebaerg','Stärn vo Buebebärg Spiez und Umgebung',NULL),(55,47,'2011-03-15 20:11:00','2011-03-15 20:11:00','virus','Virus Thun',NULL),(56,47,'2011-03-15 20:11:00','2011-03-15 20:11:00','unspunne','Pfadiabteilung Unspunne Interlaken',NULL),(57,47,'2011-03-15 20:11:00','2011-03-15 20:11:00','wendelsee','Pfadi Wendelsee Hünibach-Hilterfingen-Oberhofen',NULL),(58,34,'2011-03-15 20:11:00','2011-03-15 20:11:00','sense','Sense-Seeland',NULL),(59,58,'2011-03-15 20:11:00','2011-03-15 20:11:00','aarewacht','Pfadi Aarewacht Lyss',NULL),(60,58,'2011-03-15 20:11:00','2011-03-15 20:11:00','aquila','Pfadi Aquila Aarberg',NULL),(61,58,'2011-03-15 20:11:00','2011-03-15 20:11:00','rakataiana','Rakataiana Biel',NULL),(62,58,'2011-03-15 20:11:00','2011-03-15 20:11:00','buchsi','Buchsi Münchenbuchsee',NULL),(63,58,'2011-03-15 20:11:00','2011-03-15 20:11:00','gottstatt','Pfadi Gottstatt Orpund',NULL),(64,58,'2011-03-15 20:11:00','2011-03-15 20:11:00','hasenburg','Hasenburg Täuffelen-Ins',NULL),(65,58,'2011-03-15 20:11:00','2011-03-15 20:11:00','jura','Jura Biel',NULL),(66,58,'2011-03-15 20:11:00','2011-03-15 20:11:00','mistral','Lindenburg-Mistral Laupen BE',NULL),(67,58,'2011-03-15 20:11:00','2011-03-15 20:11:00','tornado','Lindenburg-Tornado Neuenegg',NULL),(68,58,'2011-03-15 20:11:00','2011-03-15 20:11:00','orion','Orion Biel',NULL),(69,58,'2011-03-15 20:11:00','2011-03-15 20:11:00','schekka','Schekka Schönbühl-Jegenstorf',NULL),(70,58,'2011-03-15 20:11:00','2011-03-15 20:11:00','pta_biel','PTA Biel',NULL),(71,34,'2011-03-15 20:11:00','2011-03-15 20:11:00','oberaargau','Untere Emme-Oberaargau',NULL),(72,71,'2011-03-15 20:11:00','2011-03-15 20:11:00','burgdorf','Burgdorf-Stadt',NULL),(73,71,'2011-03-15 20:11:00','2011-03-15 20:11:00','dreilinden','Drei Linden',NULL),(74,71,'2011-03-15 20:11:00','2011-03-15 20:11:00','landshut','Landshut Bätterkinden',NULL),(75,71,'2011-03-15 20:11:00','2011-03-15 20:11:00','lubra','Lubra Sumiswald',NULL),(76,71,'2011-03-15 20:11:00','2011-03-15 20:11:00','siwa','Siwa Roggwil Wynau Aarwangen',NULL),(77,71,'2011-03-15 20:11:00','2011-03-15 20:11:00','stgeorg','St. Georg Burgdorf - Lyssach',NULL),(78,71,'2011-03-15 20:11:00','2011-03-15 20:11:00','herzogenbuchsee','Pfadi Herzogenbuchsee',NULL),(79,71,'2011-03-15 20:11:00','2011-03-15 20:11:00','turmfalken','Pfadi Turmfalken Kirchberg',NULL),(80,34,'2011-03-15 20:11:00','2011-03-15 20:11:00','zytglogge','Bezirk Zytglogge',NULL),(81,80,'2011-03-15 20:11:00','2011-03-15 20:11:00','badenpowell','Baden-Powell Bern',NULL),(82,80,'2011-03-15 20:11:00','2011-03-15 20:11:00','zoltan_kodaly','Zoltan Kodaly (ungarische Pfadi)',NULL),(83,80,'2011-03-15 20:11:00','2011-03-15 20:11:00','windroesli','Korps Windrösli',NULL),(84,83,'2011-03-15 20:11:00','2011-03-15 20:11:00','frisco','Pfadi Frisco',NULL),(85,83,'2011-03-15 20:11:00','2011-03-15 20:11:00','stjosef','St. Josef Köniz',NULL),(86,83,'2011-03-15 20:11:00','2011-03-15 20:11:00','stmarien','St. Marien Bern',NULL),(87,83,'2011-03-15 20:11:00','2011-03-15 20:11:00','schwarzenburg','Schwarzenburg',NULL),(88,34,'2011-03-15 20:11:00','2011-03-15 20:11:00','obereemme','Obere Emme',NULL),(89,88,'2011-03-15 20:11:00','2011-03-15 20:11:00','chutze','Chutze Aaretal',NULL),(90,88,'2011-03-15 20:11:00','2011-03-15 20:11:00','worb','Worb',NULL),(91,88,'2011-03-15 20:11:00','2011-03-15 20:11:00','langnau','Hochwacht Langnau',NULL),(92,88,'2011-03-15 20:11:00','2011-03-15 20:11:00','kuonolf','Kuonolf Konolfingen',NULL),(93,34,'2011-03-15 20:11:00','2011-03-15 20:11:00','schwyzerstaern','Corps Schwyzerstärn',NULL),(94,93,'2011-03-15 20:11:00','2011-03-15 20:11:00','inka','Inka Bremgarten b.Bern',NULL),(95,93,'2011-03-15 20:11:00','2011-03-15 20:11:00','maya','Maya Bern',NULL),(96,93,'2011-03-15 20:11:00','2011-03-15 20:11:00','sparta','Sparta Bern',NULL),(97,93,'2011-03-15 20:11:00','2011-03-15 20:11:00','tuareg','Tuareg Bern-Kehrsatz',NULL),(98,93,'2011-03-15 20:11:00','2011-03-15 20:11:00','wiking','Wiking',NULL),(99,34,'2011-03-15 20:11:00','2011-03-15 20:11:00','patria','Pfadicorps Patria Bern',NULL),(100,1,'2011-03-15 20:11:00','2011-03-15 20:11:00','basel','Pfadi Region Basel',NULL),(101,100,'2011-03-15 20:11:00','2011-03-15 20:11:00','johanniter','Johanniter',NULL),(102,101,'2011-03-15 20:11:00','2011-03-15 20:11:00','angenstein','Angenstein Aesch',NULL),(103,101,'2011-03-15 20:11:00','2011-03-15 20:11:00','blauen','Blauen Basel',NULL),(104,101,'2011-03-15 20:11:00','2011-03-15 20:11:00','rychestei','Rychestei Arlesheim',NULL),(105,101,'2011-03-15 20:11:00','2011-03-15 20:11:00','sunnebaerg','Pfadiabteilung Sunnebärg',NULL),(106,101,'2011-03-15 20:11:00','2011-03-15 20:11:00','waldchutz','Waldchutz Biel-Benken BL',NULL),(107,101,'2011-03-15 20:11:00','2011-03-15 20:11:00','3tannen','3 Tannen',NULL),(108,101,'2011-03-15 20:11:00','2011-03-15 20:11:00','schnaeggebaerg','Schnäggebärg (Oberwil)',NULL),(109,100,'2011-03-15 20:11:00','2011-03-15 20:11:00','laufental','Laufental',NULL),(110,109,'2011-03-15 20:11:00','2011-03-15 20:11:00','helvetia','Helvetia Laufen',NULL),(111,109,'2011-03-15 20:11:00','2011-03-15 20:11:00','stmartin','St.Martin Laufen',NULL),(112,109,'2011-03-15 20:11:00','2011-03-15 20:11:00','birrsprung','Birssprung',NULL),(113,100,'2011-03-15 20:11:00','2011-03-15 20:11:00','rheinbund','Rheinbund',NULL),(114,113,'2011-03-15 20:11:00','2011-03-15 20:11:00','rheinfelden1','Pfadi Rheinfelden',NULL),(115,113,'2011-03-15 20:11:00','2011-03-15 20:11:00','thierstein','Thierstein Möhlin',NULL),(116,113,'2011-03-15 20:11:00','2011-03-15 20:11:00','rheinfelden2','Rheinfelden',NULL),(117,113,'2011-03-15 20:11:00','2011-03-15 20:11:00','propatria','Pro Patria Basel',NULL),(118,100,'2011-03-15 20:11:00','2011-03-15 20:11:00','raurica','Raurica',NULL),(119,118,'2011-03-15 20:11:00','2011-03-15 20:11:00','adler','Pfadi Adler Pratteln',NULL),(120,118,'2011-03-15 20:11:00','2011-03-15 20:11:00','farnsburg','Farnsburg',NULL),(121,118,'2011-03-15 20:11:00','2011-03-15 20:11:00','liestal','Liestal',NULL),(122,118,'2011-03-15 20:11:00','2011-03-15 20:11:00','rinau','Rinau Kaiseraugst',NULL),(123,118,'2011-03-15 20:11:00','2011-03-15 20:11:00','gelterkinden','Gelterkinden-Sissach',NULL),(124,118,'2011-03-15 20:11:00','2011-03-15 20:11:00','waldenburgertal','Waldenburgertal Niederdorf',NULL),(125,100,'2011-03-15 20:11:00','2011-03-15 20:11:00','zytroeseli','Zytröseli',NULL),(126,125,'2011-03-15 20:11:00','2011-03-15 20:11:00','bischofstein','Bischofstein Basel',NULL),(127,125,'2011-03-15 20:11:00','2011-03-15 20:11:00','falkenstein','Falkenstein Basel',NULL),(128,125,'2011-03-15 20:11:00','2011-03-15 20:11:00','gutenfels','Gutenfels Basel',NULL),(129,125,'2011-03-15 20:11:00','2011-03-15 20:11:00','schalberg','Schalberg Basel',NULL),(130,125,'2011-03-15 20:11:00','2011-03-15 20:11:00','ramstein','Ramstein Basel',NULL),(131,125,'2011-03-15 20:11:00','2011-03-15 20:11:00','schenkenberg','Schenkenberg Basel',NULL),(132,100,'2011-03-15 20:11:00','2011-03-15 20:11:00','kpk','KPK Basel',NULL),(133,132,'2011-03-15 20:11:00','2011-03-15 20:11:00','stalban','St.Alban Basel',NULL),(134,132,'2011-03-15 20:11:00','2011-03-15 20:11:00','baerenfels','Pfadi Bärenfels 1941',NULL),(135,132,'2011-03-15 20:11:00','2011-03-15 20:11:00','stbenno','Pfadi St. Benno',NULL),(136,132,'2011-03-15 20:11:00','2011-03-15 20:11:00','blauenstein','Blauenstein Basel',NULL),(137,132,'2011-03-15 20:11:00','2011-03-15 20:11:00','stbrandan','St.Brandan Basel',NULL),(138,132,'2011-03-15 20:11:00','2011-03-15 20:11:00','stfridolin','St.Fridolin Allschwil',NULL),(139,132,'2011-03-15 20:11:00','2011-03-15 20:11:00','stheinrich','St.Heinrich',NULL),(140,132,'2011-03-15 20:11:00','2011-03-15 20:11:00','stleodegar','St. Leodegar',NULL),(141,132,'2011-03-15 20:11:00','2011-03-15 20:11:00','stmartin','St.Martin Basel',NULL),(142,132,'2011-03-15 20:11:00','2011-03-15 20:11:00','stmauritius','St.Mauritius Dornach',NULL),(143,132,'2011-03-15 20:11:00','2011-03-15 20:11:00','moenchsberg','Mönchsberg Pfeffingen',NULL),(144,132,'2011-03-15 20:11:00','2011-03-15 20:11:00','muencheinstein','Münchenstein',NULL),(145,132,'2011-03-15 20:11:00','2011-03-15 20:11:00','stragnachar','St. Ragnachar, Riehen',NULL),(146,132,'2011-03-15 20:11:00','2011-03-15 20:11:00','sturs','Pfadi St. Urs Basel',NULL),(147,132,'2011-03-15 20:11:00','2011-03-15 20:11:00','wildenstein','Wildenstein Oberwil',NULL),(148,132,'2011-03-15 20:11:00','2011-03-15 20:11:00','stnikolaus','Pfadi Reinach St.Nikolaus',NULL),(149,132,'2011-03-15 20:11:00','2011-03-15 20:11:00','koinos','Pfadi Koinos',NULL),(150,100,'2011-03-15 20:11:00','2011-03-15 20:11:00','basilisk','Basilisk',NULL),(151,150,'2011-03-15 20:11:00','2011-03-15 20:11:00','dalbedoor','Dalbedoor Basel',NULL),(152,150,'2011-03-15 20:11:00','2011-03-15 20:11:00','rieche','Mäitlipfadi Rieche',NULL),(153,150,'2011-03-15 20:11:00','2011-03-15 20:11:00','herzberg','Herzberg Muttenz',NULL),(154,1,'2011-03-15 20:11:00','2011-03-15 20:11:00','fribourg','Association Scouts Fribourgeois',NULL),(155,154,'2011-03-15 20:11:00','2011-03-15 20:11:00','bulle','Scouts Bullois',NULL),(156,154,'2011-03-15 20:11:00','2011-03-15 20:11:00','veveyz','Scouts Veveyse',NULL),(157,154,'2011-03-15 20:11:00','2011-03-15 20:11:00','domdidier','Domdidier',NULL),(158,154,'2011-03-15 20:11:00','2011-03-15 20:11:00','marly','Foucauld Marly',NULL),(159,154,'2011-03-15 20:11:00','2011-03-15 20:11:00','murist','La Molière Murist',NULL),(160,154,'2011-03-15 20:11:00','2011-03-15 20:11:00','stnicolas','St-Nicolas Fribourg',NULL),(161,154,'2011-03-15 20:11:00','2011-03-15 20:11:00','stpierre','St-Pierre Fribourg',NULL),(162,154,'2011-03-15 20:11:00','2011-03-15 20:11:00','straphael','St-Raphaël Romont FR',NULL),(163,154,'2011-03-15 20:11:00','2011-03-15 20:11:00','glane','Villars sur Glâne',NULL),(164,154,'2011-03-15 20:11:00','2011-03-15 20:11:00','vully','Vully',NULL),(165,154,'2011-03-15 20:11:00','2011-03-15 20:11:00','xroi','X-Roi Fribourg',NULL),(166,154,'2011-03-15 20:11:00','2011-03-15 20:11:00','maggenberg','Pfadi Maggenberg Freiburg',NULL),(167,154,'2011-03-15 20:11:00','2011-03-15 20:11:00','stpeterundpaul','St.Peter und Paul Düdingen',NULL),(168,154,'2011-03-15 20:11:00','2011-03-15 20:11:00','andromeda','Pfadi Andromeda Murten',NULL),(169,154,'2011-03-15 20:11:00','2011-03-15 20:11:00','troubardours','Les Troubadours Grolley',NULL),(170,1,'2011-03-15 20:11:00','2011-03-15 20:11:00','geneve','Scouts Genevois',NULL),(171,170,'2011-03-15 20:11:00','2011-03-15 20:11:00','flambeaux','Flambeaux Genève sistiert',NULL),(172,170,'2011-03-15 20:11:00','2011-03-15 20:11:00','dunant','Henri Dunant Genève',NULL),(173,170,'2011-03-15 20:11:00','2011-03-15 20:11:00','meyrin','Rhône-Jura Meyrin',NULL),(174,170,'2011-03-15 20:11:00','2011-03-15 20:11:00','onex','Nouveau Monde Onex',NULL),(175,170,'2011-03-15 20:11:00','2011-03-15 20:11:00','saintexupery','Antoine de Saint-Exupéry Vandœuvres',NULL),(176,170,'2011-03-15 20:11:00','2011-03-15 20:11:00','durandal','Durandal Bernex',NULL),(177,170,'2011-03-15 20:11:00','2011-03-15 20:11:00','benoit','Bénoît-de-Ponverre Bernex',NULL),(178,170,'2011-03-15 20:11:00','2011-03-15 20:11:00','grandeourse','Grande Ourse Genève',NULL),(179,170,'2011-03-15 20:11:00','2011-03-15 20:11:00','terreneuve','Terre-Neuve Genève',NULL),(180,170,'2011-03-15 20:11:00','2011-03-15 20:11:00','montbrillant','Montbrillant Genève',NULL),(181,170,'2011-03-15 20:11:00','2011-03-15 20:11:00','bourgdefour','Bourg de Four Genève',NULL),(182,170,'2011-03-15 20:11:00','2011-03-15 20:11:00','chene','Chêne-Bourg',NULL),(183,170,'2011-03-15 20:11:00','2011-03-15 20:11:00','roset','Michel Roset Genève',NULL),(184,170,'2011-03-15 20:11:00','2011-03-15 20:11:00','rousseau','Jean-Jacques Rousseau Vernier',NULL),(185,170,'2011-03-15 20:11:00','2011-03-15 20:11:00','perceval','Perceval Geneve',NULL),(186,170,'2011-03-15 20:11:00','2011-03-15 20:11:00','lignon','Aire-Lignon Le Lignon (dissout)',NULL),(187,170,'2011-03-15 20:11:00','2011-03-15 20:11:00','lancy','Philibert Berthelier Lancy',NULL),(188,170,'2011-03-15 20:11:00','2011-03-15 20:11:00','carouge','Sainte-Croix Carouge',NULL),(189,170,'2011-03-15 20:11:00','2011-03-15 20:11:00','tanganyika','Tanganyika',NULL),(190,170,'2011-03-15 20:11:00','2011-03-15 20:11:00','stjoseph','St-Joseph Genève',NULL),(191,170,'2011-03-15 20:11:00','2011-03-15 20:11:00','siksandor','Sik Sandor Collex',NULL),(192,170,'2011-03-15 20:11:00','2011-03-15 20:11:00','jeanpiaget','Jean Piaget Genève',NULL),(193,170,'2011-03-15 20:11:00','2011-03-15 20:11:00','bonivard','Bonivard Genève',NULL),(194,170,'2011-03-15 20:11:00','2011-03-15 20:11:00','clantatanka','Clan Tatanka sistiert',NULL),(195,170,'2011-03-15 20:11:00','2011-03-15 20:11:00','troinex','Scouts Troinex',NULL),(196,170,'2011-03-15 20:11:00','2011-03-15 20:11:00','clanroutier','Clan Routier GSICC',NULL),(198,1,'2011-03-15 20:11:00','2011-03-15 20:11:00','glarus','Pfadi Glarus',NULL),(199,198,'2011-03-15 20:11:00','2011-03-15 20:11:00','glaernisch','Glärnisch Glarus',NULL),(200,198,'2011-03-15 20:11:00','2011-03-15 20:11:00','windegg','Pfadi Windegg Niederurnen',NULL),(201,198,'2011-03-15 20:11:00','2011-03-15 20:11:00','rauti','Rauti Näfels',NULL),(202,198,'2011-03-15 20:11:00','2011-03-15 20:11:00','toedi','Tödi Glarus',NULL),(203,198,'2011-03-15 20:11:00','2011-03-15 20:11:00','kaerpf','Kärpf Schwanden GL',NULL),(204,1,'2011-03-15 20:11:00','2011-03-15 20:11:00','graubuenden','Pfadi Graubünden',NULL),(205,204,'2011-03-15 20:11:00','2011-03-15 20:11:00','poschiavo','APE Poschiavo',NULL),(206,204,'2011-03-15 20:11:00','2011-03-15 20:11:00','amedes','Amedes Domat/Ems',NULL),(207,204,'2011-03-15 20:11:00','2011-03-15 20:11:00','capricorn','Battasendas Capricorn',NULL),(208,204,'2011-03-15 20:11:00','2011-03-15 20:11:00','maitlapfadi_chur','Chur Maitlapfadi',NULL),(209,204,'2011-03-15 20:11:00','2011-03-15 20:11:00','falkenstein','Falkenstein Landquart',NULL),(210,204,'2011-03-15 20:11:00','2011-03-15 20:11:00','kobra','Kobra Larein Pragg-Jenaz',NULL),(211,204,'2011-03-15 20:11:00','2011-03-15 20:11:00','libertas','Libertas St.Moritz',NULL),(212,204,'2011-03-15 20:11:00','2011-03-15 20:11:00','ramoz','Ramoz Arosa',NULL),(213,204,'2011-03-15 20:11:00','2011-03-15 20:11:00','rhaetikon','Rhätikon Schiers',NULL),(214,204,'2011-03-15 20:11:00','2011-03-15 20:11:00','samedan','Battasendas Samedan',NULL),(215,204,'2011-03-15 20:11:00','2011-03-15 20:11:00','davos','Pfadi Davos',NULL),(216,204,'2011-03-15 20:11:00','2011-03-15 20:11:00','stluzi','St.Luzi Chur',NULL),(217,204,'2011-03-15 20:11:00','2011-03-15 20:11:00','surses','Surses Albula',NULL),(218,204,'2011-03-15 20:11:00','2011-03-15 20:11:00','chur','Chur',NULL),(219,218,'2011-03-15 20:11:00','2011-03-15 20:11:00','falkenstein','Falkenstein Chur',NULL),(220,218,'2011-03-15 20:11:00','2011-03-15 20:11:00','ruchenberg','Ruchenberg Chur',NULL),(221,218,'2011-03-15 20:11:00','2011-03-15 20:11:00','pta_ortenstein','PTA Ortenstein Chur',NULL),(222,1,'2011-03-15 20:11:00','2011-03-15 20:11:00','jura','Association du Scoutisme Jurassien',NULL),(223,222,'2011-03-15 20:11:00','2011-03-15 20:11:00','alpha_stfrancois','Alpha St-François Bienne',NULL),(224,222,'2011-03-15 20:11:00','2011-03-15 20:11:00','erquel','Erguel St-Imier',NULL),(225,222,'2011-03-15 20:11:00','2011-03-15 20:11:00','leroc_stgeorges','Le Roc St-Georges Bienne',NULL),(226,222,'2011-03-15 20:11:00','2011-03-15 20:11:00','notredame','Notre-Dame de la Rte Delémont',NULL),(227,222,'2011-03-15 20:11:00','2011-03-15 20:11:00','moutier','Perceval Moutier',NULL),(228,222,'2011-03-15 20:11:00','2011-03-15 20:11:00','pierre_pertuis','Pierre-Pertuis Tavannes',NULL),(229,222,'2011-03-15 20:11:00','2011-03-15 20:11:00','stgermain','St-Germain Courroux',NULL),(230,222,'2011-03-15 20:11:00','2011-03-15 20:11:00','stlouis','St-Louis Saignelegier',NULL),(231,222,'2011-03-15 20:11:00','2011-03-15 20:11:00','stmichel','St-Michel Delémont',NULL),(232,222,'2011-03-15 20:11:00','2011-03-15 20:11:00','stnicolas','St-Nicolas de Flüe Vicques',NULL),(233,222,'2011-03-15 20:11:00','2011-03-15 20:11:00','stpierre','St-Pierre Porrentruy',NULL),(234,222,'2011-03-15 20:11:00','2011-03-15 20:11:00','courrendlin','St-Paul Courrendlin',NULL),(235,222,'2011-03-15 20:11:00','2011-03-15 20:11:00','fahy','St. Paul Fahy',NULL),(236,222,'2011-03-15 20:11:00','2011-03-15 20:11:00','neuveville','Tour de Rive La Neuveville',NULL),(237,222,'2011-03-15 20:11:00','2011-03-15 20:11:00','stmaurice','St-Maurice Glovelier',NULL),(238,222,'2011-03-15 20:11:00','2011-03-15 20:11:00','smt_jura','SMT Jura',NULL),(239,1,'2011-03-15 20:11:00','2011-03-15 20:11:00','luzern','Pfadi Luzern',NULL),(240,239,'2011-03-15 20:11:00','2011-03-15 20:11:00','luleu','Luzerner Leu',NULL),(241,240,'2011-03-15 20:11:00','2011-03-15 20:11:00','stanton','St. Anton Luzern',NULL),(242,240,'2011-03-15 20:11:00','2011-03-15 20:11:00','barfuesser','Pfadi Barfüesser Lozärn',NULL),(243,240,'2011-03-15 20:11:00','2011-03-15 20:11:00','stjosef','St.Josef Luzern',NULL),(244,240,'2011-03-15 20:11:00','2011-03-15 20:11:00','stkarl','St. Karl Luzern',NULL),(245,240,'2011-03-15 20:11:00','2011-03-15 20:11:00','stleodegar','St.Leodegar Luzern',NULL),(246,240,'2011-03-15 20:11:00','2011-03-15 20:11:00','stmichael','St.Michael Luzern',NULL),(247,240,'2011-03-15 20:11:00','2011-03-15 20:11:00','stpaul','St.Paul Luzern',NULL),(248,240,'2011-03-15 20:11:00','2011-03-15 20:11:00','stjohannes','St.Johannes Luzern',NULL),(249,239,'2011-03-15 20:11:00','2011-03-15 20:11:00','musegg','Musegg',NULL),(250,249,'2011-03-15 20:11:00','2011-03-15 20:11:00','luegisland','Luegisland Luzern',NULL),(251,249,'2011-03-15 20:11:00','2011-03-15 20:11:00','noelliturm','Pfadi Musegg Abteilung Nölliturm Luzern',NULL),(252,249,'2011-03-15 20:11:00','2011-03-15 20:11:00','zytturm','Pfadi Musegg Abteilung Zyturm',NULL),(253,249,'2011-03-15 20:11:00','2011-03-15 20:11:00','ufertrupp','Ufertrupp Luzern',NULL),(254,239,'2011-03-15 20:11:00','2011-03-15 20:11:00','wasserturm','Wasserturm',NULL),(255,254,'2011-03-15 20:11:00','2011-03-15 20:11:00','bergtrupp','Bergtrupp Ebikon',NULL),(257,254,'2011-03-15 20:11:00','2011-03-15 20:11:00','dreilinden','Dreilinden Luzern',NULL),(258,254,'2011-03-15 20:11:00','2011-03-15 20:11:00','stmichael','St.Michael Luzern',NULL),(259,254,'2011-03-15 20:11:00','2011-03-15 20:11:00','seppel','Seppel Luzern',NULL),(260,239,'2011-03-15 20:11:00','2011-03-15 20:11:00','santenberg','Santenberg',NULL),(261,260,'2011-03-15 20:11:00','2011-03-15 20:11:00','baeseris','Bäseris Hildisrieden',NULL),(262,260,'2011-03-15 20:11:00','2011-03-15 20:11:00','berona','Berona Beromünster',NULL),(263,260,'2011-03-15 20:11:00','2011-03-15 20:11:00','johanniter','Johanniter Reiden',NULL),(264,260,'2011-03-15 20:11:00','2011-03-15 20:11:00','malteser','Mädchenpfadi Malteser Reiden',NULL),(265,260,'2011-03-15 20:11:00','2011-03-15 20:11:00','sthedwig','St.Hedwig Sursee',NULL),(266,260,'2011-03-15 20:11:00','2011-03-15 20:11:00','stkarl','St.Karl Rickenbach',NULL),(267,260,'2011-03-15 20:11:00','2011-03-15 20:11:00','stmartin','St.Martin Sursee',NULL),(268,260,'2011-03-15 20:11:00','2011-03-15 20:11:00','stpeterundpaul','St.Peter und Paul Willisau',NULL),(269,260,'2011-03-15 20:11:00','2011-03-15 20:11:00','sttheodul','St.Theodul Neudorf',NULL),(270,260,'2011-03-15 20:11:00','2011-03-15 20:11:00','wartensee','Wartensee Neuenkirch',NULL),(271,260,'2011-03-15 20:11:00','2011-03-15 20:11:00','delta','Delta Ettiswil, Alberswil, Kottwil',NULL),(272,239,'2011-03-15 20:11:00','2011-03-15 20:11:00','seetal','Seetal',NULL),(273,272,'2011-03-15 20:11:00','2011-03-15 20:11:00','bruderklaus','Bruder Klaus Root',NULL),(275,272,'2011-03-15 20:11:00','2011-03-15 20:11:00','stjakob','St.Jakob Eschenbach LU',NULL),(276,272,'2011-03-15 20:11:00','2011-03-15 20:11:00','peterundpaul','Peter und Paul Inwil',NULL),(277,272,'2011-03-15 20:11:00','2011-03-15 20:11:00','winkelried','Winkelried Rothenburg',NULL),(278,272,'2011-03-15 20:11:00','2011-03-15 20:11:00','johanniter','Johanniter Hohenrein',NULL),(279,272,'2011-03-15 20:11:00','2011-03-15 20:11:00','rain','Pfadi Rain',NULL),(280,272,'2011-03-15 20:11:00','2011-03-15 20:11:00','ballwil','Pfadi Ballwil',NULL),(281,239,'2011-03-15 20:11:00','2011-03-15 20:11:00','sonnenberg','Sonnenberg',NULL),(282,281,'2011-03-15 20:11:00','2011-03-15 20:11:00','habsburg','Habsburg Meggen',NULL),(283,281,'2011-03-15 20:11:00','2011-03-15 20:11:00','haexebach','Häxebach Meggen',NULL),(284,281,'2011-03-15 20:11:00','2011-03-15 20:11:00','marcha','Marcha Malters',NULL),(285,281,'2011-03-15 20:11:00','2011-03-15 20:11:00','stgallus','St.Gallus Kriens',NULL),(286,281,'2011-03-15 20:11:00','2011-03-15 20:11:00','straphael','St.Raphael Horw',NULL),(287,239,'2011-03-15 20:11:00','2011-03-15 20:11:00','pta_tannenberg','PTA-Tannenberg',NULL),(289,1,'2011-03-15 20:11:00','2011-03-15 20:11:00','neuchatel','Association du Scoutisme Neuchâtelois',NULL),(290,289,'2011-03-15 20:11:00','2011-03-15 20:11:00','bevaix','Abbaye Bevaix',NULL),(291,289,'2011-03-15 20:11:00','2011-03-15 20:11:00','boudry','Areuse Marfaux Boudry',NULL),(292,289,'2011-03-15 20:11:00','2011-03-15 20:11:00','baslac','Groupe Scout Baslac',NULL),(293,289,'2011-03-15 20:11:00','2011-03-15 20:11:00','stnorbert','St-Norbert Neuchâtel',NULL),(294,289,'2011-03-15 20:11:00','2011-03-15 20:11:00','altair','Altair',NULL),(295,289,'2011-03-15 20:11:00','2011-03-15 20:11:00','boquetin','Bouquetin Neuchâtel',NULL),(296,289,'2011-03-15 20:11:00','2011-03-15 20:11:00','durandal','Durandal Cernier',NULL),(297,289,'2011-03-15 20:11:00','2011-03-15 20:11:00','lacolombe','La-Colombe Colombier NE',NULL),(298,289,'2011-03-15 20:11:00','2011-03-15 20:11:00','larochelle','La Rochelle La-Chaux-de-Fonds',NULL),(300,289,'2011-03-15 20:11:00','2011-03-15 20:11:00','perchettes','Perchettes Auvernier',NULL),(302,289,'2011-03-15 20:11:00','2011-03-15 20:11:00','tichodrome','Tichodrome - Le Locle',NULL),(303,289,'2011-03-15 20:11:00','2011-03-15 20:11:00','sthubert','St-Hubert La Chaux-de-Fonds',NULL),(304,289,'2011-03-15 20:11:00','2011-03-15 20:11:00','stlous','St-Louis Peseux',NULL),(305,289,'2011-03-15 20:11:00','2011-03-15 20:11:00','stpaul','St-Paul Le Locle',NULL),(306,289,'2011-03-15 20:11:00','2011-03-15 20:11:00','troisraisses','Trois Raisses Fleurier',NULL),(307,289,'2011-03-15 20:11:00','2011-03-15 20:11:00','troisetoiles','Trois-Etoiles Les Verrieres',NULL),(308,289,'2011-03-15 20:11:00','2011-03-15 20:11:00','valtra','Valtra Buttes',NULL),(309,289,'2011-03-15 20:11:00','2011-03-15 20:11:00','vieux-castel','Vieux-Castel La Chaux-de-Fonds',NULL),(311,289,'2011-03-15 20:11:00','2011-03-15 20:11:00','letison','Le Tison',NULL),(312,289,'2011-03-15 20:11:00','2011-03-15 20:11:00','flambeaux','Flambeaux Val-de-Travers',NULL),(313,1,'2011-03-15 20:11:00','2011-03-15 20:11:00','stgallen-appenzell','Pfadi Kantonalverband St. Gallen - Appenzell',NULL),(314,313,'2011-03-15 20:11:00','2011-03-15 20:11:00','hospiz','Hospiz',NULL),(315,314,'2011-03-15 20:11:00','2011-03-15 20:11:00','falkenstein','Falkenstein St. Gallen',NULL),(316,314,'2011-03-15 20:11:00','2011-03-15 20:11:00','pta_oberberg','PTA Oberberg St. Gallen',NULL),(317,314,'2011-03-15 20:11:00','2011-03-15 20:11:00','ramschwag','Ramschwag St. Gallen',NULL),(318,314,'2011-03-15 20:11:00','2011-03-15 20:11:00','rappenstein','Rappenstein St. Gallen',NULL),(319,314,'2011-03-15 20:11:00','2011-03-15 20:11:00','aetschberg','Aetschberg St. Gallen',NULL),(320,313,'2011-03-15 20:11:00','2011-03-15 20:11:00','gallus','Gallus St. Gallen',NULL),(321,320,'2011-03-15 20:11:00','2011-03-15 20:11:00','erlach','Erlach St. Gallen',NULL),(322,320,'2011-03-15 20:11:00','2011-03-15 20:11:00','fontana','Fontana St. Gallen',NULL),(323,320,'2011-03-15 20:11:00','2011-03-15 20:11:00','helveter','Helveter St. Gallen',NULL),(324,320,'2011-03-15 20:11:00','2011-03-15 20:11:00','juerg_jenatsch','Jürg Jenatsch St. Gallen',NULL),(325,320,'2011-03-15 20:11:00','2011-03-15 20:11:00','stmartin','St.Martin St. Gallen',NULL),(326,320,'2011-03-15 20:11:00','2011-03-15 20:11:00','stotmar','St. Otmar St. Gallen',NULL),(327,320,'2011-03-15 20:11:00','2011-03-15 20:11:00','peterundpaul','Peter+Paul St. Gallen',NULL),(328,313,'2011-03-15 20:11:00','2011-03-15 20:11:00','alvier','Alvier Buchs SG',NULL),(329,313,'2011-03-15 20:11:00','2011-03-15 20:11:00','attila','Attila Teufen AR',NULL),(330,313,'2011-03-15 20:11:00','2011-03-15 20:11:00','baden-powell','Baden-Powell Oberuzwil',NULL),(331,313,'2011-03-15 20:11:00','2011-03-15 20:11:00','grimmenstein','Grimmenstein St. Margreten',NULL),(332,313,'2011-03-15 20:11:00','2011-03-15 20:11:00','altenstein','Altenstein Heiden',NULL),(333,313,'2011-03-15 20:11:00','2011-03-15 20:11:00','heimat','Heimat Uzwil SG',NULL),(334,313,'2011-03-15 20:11:00','2011-03-15 20:11:00','helfenberg','Helfenberg-Oberberg Gossau SG',NULL),(335,313,'2011-03-15 20:11:00','2011-03-15 20:11:00','hof','Pfadi Hof Wil SG',NULL),(336,313,'2011-03-15 20:11:00','2011-03-15 20:11:00','Ital-reding','Ital-Reding Bad Ragaz',NULL),(337,313,'2011-03-15 20:11:00','2011-03-15 20:11:00','juvalta','Juvalta Eggersriet',NULL),(338,313,'2011-03-15 20:11:00','2011-03-15 20:11:00','kamor','Kamor Rüthi SG',NULL),(339,313,'2011-03-15 20:11:00','2011-03-15 20:11:00','landegg','Landegg Flawil',NULL),(340,313,'2011-03-15 20:11:00','2011-03-15 20:11:00','lido','Lido Uzwil',NULL),(341,313,'2011-03-15 20:11:00','2011-03-15 20:11:00','lowenburg','Löwenburg Zuzwil SG',NULL),(342,313,'2011-03-15 20:11:00','2011-03-15 20:11:00','freudenberg','Freudenberg St. Gallen',NULL),(343,313,'2011-03-15 20:11:00','2011-03-15 20:11:00','stanna','St. Anna Montlingen',NULL),(344,313,'2011-03-15 20:11:00','2011-03-15 20:11:00','maurena','Maurena Appenzell',NULL),(345,313,'2011-03-15 20:11:00','2011-03-15 20:11:00','mittelrheintal','Mittelrheintal Heerbrugg',NULL),(346,313,'2011-03-15 20:11:00','2011-03-15 20:11:00','oberrhi','Oberrhi Sargans-Wartau',NULL),(347,313,'2011-03-15 20:11:00','2011-03-15 20:11:00','propatria','Pro Patria St.Gallen',NULL),(348,313,'2011-03-15 20:11:00','2011-03-15 20:11:00','rorschach','Rorschach',NULL),(349,313,'2011-03-15 20:11:00','2011-03-15 20:11:00','sanktluzius','Sankt Luzius Walenstadt',NULL),(350,313,'2011-03-15 20:11:00','2011-03-15 20:11:00','seebuebe','Seebuebe Goldach',NULL),(351,313,'2011-03-15 20:11:00','2011-03-15 20:11:00','speicher','Speicher',NULL),(352,313,'2011-03-15 20:11:00','2011-03-15 20:11:00','stgeorg_gossau','St. Georg Gossau-Niederwil SG',NULL),(353,313,'2011-03-15 20:11:00','2011-03-15 20:11:00','stgeorg_uzwil','St. Georg Uzwil',NULL),(354,313,'2011-03-15 20:11:00','2011-03-15 20:11:00','stjustus','St. Justus Flums',NULL),(355,313,'2011-03-15 20:11:00','2011-03-15 20:11:00','stlaurentius','St. Laurentius Flawil',NULL),(356,313,'2011-03-15 20:11:00','2011-03-15 20:11:00','stmichael','St. Michael Altstätten SG',NULL),(357,313,'2011-03-15 20:11:00','2011-03-15 20:11:00','stoswald','St. Oswald Sargans',NULL),(358,313,'2011-03-15 20:11:00','2011-03-15 20:11:00','trogen','Trogen',NULL),(359,313,'2011-03-15 20:11:00','2011-03-15 20:11:00','urstein','Urstein Herisau',NULL),(360,313,'2011-03-15 20:11:00','2011-03-15 20:11:00','thur','Pfadfinder Thur Wil SG',NULL),(361,313,'2011-03-15 20:11:00','2011-03-15 20:11:00','wolfensberg','Wolfensberg Degersheim',NULL),(362,313,'2011-03-15 20:11:00','2011-03-15 20:11:00','yberg','Yberg Wattwil',NULL),(363,313,'2011-03-15 20:11:00','2011-03-15 20:11:00','dufour','General Dufour Rapperswil-Jona',NULL),(364,313,'2011-03-15 20:11:00','2011-03-15 20:11:00','eschenbach','Eschenbach SG',NULL),(365,313,'2011-03-15 20:11:00','2011-03-15 20:11:00','linth','Linth Uznach',NULL),(366,313,'2011-03-15 20:11:00','2011-03-15 20:11:00','wildmannli','Wildmannli',NULL),(367,313,'2011-03-15 20:11:00','2011-03-15 20:11:00','regulastein','Regulastein Gommiswald',NULL),(368,313,'2011-03-15 20:11:00','2011-03-15 20:11:00','oberhelfenschwil','Oberhelfenschwil, Ruedberg',NULL),(369,313,'2011-03-15 20:11:00','2011-03-15 20:11:00','stmartin','St. Martin Mels',NULL),(370,1,'2011-03-15 20:11:00','2011-03-15 20:11:00','schaffhausen','Pfadi Kantonalverband Schaffhausen',NULL),(371,370,'2011-03-15 20:11:00','2011-03-15 20:11:00','beringen','Beringen',NULL),(372,370,'2011-03-15 20:11:00','2011-03-15 20:11:00','hallau','Hallau-Wilchingen',NULL),(373,370,'2011-03-15 20:11:00','2011-03-15 20:11:00','laufen','Laufen',NULL),(374,370,'2011-03-15 20:11:00','2011-03-15 20:11:00','neunkirch','Neunkirch',NULL),(375,370,'2011-03-15 20:11:00','2011-03-15 20:11:00','neuhausen','Neuhausen',NULL),(377,370,'2011-03-15 20:11:00','2011-03-15 20:11:00','steinamrhein','Stein am Rhein',NULL),(378,370,'2011-03-15 20:11:00','2011-03-15 20:11:00','feuerthalen','Feuerthalen',NULL),(379,370,'2011-03-15 20:11:00','2011-03-15 20:11:00','thayngen','Thayngen',NULL),(381,370,'2011-03-15 20:11:00','2011-03-15 20:11:00','schaffhausen','Schaffhausen',NULL),(382,381,'2011-03-15 20:11:00','2011-03-15 20:11:00','guetli','Pfadiabteilung Güetli Schaffhausen',NULL),(383,381,'2011-03-15 20:11:00','2011-03-15 20:11:00','marsupilami','Marsupilami Schaffhausen',NULL),(384,381,'2011-03-15 20:11:00','2011-03-15 20:11:00','seewadel','Seewadel Schaffhausen',NULL),(385,381,'2011-03-15 20:11:00','2011-03-15 20:11:00','niklausen','Abteilung Niklausen',NULL),(386,1,'2011-03-15 20:11:00','2011-03-15 20:11:00','solothurn','Pfadi Kanton Solothurn',NULL),(387,386,'2011-03-15 20:11:00','2011-03-15 20:11:00','bettlach','Bettlach',NULL),(388,386,'2011-03-15 20:11:00','2011-03-15 20:11:00','pabla','PABLA',NULL),(389,386,'2011-03-15 20:11:00','2011-03-15 20:11:00','bipp','Bipp-Wiedlisbach',NULL),(390,386,'2011-03-15 20:11:00','2011-03-15 20:11:00','falkenstein','Falkenstein Balsthal',NULL),(391,386,'2011-03-15 20:11:00','2011-03-15 20:11:00','gerlafingen','Gerlafingen',NULL),(392,386,'2011-03-15 20:11:00','2011-03-15 20:11:00','goesgen','Gösgen-Niedergösgen',NULL),(393,386,'2011-03-15 20:11:00','2011-03-15 20:11:00','grenchen','Pfadi Grenchen',NULL),(394,386,'2011-03-15 20:11:00','2011-03-15 20:11:00','lutschka','Lutschka Grenchen',NULL),(395,386,'2011-03-15 20:11:00','2011-03-15 20:11:00','oltner_pfadfinderinnen','Oltner Pfadfinderinnenabteilung',NULL),(396,386,'2011-03-15 20:11:00','2011-03-15 20:11:00','pag_grenchen','PAG Grenchen',NULL),(397,386,'2011-03-15 20:11:00','2011-03-15 20:11:00','stadtolten','Pfadi Abteilung Stadt Olten',NULL),(398,386,'2011-03-15 20:11:00','2011-03-15 20:11:00','solothurn_PASS','Pfadi Abteilung Stadt Solothurn PASS',NULL),(399,386,'2011-03-15 20:11:00','2011-03-15 20:11:00','luterbach','Luterbach',NULL),(400,386,'2011-03-15 20:11:00','2011-03-15 20:11:00','schoenenwerd','Schönenwerd',NULL),(401,386,'2011-03-15 20:11:00','2011-03-15 20:11:00','stgallus','St.Gallus Wangen',NULL),(402,386,'2011-03-15 20:11:00','2011-03-15 20:11:00','speuz','Speuz Erlinsbach',NULL),(403,386,'2011-03-15 20:11:00','2011-03-15 20:11:00','oensingen','Oensingen',NULL),(404,386,'2011-03-15 20:11:00','2011-03-15 20:11:00','stjoerg','St.Jörg Kleinlützel',NULL),(405,386,'2011-03-15 20:11:00','2011-03-15 20:11:00','froburg','Pfadi Froburg-Olten',NULL),(406,386,'2011-03-15 20:11:00','2011-03-15 20:11:00','stmartin','St.Martin Laupersdorf',NULL),(407,386,'2011-03-15 20:11:00','2011-03-15 20:11:00','sturs','St. Urs Solothurn',NULL),(408,386,'2011-03-15 20:11:00','2011-03-15 20:11:00','stwendel','St.Wendel Dulliken',NULL),(409,386,'2011-03-15 20:11:00','2011-03-15 20:11:00','thierstein','Thierstein Breitenbach',NULL),(410,386,'2011-03-15 20:11:00','2011-03-15 20:11:00','weissenstein','Weissenstein Solothurn',NULL),(411,386,'2011-03-15 20:11:00','2011-03-15 20:11:00','zuchwil','Zuchwil',NULL),(412,1,'2011-03-15 20:11:00','2011-03-15 20:11:00','schwyz','Pfadi Kanton Schwyz',NULL),(413,412,'2011-03-15 20:11:00','2011-03-15 20:11:00','goldau','Arth Goldau',NULL),(414,412,'2011-03-15 20:11:00','2011-03-15 20:11:00','lachen','Lachen SZ',NULL),(415,412,'2011-03-15 20:11:00','2011-03-15 20:11:00','schwyz_maepfa','Schwyz Mädchen',NULL),(416,412,'2011-03-15 20:11:00','2011-03-15 20:11:00','schwyz_bupfa','Schwyz Buben',NULL),(417,412,'2011-03-15 20:11:00','2011-03-15 20:11:00','hoefe','Pfadi Höfe',NULL),(418,412,'2011-03-15 20:11:00','2011-03-15 20:11:00','stmeinrad','St.Meinrad Einsiedeln',NULL),(419,412,'2011-03-15 20:11:00','2011-03-15 20:11:00','rothenthurm','Rothenthurm',NULL),(420,412,'2011-03-15 20:11:00','2011-03-15 20:11:00','brunnen','Pfadi Brunnen',NULL),(421,412,'2011-03-15 20:11:00','2011-03-15 20:11:00','pta','PTA Kanton Schwyz',NULL),(422,1,'2011-03-15 20:11:00','2011-03-15 20:11:00','thurgau','Pfadi Thurgau',NULL),(423,422,'2011-03-15 20:11:00','2011-03-15 20:11:00','arbor-felix','Pfadi Arbor-Felix',NULL),(424,422,'2011-03-15 20:11:00','2011-03-15 20:11:00','seebachtal','Seebachtal',NULL),(425,422,'2011-03-15 20:11:00','2011-03-15 20:11:00','buerglen','Pfadi Bürglen',NULL),(426,422,'2011-03-15 20:11:00','2011-03-15 20:11:00','feuerpfeil','Feuerpfeil Müllheim-Wigoltg.',NULL),(427,422,'2011-03-15 20:11:00','2011-03-15 20:11:00','hinterthurgau','Pfadi Hinterthurgau',NULL),(428,422,'2011-03-15 20:11:00','2011-03-15 20:11:00','libelle','Pfadi Libelle Steckborn',NULL),(429,422,'2011-03-15 20:11:00','2011-03-15 20:11:00','olymp','Pfadi Olymp Romanshorn',NULL),(430,422,'2011-03-15 20:11:00','2011-03-15 20:11:00','orion','Orion Aadorf',NULL),(431,422,'2011-03-15 20:11:00','2011-03-15 20:11:00','turmfalke','Turmfalke und Rhy',NULL),(432,422,'2011-03-15 20:11:00','2011-03-15 20:11:00','seemoeve','Seemöve Kreuzlingen',NULL),(433,422,'2011-03-15 20:11:00','2011-03-15 20:11:00','seesturm','Seesturm Neukirch-Egnach',NULL),(434,422,'2011-03-15 20:11:00','2011-03-15 20:11:00','sturmvogel','Sturmvogel Kreuzlingen',NULL),(435,422,'2011-03-15 20:11:00','2011-03-15 20:11:00','pta_summervogel','PTA Summervogel Kreuzlingen 3',NULL),(436,422,'2011-03-15 20:11:00','2011-03-15 20:11:00','weinfelden','Weinfelden',NULL),(437,422,'2011-03-15 20:11:00','2011-03-15 20:11:00','quivelda','Quivelda Weinfelden',NULL),(438,422,'2011-03-15 20:11:00','2011-03-15 20:11:00','bischofberg','Bischofberg-Waldkirch-Bischofszell',NULL),(439,438,'2011-03-15 20:11:00','2011-03-15 20:11:00','bischofszell','Bischofszell',NULL),(440,438,'2011-03-15 20:11:00','2011-03-15 20:11:00','waldkirch','Waldkirch',NULL),(441,422,'2011-03-15 20:11:00','2011-03-15 20:11:00','falkenstein','Falkenstein Sulgen-Kradolf-Amriswil',NULL),(442,422,'2011-03-15 20:11:00','2011-03-15 20:11:00','frauenfeld','Corps Pfadi Frauenfeld',NULL),(443,442,'2011-03-15 20:11:00','2011-03-15 20:11:00','stnikolaus','Pfadi St. Nikolaus Frauenfeld',NULL),(444,442,'2011-03-15 20:11:00','2011-03-15 20:11:00','helfenberg','Helfenberg Frauenfeld',NULL),(445,442,'2011-03-15 20:11:00','2011-03-15 20:11:00','neuburg','Pfadi Neuburg Frauenfeld',NULL),(446,442,'2011-03-15 20:11:00','2011-03-15 20:11:00','tannegg','Tannegg Frauenfeld',NULL),(447,442,'2011-03-15 20:11:00','2011-03-15 20:11:00','wellenberg','Wellenberg Frauenfeld',NULL),(448,1,'2011-03-15 20:11:00','2011-03-15 20:11:00','ticino_aeec','AEEC - Associazione Esploratrici e Esploratori Cattolici',NULL),(449,448,'2011-03-15 20:11:00','2011-03-15 20:11:00','sanpietro','Burot Castel San Pietro',NULL),(450,448,'2011-03-15 20:11:00','2011-03-15 20:11:00','lugano','Ceresio Lugano',NULL),(451,448,'2011-03-15 20:11:00','2011-03-15 20:11:00','eoc','EOC Raggio di Sole',NULL),(452,448,'2011-03-15 20:11:00','2011-03-15 20:11:00','fortesinfide','Fortes in Fide Chiasso',NULL),(453,448,'2011-03-15 20:11:00','2011-03-15 20:11:00','tenero','Scaut Tenero',NULL),(454,448,'2011-03-15 20:11:00','2011-03-15 20:11:00','solduno','La Rocca Solduno',NULL),(455,448,'2011-03-15 20:11:00','2011-03-15 20:11:00','losone','La Torre Losone',NULL),(456,448,'2011-03-15 20:11:00','2011-03-15 20:11:00','locarno','Fregera Locarno',NULL),(457,448,'2011-03-15 20:11:00','2011-03-15 20:11:00','minusio','Madonna delle Grazie Minusio',NULL),(458,448,'2011-03-15 20:11:00','2011-03-15 20:11:00','gravesano','Gravesano-Lamone',NULL),(459,448,'2011-03-15 20:11:00','2011-03-15 20:11:00','gordola','Mons. Bacciarini Gordola',NULL),(460,448,'2011-03-15 20:11:00','2011-03-15 20:11:00','crocedaro','Motto della Croce Daro',NULL),(461,448,'2011-03-15 20:11:00','2011-03-15 20:11:00','faido','Piumogna Acqua-Felice Faido',NULL),(462,448,'2011-03-15 20:11:00','2011-03-15 20:11:00','biasca','San Carlo Biasca',NULL),(463,448,'2011-03-15 20:11:00','2011-03-15 20:11:00','caslano','San Cristoforo Caslano',NULL),(464,448,'2011-03-15 20:11:00','2011-03-15 20:11:00','sementina','San Felice Sementina',NULL),(465,448,'2011-03-15 20:11:00','2011-03-15 20:11:00','viganello','San Gottardo Viganello',NULL),(466,448,'2011-03-15 20:11:00','2011-03-15 20:11:00','sanmartino','San Martino Chiasso',NULL),(467,448,'2011-03-15 20:11:00','2011-03-15 20:11:00','arogno','AEEC S. Michele Arogno',NULL),(468,448,'2011-03-15 20:11:00','2011-03-15 20:11:00','bellinzona','San Michele Bellinzona',NULL),(469,448,'2011-03-15 20:11:00','2011-03-15 20:11:00','giubiasco','San Rocco Giubiasco',NULL),(470,448,'2011-03-15 20:11:00','2011-03-15 20:11:00','stabio','San Rocco Stabio',NULL),(471,448,'2011-03-15 20:11:00','2011-03-15 20:11:00','breganzona','San Sebastiano Breganzona',NULL),(472,448,'2011-03-15 20:11:00','2011-03-15 20:11:00','canobbio','San Siro Canobbio',NULL),(473,448,'2011-03-15 20:11:00','2011-03-15 20:11:00','balerna','Groupe Scout S. Vittore Balerna',NULL),(474,448,'2011-03-15 20:11:00','2011-03-15 20:11:00','tesserete','AEEC Santo Stefano Tesserete',NULL),(475,448,'2011-03-15 20:11:00','2011-03-15 20:11:00','bodio','Sassi Grossi Bodio',NULL),(476,448,'2011-03-15 20:11:00','2011-03-15 20:11:00','vallemaggia','Sassifraga Vallemaggia',NULL),(477,448,'2011-03-15 20:11:00','2011-03-15 20:11:00','massagno','Tre Pini Massagno',NULL),(478,448,'2011-03-15 20:11:00','2011-03-15 20:11:00','agno','Sezione Esploratori San Giorgio Agno',NULL),(479,448,'2011-03-15 20:11:00','2011-03-15 20:11:00','cureglia','San Christofero Cureglia',NULL),(480,448,'2011-03-15 20:11:00','2011-03-15 20:11:00','stantonio','St. Antonino',NULL),(481,448,'2011-03-15 20:11:00','2011-03-15 20:11:00','foulard','Foulard',NULL),(482,448,'2011-03-15 20:11:00','2011-03-15 20:11:00','stambrogio','AEEC St.Ambrogio Claro',NULL),(483,1,'2011-03-15 20:11:00','2011-03-15 20:11:00','ticino_aget','AGET - Associazione Giovani Esploratori Ticinesi',NULL),(484,483,'2011-03-15 20:11:00','2011-03-15 20:11:00','bellinzona','Bellinzona',NULL),(485,483,'2011-03-15 20:11:00','2011-03-15 20:11:00','lugano','Lugano',NULL),(486,483,'2011-03-15 20:11:00','2011-03-15 20:11:00','mendrisio','Mendrisio',NULL),(487,483,'2011-03-15 20:11:00','2011-03-15 20:11:00','rancate','Rancate',NULL),(488,483,'2011-03-15 20:11:00','2011-03-15 20:11:00','roveredo','aget Roveredo',NULL),(489,483,'2011-03-15 20:11:00','2011-03-15 20:11:00','vedeggio','Vedeggio',NULL),(490,483,'2011-03-15 20:11:00','2011-03-15 20:11:00','gambarogno','Gambarogno',NULL),(491,483,'2011-03-15 20:11:00','2011-03-15 20:11:00','malcantone','Malcantone',NULL),(492,483,'2011-03-15 20:11:00','2011-03-15 20:11:00','locarno','Locarno',NULL),(493,492,'2011-03-15 20:11:00','2011-03-15 20:11:00','aget_ascona','Aget Ascona',NULL),(494,492,'2011-03-15 20:11:00','2011-03-15 20:11:00','aget_locarno','Aget Locarno',NULL),(495,492,'2011-03-15 20:11:00','2011-03-15 20:11:00','aget_minusio','Aget Minusio',NULL),(496,1,'2011-03-15 20:11:00','2011-03-15 20:11:00','uri','Pfadi Uri',NULL),(497,496,'2011-03-15 20:11:00','2011-03-15 20:11:00','donbosco','Don Bosco Schattdorf',NULL),(498,496,'2011-03-15 20:11:00','2011-03-15 20:11:00','kroenten','Krönten Erstfeld',NULL),(499,496,'2011-03-15 20:11:00','2011-03-15 20:11:00','stmartin','Pfadi St.Martin Altdorf UR',NULL),(500,496,'2011-03-15 20:11:00','2011-03-15 20:11:00','stauffacherin','Stauffacherin Altdorf UR',NULL),(501,496,'2011-03-15 20:11:00','2011-03-15 20:11:00','willhelmtell','Wilhelm Tell Bürgen',NULL),(502,496,'2011-03-15 20:11:00','2011-03-15 20:11:00','pta','PTA Uri',NULL),(503,496,'2011-03-15 20:11:00','2011-03-15 20:11:00','seedorf','Scouting Seedorf',NULL),(504,1,'2011-03-15 20:11:00','2011-03-15 20:11:00','unterwalden','Pfadi Unterwalden',NULL),(505,504,'2011-03-15 20:11:00','2011-03-15 20:11:00','bruderklaus','Bruder Klaus Sarnen',NULL),(506,504,'2011-03-15 20:11:00','2011-03-15 20:11:00','donbosco','Don Bosco Hergiswil',NULL),(507,504,'2011-03-15 20:11:00','2011-03-15 20:11:00','isenringen','Isenringen Beckenried',NULL),(508,504,'2011-03-15 20:11:00','2011-03-15 20:11:00','schnitzturm','Schnitzturm Stansstad',NULL),(509,504,'2011-03-15 20:11:00','2011-03-15 20:11:00','steugen','St.Eugen Engelberg',NULL),(510,504,'2011-03-15 20:11:00','2011-03-15 20:11:00','stlaurentius','St.Laurentius',NULL),(511,504,'2011-03-15 20:11:00','2011-03-15 20:11:00','stmartin','Pfadi St. Martin Buochs',NULL),(512,504,'2011-03-15 20:11:00','2011-03-15 20:11:00','strochus','St.Rochus Büren-Oberdorf',NULL),(513,504,'2011-03-15 20:11:00','2011-03-15 20:11:00','winkelried','Winkelried Stans-Ennetmoos',NULL),(514,504,'2011-03-15 20:11:00','2011-03-15 20:11:00','wolfschlucht','Wolfschlucht Wolfenschiessen',NULL),(515,504,'2011-03-15 20:11:00','2011-03-15 20:11:00','pta_kunterbunt','PTA Kunterbunt',NULL),(516,504,'2011-03-15 20:11:00','2011-03-15 20:11:00','giswil','Giswil',NULL),(517,1,'2011-03-15 20:11:00','2011-03-15 20:11:00','valais','Association du Scoutisme Valaisan',NULL),(518,517,'2011-03-15 20:11:00','2011-03-15 20:11:00','christroi','Christ-Roi Flanthey',NULL),(519,517,'2011-03-15 20:11:00','2011-03-15 20:11:00','derborence','Derborence Conthey',NULL),(520,517,'2011-03-15 20:11:00','2011-03-15 20:11:00','smt','SMT Valais',NULL),(521,517,'2011-03-15 20:11:00','2011-03-15 20:11:00','notredame','Notre Dame Bagnes Le Chable',NULL),(522,517,'2011-03-15 20:11:00','2011-03-15 20:11:00','stbarhelemy','St-Barhélémy Evionnaz',NULL),(523,517,'2011-03-15 20:11:00','2011-03-15 20:11:00','stbernhard','St-Bernard de Menthon Martigny',NULL),(524,517,'2011-03-15 20:11:00','2011-03-15 20:11:00','stchristophe','St-Christophe Vétroz',NULL),(525,517,'2011-03-15 20:11:00','2011-03-15 20:11:00','stdidier','St-Didier Collombey',NULL),(526,517,'2011-03-15 20:11:00','2011-03-15 20:11:00','stfelix','St-Felix Saxon',NULL),(527,517,'2011-03-15 20:11:00','2011-03-15 20:11:00','monthey','St-Georges Monthey',NULL),(528,517,'2011-03-15 20:11:00','2011-03-15 20:11:00','sion','St-Georges Sion',NULL),(529,517,'2011-03-15 20:11:00','2011-03-15 20:11:00','stgermain','St-Germain Saviese',NULL),(530,517,'2011-03-15 20:11:00','2011-03-15 20:11:00','sthippolyte','St-Hippolyte Vouvry',NULL),(531,517,'2011-03-15 20:11:00','2011-03-15 20:11:00','stignace','St-Ignace Vernayaz',NULL),(532,517,'2011-03-15 20:11:00','2011-03-15 20:11:00','stjeanbaptiste','St-Jean-Baptiste Ardon',NULL),(533,517,'2011-03-15 20:11:00','2011-03-15 20:11:00','stjeanbosco','St-Jean-Bosco Bramois',NULL),(534,517,'2011-03-15 20:11:00','2011-03-15 20:11:00','stmartin','St-Martin Leytron',NULL),(535,517,'2011-03-15 20:11:00','2011-03-15 20:11:00','stmaurice','St-Maurice',NULL),(536,517,'2011-03-15 20:11:00','2011-03-15 20:11:00','stpancrace','St-Pancrace Grimisuat',NULL),(537,517,'2011-03-15 20:11:00','2011-03-15 20:11:00','stsymphorien','St-Symphorien Fully',NULL),(538,517,'2011-03-15 20:11:00','2011-03-15 20:11:00','stvictor','St-Victor Sierre',NULL),(539,517,'2011-03-15 20:11:00','2011-03-15 20:11:00','stchistopherus','St.Christophorus Siders',NULL),(540,517,'2011-03-15 20:11:00','2011-03-15 20:11:00','stmauritius','St.Mauritius Visp',NULL),(541,517,'2011-03-15 20:11:00','2011-03-15 20:11:00','stsebastian','St-Sebastian Brig',NULL),(542,517,'2011-03-15 20:11:00','2011-03-15 20:11:00','wiwanni','Wiwanni Visp',NULL),(543,1,'2011-03-15 20:11:00','2011-03-15 20:11:00','vaude','Association du Scoutisme Vaudois',NULL),(544,543,'2011-03-15 20:11:00','2011-03-15 20:11:00','grandeourse','Grande Ourse Bussigny',NULL),(545,543,'2011-03-15 20:11:00','2011-03-15 20:11:00','comtevert','Comte-Vert Moudon',NULL),(546,543,'2011-03-15 20:11:00','2011-03-15 20:11:00','covatannaz','Covatannaz',NULL),(547,543,'2011-03-15 20:11:00','2011-03-15 20:11:00','lecroisee','La Croisée',NULL),(548,543,'2011-03-15 20:11:00','2011-03-15 20:11:00','delaharpe','De la Harpe Rolle',NULL),(549,543,'2011-03-15 20:11:00','2011-03-15 20:11:00','envauz','En Vaux Lutry',NULL),(550,543,'2011-03-15 20:11:00','2011-03-15 20:11:00','flambeux_lausanne','Flambeaux Evangile Lausanne',NULL),(551,543,'2011-03-15 20:11:00','2011-03-15 20:11:00','flambeux_vevey','Flambeaux Evangile Vevey',NULL),(552,543,'2011-03-15 20:11:00','2011-03-15 20:11:00','grosdevaud','Gros de Vaud Echallens',NULL),(553,543,'2011-03-15 20:11:00','2011-03-15 20:11:00','lacbleu','Lac Bleu La Tour-de-Peilz',NULL),(554,543,'2011-03-15 20:11:00','2011-03-15 20:11:00','majordavel','Major-Davel',NULL),(555,543,'2011-03-15 20:11:00','2011-03-15 20:11:00','montbenon','Brigade de Montbenon (Lausanne)',NULL),(556,543,'2011-03-15 20:11:00','2011-03-15 20:11:00','noirmont-gland','Noirmont-Gland Begnins',NULL),(557,543,'2011-03-15 20:11:00','2011-03-15 20:11:00','notredame','Notre Dame Lausanne',NULL),(558,543,'2011-03-15 20:11:00','2011-03-15 20:11:00','orbe','Orbe Union',NULL),(559,543,'2011-03-15 20:11:00','2011-03-15 20:11:00','pierredegruins','Pierre de Gruins Gryon',NULL),(560,543,'2011-03-15 20:11:00','2011-03-15 20:11:00','plantour','Plantour Aigle',NULL),(561,543,'2011-03-15 20:11:00','2011-03-15 20:11:00','quatrevents','Quatre-Vents, Pully',NULL),(562,543,'2011-03-15 20:11:00','2011-03-15 20:11:00','sacre-coeur','Sacré-Coeur Lausanne',NULL),(563,543,'2011-03-15 20:11:00','2011-03-15 20:11:00','saleuscex','Saleuscex Montreux',NULL),(564,543,'2011-03-15 20:11:00','2011-03-15 20:11:00','savabelin','Sauvabelin Lausanne',NULL),(566,543,'2011-03-15 20:11:00','2011-03-15 20:11:00','scanavin','Scanavin Vevey',NULL),(567,543,'2011-03-15 20:11:00','2011-03-15 20:11:00','stpaul','St-Paul Lausanne',NULL),(568,543,'2011-03-15 20:11:00','2011-03-15 20:11:00','grandchene','Grand Chê;ne Yverdon-les-Bains',NULL),(569,543,'2011-03-15 20:11:00','2011-03-15 20:11:00','stredempteur','St-Rédempteur Lausanne',NULL),(570,543,'2011-03-15 20:11:00','2011-03-15 20:11:00','morges','Tribu du Grand Lac Morges',NULL),(571,543,'2011-03-15 20:11:00','2011-03-15 20:11:00','cossenay','Venoge La Sarraz-Cossenay',NULL),(572,543,'2011-03-15 20:11:00','2011-03-15 20:11:00','vieux_mazel','Vieux-Mazel Vevey',NULL),(574,543,'2011-03-15 20:11:00','2011-03-15 20:11:00','laroseliere','La Roselière Yverdon-les-Bains',NULL),(575,543,'2011-03-15 20:11:00','2011-03-15 20:11:00','marchairuz','Marchairuz Valleé de Joux',NULL),(576,543,'2011-03-15 20:11:00','2011-03-15 20:11:00','cossonay','Flambeaux Evangile Cossonay',NULL),(577,543,'2011-03-15 20:11:00','2011-03-15 20:11:00','lacote','Flambeaux Evangile La Côte',NULL),(578,543,'2011-03-15 20:11:00','2011-03-15 20:11:00','nyon','Flambeaux Evangile Nyon',NULL),(579,1,'2011-03-15 20:11:00','2011-03-15 20:11:00','zug','Pfadi Kanton Zug',NULL),(580,579,'2011-03-15 20:11:00','2011-03-15 20:11:00','allenwinden','Allenwinden',NULL),(581,579,'2011-03-15 20:11:00','2011-03-15 20:11:00','baar','Baar',NULL),(582,579,'2011-03-15 20:11:00','2011-03-15 20:11:00','hue','Pfadi Hue',NULL),(583,579,'2011-03-15 20:11:00','2011-03-15 20:11:00','morgarten','Pfadi Morgarten',NULL),(584,579,'2011-03-15 20:11:00','2011-03-15 20:11:00','cham','Pfadi Winkelried Cham - Steinhausen - Hagendorn',NULL),(585,579,'2011-03-15 20:11:00','2011-03-15 20:11:00','menzingen','Pfadi Menzingen',NULL),(586,579,'2011-03-15 20:11:00','2011-03-15 20:11:00','zytturm','Zytturm Zug',NULL),(587,586,'2011-03-15 20:11:00','2011-03-15 20:11:00','guthirt','Gut Hirt Zug',NULL),(588,586,'2011-03-15 20:11:00','2011-03-15 20:11:00','pfadfinderinnen_zug','Pfadfinderinnen Zug',NULL),(589,586,'2011-03-15 20:11:00','2011-03-15 20:11:00','zug','Pfadi Zug',NULL),(590,586,'2011-03-15 20:11:00','2011-03-15 20:11:00','stjohannes','St. Johannes Zug',NULL),(591,579,'2011-03-15 20:11:00','2011-03-15 20:11:00','schwan','Schwan',NULL),(592,1,'2011-03-15 20:11:00','2011-03-15 20:11:00','zuerich','Pfadi Zürich',NULL),(593,592,'2011-03-15 20:11:00','2011-03-15 20:11:00','flamberg','Flamberg Zürich',NULL),(594,593,'2011-03-15 20:11:00','2011-03-15 20:11:00','birmensdorf','Birmensdorf',NULL),(595,593,'2011-03-15 20:11:00','2011-03-15 20:11:00','flamberg','Pfadi Flamberg Zürich',NULL),(596,592,'2011-03-15 20:11:00','2011-03-15 20:11:00','kaschaf','Kaschaf',NULL),(597,592,'2011-03-15 20:11:00','2011-03-15 20:11:00','glockenhof','Glockenhof',NULL),(598,597,'2011-03-15 20:11:00','2011-03-15 20:11:00','gryfensee','Gryfensee Wallisellen',NULL),(599,597,'2011-03-15 20:11:00','2011-03-15 20:11:00','hadlaub','Hadlaub',NULL),(600,597,'2011-03-15 20:11:00','2011-03-15 20:11:00','hutten','Hutten von Gloggi',NULL),(601,597,'2011-03-15 20:11:00','2011-03-15 20:11:00','laegern','Lägern Dielsdorf',NULL),(602,597,'2011-03-15 20:11:00','2011-03-15 20:11:00','seascouts','Sea Scouts Zurich',NULL),(603,597,'2011-03-15 20:11:00','2011-03-15 20:11:00','wildert','Wildert Volketswil',NULL),(604,597,'2011-03-15 20:11:00','2011-03-15 20:11:00','manegg','Abteilung Manegg',NULL),(605,592,'2011-03-15 20:11:00','2011-03-15 20:11:00','hanswaldmann','Hans Waldmann',NULL),(606,605,'2011-03-15 20:11:00','2011-03-15 20:11:00','altberg','Pfadi Altberg',NULL),(607,605,'2011-03-15 20:11:00','2011-03-15 20:11:00','albis','Pfadi Albis &amp; Felsenegg',NULL),(608,605,'2011-03-15 20:11:00','2011-03-15 20:11:00','limmattal','Limmattal Dietikon',NULL),(609,605,'2011-03-15 20:11:00','2011-03-15 20:11:00','rudolfbrun','Rudolf Brun Zürich',NULL),(610,605,'2011-03-15 20:11:00','2011-03-15 20:11:00','saeuliamt','Pfadiabteilung Säuliamt',NULL),(611,605,'2011-03-15 20:11:00','2011-03-15 20:11:00','vennes','Pfadi Vennes Zürich',NULL),(612,605,'2011-03-15 20:11:00','2011-03-15 20:11:00','waltertell','Walter Tell Zürich',NULL),(613,592,'2011-03-15 20:11:00','2011-03-15 20:11:00','hochwacht','Hochwacht',NULL),(614,613,'2011-03-15 20:11:00','2011-03-15 20:11:00','h2o','H2O (Horgen-Oberrieden-Hirzel)',NULL),(615,613,'2011-03-15 20:11:00','2011-03-15 20:11:00','fabulus','Fabulus (Pfadi für Gehörlose)',NULL),(616,613,'2011-03-15 20:11:00','2011-03-15 20:11:00','chopfholz','Pfadi Chopfholz',NULL),(617,613,'2011-03-15 20:11:00','2011-03-15 20:11:00','pta','PTA Hochwacht',NULL),(618,613,'2011-03-15 20:11:00','2011-03-15 20:11:00','troya','Troya Thalwil-Langnau',NULL),(620,613,'2011-03-15 20:11:00','2011-03-15 20:11:00','waedenswil','Pfadi Wädenswil-Richterswil-Au',NULL),(621,592,'2011-03-15 20:11:00','2011-03-15 20:11:00','landenberg','Landenberg',NULL),(622,621,'2011-03-15 20:11:00','2011-03-15 20:11:00','altburg','Altburg Regensdorf',NULL),(623,621,'2011-03-15 20:11:00','2011-03-15 20:11:00','alt-regensberg','Alt-Regensberg Regensdorf',NULL),(624,621,'2011-03-15 20:11:00','2011-03-15 20:11:00','dietlikon','Dietlikon-Wangen-Brüttisellen',NULL),(625,621,'2011-03-15 20:11:00','2011-03-15 20:11:00','gryfenberg','Gryfenberg Zürich',NULL),(626,621,'2011-03-15 20:11:00','2011-03-15 20:11:00','landskron','Landskron Bassersdorf',NULL),(627,621,'2011-03-15 20:11:00','2011-03-15 20:11:00','opfikova','Pfadi Opfikova',NULL),(628,621,'2011-03-15 20:11:00','2011-03-15 20:11:00','sarolta_rakoczi','Sarolta-Rakoczi',NULL),(629,621,'2011-03-15 20:11:00','2011-03-15 20:11:00','ruemlang','Rümlang-Oberglatt',NULL),(630,592,'2011-03-15 20:11:00','2011-03-15 20:11:00','oberland','Oberland',NULL),(631,630,'2011-03-15 20:11:00','2011-03-15 20:11:00','effretikon','Effretikon',NULL),(632,630,'2011-03-15 20:11:00','2011-03-15 20:11:00','moechaltdorf','Mönchaltdorf',NULL),(633,630,'2011-03-15 20:11:00','2011-03-15 20:11:00','paprika','Paprika',NULL),(634,630,'2011-03-15 20:11:00','2011-03-15 20:11:00','buetschgi','Bütschgi Züri Oberland',NULL),(635,630,'2011-03-15 20:11:00','2011-03-15 20:11:00','pfaeffikon','Pfadi Pfäffiko und Umgebung',NULL),(636,630,'2011-03-15 20:11:00','2011-03-15 20:11:00','hinwil','Hinwil',NULL),(637,630,'2011-03-15 20:11:00','2011-03-15 20:11:00','visavis','Vis-àvis Gossau-Grüningen',NULL),(638,630,'2011-03-15 20:11:00','2011-03-15 20:11:00','fram_uster_greifensee','Fram Uster-Greifensee',NULL),(639,630,'2011-03-15 20:11:00','2011-03-15 20:11:00','uster_greifensee','Uster-Greifensee',NULL),(640,630,'2011-03-15 20:11:00','2011-03-15 20:11:00','walda_bauma','Pfadi Wald-Bauma',NULL),(641,630,'2011-03-15 20:11:00','2011-03-15 20:11:00','sirius','Pfadi Sirius Wetzikon-Bäretswil',NULL),(642,592,'2011-03-15 20:11:00','2011-03-15 20:11:00','pfannenstil','Pfannenstil',NULL),(643,642,'2011-03-15 20:11:00','2011-03-15 20:11:00','chelle','Chelle Zumikon-Egg',NULL),(644,642,'2011-03-15 20:11:00','2011-03-15 20:11:00','ratatouille','Ratatouille (Männedorf-Uetikon-Oetwil)',NULL),(645,642,'2011-03-15 20:11:00','2011-03-15 20:11:00','kuesnacht','Küsnacht-Erlenbach',NULL),(646,642,'2011-03-15 20:11:00','2011-03-15 20:11:00','meilen','Meilen-Herrliberg',NULL),(647,642,'2011-03-15 20:11:00','2011-03-15 20:11:00','moergenstaern','Morgenstärn Zollikon',NULL),(648,642,'2011-03-15 20:11:00','2011-03-15 20:11:00','olymp','Olymp (Stäfa-Hombrechtikon)',NULL),(649,642,'2011-03-15 20:11:00','2011-03-15 20:11:00','wulp','Wulp (Mädchen Küsnacht-Erlenbach)',NULL),(650,642,'2011-03-15 20:11:00','2011-03-15 20:11:00','zollikon','Zollikon',NULL),(651,642,'2011-03-15 20:11:00','2011-03-15 20:11:00','heureka','Heureka Zumikon',NULL),(652,642,'2011-03-15 20:11:00','2011-03-15 20:11:00','muur','Pfadi Muur',NULL),(653,642,'2011-03-15 20:11:00','2011-03-15 20:11:00','pta','Pfadi Trotz Allem am Pfannenstil',NULL),(654,592,'2011-03-15 20:11:00','2011-03-15 20:11:00','seldwyla','Pfadi-Region Seldwyla',NULL),(655,654,'2011-03-15 20:11:00','2011-03-15 20:11:00','pulacha','Pulacha Bülach',NULL),(656,654,'2011-03-15 20:11:00','2011-03-15 20:11:00','rhenania','Rhenania Eglisau-Glattfelden',NULL),(657,592,'2011-03-15 20:11:00','2011-03-15 20:11:00','stgeorg','St. Georg Zürich',NULL),(658,657,'2011-03-15 20:11:00','2011-03-15 20:11:00','glattal','Glattal',NULL),(659,658,'2011-03-15 20:11:00','2011-03-15 20:11:00','lepanto','Pfadfinderabteilung Lepanto Zürich-Schwamendingen',NULL),(660,658,'2011-03-15 20:11:00','2011-03-15 20:11:00','morea','Morea Zürich-Oerlikon',NULL),(661,658,'2011-03-15 20:11:00','2011-03-15 20:11:00','stfelix','St.Felix Regensdorf',NULL),(662,658,'2011-03-15 20:11:00','2011-03-15 20:11:00','stjakob','Pfadi St.Jakob Dübendorf',NULL),(663,658,'2011-03-15 20:11:00','2011-03-15 20:11:00','stluzi','Pfadi St.Luzi, Zürich-Affoltern',NULL),(664,658,'2011-03-15 20:11:00','2011-03-15 20:11:00','winkelried','Winkelried Wallisellen',NULL),(665,657,'2011-03-15 20:11:00','2011-03-15 20:11:00','limmat','Limmat',NULL),(666,665,'2011-03-15 20:11:00','2011-03-15 20:11:00','laupen','Laupen Oberengstringen',NULL),(667,665,'2011-03-15 20:11:00','2011-03-15 20:11:00','morgarten','Morgarten-Erlach Zürich',NULL),(668,665,'2011-03-15 20:11:00','2011-03-15 20:11:00','murten','Murten Zürich-Albisrieden',NULL),(669,665,'2011-03-15 20:11:00','2011-03-15 20:11:00','sempach','Sempach Zürich-Altstetten',NULL),(670,665,'2011-03-15 20:11:00','2011-03-15 20:11:00','stmauritius','St.Mauritius-Nansen Zürich',NULL),(671,665,'2011-03-15 20:11:00','2011-03-15 20:11:00','stulrich','St.Ulrich Dietikon',NULL),(672,665,'2011-03-15 20:11:00','2011-03-15 20:11:00','uro','Pfadi URO',NULL),(673,657,'2011-03-15 20:11:00','2011-03-15 20:11:00','uto','Uto',NULL),(674,673,'2011-03-15 20:11:00','2011-03-15 20:11:00','attinghausen','Attinghausen Zürich',NULL),(675,673,'2011-03-15 20:11:00','2011-03-15 20:11:00','friesen','Friesen Zürich',NULL),(676,673,'2011-03-15 20:11:00','2011-03-15 20:11:00','rotach','Rotach Zürich',NULL),(677,673,'2011-03-15 20:11:00','2011-03-15 20:11:00','zueriberg','Züriberg Zürich',NULL),(678,673,'2011-03-15 20:11:00','2011-03-15 20:11:00','reding','Reding',NULL),(679,657,'2011-03-15 20:11:00','2011-03-15 20:11:00','uetliberg','Üetliberg',NULL),(680,679,'2011-03-15 20:11:00','2011-03-15 20:11:00','aqua','Agua Zürich',NULL),(681,679,'2011-03-15 20:11:00','2011-03-15 20:11:00','albis','Albis Bonstetten',NULL),(682,679,'2011-03-15 20:11:00','2011-03-15 20:11:00','limmattal','Limmattal Schlieren-Dietikon',NULL),(683,679,'2011-03-15 20:11:00','2011-03-15 20:11:00','maepfa_saeuliamt','Maitlipfadi Säuliamt',NULL),(684,592,'2011-03-15 20:11:00','2011-03-15 20:11:00','winterthur','Pfadi Region Winterthur',NULL),(685,684,'2011-03-15 20:11:00','2011-03-15 20:11:00','irchel','Ring Irchel',NULL),(686,685,'2011-03-15 20:11:00','2011-03-15 20:11:00','andelfingen','Andelfingen',NULL),(687,685,'2011-03-15 20:11:00','2011-03-15 20:11:00','elgg','Elgg',NULL),(688,685,'2011-03-15 20:11:00','2011-03-15 20:11:00','heidegg','Heidegg Embrach',NULL),(689,685,'2011-03-15 20:11:00','2011-03-15 20:11:00','wart','Pfadi Wart in Neftenbach, Pfungen, Dättlikon, Buch am Irchel',NULL),(690,684,'2011-03-15 20:11:00','2011-03-15 20:11:00','auriga','Ring Auriga',NULL),(691,690,'2011-03-15 20:11:00','2011-03-15 20:11:00','diviko','Diviko Winterthur',NULL),(692,690,'2011-03-15 20:11:00','2011-03-15 20:11:00','gallispitz','Gallispitz Winterthur',NULL),(693,690,'2011-03-15 20:11:00','2011-03-15 20:11:00','orion','Orion Wiesendangen',NULL),(694,690,'2011-03-15 20:11:00','2011-03-15 20:11:00','seuzach','Seuzach',NULL),(695,684,'2011-03-15 20:11:00','2011-03-15 20:11:00','suso','Korps Suso',NULL),(696,695,'2011-03-15 20:11:00','2011-03-15 20:11:00','goldenberg','Pfadi Goldenberg Winterthur',NULL),(697,695,'2011-03-15 20:11:00','2011-03-15 20:11:00','hartmannen','Hartmannen Winterthur',NULL),(698,695,'2011-03-15 20:11:00','2011-03-15 20:11:00','hohenlandenberg','Pfadi Hohenlandenberg Winterthur',NULL),(699,695,'2011-03-15 20:11:00','2011-03-15 20:11:00','neuburger','Neuburger/Wartenseer Winterthur',NULL),(700,684,'2011-03-15 20:11:00','2011-03-15 20:11:00','polaris','Ring Polaris',NULL),(701,700,'2011-03-15 20:11:00','2011-03-15 20:11:00','avalon','Avalon Winterthur',NULL),(702,700,'2011-03-15 20:11:00','2011-03-15 20:11:00','nepomuk','Nepomuk Winterthur',NULL),(703,700,'2011-03-15 20:11:00','2011-03-15 20:11:00','pta_atlantis','PTA Atlantis Winterthur',NULL),(704,700,'2011-03-15 20:11:00','2011-03-15 20:11:00','waldmann','Waldmann Winterthur',NULL),(705,684,'2011-03-15 20:11:00','2011-03-15 20:11:00','antares','Ring Antares',NULL),(706,705,'2011-03-15 20:11:00','2011-03-15 20:11:00','bubenberg','Pfadiabteilung Bubenberg',NULL),(707,705,'2011-03-15 20:11:00','2011-03-15 20:11:00','dunant','Dunant Winterthur',NULL),(708,705,'2011-03-15 20:11:00','2011-03-15 20:11:00','eschenberg','Eschenberg Winterthur',NULL),(709,705,'2011-03-15 20:11:00','2011-03-15 20:11:00','fontana','Fontana Winterthur',NULL),(710,272,'2011-03-15 20:11:00','2011-03-15 20:11:00','emmenbruecke','Pfadi Emmenbrücke',NULL);
/*!40000 ALTER TABLE `groups` ENABLE KEYS */;
UNLOCK TABLES;
DROP TABLE IF EXISTS `images`;
/*!40101 SET @saved_cs_client     = @@character_set_client */;
/*!40101 SET character_set_client = utf8 */;
CREATE TABLE `images` (
  `id` int(11) NOT NULL AUTO_INCREMENT,
  `created_at` datetime NOT NULL,
  `updated_at` datetime NOT NULL,
  `imageMime` varchar(32) NOT NULL,
  `imageData` longtext NOT NULL COMMENT '(DC2Type:object)',
  PRIMARY KEY (`id`)
) ENGINE=InnoDB DEFAULT CHARSET=latin1;
/*!40101 SET character_set_client = @saved_cs_client */;

LOCK TABLES `images` WRITE;
/*!40000 ALTER TABLE `images` DISABLE KEYS */;
/*!40000 ALTER TABLE `images` ENABLE KEYS */;
UNLOCK TABLES;
DROP TABLE IF EXISTS `logins`;
/*!40101 SET @saved_cs_client     = @@character_set_client */;
/*!40101 SET character_set_client = utf8 */;
CREATE TABLE `logins` (
  `id` int(11) NOT NULL AUTO_INCREMENT,
  `user_id` int(11) DEFAULT NULL,
  `created_at` datetime NOT NULL,
  `updated_at` datetime NOT NULL,
  `password` varchar(255) NOT NULL,
  `salt` varchar(64) NOT NULL,
  `pwResetKey` varchar(64) DEFAULT NULL,
  PRIMARY KEY (`id`),
  UNIQUE KEY `logins_user_id_uniq` (`user_id`),
  CONSTRAINT `logins_ibfk_1` FOREIGN KEY (`user_id`) REFERENCES `users` (`id`)
) ENGINE=InnoDB AUTO_INCREMENT=37 DEFAULT CHARSET=latin1;
/*!40101 SET character_set_client = @saved_cs_client */;

LOCK TABLES `logins` WRITE;
/*!40000 ALTER TABLE `logins` DISABLE KEYS */;
INSERT INTO `logins` VALUES (4,7,'2011-11-20 17:25:15','2011-12-13 19:15:52','c381b4abad33cadabff41f217e4e57a30cbc558bf5d8f5e228a3992961caa93c','80a1a998294ae102df23dece1d27e1baeb8c13a342fbcc30f7025b09e07035c1',NULL),(5,8,'2011-11-20 17:46:38','2011-11-20 17:46:38','d3cee21f42b06ff6cdc26b56fabee8013da1cef208460adf8f6ecda7ca2169a0','1b03e64a9ad341910240cd7475a9ab82a104066be4da1e6c8860c5cea0a638af',NULL),(14,20,'2011-11-30 18:30:02','2011-11-30 18:30:02','9e6925506b3f59169ad32a5c79f79db8940403be7df0b2b77054b142b75d4273','f11f76b422d9af9d1a3f476c10ab1c215f45404105f05b14dfd8acde2b139e26',NULL),(15,21,'2012-01-16 18:44:23','2012-01-16 18:44:23','bc236d3af824e9391eb835de36f9453e7d4a212cd5a0f3d11d480cfb15ea8536','045043ad69bedd87fdae7928410e460d9d6f9bf1d3d4a0eec2c2903d0f8d9757',NULL),(16,24,'2012-01-17 16:51:42','2012-01-17 16:51:42','fbaa9b3531bec5c7aa383e6a1724f5edd97a4fe55637400cd444f0a109f4f900','0fa2f05b0d525153c30e6d3a253c0a394537e60cbe06a84a8ce5cbd000fc93ec',NULL),(17,25,'2012-01-17 16:56:13','2012-01-17 16:56:13','b80b6e51b6911d5add584d59e2c42ef6307d5e92ac15e8dcc84120626b43844e','113a5bccb85702db5a3d25021e0f94e71e94c19fe4846d459c00db933a821739',NULL),(18,26,'2012-03-21 21:01:46','2012-03-21 21:01:46','035c8d0fdd14b9931fd023e0a14549358aac43a5cb83862d952eab4a33ad170a','53cc43c5ea23e5b471c38ec5e6443c7a5b9c5294372cbee11e8d964d8ac3a273',NULL),(19,27,'2012-03-21 21:06:21','2012-03-21 21:06:21','8fe268d71a5201c3d65ca18885d11a26f75c9823a737e6ab73b5c41c7487d534','991e947d7c7c7834dbb4fec3185a299bfc600372c4980cb085f6aea8efd721e6',NULL),(20,28,'2012-03-21 21:13:45','2012-03-21 21:13:45','ca3ef14071d52528bee4c1e57c2a0b4bf88bdb18186bfb2446fe2ae0e5651464','cca2ed7e9809b26893c0e4bb421061b3ff86cef2149160aec6f2d07205b273a4',NULL),(21,29,'2012-03-21 21:16:43','2012-03-21 21:16:43','854386a988a2b941574967ec7bebc0290a826f9a3db721407ebe23e61ca9b5ae','78770930af93227062db1431eb6b31633e2b5aefad95295753972ae3ac7ecc2a',NULL),(22,30,'2012-03-21 21:18:03','2012-03-21 21:18:03','930d621f2f13e89ab287b63b23a5bf7a4e81a7bdcb05d6cb02cfe38784e54120','a31f57a50da23849fa8796883b04d37b62b6eccf968a4596d7da6bf1dd72cafd',NULL),(23,31,'2012-03-21 21:37:05','2012-03-21 21:37:05','3854f8f8812aa2cc9cdad271b284fb5fefdb7dc55d54e16219ba486179e2f3f4','269ed7a77cdf0441f265f4cdd1c316b1aeee12a098eb571bf0e80568f3e5e038',NULL),(24,32,'2012-03-21 21:39:37','2012-03-21 21:39:37','51a8e28e8f24763b3de61f190268257d6f5b5065cb122b447047f1446174163a','732bed2da31df2b3fd89de770bd9b6eb3aa8be804fe5ca0632cf0b084b3f51d9',NULL),(25,33,'2012-03-21 21:41:15','2012-03-21 21:41:15','716e3259d8dbc45396827e70d2e5f10c3c630f28b14c33769ef0530ae386d448','93ff14b2120f60ed953d0d8963bf1d3dae7288e632d899f5cc8c21845daa5589',NULL),(26,34,'2012-03-21 21:46:32','2012-03-21 21:46:32','001aa9277dee446ca7c070da7bec833aae440cd65158fe4bed59ca6235eb61cc','7d2f908528ef648a1df1caa5e2041f9a6993b513dbe2107d28fa08b282bd5534',NULL),(27,35,'2012-03-21 22:00:49','2012-03-21 22:00:49','84eafc6fa20d7996e74d7e21cb2af1ee74fc99372242a416ec1e768259b37592','42f25d19a336d74852bd2bd9b44917e9728db1d4dd60408df456f3470fb16bc3',NULL),(28,36,'2012-03-21 22:16:59','2012-03-21 22:16:59','dd7f2cb420a70e55a7edb63e6591484f3dab5e720a27200f91bf32bd098bd47e','b26cfcac93bcd1fbbe4b353f3134e3687f6d00410b8c79a4261971a05ba0637a',NULL),(29,37,'2012-03-21 22:19:28','2012-03-21 22:19:28','2c6b369885a43d0de1fd36ddc91b6eb3f2b2c25af6305780bd53ab0430ea4f69','f0e338cb622ed5607bbc2ca936f56676e1cb4ac5a41b758cb1e23599d24da1c7',NULL),(30,38,'2012-03-21 22:21:54','2012-03-21 22:21:54','ec2cd953314972fe16a1a1b9fa0d70df860d05dc16f387f4b9ffb8db15dca28c','358599b5017901170324036a765a3e6d68d673f232d1a4919109a8eab6a96307',NULL),(31,39,'2012-03-21 22:25:42','2012-03-21 22:25:42','2f964215c0092a66d94b7b14eb724dc31f534b3be20b1e409275d79f2af2df1d','4e39dd77143f31e8816234389c6f1ba58105605a4716758cf5702b77ccd860de',NULL),(32,40,'2012-03-21 22:26:46','2012-03-21 22:26:46','98d70774ab1ea09b04f5564406e14a9ee4cab204452f321e78ff5145f36c5a3f','437d1f7379401c08750e6d8d5a5fca4a34ff479420de41ea6c81ed0a4d9028ea',NULL),(33,41,'2012-03-21 22:31:44','2012-03-21 22:31:44','f6369af0a94e4fe08acaaaf5943c017cfd7bce60df0f95c62db9fe8f0899bd2a','8ca24c993f4b1fd832483b717c1a68bece2be4c695a1c199fd2ad51a29bb58a9',NULL),(34,42,'2012-03-21 22:33:49','2012-03-21 22:33:49','93c6bbf7c2fbf0c14b7dc6693ac8a277f5dccf6a6b61f442fdec5791873fd101','a6f0026e844d351958489f46e6e2070a299dde9ef04f1d931e1a54318a006e1e',NULL),(35,43,'2012-03-21 23:05:45','2012-03-21 23:05:45','b4d3b47ade96cde90acc2b35bfc0d1ebe9c22ffbebcec1e7d207b9bbec69a09c','68e7b49bca7d55f8b7425c703a217571fbb5057df8944def592e40610de59e17',NULL),(36,44,'2012-03-21 23:13:57','2012-03-21 23:13:57','1ea90fc1ce435f62fd9c6832580e5fc0b5237db08566d1e6b73aa6d1c6fd9e73','680462abfb8a6454687e2c13596bd98e33c8c09aae860ae6c7fb6af6045c0f70',NULL);
/*!40000 ALTER TABLE `logins` ENABLE KEYS */;
UNLOCK TABLES;
DROP TABLE IF EXISTS `periods`;
/*!40101 SET @saved_cs_client     = @@character_set_client */;
/*!40101 SET character_set_client = utf8 */;
CREATE TABLE `periods` (
  `id` int(11) NOT NULL AUTO_INCREMENT,
  `camp_id` int(11) NOT NULL,
  `created_at` datetime NOT NULL,
  `updated_at` datetime NOT NULL,
  `start` date NOT NULL,
  `duration` int(11) NOT NULL,
  `description` longtext,
  PRIMARY KEY (`id`),
  KEY `periods_camp_id_idx` (`camp_id`),
  CONSTRAINT `periods_ibfk_1` FOREIGN KEY (`camp_id`) REFERENCES `camps` (`id`) ON DELETE CASCADE
) ENGINE=InnoDB AUTO_INCREMENT=18 DEFAULT CHARSET=latin1;
/*!40101 SET character_set_client = @saved_cs_client */;

LOCK TABLES `periods` WRITE;
/*!40000 ALTER TABLE `periods` DISABLE KEYS */;
INSERT INTO `periods` VALUES (7,7,'2011-11-26 21:14:26','2011-11-26 21:14:26','2011-11-14',6,NULL),(8,8,'2012-03-10 16:52:13','2012-03-10 16:52:13','2012-03-13',9,NULL),(9,9,'2012-03-10 17:08:11','2012-03-10 17:08:11','2012-03-06',2,NULL),(12,13,'2012-03-20 07:52:08','2012-03-20 07:52:08','2012-03-02',14,NULL),(17,25,'2012-03-27 21:52:25','2012-03-27 21:52:25','2012-03-01',2,NULL);
/*!40000 ALTER TABLE `periods` ENABLE KEYS */;
UNLOCK TABLES;
DROP TABLE IF EXISTS `plugin_contents`;
/*!40101 SET @saved_cs_client     = @@character_set_client */;
/*!40101 SET character_set_client = utf8 */;
CREATE TABLE `plugin_contents` (
  `id` int(11) NOT NULL AUTO_INCREMENT,
  `plugin_id` int(11) DEFAULT NULL,
  `created_at` datetime NOT NULL,
  `updated_at` datetime NOT NULL,
  `text` varchar(64) DEFAULT NULL,
  PRIMARY KEY (`id`),
  KEY `plugin_contents_plugin_id_idx` (`plugin_id`),
  CONSTRAINT `plugin_contents_ibfk_1` FOREIGN KEY (`plugin_id`) REFERENCES `plugins` (`id`)
) ENGINE=InnoDB DEFAULT CHARSET=latin1;
/*!40101 SET character_set_client = @saved_cs_client */;

LOCK TABLES `plugin_contents` WRITE;
/*!40000 ALTER TABLE `plugin_contents` DISABLE KEYS */;
/*!40000 ALTER TABLE `plugin_contents` ENABLE KEYS */;
UNLOCK TABLES;
DROP TABLE IF EXISTS `plugin_headers`;
/*!40101 SET @saved_cs_client     = @@character_set_client */;
/*!40101 SET character_set_client = utf8 */;
CREATE TABLE `plugin_headers` (
  `id` int(11) NOT NULL AUTO_INCREMENT,
  `plugin_id` int(11) DEFAULT NULL,
  `created_at` datetime NOT NULL,
  `updated_at` datetime NOT NULL,
  `text` varchar(64) DEFAULT NULL,
  PRIMARY KEY (`id`),
  KEY `plugin_headers_plugin_id_idx` (`plugin_id`),
  CONSTRAINT `plugin_headers_ibfk_1` FOREIGN KEY (`plugin_id`) REFERENCES `plugins` (`id`)
) ENGINE=InnoDB DEFAULT CHARSET=latin1;
/*!40101 SET character_set_client = @saved_cs_client */;

LOCK TABLES `plugin_headers` WRITE;
/*!40000 ALTER TABLE `plugin_headers` DISABLE KEYS */;
/*!40000 ALTER TABLE `plugin_headers` ENABLE KEYS */;
UNLOCK TABLES;
DROP TABLE IF EXISTS `plugins`;
/*!40101 SET @saved_cs_client     = @@character_set_client */;
/*!40101 SET character_set_client = utf8 */;
CREATE TABLE `plugins` (
  `id` int(11) NOT NULL AUTO_INCREMENT,
  `event_id` int(11) DEFAULT NULL,
  `created_at` datetime NOT NULL,
  `updated_at` datetime NOT NULL,
  `pluginName` varchar(64) NOT NULL,
  PRIMARY KEY (`id`),
  KEY `plugins_event_id_idx` (`event_id`),
  CONSTRAINT `plugins_ibfk_1` FOREIGN KEY (`event_id`) REFERENCES `events` (`id`) ON DELETE CASCADE
) ENGINE=InnoDB DEFAULT CHARSET=latin1;
/*!40101 SET character_set_client = @saved_cs_client */;

LOCK TABLES `plugins` WRITE;
/*!40000 ALTER TABLE `plugins` DISABLE KEYS */;
/*!40000 ALTER TABLE `plugins` ENABLE KEYS */;
UNLOCK TABLES;
DROP TABLE IF EXISTS `subcamps`;
/*!40101 SET @saved_cs_client     = @@character_set_client */;
/*!40101 SET character_set_client = utf8 */;
CREATE TABLE `subcamps` (
  `id` int(11) NOT NULL AUTO_INCREMENT,
  `period_id` int(11) NOT NULL,
  `created_at` datetime NOT NULL,
  `updated_at` datetime NOT NULL,
  `description` longtext NOT NULL,
  PRIMARY KEY (`id`),
  KEY `subcamps_period_id_idx` (`period_id`),
  CONSTRAINT `subcamps_ibfk_1` FOREIGN KEY (`period_id`) REFERENCES `periods` (`id`)
) ENGINE=InnoDB DEFAULT CHARSET=latin1;
/*!40101 SET character_set_client = @saved_cs_client */;

LOCK TABLES `subcamps` WRITE;
/*!40000 ALTER TABLE `subcamps` DISABLE KEYS */;
/*!40000 ALTER TABLE `subcamps` ENABLE KEYS */;
UNLOCK TABLES;
DROP TABLE IF EXISTS `user_camps`;
/*!40101 SET @saved_cs_client     = @@character_set_client */;
/*!40101 SET character_set_client = utf8 */;
CREATE TABLE `user_camps` (
  `id` int(11) NOT NULL AUTO_INCREMENT,
  `user_id` int(11) NOT NULL,
  `camp_id` int(11) NOT NULL,
  `created_at` datetime NOT NULL,
  `updated_at` datetime NOT NULL,
  `role` int(11) NOT NULL,
  `requestedRole` int(11) DEFAULT NULL,
  `invitationAccepted` tinyint(1) NOT NULL,
  `requestAcceptedBy_id` int(11) DEFAULT NULL,
  PRIMARY KEY (`id`),
  UNIQUE KEY `user_camp_unique` (`user_id`,`camp_id`),
  KEY `user_camps_user_id_idx` (`user_id`),
  KEY `user_camps_camp_id_idx` (`camp_id`),
  KEY `user_camps_requestAcceptedBy_id_idx` (`requestAcceptedBy_id`),
  CONSTRAINT `user_camps_ibfk_1` FOREIGN KEY (`user_id`) REFERENCES `users` (`id`),
  CONSTRAINT `user_camps_ibfk_2` FOREIGN KEY (`camp_id`) REFERENCES `camps` (`id`),
  CONSTRAINT `user_camps_ibfk_3` FOREIGN KEY (`requestAcceptedBy_id`) REFERENCES `users` (`id`)
) ENGINE=InnoDB DEFAULT CHARSET=latin1;
/*!40101 SET character_set_client = @saved_cs_client */;

LOCK TABLES `user_camps` WRITE;
/*!40000 ALTER TABLE `user_camps` DISABLE KEYS */;
/*!40000 ALTER TABLE `user_camps` ENABLE KEYS */;
UNLOCK TABLES;
DROP TABLE IF EXISTS `user_groups`;
/*!40101 SET @saved_cs_client     = @@character_set_client */;
/*!40101 SET character_set_client = utf8 */;
CREATE TABLE `user_groups` (
  `id` int(11) NOT NULL AUTO_INCREMENT,
  `user_id` int(11) NOT NULL,
  `group_id` int(11) NOT NULL,
  `created_at` datetime NOT NULL,
  `updated_at` datetime NOT NULL,
  `role` int(11) NOT NULL,
  `requestedRole` int(11) DEFAULT NULL,
  `invitationAccepted` tinyint(1) NOT NULL,
  `requestAcceptedBy_id` int(11) DEFAULT NULL,
  PRIMARY KEY (`id`),
  UNIQUE KEY `user_group_unique` (`user_id`,`group_id`),
  KEY `user_groups_user_id_idx` (`user_id`),
  KEY `user_groups_group_id_idx` (`group_id`),
  KEY `user_groups_requestAcceptedBy_id_idx` (`requestAcceptedBy_id`),
  CONSTRAINT `user_groups_ibfk_1` FOREIGN KEY (`user_id`) REFERENCES `users` (`id`),
  CONSTRAINT `user_groups_ibfk_2` FOREIGN KEY (`group_id`) REFERENCES `groups` (`id`),
  CONSTRAINT `user_groups_ibfk_3` FOREIGN KEY (`requestAcceptedBy_id`) REFERENCES `users` (`id`)
) ENGINE=InnoDB AUTO_INCREMENT=2 DEFAULT CHARSET=latin1;
/*!40101 SET character_set_client = @saved_cs_client */;

LOCK TABLES `user_groups` WRITE;
/*!40000 ALTER TABLE `user_groups` DISABLE KEYS */;
INSERT INTO `user_groups` VALUES (1,7,249,'2011-11-26 18:54:13','2011-11-26 18:54:13',10,NULL,1,8);
/*!40000 ALTER TABLE `user_groups` ENABLE KEYS */;
UNLOCK TABLES;
DROP TABLE IF EXISTS `user_relationships`;
/*!40101 SET @saved_cs_client     = @@character_set_client */;
/*!40101 SET character_set_client = utf8 */;
CREATE TABLE `user_relationships` (
  `id` int(11) NOT NULL AUTO_INCREMENT,
  `from_id` int(11) NOT NULL,
  `to_id` int(11) NOT NULL,
  `created_at` datetime NOT NULL,
  `updated_at` datetime NOT NULL,
  `type` int(11) NOT NULL,
  PRIMARY KEY (`id`),
  UNIQUE KEY `from_to_unique` (`from_id`,`to_id`),
  KEY `user_relationships_from_id_idx` (`from_id`),
  KEY `user_relationships_to_id_idx` (`to_id`),
  CONSTRAINT `user_relationships_ibfk_1` FOREIGN KEY (`from_id`) REFERENCES `users` (`id`),
  CONSTRAINT `user_relationships_ibfk_2` FOREIGN KEY (`to_id`) REFERENCES `users` (`id`)
) ENGINE=InnoDB AUTO_INCREMENT=17 DEFAULT CHARSET=latin1;
/*!40101 SET character_set_client = @saved_cs_client */;

LOCK TABLES `user_relationships` WRITE;
/*!40000 ALTER TABLE `user_relationships` DISABLE KEYS */;
INSERT INTO `user_relationships` VALUES (14,7,8,'2012-04-03 18:10:49','2012-04-03 18:10:49',1),(15,7,20,'2012-04-03 18:18:49','2012-04-03 18:18:49',1),(16,8,7,'2012-04-03 18:19:00','2012-04-03 18:19:00',1);
/*!40000 ALTER TABLE `user_relationships` ENABLE KEYS */;
UNLOCK TABLES;
DROP TABLE IF EXISTS `users`;
/*!40101 SET @saved_cs_client     = @@character_set_client */;
/*!40101 SET character_set_client = utf8 */;
CREATE TABLE `users` (
  `id` int(11) NOT NULL AUTO_INCREMENT,
  `created_at` datetime NOT NULL,
  `updated_at` datetime NOT NULL,
  `username` varchar(32) DEFAULT NULL,
  `email` varchar(64) DEFAULT NULL,
  `activationCode` varchar(64) DEFAULT NULL,
  `scoutname` varchar(32) DEFAULT NULL,
  `firstname` varchar(32) DEFAULT NULL,
  `surname` varchar(32) DEFAULT NULL,
  `street` varchar(32) DEFAULT NULL,
  `zipcode` varchar(16) DEFAULT NULL,
  `city` varchar(32) DEFAULT NULL,
  `homeNr` varchar(16) DEFAULT NULL,
  `mobilNr` varchar(16) DEFAULT NULL,
  `birthday` date DEFAULT NULL,
  `ahv` varchar(32) DEFAULT NULL,
  `gender` tinyint(1) DEFAULT NULL,
  `jsPersNr` varchar(16) DEFAULT NULL,
  `jsEdu` varchar(16) DEFAULT NULL,
  `pbsEdu` varchar(16) DEFAULT NULL,
  `state` varchar(255) NOT NULL,
  `role` varchar(255) NOT NULL,
  `image_id` int(11) DEFAULT NULL,
  PRIMARY KEY (`id`),
  UNIQUE KEY `users_username_uniq` (`username`),
  UNIQUE KEY `users_email_uniq` (`email`),
  UNIQUE KEY `UNIQ_1483A5E93DA5256D` (`image_id`),
  CONSTRAINT `FK_1483A5E93DA5256D` FOREIGN KEY (`image_id`) REFERENCES `images` (`id`)
) ENGINE=InnoDB AUTO_INCREMENT=45 DEFAULT CHARSET=latin1;
/*!40101 SET character_set_client = @saved_cs_client */;

LOCK TABLES `users` WRITE;
/*!40000 ALTER TABLE `users` DISABLE KEYS */;
INSERT INTO `users` VALUES (7,'2011-11-20 17:25:15','2011-11-20 17:25:18','qwerasdf','qwer@asdf.ch',NULL,'qwerasdf','qwer','asdf',NULL,NULL,NULL,NULL,NULL,NULL,NULL,NULL,NULL,NULL,NULL,'Activated','User',NULL),(8,'2011-11-20 17:46:38','2011-11-20 17:46:40','wertsdfg','wert@sdfg.ch',NULL,'wertsdfg','wert','sdfg',NULL,NULL,NULL,NULL,NULL,NULL,NULL,NULL,NULL,NULL,NULL,'Activated','User',NULL),(20,'2011-11-30 18:30:02','2011-11-30 18:30:25','asdflkjh','asdf@lkjh.ch',NULL,'asdfasdf','asdfasdf','asdfasdf',NULL,NULL,NULL,NULL,NULL,NULL,NULL,NULL,NULL,NULL,NULL,'Activated','User',NULL),(21,'2012-01-16 18:44:23','2012-01-16 18:44:23','asdf234','asdf@lkj.com','9eac0eda49711d67efdc2edf85a4ac3d','asdf','asdfqwer','qwerasdf',NULL,NULL,NULL,NULL,NULL,NULL,NULL,NULL,NULL,NULL,NULL,'NonRegistered','User',NULL),(22,'2012-01-17 16:29:54','2012-01-17 16:35:28','sdfgdfgh','zxcv@asdf.at',NULL,'asdf','asdfzxcv','zxcvasdf',NULL,NULL,NULL,NULL,NULL,NULL,NULL,NULL,NULL,NULL,NULL,'NonRegistered','User',NULL),(23,'2012-01-17 16:44:09','2012-01-17 16:44:09','dfghdfgh','dfgh@fghj.at',NULL,'asdf','asdf','asdf',NULL,NULL,NULL,NULL,NULL,NULL,NULL,NULL,NULL,NULL,NULL,'NonRegistered','User',NULL),(24,'2012-01-17 16:51:42','2012-01-17 16:51:42','poiuqwerpoiu','poiu@poiuqwer.ch','f8ff09d5ca11b00d3369c224e2ffb814','asdf','asfd','asdf',NULL,NULL,NULL,NULL,NULL,NULL,NULL,NULL,NULL,NULL,NULL,'NonRegistered','User',NULL),(25,'2012-01-17 16:56:13','2012-01-17 16:56:15','asdfasdfasdf','asdf@asdfasdf.ch',NULL,'asdf','asdf','asdf',NULL,NULL,NULL,NULL,NULL,NULL,NULL,NULL,NULL,NULL,NULL,'Activated','User',NULL),(26,'2012-03-21 21:01:46','2012-03-21 21:01:50','97he4otjn','s98buwse@eroun.at',NULL,'asdf','asdf','asdf',NULL,NULL,NULL,NULL,NULL,NULL,NULL,NULL,NULL,NULL,NULL,'Activated','User',NULL),(27,'2012-03-21 21:06:21','2012-03-21 21:07:40','eiur683iu','suhnsc134@aksdjhf.net',NULL,'asdf','asdf','asdf',NULL,NULL,NULL,NULL,NULL,NULL,NULL,NULL,NULL,NULL,NULL,'Activated','User',NULL),(28,'2012-03-21 21:13:45','2012-03-21 21:14:20','mnbg7655y','xcv4567j@asdfiou.ch',NULL,'asdfasdf','asdf','asdf',NULL,NULL,NULL,NULL,NULL,NULL,NULL,NULL,NULL,NULL,NULL,'Activated','User',NULL),(29,'2012-03-21 21:16:43','2012-03-21 21:16:45','s6y8787f','adfh57@asdf.at',NULL,'asdf','asfd','asdf',NULL,NULL,NULL,NULL,NULL,NULL,NULL,NULL,NULL,NULL,NULL,'Activated','User',NULL),(30,'2012-03-21 21:18:03','2012-03-21 21:18:09','dkkjbse9','lknevp-0@asdf.ch',NULL,'asdf','asdf','asdf',NULL,NULL,NULL,NULL,NULL,NULL,NULL,NULL,NULL,NULL,NULL,'Activated','User',NULL),(31,'2012-03-21 21:37:05','2012-03-21 21:37:08','oiuyhgd4t','oiuyhgd4t@asdf.ch',NULL,'asdf','asdf','asdf',NULL,NULL,NULL,NULL,NULL,NULL,NULL,NULL,NULL,NULL,NULL,'Activated','User',NULL),(32,'2012-03-21 21:39:37','2012-03-21 21:39:47','fw34eyhrws','f34yhe4@asd.ch',NULL,'asdf','asdf','asdf',NULL,NULL,NULL,NULL,NULL,NULL,NULL,NULL,NULL,NULL,NULL,'Activated','User',NULL),(33,'2012-03-21 21:41:15','2012-03-21 21:41:15','aoi7yiubq','lukgk3@os8y.ch','954ea3a5d38f8b657d6f5ebbc4960d43','asdf','asdf','asdf',NULL,NULL,NULL,NULL,NULL,NULL,NULL,NULL,NULL,NULL,NULL,'Registered','User',NULL),(34,'2012-03-21 21:46:32','2012-03-21 21:46:32','lei4up9cj','lish5ln@lsi.ch','d7d67f529cd6db0cf14408a8f8af7a87','asdf','asdf','asdf',NULL,NULL,NULL,NULL,NULL,NULL,NULL,NULL,NULL,NULL,NULL,'Registered','User',NULL),(35,'2012-03-21 22:00:49','2012-03-21 22:00:49','loiuy54egb','loiubv2dfk@sdfiu.ch','6366381dfbb591c307b82393f4de9fb2','asdf','asdf','asdfasdf',NULL,NULL,NULL,NULL,NULL,NULL,NULL,NULL,NULL,NULL,NULL,'Registered','User',NULL),(36,'2012-03-21 22:16:59','2012-03-21 22:16:59','kuhbs','lnoinwef@sldif.ch','ef84528ec12456032e97c95b5f9ea6af','asdf','asdf','asdf',NULL,NULL,NULL,NULL,NULL,NULL,NULL,NULL,NULL,NULL,NULL,'Registered','User',NULL),(37,'2012-03-21 22:19:28','2012-03-21 22:19:28','ouhs3','woir@lilnlnb.ch','4d0739bbee4d32e33fab2309729bf243','asdf','asdf','asdfasdf',NULL,NULL,NULL,NULL,NULL,NULL,NULL,NULL,NULL,NULL,NULL,'Registered','User',NULL),(38,'2012-03-21 22:21:54','2012-03-21 22:21:54','q3tyhhb','iubw4r@sdkfuhr.ch','64864e8bcc95c8c9d83d1ca40411a0f6','asdf','asdf','asdf',NULL,NULL,NULL,NULL,NULL,NULL,NULL,NULL,NULL,NULL,NULL,'Registered','User',NULL),(39,'2012-03-21 22:25:42','2012-03-21 22:25:42','dwfse','sdfhg@sliu.ch','fe08c35408593fa9aa3abfb0afb603fa','jlwuhs','linv','liu',NULL,NULL,NULL,NULL,NULL,NULL,NULL,NULL,NULL,NULL,NULL,'Registered','User',NULL),(40,'2012-03-21 22:26:46','2012-03-21 22:26:46','oiuhgls','linpcinb@lihzt.ch','d5ef9bd2b578e0aa776d945d08a4258d','asdf','asdf','asdf',NULL,NULL,NULL,NULL,NULL,NULL,NULL,NULL,NULL,NULL,NULL,'Registered','User',NULL),(41,'2012-03-21 22:31:44','2012-03-21 22:31:44','luhnlse','ljpmp39@asldi.ch','3966bc0cd1a32006c1e483f10f323e56','asdf','asdf','asdfasdf',NULL,NULL,NULL,NULL,NULL,NULL,NULL,NULL,NULL,NULL,NULL,'Registered','User',NULL),(42,'2012-03-21 22:33:49','2012-03-21 22:33:49','liserj','linnw@lisuf.ch','28abc2c3c9ff62a4985b33c2b3439b25','asdf','asdf','asdf',NULL,NULL,NULL,NULL,NULL,NULL,NULL,NULL,NULL,NULL,NULL,'Registered','User',NULL),(43,'2012-03-21 23:05:45','2012-03-21 23:13:31','sdraser','ilhst3@kuh.co',NULL,'asdf','asdf','asdf',NULL,NULL,NULL,NULL,NULL,NULL,NULL,NULL,NULL,NULL,NULL,'Activated','User',NULL),(44,'2012-03-21 23:13:57','2012-03-21 23:13:59','kuhseli','dlin@luhoinwe.ch',NULL,'asdf','asdf','asdf',NULL,NULL,NULL,NULL,NULL,NULL,NULL,NULL,NULL,NULL,NULL,'Activated','User',NULL);
/*!40000 ALTER TABLE `users` ENABLE KEYS */;
UNLOCK TABLES;
/*!40103 SET TIME_ZONE=@OLD_TIME_ZONE */;

/*!40101 SET SQL_MODE=@OLD_SQL_MODE */;
/*!40014 SET FOREIGN_KEY_CHECKS=@OLD_FOREIGN_KEY_CHECKS */;
/*!40014 SET UNIQUE_CHECKS=@OLD_UNIQUE_CHECKS */;
/*!40101 SET CHARACTER_SET_CLIENT=@OLD_CHARACTER_SET_CLIENT */;
/*!40101 SET CHARACTER_SET_RESULTS=@OLD_CHARACTER_SET_RESULTS */;
/*!40101 SET COLLATION_CONNECTION=@OLD_COLLATION_CONNECTION */;
/*!40111 SET SQL_NOTES=@OLD_SQL_NOTES */;

